701768
716398
723511
983474
988660
1055840
1369559
1471077
2006285
2020699
2067485
2069457
2081631
2092975
2152895
2258529
2266287
2282461
2340639
2345639
2386945
2523347
2745495
2749331
2749347
2754639
2805705
2812721
2829657
2852849
2852869
3013857
3192839
3304665
3490559
3625263
3629427
3824277
3848615
4055063
4065555
4185709
4185739
4185797
4270013
4586281
4586309
4621589
4895279
4895413
4938621
4939359
4984349
5164377
5426049
5436425
5436435
5473193
5741743
5766327
5821635
5822327
5822811
5884047
5893975
6013813
6088317
6130999
6474489
6528635
6641569
6716127
6729711
6909999
6983151
6983159
7117627
7117647
7117715
7174693
7253439
7360299
7430501
7514265
7642572
7642575
7642576
7642577
7721210
7806502
7958757
7989989
8156549
8330695
9472125
9732146
9758217
9969307
9973637
10097912
10102128
10115550
10161096
10162917
10170131
10179446
10297936
10375021
10395248
10397920
10672434
10686361
10769878
10773480
10773589
10774012
10816335
10817551
10817796
10818068
10821921
10859946
10860397
10862185
10862551
10889473
10895379
10898290
10940863
10961362
10964111
11022744
11027410
11027659
11048419
11050516
11050694
11050883
11051884
11052110
11052326
11056451
11078812
11086856
11086982
11094264
11094928
11096408
11099674
11102899
11119882
11119985
11119996
11121340
11122789
11308461
11347888
11386832
11490685
11521675
11522329
11522462
11524971
11525556
11525883
11527082
11527384
11530724
11634815
11644599
11669064
11669786
11670422
11671958
11723153
11894048
11956113
11974445
11976763
12023133
12081790
12082453
12082683
12083248
12083340
12107818
12111998
12114108
12116570
12120915
12135313
12221145
12250495
12250653
12261848
12262067
12262286
12264931
12266398
12274210
12316293
12335269
12341547
12342070
12342927
12344058
12344581
12346033
12354438
12360604
12414059
12462554
12465037
12465456
12465975
12468426
12469393
12469691
12498433
12552751
12614755
12669917
12671823
12696304
12706576
12722453
12969452
13135869
13306473
13360679
13360705
13360709
13360711
13360930
13361090
13397515
13411118
13415673
13416009
13418120
13418252
13418728
13418755
13418816
13419066
13441106
13458384
13524720
13581449
13606998
13607668
13625200
13626703
13632637
13635619
13645398
13670882
13680810
13682569
13683753
13684431
13715971
13730863
13763748
13778002
13779102
13781743
13798327
13817912
13854827
13858583
13940547
13989647
14012845
14034993
14051261
14054194
14075091
14083682
14145037
14258613
14258618
14258629
14270710
14270728
14270744
14270772
14272487
14296895
14348102
14367562
14376978
14377387
14390866
14391961
14393130
14393714
14425248
14439679
14452647
14473605
14480046
14499792
14518742
14537399
14549145
14549166
14637348
14637368
14637600
14699816
14700625
14875462
14878229
14913676
14971955
14989230
14995615
15054191
15250843
15252166
15291561
15302471
15374815
15401225
15401932
15413346
15496164
15532156
15547492
15548388
15550355
15551669
15551964
15552005
15553059
15555326
15555599
15556329
15556402
15557279
15558155
15558812
15559547
15559985
15605573
15606937
15620064
15694485
15704545
15724452
15724756
15725634
15728161
15778306
15828759
15837284
15855022
15934523
15934850
15970912
16016758
16017859
16057428
16095003
16095198
16095281
16095341
16095770
16095857
16096197
16096482
16096990
16097053
16097225
16098802
16099182
16099247
16099741
16101456
16102234
16102936
16102998
16103070
16103590
16103686
16103692
16104005
16104039
16104181
16104211
16104305
16104812
16104823
16104854
16105183
16105895
16107564
16107895
16108810
16109184
16109269
16109349
16110005
16110085
16110289
16110462
16111933
16111995
16112003
16112442
16112468
16112547
16112649
16112769
16112800
16113264
16113311
16113386
16136783
16137996
16197757
16287940
16330401
16374889
16384779
16393127
16451435
16536844
16570459
16608426
16614133
16631978
16730272
16753510
16754893
16760342
16782650
16832056
16837772
16869608
16871082
16872744
16872988
16874432
16875140
16875471
16894028
16918875
16937976
16946049
16962468
16993743
17003815
17049529
17324192
17455486
17465184
17523453
17529302
17606013
17928527
17948757
18003444
18377436
18412348
19188560
19239177
19330847
19350269
19394476
19436838
19440575
19443264
19466929
19483143
19485180
19532334
19550567
19551186
19551459
19562427
19564125
19571210
19576512
19576521
19582373
19585560
19594558
19609234
19613023
19618741
19650692
19654218
19678862
19696871
19734990
19746668
19747971
19757221
19805251
19808767
19824313
19841731
19843501
19908641
19986794
20025317
20065386
20065604
20074418
20074457
20085791
20088285
20150585
20160863
20212960
20213965
20221713
20224782
20238994
20279359
20305249
20372868
20411374
20411629
20411694
20411846
20421074
20437468
20437593
20437634
20437709
20437908
20477303
20489159
20559687
20583818
20584713
20585082
20586727
20638088
20645734
20649513
20707620
20707655
20736342
20793319
20819094
20820058
20820149
20820284
20820314
20824484
20824825
20849629
20853927
20904940
20953574
20988895
21049748
21079626
21088598
21120647
21120769
21145847
21147569
21148091
21170687
21238735
21241931
21267558
21284912
21314255
21317355
21319257
21319403
21319695
21319768
21320571
21320692
21321158
21321231
21321523
21322041
21322633
21323071
21323144
21323657
21337101
21337542
21338095
21408496
21408540
21408596
21408792
21418039
21446866
21560375
21602978
21604184
21613869
21676302
21711855
21744780
21761312
21810116
21838644
21929045
22095800
22137272
22389418
22485212
22683846
22715469
22754690
22896064
22909395
22977993
22978020
23019125
23057344
23134142
23271467
23271566
23312785
23318486
23321753
23337849
23368106
23383622
23383685
23453238
23483645
23502944
23533553
23561621
23563077
23569151
23579178
23626652
23780123
23830933
23853896
23870758
23987904
24004234
24004250
24067265
24105569
24198439
24243874
24265617
24281401
24350104
24351640
24352850
24354066
24424465
24504725
24540156
24558714
24637562
24638891
24653083
24737235
24737564
24741939
24748092
24750219
24824210
24828643
24923286
24927247
24929411
24941899
24947392
24989106
25008924
25016368
25062312
25124072
25144103
25156254
25156621
25156672
25156778
25157235
25157535
25157571
25158069
25158875
25273856
25293276
25363751
25388529
25412828
25477659
25662833
25933421
26064257
26096689
26111194
26139638
26153868
26154600
26162099
26168391
26293672
26299417
26299433
26349117
26483839
26671834
26737283
26742035
26836257
27533111
27637557
27769854
27776324
27789966
27791353
27911398
27930633
27931371
27952319
28014847
28026783
28039548
28043444
28099018
28261180
28732494
28740642
28912047
28926253
29033567
29130544
29346981
29401207
29605453
29606465
29608545
29643179
29643927
29825397
29857070
29875013
30299093
30764888
30806818
31021999
31086510
31238956
31264708
31493378
31513507
31534288
31553393
31589335
31612428
31633601
31679020
31692344
31696053
31705551
31711548
31712555
31848075
31855083
31898942
31905212
31905468
31908911
31909260
31918829
31951016
32027135
32041213
32045871
32216045
32240955
32309090
32330189
32331026
32396875
32451924
32494748
32494906
32494921
32494952
32674678
32677243
32687082
32687110
32708745
32752961
32768554
32772328
32805406
32810034
32814995
32855840
32888563
33006386
33029662
33065672
33090314
33090367
33092504
33359328
33389078
33402244
33564005
33601511
33608785
33608787
33608833
33608906
33608910
33652686
33789728
34185570
34188548
34198527
34269763
34356308
34530460
34609092
34628200
34723602
34725666
34752401
34940699
34951118
34951471
34993088
34999848
35125853
35151642
35166463
35213175
35215954
35220583
35227126
35251478
35275696
35307766
35327369
35328702
35356569
35357641
35358539
35389911
35393843
35395717
35418629
35494008
35494074
35497870
35560969
35572390
35573331
35575676
35577599
35578079
35578392
35605415
35723131
35723368
35813409
35815624
35817960
35819909
35835532
35847177
35863177
35864520
35865497
35924581
35930873
35974260
36019112
36023947
36175836
36188812
36195666
36196557
36366066
36371958
36395187
36504411
36610252
36610824
36614872
36683409
36740931
36747577
36756114
36764561
36767996
36869362
36905041
36927769
36993551
36995833
37133788
37159096
37291642
37291782
37292182
37292215
37292664
37292730
37292745
37292932
37292984
37293224
37293412
37293767
37294323
37376827
37398692
37420523
37421521
37474543
37511197
37511230
37516392
37551822
37642666
37646472
37670817
37709140
37717909
37758080
37860942
37870225
37906195
37906433
37907425
37907760
37908025
37908239
37908302
37908456
37908522
37908557
37908578
37908692
37908718
37908783
37908902
37909106
37909225
37909362
37909375
37909470
37909501
37909556
37909650
37909722
37909758
37909790
37909875
37909929
37909980
37910212
37910267
37910384
37910924
37911243
37911342
37911372
37911423
37911477
37911931
37911986
37912200
37912392
37912425
37912859
37930243
37930405
37942781
37945068
37945188
37945216
37945800
37945880
37946085
37946387
37946523
37946640
37946714
37946739
37947698
37947955
37947989
37948045
37948072
37949006
37949232
37949243
37949340
37949467
37949479
37950101
37950881
37951166
37954792
37961414
38041641
38041685
38041762
38041795
38041806
38041817
38041827
38041872
38041883
38041905
38041949
38041995
38042029
38042146
38042185
38042242
38042352
38042429
38042495
38042517
38042565
38042587
38042631
38042697
38077024
38101895
38103252
38103665
38103841
38104909
38150575
38159769
38165726
38165787
38208053
38208906
38210161
38213089
38213141
38219004
38263813
38292904
38333629
38362892
38376021
38379399
38408077
38413302
38447779
38457689
38467919
38495219
38547273
38759900
38942466
38953504
39288925
39305747
39324647
39326056
39332296
39365980
39548256
39799701
39851820
39853626
39886531
39951047
40057263
40170132
40184664
40193722
40602255
40739648
40752158
40757558
40758338
40768564
40858308
40915268
40940474
40940789
40958774
40961222
41107697
41107784
41112807
41166747
41181570
41208873
41216819
41218343
41221351
41221354
41231621
41262721
41273171
41293717
41294852
41321260
41335939
41341802
41342406
41343279
41374257
41380339
41493361
41500775
41501124
41516529
41538206
41538238
41538388
41538403
41538599
41539458
41539537
41556277
41578973
41607618
41885991
41890446
41895987
42098188
42103136
42109326
42189154
42212750
42226726
42227047
42231784
42264274
42360274
42421266
42426459
42496586
42516303
42541662
42543471
42545528
42572966
42579715
42602362
42602363
42602366
42602368
42643836
42647837
42662358
42684949
42685254
42685777
42686991
42687053
42687465
42689783
42695101
42700752
42720810
42732851
42732994
42733020
42733056
42733085
42733241
42733451
42733698
42733724
42734021
42734141
42734414
42734531
42734557
42734637
42734650
42734862
42736367
42736369
42736419
42736445
42736510
42736536
42736549
42736565
42736601
42736673
42736848
42736887
42736900
42736906
42736939
42736965
42736978
42737017
42737056
42737186
42737238
42737264
42737277
42737303
42737316
42737329
42738063
42738298
42741160
42744761
42775469
42808040
42832293
42925731
42964762
42972046
42993070
43009650
43026554
43109011
43113706
43131877
43132067
43180753
43234026
43237060
43238315
43264123
43314282
43694347
43694980
43741018
43741593
43750579
43751355
43776080
43776716
43776719
43808747
43810128
43812152
43813148
43815550
43842357
43859493
43859820
43932085
44007264
44008122
44008451
44012700
44018339
44053646
44067194
44087963
44089462
44108046
44207261
44227453
44300259
44336162
44336213
44344730
44451600
44580675
44589319
44611396
44627366
44712704
44713300
44768099
44778879
44836511
44849722
44855362
44855612
44885056
44887638
44887738
44922463
44923388
44936623
45009372
45009410
45009528
45009896
45244396
45338277
45423765
45463834
45476738
45586029
45586735
45598729
45601698
45682605
45805984
45810974
45811319
45811385
45811834
45824191
45832109
45846470
45875814
45957192
46041472
46077221
46122611
46131246
46178882
46206897
46211327
46211693
46211882
46243178
46308407
46628439
46655824
46690527
46691496
46721954
46722516
46732905
46757899
46758318
46759078
46760352
46783718
46784175
46799673
46819269
46822245
46882102
46891348
47099841
47137285
47137418
47137421
47137427
47137428
47137444
47137476
47137546
47137576
47137681
47137684
47137695
47137834
47137842
47137854
47137889
47137934
47137942
47137943
47137998
47138048
47138234
47143376
47149571
47154560
47154782
47180405
47182000
47202802
47215831
47239648
47239659
47239703
47239725
47268164
47337102
47499032
47567460
47820100
47820122
47820673
47831487
48016203
48016330
48016369
48016472
48016536
48016559
48089779
48099156
48124799
48129271
48141935
48145690
48160333
48213529
48213542
48213547
48213581
48213607
48252455
48252457
48252464
48252480
48252500
48252520
48252625
48252782
48253010
48253212
48253220
48253403
48253476
48253669
48253687
48253721
48255113
48259760
48263420
48277257
48315458
48325572
48325682
48326136
48326239
48345823
48345932
48346451
48346460
48481243
48508475
48509646
48536340
48540862
48546595
48546643
48567222
48567893
48567895
48567907
48633197
48649208
48659078
48842162
48860347
48944460
48957127
48957225
48962610
48966927
48995660
48995744
49019836
49185828
49234225
49248715
49249068
49250760
49251853
49273471
49313028
49350617
49353678
49392030
49392031
49392044
49542128
49559490
49563339
49563415
49563554
49604935
49623414
49629263
49656440
49745708
49864021
49871893
49917747
49995621
50172480
50174007
50251369
50253876
50257031
50263757
50300617
50312548
50356763
50356812
50358479
50384194
50391000
50401493
50404522
50417497
50422420
50422430
50428240
50476416
50493073
50495513
50570785
50573855
50583200
50699051
50701036
50702116
50716530
50716576
50751382
50779984
50820182
50891681
51009807
51039486
51061304
51063241
51101348
51129652
51253708
51330544
51330662
51330748
51332858
51333527
51338179
51586045
51599325
51615195
51627319
51629744
51639637
51654772
51690790
51699490
51703769
51716546
51719681
51721835
51722477
51722503
51730072
51839866
51988219
51988284
52012143
52016828
52028764
52064740
52078664
52083248
52083538
52089599
52091982
52105009
52106338
52107824
52109440
52111986
52112865
52137953
52146819
52152487
52153492
52182555
52214274
52217914
52220251
52229351
52240891
52244436
52246994
52255997
52256031
52256044
52274202
52274916
52275348
52277277
52286567
52332509
52332620
52336058
52340135
52348864
52353001
52385675
52419622
52483569
52484184
52489953
52493075
52493122
52518693
52529872
52574463
52578139
52582625
52587068
52600686
52649533
52649547
52649551
52649555
52649564
52655763
52659820
52659824
52661926
52674692
52675056
52675155
52695594
52738203
52846600
52861818
53030541
53116766
53131365
53228329
53241248
53259794
53289957
53292112
53402177
53407716
53492237
53501521
53550553
53629424
53708477
53708670
53715753
53723075
53795332
53825979
53835896
53836822
53837414
53837553
53838886
53839583
53839813
53840242
53870461
53872031
53898615
53919083
53922128
53982055
53990930
54004065
54014791
54041836
54139388
54139520
54351967
54361451
54368341
54383608
54383631
54393642
54393657
54393665
54393674
54416179
54418093
54431888
54442551
54442554
54442572
54462569
54487943
54537067
54554054
54569356
54583105
54583742
54608584
54626375
54674777
54683588
54732974
54736372
54737832
54745696
54747499
54803813
54892840
54899041
54997607
54997653
55011450
55023805
55032003
55055514
55059867
55093147
55130284
55190146
55211970
55237112
55279526
55281076
55319678
55319828
55335543
55353391
55361029
55377889
55384574
55397620
55406020
55406072
55410852
55424452
55439843
55454488
55460828
55464766
55466750
55467236
55468514
55469781
55471883
55522080
55522528
55548782
55568820
55570644
55609831
55624899
55664911
55699318
55714024
55725963
55743579
55782337
55800244
55801190
55802211
55805070
55886475
55923141
55927086
55952720
55985410
55986207
56013344
56079104
56099417
56124480
56124764
56204660
56233013
56271676
56321769
56322255
56337587
56338065
56360234
56363972
56364286
56368544
56401280
56430153
56525912
56557670
56572101
56647337
56669723
56691010
56793547
56798137
56875406
56876994
56877134
56884875
56885368
56903068
56920667
56947320
56951149
56961586
56993205
57018507
57036803
57047291
57208883
57212353
57300578
57307818
57319756
57334818
57442783
57483977
57484138
57484704
57509062
57522629
57617213
57624153
57628584
57651677
57684678
57686911
57695426
57699753
57701724
57706486
57707383
57707990
57708168
57708687
57715137
57716186
57716327
57716383
57726365
57726546
57729962
57751210
57751719
57752855
57760522
57763402
57763788
57786350
57788190
57804611
57814532
57814754
57814811
57822189
57828050
57842552
57844265
57868545
57869546
57871076
57873544
57876594
57882652
57887584
57895020
57932144
57933445
57965594
57979692
57981777
57985100
57989785
57998295
58007190
58010477
58010598
58011919
58011983
58020452
58036140
58052526
58053772
58076402
58118525
58118827
58125098
58125325
58131093
58171942
58209776
58211203
58211417
58216940
58231608
58256440
58260250
58296215
58297647
58299217
58310774
58329524
58330288
58338252
58367055
58373087
58373681
58373895
58374078
58374765
58374838
58386612
58386808
58388857
58389651
58390562
58390777
58391069
58393515
58395794
58396380
58401063
58401750
58403204
58406236
58407851
58409860
58420286
58425832
58435349
58438068
58438720
58446066
58458886
58491467
58493257
58495187
58515041
58544041
58572406
58667182
58673158
58684459
58706588
58707975
58711622
58746685
58792796
58794097
58822612
58829136
58857776
58868537
58877083
58895212
58899682
58902682
58936322
58939506
58940025
58949785
58988593
59019354
59053937
59053956
59059224
59060900
59082733
59097639
59111342
59116040
59131659
59146196
59146507
59152288
59153994
59163032
59169984
59201818
59207287
59212115
59213784
59224418
59227432
59297928
59337591
59355318
59393278
59423519
59423638
59423813
59424322
59432197
59433435
59441450
59453753
59455160
59461072
59461230
59467655
59467701
59469310
59478772
59501680
59503024
59504557
59505954
59511872
59512918
59525710
59528394
59548556
59555270
60724078
61929880
62254229
62357621
62366052
62639621
62648809
62722457
62741676
62755935
62757634
62759086
62789794
62791309
63060216
63095839
63123592
63139439
63139441
63139443
63139447
63139455
63161891
63186658
63261948
63467823
63507919
63548262
63582317
63595377
63598759
63600586
63714716
63840385
63983272
64006895
64237003
64238572
64240330
64246964
64251465
64251882
64257950
64259831
64315396
64316369
64335433
64355122
64374649
64434117
64693103
64700720
64725894
64727841
64978266
65030450
65060554
65110621
65242378
65297624
65399009
65820725
65831548
66063542
66090347
66195006
66418374
66450552
66511195
66550403
66552669
66558427
66612361
66619567
66715022
66715595
66721939
66777994
66778721
66787099
66817682
66841819
66867831
66892336
66906058
66906364
66941332
66941339
67057467
67065496
67182900
67183674
67216062
67232992
67253947
67253973
67270253
67275348
67281344
67320874
67336906
67343994
67401344
67415959
67416658
67443594
67443798
67443953
67444042
67444111
67472342
67472356
67472528
67473129
67473283
67473478
67473524
67473607
67473613
67477468
67481048
67481608
67483109
67484151
67484180
67484325
67503877
67504414
67504462
67545397
67545405
67545407
67665634
67674836
67680027
67684558
67685021
67687329
67687753
67693389
67693957
67704633
67711732
67719881
67808241
67838765
67904312
67917829
67917867
67930319
67937852
67953005
67991073
67991493
67991701
67994302
67997696
68002464
68013719
68026085
68062709
68090737
68106868
68107956
68113615
68119524
68124655
68132015
68132340
68132583
68136064
68138720
68139092
68141313
68141321
68141331
68187585
68200238
68200406
68232440
68232543
68232729
68233034
68233289
68233627
68260090
68302960
68341733
68351468
68351547
68395011
68419785
68420223
68437553
68453974
68456999
68462916
68471217
68492756
68496574
68542109
68543008
68548034
68548872
68548996
68549959
68552826
68554619
68564923
68565135
68572206
68603158
68610820
68611469
68611521
68612131
68614895
68617724
68620970
68643607
68661559
68661689
68662085
68683481
68713368
68715743
68722232
68722471
68725413
68741308
68774294
68783463
68802217
68802649
68819604
68845268
68850267
68850835
68852034
68852173
68852839
68853888
68855493
68883103
68896884
68905651
68918773
68944688
68945783
68958410
68962000
68962263
69014739
69015209
69035261
69035739
69035751
69039935
69039993
69040496
69046778
69054018
69090355
69091245
69164441
69171214
69193679
69220426
69237828
69286672
69286990
69343678
69401103
69461680
69511994
69653274
69659710
69678742
69687835
69689595
69691214
69702031
69704151
69709934
69755262
69764523
69764708
69860186
69862160
69877019
69950426
69976420
70130165
70133727
70134380
70147845
70207275
70209003
70209018
70209053
70210698
70210807
70214621
70242473
70243096
70288692
70289618
70322739
70325802
70327270
70331117
70343680
70346412
70435936
70503780
70506772
70508443
70522916
70528054
70547183
70550559
70577221
70626633
70632006
70639734
70639802
70640378
70661295
70771447
70806893
70806895
70824847
70832769
70839686
70880515
70905857
70979637
70980446
71011303
71024628
71058967
71059948
71078956
71092007
71098845
71119823
71153263
71196282
71203334
71316695
71338646
71343750
71356336
71365910
71424805
71478011
71489283
71519142
71520840
71560951
71562067
71669659
71671819
71672562
71675377
71675461
71685546
71692470
71835703
71887999
71888509
71891974
71894594
71902644
71903867
71920649
71928795
71929248
71930364
71933668
71934624
71934903
71935025
71935151
71935875
71936091
71936858
71937255
71938763
71990320
72013057
72014421
72018178
72020437
72032779
72035235
72040881
72046043
72046063
72046745
72049040
72055476
72078839
72081924
72088136
72088730
72090808
72094881
72096236
72120552
72133635
72193924
72215435
72215774
72216171
72225628
72299367
72304303
72304656
72307268
72307447
72308263
72309028
72309053
72309519
72309526
72322614
72456298
72520276
72538781
72539164
72540858
72544299
72547648
72554544
72556206
72556390
72563450
72604725
72605803
72606647
72610234
72620277
72635887
72645978
72648287
72656219
72667519
72685336
72693314
72704407
72709558
72709854
72728060
72728426
72737615
72744830
72745037
72751811
72752760
72753168
72753865
72754072
72759233
72763305
72769900
72769929
72770665
72818281
72820631
72824633
72836080
72837182
72837329
72866881
72893573
72902585
72902648
72903531
72905444
72907673
72925162
72938679
73106219
73114060
73116359
73156736
73158042
73176952
73188810
73191478
73191702
73196236
73202398
73206007
73208440
73215563
73229888
73234591
73239461
73248011
73250040
73251551
73252887
73253636
73254137
73254739
73254768
73258379
73265713
73268308
73272176
73281745
73283273
73284369
73285285
73287613
73291410
73309656
73310153
73317060
73321346
73329581
73335793
73353726
73356431
73357355
73357635
73357760
73359743
73360856
73360858
73373129
73397400
73398943
73453649
73462116
73462834
73488553
73491751
73496723
73503222
73533708
73540687
73544502
73549114
73563704
73566961
73572096
73572905
73579355
73579798
73590242
73590711
73597152
73610108
73610110
73617911
73622541
73641952
73642124
73649101
73653192
73680924
73685665
73723098
73725947
73744524
73764231
73764343
73769174
73775802
73778062
73781090
73785321
73799007
73808616
73808915
73814089
73814786
73815999
73816265
73819306
73828631
73833082
73833917
73834984
73854976
73859765
73860157
73860665
73861629
73873638
73879250
73889703
73893213
73906101
73908792
73909087
73910753
73925923
73926055
73926780
73948084
73989296
73997329
74019248
74037712
74155051
74171571
74181293
74196592
74209039
74214063
74227247
74234061
74255875
74277376
74278985
74281898
74282547
74282990
74292418
74300983
74331475
74341664
74342782
74345286
74348258
74349316
74363100
74382686
74384532
74386767
74389009
74392771
74402106
74402290
74404700
74404837
74408110
74408190
74415678
74421745
74421935
74422619
74429502
74440338
74441399
74441796
74442989
74443873
74457631
74458951
74484880
74495549
74511561
74528026
74529494
74532664
74533667
74541154
74541269
74541361
74541566
74544817
74547115
74547596
74554202
74556346
74558116
74568947
74570160
74571640
74594398
74594876
74596495
74598714
74599855
74608719
74677260
74677333
74683073
74683559
74683977
74734735
74735450
74775309
74783219
74791769
74792345
74792516
74793329
74817863
74819895
74838470
74847001
74853724
74856445
74857764
74879604
74880821
74880831
74887152
74891268
74892073
74901297
74912549
74917396
74934000
74940738
74969088
74969545
74969815
74970173
74971205
74971289
74971372
74971743
74972563
74973890
74974293
74974337
74975528
74977329
75010045
75182410
75186709
75298984
75311972
75319457
75327123
75327636
75329779
75355732
75364977
75369777
75370424
75376326
75382121
75382344
75396134
75396394
75398546
75400263
75400401
75400668
75401178
75401583
75408891
75418475
75419904
75433779
75434276
75434280
75434296
75434302
75434305
75434328
75434334
75434340
75434950
75434957
75434967
75434984
75435167
75437977
75439501
75439676
75448642
75449098
75482045
75482885
75489975
75509207
75511118
75511511
75539162
75544256
75551858
75552770
75556873
75570810
75575043
75575932
75576044
75582946
75583197
75586647
75588977
75591322
75599498
75616003
75616357
75631818
75632055
75634414
75635280
75636340
75636450
75659229
75678493
75700920
75703567
75709756
75714858
75715657
75718200
75718888
75718890
75722261
75725366
75725522
75727160
75727162
75750877
75750931
75753679
75765293
75767301
75769437
75769663
75777676
75777790
75778267
75779977
75789412
75789456
75801794
75801960
75815076
75815114
75817814
75826438
75963414
75970505
75975097
75976306
75979392
75980807
75987478
75999445
76004094
76018940
76022908
76031158
76032294
76041350
76042669
76047247
76088752
76089030
76090569
76100781
76103112
76108456
76110597
76113623
76113816
76117840
76130503
76131452
76134571
76134658
76134738
76134939
76135207
76135347
76136730
76141792
76142047
76142737
76143619
76150760
76159641
76160301
76161038
76161203
76161260
76166840
76173592
76181506
76182316
76182512
76194931
76196845
76201268
76203789
76203864
76210036
76238679
76239158
76240255
76262539
76264782
76265894
76277167
76278731
76281189
76287143
76289697
76297344
76298250
76313394
76325749
76337689
76341454
76353020
76353391
76353998
76354272
76354285
76354361
76354416
76355028
76355799
76358534
76359080
76359986
76365808
76368410
76388573
76395098
76407762
76443179
76447659
76462371
76466243
76475966
76476012
76481495
76498438
76499196
76514671
76526100
76545383
76545501
76545790
76582439
76587366
76596332
76600961
76604632
76617047
76738630
76738689
76738733
76738781
76738935
76739099
76739182
76739248
76739272
76739303
76739376
76739406
76739430
76747013
76779018
76782409
76827918
76829078
77013907
77042037
77058199
77058251
77058269
77058296
77058314
77058332
77058368
77058381
77058390
77090561
77090903
77092217
77103958
77106168
77109534
77118801
77122241
77126522
77126634
77126642
77149302
77181984
77183948
77199912
77203716
77240910
77280533
77285328
77305128
77323993
77326160
77326169
77326237
77329882
77329926
77330073
77444361
77444762
77444776
77444854
77444966
77445683
77445689
77445869
77445923
77446157
77446198
77446293
77446418
77482238
77495822
77510558
77543568
77543806
77544668
77545055
77545157
77545414
77545512
77546328
77546400
77546533
77546534
77546752
77547352
77547623
77547867
77548308
77548310
77548323
77561541
77565601
77574395
77578691
77590180
77590586
77590603
77590638
77590672
77590684
77590708
77590753
77600622
77601273
77601425
77601447
77602487
77602500
77603807
77604026
77604206
77604442
77604641
77604707
77604747
77604822
77604852
77605024
77605063
77619385
77629442
77629589
77629638
77629721
77629741
77629775
77633436
77662494
77681203
77681419
77692977
77700096
77700341
77700403
77700750
77700957
77700990
77701006
77702032
77702040
77702060
77702079
77711835
77716821
77718785
77720783
77728728
77733984
77735524
77748951
77756664
77849247
77849509
77850029
77850598
77850902
77865416
77870843
77874242
77879001
77879523
77919176
77920997
77930053
77930081
77930109
77947866
77948658
77957492
77963233
77970544
77982986
78008563
78013392
78020552
78022496
78025769
78033282
78280955
78494898
78495728
78508345
78509908
78552826
78553314
78582242
78586844
78622723
78622829
78631505
78633971
78887795
78889800
78895896
78903942
78920099
78945599
78953875
78956549
78957580
78958820
78962055
78963020
78963114
78963828
78964059
78966407
78967348
78967540
78967579
78967599
78968082
78968205
78968258
78968271
78968293
78969930
79009069
79009129
79150516
79239676
79239717
79240012
79267211
79267407
79346991
79356651
79356659
79356661
79356680
79361396
79365736
79378646
79378816
79410722
79411114
79435674
79439230
79484811
79545652
79581485
79606906
79608425
79621776
79628299
79632855
79639302
79643953
79646475
79663899
79667661
79667662
79667663
79667668
79667676
79667698
79667700
79667756
79667788
79667794
79667800
79667804
79667809
79667822
79667828
79667831
79667838
79667847
79667850
79667854
79667855
79667864
79667868
79667870
79667872
79667876
79667904
79671132
79672191
79675249
79679916
79680219
79680325
79696796
79696878
79706421
79706691
79707242
79707354
79708127
79709812
79768215
79768232
79768323
79768471
79768487
79768494
79769007
79769403
79786192
79813681
79813980
79814258
79814319
79814372
79814563
79830041
79831890
79832761
79837380
79850981
79861082
79862688
79871423
79872066
79874870
79874877
79878656
79885763
79886852
79891013
79891714
79906191
79910749
79954677
79954828
79954850
79959013
79961343
79961441
80021389
80021445
80044890
80060554
80063508
80066475
80113422
80149483
80193235
80229139
80238389
80243155
80243172
80268944
80300803
80370993
80371668
80371734
80392184
80395521
80395566
80397238
80397288
80397626
80406739
80414803
80416895
80439229
80447353
80465039
80586068
80586775
80587600
80589924
80611823
80611914
80618154
80626778
80651290
80651375
80652333
80653445
80653462
80653519
80665479
80697384
80698069
80698915
80703786
80704751
80779646
80790759
80823214
80829103
80837407
80841589
80856623
80856629
80859554
80876678
80900365
80901955
80922170
80924666
80935944
80947152
80947522
80973969
80974225
80982954
81065274
81074877
81075969
81076154
81084885
81092520
81092985
81094079
81094481
81094788
81136238
81136275
81151309
81152718
81191560
81191963
81192223
81204996
81222385
81222394
81222403
81222464
81222471
81222483
81222605
81222610
81222619
81222677
81222695
81222723
81222822
81222857
81222864
81222871
81222906
81222923
81222952
81222995
81223000
81223004
81223022
81223030
81223081
81223084
81223117
81223150
81223214
81223222
81223224
81223227
81223230
81223301
81223325
81223354
81223506
81223553
81223619
81223625
81223712
81223804
81223842
81223865
81223902
81247808
81309336
81314353
81319294
81358185
81364433
81365713
81382605
81419247
81452140
81452329
81452371
81452420
81452531
81454164
81454600
81455010
81455504
81455670
81455703
81455789
81455827
81456033
81540096
81549803
81578212
81578219
81582570
81582642
81582696
81582697
81582778
81586641
81639450
81639748
81643345
81644380
81644383
81645642
81645836
81646040
81646152
81646969
81647052
81647076
81647564
81700002
81718637
81718670
81721621
81735398
81756952
81757651
81758287
81758290
81758395
81764146
81800560
81800698
81802860
81803590
81824733
81928271
81928467
81937419
81985395
81985907
81986515
81986517
81992106
82028088
82028175
82028355
82028407
82123301
82173929
82177221
82180912
82181237
82182012
82184776
82228817
82228828
82241724
82242287
82244599
82244652
82245276
82371855
82374154
82384079
82431424
82435014
82436708
82437426
82442534
82442586
82482615
82483269
82483426
82483429
82483699
82484830
82492974
82496923
82497967
82497972
82498982
82498994
82499379
82502501
82502512
82502535
82502545
82502557
82502563
82502608
82502614
82502633
82502650
82502661
82502712
82502753
82502759
82502792
82502804
82502809
82502823
82502835
82502851
82502877
82502879
82502883
82502900
82502912
82502915
82502916
82502921
82502924
82502926
82502932
82502939
82502940
82502947
82502951
82502952
82502956
82502959
82502966
82502970
82502979
82502985
82502988
82502993
82502994
82503000
82503003
82503004
82503007
82503020
82503022
82503027
82503029
82503033
82503036
82503043
82503048
82503053
82503058
82503061
82503065
82503068
82503073
82503080
82503087
82503090
82503103
82503109
82503112
82503121
82503127
82503133
82503145
82503184
82503197
82503209
82503210
82503231
82503271
82503274
82503307
82503325
82503335
82503386
82503452
82503467
82503484
82503499
82503501
82503503
82503522
82503535
82503539
82503546
82503554
82503555
82503558
82503565
82503569
82503584
82503588
82503595
82503597
82503608
82503612
82503617
82503619
82503621
82503629
82503637
82503638
82503641
82503642
82503649
82503652
82503663
82503665
82503671
82503757
82503817
82503832
82503842
82503856
82503862
82503866
82503889
82503895
82513809
82518652
82557000
82645071
82688741
82700630
82729034
82742705
82743036
82743841
82745275
82746218
82748879
82755136
82755208
82755586
82755779
82755917
82759988
82760386
82762191
82762235
82762312
82774313
82778641
82857101
82857547
82857609
82858208
82859061
82859860
82906955
82907209
82907348
82908398
82908403
82908412
82908431
82908450
82908451
82908458
82908464
82908525
82908536
82908589
82908621
82908631
82908643
82908646
82908661
82908746
82908796
82908814
82908831
82908901
82908923
82908924
82908950
82909018
82909056
82909104
82909178
82909222
82909284
82909288
82909316
82909332
82909345
82909352
82909411
82909426
82909439
82909458
82909474
82909522
82909576
82909583
82909591
82909597
82909615
82909639
82909642
82909644
82909645
82909646
82909680
82909700
82909749
82909759
82909773
82909775
82909784
82909791
82909838
82909841
82909842
82909861
82909863
82909884
82909895
82909920
82909922
82909943
82909971
82910036
82910037
82910045
82910066
82910083
82910094
82910107
82910109
82910120
82910125
82910128
82910133
82910163
82910168
82910219
82910234
82910247
82910254
82910297
82910298
82910336
82910372
82910373
82910385
82910435
82910447
82910464
82910505
82910517
82910519
82910616
82910622
82910623
82910637
82910668
82910708
82910723
82910737
82910744
82910747
82910769
82910826
82910830
82910838
82910852
82910869
82910907
82910915
82910931
82910974
82911033
82911036
82911039
82911073
82911076
82911090
82911101
82911114
82911126
82911145
82911150
82911229
82911234
82911313
82911322
82911332
82911338
82911372
82911454
82911484
82911497
82911502
82911523
82911534
82911545
82911559
82911596
82911610
82911622
82911624
82911641
82911679
82911720
82911741
82911753
82911779
82911787
82911805
82911847
82911857
82911867
82911939
82911966
82911985
82911993
82912050
82912072
82912075
82912080
82912096
82912112
82912130
82912140
82912146
82912147
82912164
82912176
82912178
82912188
82912199
82912220
82913330
82921009
82921121
82921344
82921390
82921637
82940117
82992357
82992514
82992605
82992628
82993081
82993218
82993298
82993398
82993711
82999252
82999262
83016994
83017209
83022257
83022319
83022521
83156735
83157204
83157630
83161527
83169197
83193488
83375182
83378800
83381633
83387040
83389579
83399804
83414588
83414604
83417221
83429982
83430334
83431474
83489902
83490029
83490755
83500482
83502791
83506269
83508475
83527366
83528659
83530291
83530814
83530882
83530921
83531059
83531404
83531779
83532532
83570471
83576073
83576338
83576971
83578030
83578348
83578736
83604365
83604666
83604996
83605285
83605398
83605701
83605764
83606503
83606933
83606968
83608628
83618804
83665733
83665764
83665780
83665790
83666008
83673267
83676222
83676340
83676637
83676640
83676936
83677001
83677699
83682682
83682834
83682912
83683006
83683105
83683134
83683220
83683301
83742047
83742899
83743054
83743116
83743179
83758297
83758364
83758374
83758412
83765336
83765448
83765610
83768542
83772869
83773586
83777722
83777740
83777747
83777751
83777809
83778471
83779808
83780400
83780702
83784499
83788044
83800837
83801151
83801397
83803000
83809915
83847049
83847099
83847863
83909730
83910574
83910613
83912880
83912895
83921638
83925896
83927762
83930047
83931541
83931891
83932214
83932494
83933173
83933569
83934220
83935636
83935982
83937046
83937846
83938108
83938199
83938340
83938373
83938385
83938386
83938392
83938435
83938455
83938472
83938474
83938488
83938506
83938527
83938549
83938581
83938593
83938601
83938603
83938605
83938648
83938653
83938665
83938666
83938692
83938726
83938748
83938751
83938798
83938873
83938882
83938885
83938903
83938908
83938919
83938927
83938970
83938996
83939002
83939026
83939034
83939076
83939090
83939102
83939118
83939133
83939135
83939155
83939183
83939192
83939211
83939213
83939237
83939242
83939256
83939279
83939310
83939323
83939324
83939327
83939328
83939340
83939342
83939349
83939350
83939367
83939372
83939418
83939424
83939463
83939469
83939474
83939476
83939477
83939479
83939482
83939511
83939516
83939534
83939580
83939602
83939607
83939615
83939617
83939618
83939661
83939676
83939717
83939726
83939747
83939761
83939763
83939776
83939794
83939800
83939804
83939839
83939845
83939860
83939874
83939879
83939934
83939942
83939950
83939952
83939989
83940094
83940106
83940110
83940169
83940173
83940180
83940185
83940190
83940192
83940212
83940236
83940248
83940263
83940287
83940296
83940303
83940305
83940313
83940331
83940347
83940378
83940391
83940418
83940419
83940420
83940447
83940448
83940484
83940487
83940488
83940496
83940512
83940531
83940535
83940571
83940580
83940586
83940588
83940617
83940677
83940706
83940711
83940713
83940746
83940748
83940757
83940765
83940806
83940813
83940848
83940849
83940877
83940902
83940908
83940924
83940942
83940944
83940988
83941033
83941047
83941061
83941066
83941067
83941076
83941081
83941120
83941128
83941165
83941173
83941237
83941260
83941286
83941308
83941325
83941345
83941351
83941354
83941361
83941374
83941428
83941432
83941433
83941440
83941458
83941462
83941465
83941482
83941509
83941537
83941553
83941557
83941565
83941567
83941612
83941646
83941678
83941690
83941692
83941737
83941833
83941899
83941902
83941919
83941936
83941959
83941967
83941981
83942024
84079169
84086040
84132704
84159067
84159121
84164184
84203078
84244549
84298418
84298437
84377075
84377139
84377209
84377246
84377255
84377277
84377387
84377443
84381050
84381057
84381255
84381308
84381316
84381331
84381393
84381496
84381597
84381628
84381988
84383017
84417272
84417388
84417456
84417546
84417665
84417877
84417948
84424086
84444729
84453583
84453610
84453695
84454029
84455134
84457265
84461626
84461629
84463866
84465467
84469920
84478812
84480231
84549047
84568185
84568492
84568493
84568498
84568501
84568504
84568507
84568513
84568516
84568518
84568520
84568529
84568531
84568544
84568549
84568560
84568566
84568569
84568574
84568576
84568582
84568592
84568669
84572480
84574671
84592506
84593232
84593355
84593553
84593884
84594082
84594182
84596393
84598401
84610563
84621378
84623469
84623553
84648191
84649687
84650990
84670461
84670537
84671352
84673406
84686477
84695929
84704095
84713694
84715499
84760636
84760778
84760883
84760928
84761010
84761044
84761121
84761268
84761402
84761456
84761515
84761801
84762001
84762068
84762105
84762617
84763507
84763984
84764963
84765014
84765189
84765931
84766122
84768023
84769178
84837067
84838308
84844739
84845535
84875907
84879714
84882009
84882063
84882655
84882792
84883095
84884634
84890877
84891374
84893450
84894080
84914266
84940097
84984344
84996917
84996951
84997015
84997097
84997153
85011979
85012040
85012138
85012341
85012366
85049166
85079047
85079084
85079342
85079360
85079468
85079577
85079918
85080212
85083409
85083482
85083512
85083674
85083676
85083690
85083705
85083737
85083794
85083979
85189380
85189392
85189500
85189514
85189663
85189724
85189742
85189777
85189807
85189828
85189952
85189957
85189968
85189971
85189997
85190024
85190058
85190070
85190091
85190098
85190259
85190285
85190333
85190337
85190376
85190455
85190460
85190487
85190545
85190563
85190585
85190595
85190635
85190719
85190748
85190771
85190806
85190830
85190893
85190971
85191086
85191228
85264927
85272404
85279318
85290852
85290956
85296647
85304659
85373559
85373649
85373783
85377438
85392444
85393867
85398575
85545824
85558572
85683258
85692574
85695570
85695609
85696476
85697973
85698127
85698165
85698365
85698387
85698406
85698499
85698550
85698567
85698588
85698741
85698790
85805477
85881910
85881922
85882048
85920531
85920779
85921219
85964454
85964456
85964462
85964464
85964466
85964468
85964487
85964493
85964499
85964503
85964505
85969131
85970449
85970535
85972230
86035791
86046291
86058902
86076305
86114933
86124661
86125778
86126019
86126118
86126835
86127308
86127964
86128068
86128294
86128409
86128732
86128921
86129221
86129312
86129341
86129508
86129521
86129631
86129663
86129679
86129810
86129934
86129990
86130068
86130174
86130255
86130359
86130431
86130439
86130541
86130620
86130936
86131008
86131062
86131119
86131165
86131291
86131312
86131330
86131348
86131400
86131408
86131444
86131453
86131461
86131468
86131482
86136960
86143868
86148243
86151723
86239520
86251772
86261316
86279608
86284839
86296744
86300211
86305380
86305560
86305569
86305627
86306050
86306057
86306076
86306162
86324225
86324960
86376533
86377007
86377142
86377385
86378226
86378488
86380482
86380493
86380497
86397219
86401516
86402639
86403252
86406017
86406218
86412656
86414592
86415058
86416058
86528534
86533478
86533513
86533574
86533596
86533599
86533614
86533621
86533623
86533638
86533668
86533690
86533695
86533712
86533723
86533784
86533796
86533799
86533830
86533843
86533868
86533872
86533898
86533975
86533982
86534053
86534057
86534111
86534140
86534142
86534164
86534176
86534177
86534194
86534331
86534423
86562005
86592761
86659483
86726327
86726498
86773260
86774227
86814514
86814631
86814750
86814852
86814857
86815046
86815373
86815383
86815412
86815610
86819212
86857360
86869275
86961231
86981278
87019702
87053147
87088734
87093134
87095332
87095336
87097129
87097236
87097939
87098125
87099277
87100011
87100073
87100157
87100362
87100518
87100712
87112108
87112392
87112446
87112604
87112611
87112639
87112669
87112743
87113225
87114439
87116182
87116192
87116376
87117028
87117031
87117494
87117535
87117643
87118127
87118253
87120201
87120565
87168884
87214515
87217412
87218487
87219386
87219928
87220004
87220185
87220327
87220866
87227298
87234656
87249572
87249766
87275358
87364410
87378415
87408246
87412443
87413705
87437366
87437795
87437834
87437860
87437898
87437960
87437968
87437989
87451992
87451996
87471059
87476641
87477012
87477221
87480012
87480288
87494650
87507507
87520711
87531041
87546632
87547305
87547721
87547766
87547798
87547942
87547975
87548184
87548201
87548737
87548845
87549039
87549360
87549503
87549735
87549990
87550755
87550769
87550859
87551314
87551763
87551805
87551923
87552652
87552964
87552969
87553464
87553574
87553607
87553797
87554029
87554184
87555096
87555346
87555397
87555421
87555783
87556401
87556574
87556602
87557001
87557157
87557172
87557638
87558163
87558397
87558569
87558859
87559321
87559690
87560124
87561456
87561507
87562233
87563132
87563213
87563315
87563368
87563651
87564202
87564799
87564817
87564818
87565103
87565108
87566070
87570798
87572138
87589718
87590065
87590350
87590360
87612853
87612940
87612976
87613008
87613093
87613255
87613428
87613791
87613878
87613912
87613944
87613980
87614018
87614289
87614902
87614907
87679680
87705413
87705508
87705652
87705876
87707432
87714688
87728675
87729011
87729091
87729184
87729470
87730492
87733028
87737308
87737322
87737389
87738748
87739778
87748187
87766996
87771246
87771765
87771852
87773996
87775831
87776971
87782894
87782925
87783363
87784469
87784756
87784777
87787094
87787445
87822175
87822176
87827033
87827988
87827990
87827992
87827994
87827996
87828000
87828004
87828006
87828008
87828010
87828012
87833611
87843042
87848787
87851659
87851730
87851737
87851756
87864533
87874445
87876198
87887400
87887843
87887984
87888244
87889514
87889519
87889527
87890303
87890574
87890601
87896320
87896340
87896643
87896712
87896857
87910834
87914128
87914282
87930745
87932948
87962675
87964745
87964995
87968910
87969133
87969629
87969999
87971808
87975030
87991712
87992644
87992938
88046467
88049348
88075825
88076013
88077520
88080417
88081266
88082764
88082910
88083838
88084664
88084953
88085343
88085476
88085506
88096885
88097079
88144094
88197494
88197615
88197814
88198496
88203744
88227295
88230416
88230797
88231799
88231957
88246679
88260430
88260455
88262149
88262176
88265540
88344995
88737912
88779477
88793393
88798717
88812273
88814361
88817995
88817998
88818321
88818330
88818733
88821506
88821741
88826606
88913542
88967163
88967166
88967171
88967271
89000909
89000925
89042193
89043405
89043695
89052686
89053318
89053642
89053677
89053740
89054049
89054335
89054580
89057670
89058354
89058387
89058528
89058553
89072244
89122093
89134737
89134777
89134804
89134829
89134895
89134921
89134965
89134978
89134985
89139891
89143036
89143544
89143560
89145090
89146269
89146313
89146349
89146369
89151228
89151384
89151429
89152051
89152323
89153860
89154097
89163220
89198241
89198668
89199263
89199898
89200238
89200608
89200880
89203417
89211758
89215979
89217391
89222072
89239652
89250463
89281097
89282585
89302528
89307028
89316950
89340360
89353308
89394286
89401082
89403248
89416302
89416872
89421729
89453388
89455324
89455485
89455658
89455662
89472289
89472860
89472894
89472984
89473305
89485088
89485090
89485119
89485139
89565434
89619593
89639155
89639252
89639377
89639387
89639481
89639503
89639514
89639559
89639564
89639575
89639636
89639655
89639741
89639758
89639759
89639760
89639874
89640093
89640350
89640393
89640425
89640466
89640587
89640742
89640760
89640773
89640779
89640785
89640935
89641049
89641057
89641169
89641172
89641235
89641298
89641413
89641505
89641509
89641510
89641541
89641665
89641685
89641826
89641853
89641909
89641911
89642001
89642050
89642100
89642242
89642297
89643961
89643975
89643990
89644099
89648357
89648423
89648426
89648507
89648595
89683983
89698759
89699195
89699418
89699909
89700078
89700382
89700553
89701863
89703480
89703550
89703564
89703650
89703697
89703772
89703992
89704095
89704108
89704181
89704215
89704307
89704420
89704439
89704532
89704559
89704606
89704821
89704823
89704854
89705016
89705038
89705052
89705072
89705135
89705261
89705418
89705451
89705539
89705803
89705907
89706163
89706298
89706380
89706503
89706521
89706536
89719033
89751408
89751657
89787068
89800919
89822608
89839725
89840530
89841339
89843268
89850743
89878630
89878641
89907876
89912269
89912278
89912302
89912364
89912444
89912456
89912520
89912540
89912550
89912585
89912650
89912765
89912851
89913906
89913972
89914517
89914572
89914691
89915261
89917114
89918018
89921882
89921948
89922412
89922691
89923299
89924075
89928639
89928858
89929770
89929789
89929794
89929897
89929959
89930100
89931241
89931347
89931773
89932388
89933080
89933742
89934522
89936935
89939514
89939594
89942915
89946396
89947848
89947873
89949310
89950428
89950937
89960200
89961763
89977183
89980407
89993614
90061729
90062387
90063689
90063809
90064552
90064555
90066172
90066253
90066344
90066709
90066879
90067138
90071284
90071799
90073508
90073602
90082566
90108639
90108976
90110104
90110732
90111225
90111441
90115578
90116298
90142380
90142649
90142684
90142821
90142844
90142932
90143117
90153943
90161593
90165229
90184757
90188982
90191710
90192266
90193118
90193214
90193304
90193307
90193340
90193347
90193384
90193412
90193424
90193436
90193492
90193501
90193504
90193536
90193622
90193666
90193735
90193784
90193823
90193939
90194104
90194112
90194178
90194228
90194264
90194290
90194435
90194652
90194699
90194713
90194735
90194975
90195409
90196074
90205440
90206082
90206271
90207082
90207383
90207412
90207511
90207790
90207890
90208059
90209128
90209430
90219263
90219704
90219713
90219716
90219804
90219844
90222894
90223041
90223429
90223525
90229538
90229643
90230959
90230994
90231196
90231614
90232278
90232808
90232942
90234125
90234651
90235184
90235292
90235682
90235931
90235943
90237762
90238045
90239851
90240109
90240341
90240714
90241570
90242653
90259531
90304672
90313506
90322073
90322928
90323227
90323583
90325562
90325857
90326078
90326097
90326354
90329252
90331569
90331837
90332007
90332187
90332289
90332303
90332306
90332705
90332731
90352292
90352455
90352717
90356161
90356172
90364637
90364921
90367520
90369417
90374764
90406814
90407030
90414391
90414532
90414728
90414744
90414864
90414874
90414915
90415299
90415660
90416287
90461031
90474680
90475143
90475657
90480153
90480257
90480470
90480543
90483222
90484980
90485240
90485442
90485451
90485541
90485777
90491082
90491146
90496019
90501065
90502227
90502477
90502483
90502854
90503098
90503179
90503193
90503828
90503833
90504770
90519468
90519781
90520129
90525935
90526127
90530526
90530773
90572640
90572874
90574557
90598062
90647353
90695544
90698775
90701828
90715383
90718910
90719930
90723257
90726396
90746035
90752473
90761182
90761287
90761298
90761358
90761384
90761511
90761660
90761727
90761771
90761810
90761966
90762024
90762050
90762224
90762287
90762669
90762687
90762712
90762875
90762914
90763030
90763074
90763190
90763221
90763393
90763494
90764211
90764271
90764329
90765504
90766180
90766287
90766705
90767038
90767317
90768072
90768104
90768231
90768336
90768447
90768570
90768789
90768796
90769695
90769761
90769968
90770627
90771025
90771575
90771772
90771777
90771874
90771912
90771918
90771992
90772352
90772451
90772571
90772690
90772701
90772800
90772902
90773260
90773824
90774814
90774951
90775430
90775438
90775483
90776711
90777705
90777785
90777786
90777858
90778173
90778291
90778415
90778839
90779490
90779986
90780577
90780626
90781875
90782141
90782754
90782832
90782985
90783020
90783088
90783099
90783100
90783120
90783687
90783996
90784207
90784572
90784637
90784766
90785045
90785112
90785222
90786333
90786830
90786930
90787090
90787326
90787327
90787576
90787647
90787845
90787864
90787934
90787969
90788381
90788666
90789116
90789457
90790589
90790720
90791400
90791718
90791818
90792113
90792232
90792394
90792721
90792901
90792929
90793127
90793159
90794699
90796462
90798317
90851799
90852582
90875919
90899251
90911052
90918193
90920034
90923401
90929008
90935392
90938107
90960412
90967943
90994914
91071511
91071932
91072169
91088013
91088486
91090777
91097730
91098165
91100323
91103805
91119985
91120080
91120113
91127615
91127616
91128897
91129692
91129745
91129776
91129848
91129890
91129899
91129976
91130002
91130008
91131113
91140158
91146442
91159594
91159676
91159733
91159818
91159821
91160332
91160419
91160527
91160568
91160576
91160588
91160650
91160806
91160818
91161172
91161268
91161291
91161962
91162231
91162813
91164192
91164405
91164936
91165049
91165085
91165452
91167281
91168170
91169896
91170143
91170487
91170524
91171350
91171415
91171500
91182676
91182912
91183854
91209615
91210743
91226008
91238353
91246231
91246821
91246961
91247079
91247115
91247142
91247194
91247435
91247897
91250257
91256371
91284654
91296741
91313703
91314325
91323347
91323428
91326554
91335603
91340333
91344210
91369218
91369542
91369578
91369661
91369854
91369909
91375169
91375650
91375678
91376689
91377388
91381555
91382141
91386801
91386953
91387096
91387271
91387360
91387674
91387677
91387684
91388002
91388114
91388808
91388820
91390617
91402657
91402736
91402809
91403409
91403504
91403505
91403521
91403746
91404299
91404415
91404509
91404673
91404717
91405252
91405401
91405841
91406124
91406153
91408173
91412633
91421012
91421869
91430973
91432468
91447584
91447641
91447723
91447733
91447742
91447748
91447755
91447770
91447783
91447803
91447826
91447832
91447950
91447951
91450554
91458185
91483378
91485000
91489061
91515799
91516361
91516665
91516699
91517171
91517175
91530510
91530531
91531297
91533510
91534516
91534756
91557127
91557128
91557135
91557139
91557140
91557145
91557147
91557148
91557149
91557154
91557155
91557160
91557166
91557168
91557170
91557187
91557189
91557190
91557196
91557200
91557202
91557204
91557209
91557214
91557218
91557225
91557227
91557229
91557232
91557234
91557240
91565867
91566341
91572602
91582656
91588842
91603364
91605578
91606795
91628908
91633019
91636972
91640597
91650815
91714870
91717074
91717455
91720904
91722115
91749909
91754182
91754276
91755794
91755903
91773577
91773713
91773849
91779259
91779292
91779313
91779440
91779468
91779739
91780206
91781134
91808123
91814082
91814650
91815948
91815974
91832069
91833125
91847536
91848958
91849035
91849288
91853028
91853326
91853492
91855125
91855127
91855129
91855131
91855133
91855135
91855137
91855141
91855145
91855147
91855149
91855151
91855157
91855160
91855163
91855165
91855167
91855169
91855171
91855173
91855179
91855181
91855183
91855184
91855189
91855191
91855193
91855195
91859591
91859848
91865400
91865888
91898867
91924113
91924202
91924234
91924394
91924713
91928028
91932425
91932472
91932638
91934350
91934444
91936237
91936283
91937597
91937727
91938807
91940010
91940912
91941216
91943173
91943680
91943716
91943717
91945133
91945396
91945971
91950879
91952032
91952940
91953086
91953235
91963242
91963273
91964073
91969971
91970002
91971804
91972818
91973398
91978906
92048340
92048600
92048625
92049072
92049168
92061302
92061424
92061639
92061813
92064641
92065131
92066097
92066982
92090309
92092965
92135891
92142432
92142447
92142586
92144844
92153464
92153698
92180610
92187003
92318928
92355294
92356006
92368978
92370162
92370174
92370338
92370532
92370554
92370592
92370644
92370666
92370692
92370829
92370833
92370850
92370856
92370878
92370898
92370919
92370937
92370938
92371048
92371055
92371064
92371071
92371078
92371301
92371311
92371404
92371435
92371463
92371514
92371525
92371528
92371553
92371578
92371596
92371624
92371700
92371729
92371743
92371751
92371765
92371857
92371885
92371898
92371899
92371934
92371946
92371978
92372037
92372088
92372188
92372263
92372290
92372304
92372315
92372390
92372395
92372399
92372437
92372455
92372458
92372671
92372718
92372720
92372766
92372777
92372812
92372826
92372839
92372843
92373075
92373102
92373123
92373159
92373175
92373205
92373238
92373270
92373271
92373280
92373302
92373390
92373425
92373486
92373894
92373898
92373903
92373958
92374013
92374106
92374172
92374176
92374235
92374328
92374370
92374452
92374485
92374549
92374659
92374681
92374772
92374918
92375019
92375039
92375077
92375093
92375379
92375565
92375681
92375683
92381332
92381983
92383734
92384169
92384172
92384657
92437036
92437038
92437063
92441413
92449224
92449288
92449729
92449832
92449910
92450207
92454398
92454709
92464498
92468608
92478862
92484897
92488405
92488539
92488773
92491486
92492857
92493604
92493856
92503112
92506407
92557347
92567518
92649123
92649705
92649870
92650188
92663643
92663742
92663932
92686301
92691704
92699152
92699358
92710750
92712467
92713846
92743919
92744455
92744555
92744559
92746093
92750850
92752836
92755395
92764235
92765668
92766165
92770187
92808665
92812513
92818713
92834181
92871434
92901500
92904328
92918040
92937121
92949098
92958720
92983097
92985203
92988499
93057746
93068592
93074079
93074083
93074114
93074122
93074129
93074550
93074557
93140531
93207975
93218234
93219032
93223172
93223876
93236251
93236429
93236516
93236737
93236780
93236797
93236861
93236935
93237046
93237307
93237405
93237690
93241284
93245238
93245589
93245804
93245876
93245994
93246125
93246269
93246416
93246490
93260416
93262398
93268464
93289379
93291088
93291092
93292825
93321503
93356210
93398168
93405788
93428624
93430952
93431933
93597509
93597522
93597705
93597728
93598087
93598100
93598304
93598360
93598367
93598456
93598733
93598810
93598983
93599059
93599061
93599166
93599190
93599751
93599811
93599943
93600112
93600132
93600357
93600389
93600466
93602255
93602443
93602642
93602785
93602882
93603245
93603247
93603300
93603384
93743776
93744718
93744823
93747145
93747154
93747423
93753225
93754356
93764811
93830430
93838070
93857790
93871347
93935028
93936415
93936456
93936534
93936543
93955646
93956024
93956552
93958196
93958485
93958685
93958736
93959027
93959445
93960116
93962148
94011572
94035463
94042943
94043026
94043228
94059591
94063357
94103298
94103432
94103476
94103640
94103820
94104131
94104231
94104277
94104431
94106713
94107092
94133318
94150153
94150169
94150179
94150445
94150498
94150652
94150671
94151424
94154600
94154954
94156533
94159026
94159144
94225728
94226900
94231380
94232313
94267322
94270710
94281925
94284577
94304567
94304603
94304661
94304695
94304699
94304729
94304780
94305004
94305030
94305100
94305175
94305190
94305467
94305491
94305590
94305634
94305894
94306000
94306015
94306069
94306244
94306598
94306773
94306870
94306985
94325661
94342713
94379905
94380768
94381117
94381311
94381537
94425040
94426471
94427093
94440034
94455396
94456007
94456167
94456521
94457062
94459967
94460297
94460431
94460512
94461069
94461781
94463935
94464206
94465154
94465309
94465525
94465805
94465883
94468358
94468947
94519851
94519929
94519958
94520093
94520108
94520139
94520404
94520530
94520567
94520568
94520681
94520804
94535352
94536187
94536393
94536554
94536635
94538181
94539196
94553954
94554261
94561909
94561971
94562474
94562919
94563059
94563494
94563602
94563910
94564062
94564158
94564956
94565270
94565314
94565731
94565996
94566849
94567168
94567475
94567508
94567722
94568274
94568275
94568563
94569374
94569377
94569587
94572065
94572131
94582879
94583484
94583675
94583978
94584012
94584547
94584864
94585340
94585574
94585741
94585893
94586814
94598055
94628942
94635372
94637541
94654536
94654649
94656335
94656401
94674261
94688230
94733048
94733228
94733432
94733568
94733832
94733946
94734013
94734170
94734290
94734385
94734666
94734699
94734733
94734916
94734932
94735223
94735227
94735411
94735423
94735595
94735657
94772091
94773147
94773152
94773317
94773377
94773422
94773427
94773543
94773602
94773668
94773758
94773764
94773990
94773997
94774224
94774225
94774229
94774250
94774255
94774270
94774302
94774391
94774393
94774536
94774575
94774731
94774732
94774937
94774992
94775179
94775205
94775221
94775546
94775606
94776131
94776323
94776447
94776517
94776608
94776637
94784363
94792987
94799566
94802247
94829550
94829832
94836118
94840568
94840644
94840671
94871652
94871676
94871687
94872884
94873394
94873425
94873557
94873577
94873781
94874660
94874940
94876342
94895584
94895816
94895968
94946259
94956360
94956773
94956865
94997253
94999974
95002993
95006599
95014637
95015881
95038229
95049981
95059360
95061102
95061104
95074638
95089179
95125583
95131972
95132199
95132305
95132653
95132820
95136910
95137087
95137259
95154530
95154535
95154537
95154539
95154541
95154542
95154544
95154567
95154579
95154581
95154610
95154640
95154641
95154651
95154652
95154654
95154666
95170248
95170267
95170306
95170360
95170499
95170585
95170634
95170635
95170636
95170657
95170739
95170905
95170954
95171114
95171136
95171137
95171179
95171234
95171237
95171251
95171317
95171349
95171361
95171378
95171423
95171478
95171491
95171497
95171523
95171601
95171622
95171650
95171753
95171827
95171830
95172002
95172065
95172119
95172148
95172170
95172172
95172252
95172277
95172345
95172354
95172466
95172560
95172612
95172662
95172672
95172699
95172746
95172756
95172835
95172875
95172943
95173019
95173020
95173066
95173099
95173123
95173126
95173177
95173237
95173361
95173371
95173471
95173560
95173610
95173658
95173697
95173710
95173711
95173791
95173880
95174010
95174093
95174106
95174200
95174206
95180814
95205090
95212891
95246861
95247435
95247496
95247673
95247965
95248082
95248133
95248295
95248500
95267829
95293016
95293020
95293073
95293114
95293133
95293159
95294324
95296908
95298491
95299454
95300768
95304792
95304846
95315640
95315946
95327850
95329833
95330162
95330255
95330326
95332493
95393646
95393864
95394365
95473884
95474382
95478655
95478671
95478695
95478721
95507765
95507828
95508123
95508624
95510635
95510655
95510660
95563150
95583059
95583097
95583589
95583683
95583784
95583949
95584275
95585828
95639550
95701720
95701856
95702185
95702857
95702893
95703326
95703515
95703921
95703933
95704039
95704107
95704113
95704301
95704769
95704834
95705152
95705205
95705748
95755353
95755443
95795868
95795963
95796080
95796235
95796416
95796595
95797138
95797316
95797364
95798376
95800403
95803479
95887196
95891786
95892234
95892429
95892536
95892602
95892692
95892700
95892714
95892766
95892807
95897640
95898364
95899640
95900661
95900695
95905437
95907903
95910425
95910932
95914428
95914470
95914487
95914495
95914523
95914727
95938863
95942107
95942205
95942860
95942894
95944278
95944279
95945048
95947438
95951304
95951665
95952993
95955640
95966627
95971789
95972161
95972541
95973016
95986456
96006512
96012512
96012603
96015276
96022461
96037664
96040728
96040762
96046064
96046567
96046647
96046668
96046789
96046972
96069352
96069819
96072721
96073831
96074447
96079620
96085494
96086973
96091933
96105772
96107103
96111124
96119445
96120728
96128141
96148023
96148378
96148381
96152879
96184443
96186209
96189455
96224724
96224766
96224801
96224878
96225078
96225092
96225093
96225156
96225228
96225230
96225231
96225288
96238723
96289659
96298171
96298279
96300944
96301797
96305318
96310146
96324605
96333235
96335670
96335758
96335773
96335777
96335993
96336005
96336033
96336077
96336078
96336086
96336089
96336098
96336099
96336106
96336114
96336115
96336123
96336124
96336169
96336200
96336251
96336315
96336325
96336372
96336452
96336476
96336535
96336725
96336774
96336777
96336778
96356421
96369507
96384793
96407934
96407954
96407979
96408029
96408107
96408123
96408140
96408186
96408204
96408269
96460538
96468129
96468190
96468444
96473420
96489411
96500861
96501359
96501390
96501578
96501585
96501631
96501722
96501751
96502429
96540789
96540888
96542694
96542974
96543123
96547044
96547956
96548152
96548464
96549325
96549897
96554458
96596627
96608815
96614733
96614778
96615111
96642948
96654470
96654491
96655475
96659892
96659995
96660448
96660501
96716924
96728041
96739243
96742883
96747755
96747797
96747850
96748027
96748093
96748230
96748373
96748405
96748558
96748718
96748958
96749020
96749220
96749250
96749512
96749655
96749981
96750049
96750055
96750339
96750361
96750368
96750393
96750460
96750560
96750715
96750941
96750962
96751057
96751061
96751081
96751330
96751456
96751696
96751795
96751796
96751853
96751957
96752070
96752071
96752073
96752143
96752156
96752612
96752624
96752639
96776477
96776483
96776485
96776490
96779125
96844833
96844845
96844920
96845975
96846673
96846925
96846933
96846936
96846938
96846957
96846964
96846968
96846973
96846988
96846994
96847005
96847009
96847019
96847026
96847040
96847046
96847064
96847070
96847229
96866657
96867628
96869413
96874141
96924596
96988114
96989467
96993234
96996262
96999576
97008602
97008658
97008689
97014933
97020415
97031753
97032171
97032289
97044541
97056868
97058085
97077943
97079741
97079827
97079837
97080848
97082270
97099239
97102733
97252421
97256681
97256684
97256695
97256778
97256832
97256833
97256838
97256839
97256959
97257202
97277525
97313441
97321989
97330499
97330519
97330583
97330605
97330721
97330722
97330743
97330754
97342333
97359817
97360683
97360977
97361423
97361638
97362229
97362243
97362319
97362517
97362961
97363364
97363406
97371315
97446364
97448239
97448246
97448248
97448339
97448343
97448357
97448363
97448415
97448430
97448481
97448510
97452416
97488856
97489026
97489111
97490116
97490310
97505144
97539380
97540230
97545712
97551911
97551915
97551963
97553284
97555213
97557245
97557248
97557284
97557389
97557409
97566211
97585555
97587677
97587698
97587757
97588019
97588070
97588078
97588082
97615402
97631734
97631774
97631776
97644396
97644666
97688797
97708090
97714671
97716755
97717840
97728995
97729109
97731439
97754234
97757755
97762151
97765728
97769346
97769348
97769349
97769355
97769360
97769371
97769382
97769384
97769391
97769456
97769469
97769478
97769506
97769558
97769576
97769581
97769595
97769634
97769640
97769641
97769643
97769647
97769668
97769684
97769708
97769714
97769732
97769755
97769756
97769769
97769770
97769807
97769831
97769866
97769951
97769962
97770018
97770029
97770049
97770075
97770171
97770185
97770238
97770240
97770264
97770294
97770365
97770384
97770425
97770426
97770482
97770489
97770514
97770578
97770585
97770592
97770595
97770648
97770650
97770661
97770675
97770676
97770693
97770695
97770696
97770697
97770744
97770763
97770764
97770893
97770894
97771107
97771112
97771115
97771248
97771249
97840972
97842240
97843367
97847955
97851399
97856916
97858162
97867352
97867579
97878661
97889361
97889815
97889978
97890124
97890282
97900098
97900647
97901600
97902153
97904897
97905020
97921032
97925530
97929724
97932532
97941442
97941448
97941492
97941570
97941785
97941855
97942088
97942253
97942272
97942345
97942366
97942441
97942447
97942451
97942465
97942533
97942572
97942631
97942730
97944937
97946551
97946919
97947132
97947459
97948328
97948864
97949404
97949435
97949504
97949873
97951333
97951621
97951649
97958896
97959027
97959052
97959053
97959095
97959096
97959101
97959166
97959268
97959292
97959326
97959651
97959688
97959811
97959916
97959938
97960085
97960110
97960405
97960452
97960471
97960472
97960591
97960682
97960696
97960729
97960742
97960778
97960787
97960836
97960867
97961004
97961065
97961089
97961137
97961375
97961554
97961603
97961665
97961751
97961860
97961909
97962167
97962240
97962254
97962266
97962268
97962399
97962441
97962548
97962555
97962567
97962568
97962609
97963017
97963029
97963086
97963090
97963542
97973518
97991145
97991455
97992358
97992448
97992551
98010246
98017763
98031289
98059239
98059250
98059251
98059253
98059258
98059277
98059352
98059382
98059386
98059429
98059430
98059434
98059440
98059470
98059479
98059497
98059529
98059571
98059580
98059587
98059589
98059621
98059623
98059624
98071020
98071735
98074405
98074451
98102078
98103853
98116234
98118110
98129696
98133099
98136625
98136772
98137206
98138802
98139391
98139482
98139509
98139525
98139786
98140814
98141003
98141584
98141631
98141797
98141953
98142195
98142247
98142377
98142410
98142762
98142980
98143323
98145774
98146144
98146802
98147263
98147416
98147579
98147617
98147707
98147946
98148124
98148298
98148447
98148551
98148575
98148576
98148597
98148854
98149002
98149072
98151758
98154197
98154248
98154366
98154485
98154731
98154952
98154955
98156280
98156378
98156441
98156447
98156462
98156509
98156563
98156564
98156575
98156618
98156668
98156683
98156857
98160541
98164836
98185730
98217615
98219781
98224861
98225117
98225595
98242877
98242878
98242891
98242892
98242904
98242910
98242936
98243034
98243042
98243087
98243099
98276104
98323061
98365703
98365737
98365803
98365835
98365842
98365859
98365948
98365989
98366077
98366084
98366092
98366132
98366226
98366227
98366253
98366314
98366362
98366370
98366376
98366404
98366431
98366509
98366522
98366527
98366553
98366598
98366637
98366684
98366728
98366733
98366743
98366779
98366947
98366962
98367000
98367306
98367325
98367348
98367457
98367533
98367541
98367578
98367630
98367652
98367689
98367761
98367869
98367910
98367989
98367991
98368070
98368136
98368301
98368452
98368481
98368535
98368611
98368709
98368711
98368713
98368715
98368925
98369029
98369197
98369264
98369287
98369329
98369332
98369364
98369407
98369489
98369594
98369609
98369612
98369616
98369689
98369782
98369836
98369930
98369973
98370060
98370079
98370160
98370200
98370314
98370321
98370328
98370330
98370341
98370361
98370391
98370404
98370484
98370489
98370504
98370506
98370509
98370629
98370649
98370703
98370732
98370927
98370933
98371009
98371013
98371042
98371171
98371298
98371418
98371451
98371564
98371586
98371629
98371698
98371721
98371804
98371861
98371932
98372006
98372009
98372042
98372196
98372255
98372258
98372553
98372635
98372692
98372838
98372992
98373186
98373980
98374273
98374418
98374488
98374546
98375170
98386916
98567087
98572942
98573535
98576845
98580067
98580091
98587639
98587740
98599230
98604307
98605015
98610059
98610170
98610270
98614110
98614203
98633821
98633823
98633843
98634548
98634640
98634798
98634980
98640279
98640463
98640722
98641286
98641599
98644715
98650752
98651843
98655853
98659218
98659744
98660252
98660365
98660697
98661240
98661419
98662222
98662681
98662857
98663295
98663609
98663825
98665273
98665742
98666582
98669105
98669224
98669320
98669906
98670283
98705641
98735225
98735691
98735746
98735839
98735884
98735916
98736164
98736432
98736575
98736658
98736674
98736706
98736734
98736984
98738034
98738167
98738450
98738534
98738737
98761631
98771498
98780634
98820999
98824955
98825561
98827161
98827219
98827225
98827236
98827714
98827938
98828140
98828539
98828860
98828929
98829371
98829718
98829769
98830478
98830747
98830955
98832704
98832810
98833018
98834596
98846796
98846803
98846846
98846853
98846893
98846922
98846944
98846945
98846947
98873074
98875054
98875196
98875273
98875342
98875386
98900096
98900132
98900146
98900203
98900343
98900390
98900415
98900562
98900573
98900612
98900646
98900882
98907742
98910418
98910727
98911611
98920255
98955568
98959010
98959166
98959244
98959316
98959392
98959460
98959462
98959558
98959747
98959821
98959925
98959959
98960006
98960066
98960378
98960409
98960641
98960681
98960781
98960838
98960857
98960886
98960978
98961125
98961206
98961246
98961443
98961507
98961946
98974836
98974858
98975127
98975352
98975491
98976959
99005632
99005726
99030457
99030666
99055753
99055787
99055824
99100633
99100648
99110652
99133451
99143290
99143376
99143494
99143634
99143809
99144922
99145644
99145646
99145658
99145659
99145674
99145678
99145680
99145722
99145742
99145753
99145763
99145815
99145830
99145884
99145975
99145976
99145992
99146008
99146013
99146039
99146052
99146068
99146082
99146091
99146146
99146272
99146286
99146291
99146292
99146301
99146312
99146360
99146367
99146368
99146409
99146505
99146569
99146571
99146619
99146620
99146639
99146671
99146698
99146700
99146714
99146727
99146842
99158727
99159752
99159954
99191705
99191794
99191806
99192007
99192040
99192317
99192792
99193197
99206273
99220459
99222896
99255383
99279283
99322497
99334529
99373039
99373071
99374896
99379121
99410257
99474748
99478486
99478651
99478698
99478839
99478898
99478917
99478947
99479043
99479119
99479377
99479406
99479502
99479634
99479711
99479741
99479831
99479884
99479886
99479914
99480022
99480031
99480126
99480185
99480257
99480295
99480381
99480430
99480586
99480602
99480896
99480900
99480902
99480979
99481131
99481158
99481169
99481200
99481261
99481288
99481481
99481529
99481793
99481847
99481944
99482269
99482287
99482564
99482607
99482739
99482752
99483003
99483016
99483025
99483028
99483063
99483420
99483909
99483989
99484284
99484417
99484484
99484566
99484819
99484949
99484964
99485111
99485149
99485443
99485474
99485766
99485889
99485927
99486055
99486115
99486122
99486199
99486229
99486313
99486503
99486545
99486572
99486611
99486698
99486852
99486853
99487020
99487132
99487344
99487485
99487494
99487682
99487698
99487736
99488001
99488018
99488050
99488077
99488160
99488167
99488385
99488392
99488539
99488584
99488636
99488668
99488808
99488936
99488972
99489034
99489193
99489216
99489229
99489259
99489686
99489795
99489804
99489815
99489897
99489900
99490009
99490031
99490272
99490283
99490347
99490437
99490524
99490525
99490565
99490730
99491730
99492039
99492141
99492156
99492237
99492286
99492294
99492351
99492364
99492409
99492460
99492576
99492743
99492902
99492977
99493034
99493082
99493220
99493247
99493431
99493452
99493454
99493476
99493502
99493571
99493588
99493590
99493604
99493701
99493750
99493781
99493812
99493817
99493820
99493830
99493993
99494127
99494410
99494435
99494463
99494543
99494567
99494626
99494628
99494938
99494980
99495024
99495234
99495403
99496173
99496194
99496257
99496372
99496484
99496672
99496700
99496753
99496781
99496884
99497243
99497329
99497466
99497502
99497691
99497700
99497779
99497790
99498884
99499382
99513987
99514613
99515332
99516097
99516164
99541381
99542612
99543443
99543565
99543575
99543667
99543669
99544120
99544605
99544654
99545347
99545584
99545772
99545779
99546102
99547446
99547571
99548271
99548356
99548437
99548715
99548877
99549050
99549738
99550839
99552311
99667516
99670008
99670928
99671315
99672109
99679504
99684678
99705353
99716641
99716937
99838097
99838551
99847667
99849570
99850501
99863067
99867203
99867566
99869748
99869781
99869898
99870217
99870277
99870309
99883231
99884523
99889563
99910972
99924045
99926297
99927234
99932260
99933414
99934423
99934643
99961551
99964921
99983966
99992761
99992762
99992773
99992778
99992797
100029130
100084158
100087846
100101477
100104490
100109136
100110234
100112677
100122861
100126294
100126737
100127037
100127053
100127545
100128294
100128690
100148173
100148559
100148783
100149355
100152404
100161051
100168249
100168260
100168279
100168286
100190608
100237786
100248425
100248533
100248545
100248562
100248671
100248708
100249602
100250690
100250742
100250763
100251512
100251954
100252598
100252841
100253536
100259203
100259247
100264757
100265363
100265525
100267223
100269482
100272558
100273781
100273826
100274210
100274245
100274283
100274304
100274346
100274377
100274395
100274467
100274855
100275234
100275676
100280862
100297153
100298378
100314467
100315285
100315472
100315690
100319951
100321445
100328388
100373636
100386824
100395857
100419812
100420048
100429002
100429441
100431052
100431759
100442226
100461234
100461268
100461388
100461502
100461610
100461775
100461799
100461824
100461918
100461987
100462049
100462110
100462171
100462205
100462263
100462435
100462486
100462487
100462656
100462692
100462705
100462878
100462879
100463023
100463222
100463360
100463379
100463489
100463636
100463731
100463743
100463820
100463833
100463876
100463940
100463976
100464001
100464131
100464264
100464338
100464398
100464427
100464449
100464510
100464541
100464600
100464621
100464796
100464899
100465017
100465027
100465087
100465091
100465186
100465190
100465204
100465269
100465342
100465371
100465385
100465409
100465455
100465524
100465529
100465719
100465770
100465890
100466051
100466110
100466122
100479600
100481156
100486210
100486250
100486404
100486509
100486755
100486797
100486838
100486851
100487044
100487461
100487506
100487522
100489176
100489218
100489645
100490271
100490790
100490843
100491003
100491079
100491454
100491588
100491598
100492427
100492456
100492597
100492633
100492746
100493696
100493907
100494195
100494242
100494563
100495840
100504020
100511357
100529976
100542698
100573225
100573243
100573277
100574599
100574677
100576592
100576633
100576684
100576703
100578140
100578143
100578192
100578740
100579324
100579372
100579382
100579451
100579479
100579498
100580321
100580831
100580860
100580864
100580871
100581287
100582412
100582473
100582500
100584394
100584410
100584457
100586920
100609726
100609907
100610047
100610099
100610148
100610155
100610189
100610218
100610246
100610362
100610368
100610416
100610513
100610530
100610534
100610569
100610622
100617768
100619108
100627453
100627707
100629487
100644584
100645011
100646102
100735024
100788265
100805347
100842487
100868946
100868974
100869619
100869701
100870009
100870249
100870278
100897633
100930232
100931073
100948034
100966914
100967293
100967315
100967322
100967571
100967696
100967900
100968239
100968829
100969156
100971622
100972760
100972773
100973401
100973557
100973613
100973651
100973801
100974719
100975524
100977224
100989590
100989616
100989623
100989715
100989771
100989783
100989809
100989820
100989933
100989969
100989975
100990111
100990157
101002403
101003064
101010335
101011597
101012014
101012274
101012414
101012452
101012524
101012605
101012678
101012718
101012894
101014793
101020595
101022709
101043606
101049775
101054952
101055404
101055720
101055863
101056081
101056234
101056587
101056605
101077472
101087973
101100397
101142268
101145456
101145695
101148995
101153691
101155102
101155390
101156537
101168484
101189488
101189672
101189692
101189873
101190774
101191883
101199190
101214859
101220519
101221525
101222431
101223814
101224213
101224268
101229197
101231877
101236535
101236570
101236684
101236836
101236868
101237742
101238034
101238041
101238981
101252744
101253253
101253290
101253324
101265602
101265983
101266091
101266409
101266706
101266711
101273454
101278646
101279979
101290399
101291272
101291818
101296487
101296626
101302205
101305487
101317468
101331767
101334147
101335046
101335733
101346952
101353502
101353511
101353558
101353593
101353640
101353661
101353816
101354054
101359179
101367438
101382955
101395460
101454523
101458901
101461636
101461697
101461735
101461818
101461845
101475574
101475768
101476133
101477043
101481484
101482258
101503428
101503838
101506243
101523456
101530907
101531238
101531465
101531543
101532062
101532142
101532704
101532833
101533137
101534537
101534609
101534841
101535303
101535967
101536400
101536638
101537571
101540796
101552463
101563038
101563059
101563065
101563068
101563211
101563279
101563311
101572262
101574863
101579352
101586111
101586355
101586443
101586529
101586910
101587042
101617596
101620472
101635291
101635296
101635297
101635563
101644984
101644994
101656816
101661564
101689234
101695913
101727417
101732093
101750191
101751584
101757143
101771091
101771155
101771194
101779208
101787044
101789789
101789926
101793938
101794431
101794712
101798199
101800259
101817625
101832900
101840151
101840152
101840160
101840165
101840332
101840396
101840399
101840614
101840761
101840812
101840814
101841237
101842680
101845144
101851832
101852353
101858306
101869613
101891193
101901187
101903636
101908300
101913836
101915984
101930693
101934900
101949222
101972681
101979761
101981892
101985035
101990600
101995549
101995732
102011832
102012487
102038713
102038722
102038744
102038800
102038844
102038867
102038881
102039078
102039193
102048349
102048431
102049518
102049656
102050009
102064853
102084677
102098950
102103675
102106813
102110962
102111556
102112558
102116873
102120674
102121198
102121697
102123615
102129498
102130143
102142402
102142825
102143578
102143940
102144604
102160334
102161751
102161848
102162111
102162498
102163196
102172751
102172884
102172924
102173027
102173060
102173212
102262139
102373454
102380448
102396280
102400893
102409465
102410170
102424201
102424325
102427972
102428189
102446118
102462583
102463159
102488824
102499844
102499892
102499911
102499923
102500549
102500831
102501007
102501266
102501282
102507968
102508545
102513001
102513205
102517980
102551789
102552158
102553718
102559092
102559099
102559118
102559138
102559142
102559190
102559211
102559234
102559302
102559304
102559327
102559332
102559335
102559414
102559714
102566872
102566896
102572405
102572435
102572517
102572532
102572559
102572640
102572733
102572803
102572826
102573032
102573235
102573272
102573315
102573369
102573376
102573497
102573976
102582233
102583692
102583702
102583715
102600605
102629446
102638291
102639134
102639208
102639803
102653769
102653774
102663552
102663681
102667744
102680973
102690968
102692422
102693061
102693453
102726397
102734438
102735419
102736872
102739885
102743759
102753388
102759626
102780415
102797694
102799784
102807553
102807625
102807908
102807922
102807950
102807958
102808780
102817577
102846372
102847793
102847806
102853183
102853521
102856095
102858626
102860205
102860702
102860707
102860769
102860789
102860833
102860850
102860928
102861057
102861159
102861194
102862202
102862297
102862437
102862451
102862496
102862523
102862564
102862595
102862639
102862657
102862684
102862712
102862846
102862847
102872503
102876108
102882567
102884134
102894878
102895145
102895528
102897791
102902357
102907880
102907915
102908719
102909005
102909533
102910305
102911269
102919083
102927356
102955407
102955570
102955656
102955865
102955910
102955966
102955987
102956118
102956172
102956179
102956191
102956244
102956263
102956264
102956298
102956409
102956413
102956490
102956599
102956632
102956641
102956653
102956664
102956675
102956683
102956697
102956701
102956712
102956723
103004968
103014925
103015490
103022001
103030437
103046645
103057357
103085088
103086974
103097119
103097201
103097266
103097300
103097307
103097340
103097354
103097400
103097474
103097487
103097508
103097604
103097617
103097618
103097634
103097636
103097650
103097687
103097798
103097808
103097822
103097900
103097920
103097938
103098048
103098070
103098123
103098127
103098139
103098151
103098155
103098177
103098179
103098198
103098203
103098204
103098233
103098296
103098301
103098341
103098450
103098467
103098473
103098567
103098570
103098586
103098608
103098655
103098669
103098762
103098777
103098800
103098802
103098835
103098995
103099026
103099037
103099081
103099082
103099138
103099142
103099144
103099170
103099194
103102683
103109781
103113639
103125033
103129501
103135568
103136297
103136820
103168147
103168633
103171700
103209596
103209883
103215429
103215554
103215604
103215655
103215656
103215684
103215695
103215862
103216186
103219333
103223671
103223689
103224522
103231954
103233550
103233551
103233636
103233718
103233766
103233771
103233787
103233886
103234095
103234132
103234204
103234626
103234823
103237909
103238767
103256746
103260281
103260440
103260926
103262825
103263021
103264570
103265769
103266169
103270809
103277690
103281262
103287929
103294218
103294301
103294309
103294544
103294625
103294686
103294761
103294766
103294836
103294838
103294890
103294952
103295153
103295410
103295412
103295585
103295651
103295655
103295669
103295878
103296018
103296028
103296128
103296259
103296285
103296321
103296714
103296767
103296824
103296842
103297101
103297142
103297200
103298732
103306497
103308831
103319088
103327238
103329956
103330596
103343813
103346934
103348125
103361434
103361458
103361624
103361643
103361649
103361721
103369068
103370208
103370730
103372447
103374964
103382802
103384572
103388208
103392298
103399898
103405162
103406791
103457649
103457717
103457736
103457868
103457876
103457913
103458098
103458105
103458136
103458421
103458436
103458911
103458985
103458988
103459047
103459085
103459416
103459448
103460391
103460420
103461313
103461502
103461617
103471589
103471718
103472182
103472214
103472230
103472233
103472241
103472253
103472292
103472326
103472360
103472371
103472399
103472414
103472418
103472430
103472446
103472512
103472606
103472627
103472628
103472667
103472729
103472767
103472777
103472791
103472822
103472829
103472840
103472842
103472879
103472894
103472971
103472981
103472992
103473006
103473020
103473056
103473058
103473061
103473161
103473168
103473214
103473223
103473246
103473260
103473263
103473268
103473272
103473306
103473315
103473376
103473387
103473566
103473568
103473593
103473639
103473671
103473686
103473697
103473715
103473764
103473789
103473806
103473848
103473873
103473918
103474217
103490012
103493423
103496409
103498616
103503355
103505000
103508826
103510789
103510849
103511398
103513001
103513882
103524499
103525771
103534607
103551316
103560463
103578026
103580047
103581300
103594037
103598068
103616043
103629679
103629688
103629720
103629843
103635713
103641148
103677563
103687857
103730509
103744264
103745049
103749522
103749847
103750069
103750426
103751115
103751736
103751750
103751901
103752258
103752615
103753103
103753144
103754659
103755003
103755237
103755947
103757580
103757685
103770045
103771412
103772566
103773598
103788721
103791357
103791543
103804532
103806448
103814552
103814634
103815373
103815595
103815604
103815617
103815626
103815663
103815669
103815701
103815727
103815757
103815793
103815932
103815942
103816057
103817797
103820947
103821003
103824909
103825102
103825156
103825603
103826135
103833643
103849431
103856305
103886523
103886566
103886676
103886695
103887280
103887346
103887361
103887371
103898154
103927784
103933249
103973865
103974296
103974518
103975186
103975844
103975874
103976913
103977513
103978105
103978138
103978738
103979091
103980064
103980998
103981070
103982069
103983104
103984133
103985045
103985674
103986493
103986809
103987476
103990636
103990877
103996304
103996320
103996847
104017065
104062828
104063225
104064009
104064449
104064987
104065077
104065727
104065752
104066168
104066757
104067082
104067167
104090445
104133333
104133375
104133380
104159889
104159970
104160145
104160377
104160413
104160483
104160503
104160653
104161291
104161316
104161553
104161563
104162560
104162878
104163172
104163399
104163935
104163957
104164774
104164790
104165857
104166262
104166275
104166928
104167016
104167113
104167231
104167655
104167740
104167744
104168033
104168458
104168977
104169172
104169354
104169868
104169933
104170087
104170141
104170229
104170508
104170950
104171507
104171585
104171924
104171946
104172132
104172455
104173394
104173403
104174333
104174997
104175201
104175424
104175656
104176113
104176316
104176443
104176910
104177140
104177375
104177587
104178331
104178370
104178382
104178967
104179331
104179973
104179991
104181416
104181545
104182040
104182733
104183925
104184774
104184977
104185008
104185081
104185103
104185147
104191121
104191676
104211528
104247781
104250976
104269511
104288649
104317104
104341321
104361105
104367236
104375549
104380089
104380137
104380168
104380231
104380249
104380331
104380400
104380403
104380421
104394115
104394421
104406776
104407000
104407005
104412544
104447069
104468912
104494056
104504144
104504199
104504220
104504354
104515275
104515434
104515725
104515727
104519967
104520441
104520539
104520574
104521150
104521244
104521270
104523783
104524729
104524874
104524965
104525401
104525409
104525551
104525558
104525632
104525644
104526247
104526412
104526452
104526603
104526619
104527258
104527558
104527640
104527830
104527924
104527993
104528388
104528521
104528718
104528902
104528996
104529166
104529744
104529952
104530863
104531290
104531440
104531514
104531784
104531968
104532165
104532312
104532469
104548009
104556804
104612095
104627477
104627657
104637016
104642224
104642258
104642623
104642934
104643107
104643365
104643519
104643861
104644328
104645142
104645372
104648219
104648289
104661487
104668147
104671785
104673182
104675954
104678101
104703370
104703741
104703911
104703978
104704104
104704162
104704209
104704330
104704533
104704576
104704602
104704634
104704670
104704819
104705064
104705071
104705095
104705097
104705108
104705150
104705257
104705302
104705436
104705469
104705500
104705695
104705932
104706192
104706264
104706429
104706434
104706589
104706605
104706715
104706861
104706870
104707208
104707478
104707605
104707940
104708100
104708167
104708206
104708215
104708267
104708289
104708402
104708758
104708802
104708863
104709094
104709199
104709267
104709292
104709563
104710129
104710150
104710235
104710276
104710351
104710926
104711263
104711367
104711974
104712239
104712312
104712442
104712549
104712644
104712672
104712847
104712948
104712981
104713242
104713484
104713560
104713573
104713689
104713905
104726324
104726366
104726375
104726416
104726442
104726460
104726470
104726494
104726496
104726516
104726559
104726582
104726614
104726732
104726739
104726751
104726836
104726902
104726914
104726950
104727008
104727017
104727025
104739389
104739392
104739395
104739398
104739399
104739407
104739485
104739574
104739611
104739703
104739705
104739750
104739784
104739795
104739820
104739903
104739909
104739953
104739957
104739958
104739960
104739995
104740015
104740019
104740054
104740105
104740125
104740153
104740186
104740204
104740218
104740250
104740264
104740313
104740316
104740325
104740424
104740426
104740490
104740494
104740510
104740516
104740528
104740576
104740630
104740680
104743119
104743762
104744109
104744153
104744165
104761274
104791896
104792902
104794757
104799568
104800084
104802301
104802324
104810218
104811398
104827930
104835262
104843151
104843166
104843172
104843176
104843178
104843209
104843214
104843215
104843219
104843255
104843256
104843273
104843279
104843306
104843344
104843351
104843363
104843364
104843404
104843416
104843422
104844463
104846858
104846991
104850149
104851363
104851805
104861826
104861916
104869812
104870575
104870834
104871503
104871623
104871664
104884666
104884675
104884676
104884699
104884700
104884703
104884723
104884732
104885258
104899514
104902551
104903047
104908913
104925649
104926018
104926430
104927259
104927747
104927793
104929560
104930366
104944543
104944598
104944621
104944670
104944756
104958596
105026180
105039153
105081973
105084225
105084344
105085673
105086146
105086702
105087131
105092066
105093343
105099680
105103168
105104169
105104174
105104396
105104776
105110675
105112325
105112774
105112888
105118479
105118555
105118563
105118818
105119070
105119223
105119336
105119575
105121170
105121199
105121316
105122128
105122213
105122231
105122266
105122777
105137907
105138026
105138037
105138147
105138212
105138254
105138390
105138405
105138473
105138576
105138583
105138842
105138950
105139081
105139248
105139400
105139419
105139871
105153787
105168114
105168804
105168960
105170407
105171454
105172975
105178647
105178660
105178667
105178723
105178765
105178790
105178926
105178940
105178949
105179010
105179087
105179193
105179266
105179391
105179492
105179659
105193473
105194101
105194226
105196225
105210971
105211028
105211062
105211243
105211247
105211278
105211303
105211353
105211465
105211466
105211496
105211516
105211599
105212699
105213690
105219816
105228676
105228720
105228819
105247767
105247772
105247859
105247862
105247988
105248114
105248118
105248135
105248187
105248224
105248258
105248374
105248428
105248434
105248639
105248664
105248688
105248741
105248749
105248835
105248855
105249143
105249227
105249243
105249400
105249512
105259936
105260731
105265399
105326900
105327019
105327089
105327168
105327190
105327228
105327296
105327332
105327448
105327460
105327471
105327495
105327507
105327560
105327568
105327582
105336368
105336395
105336404
105336405
105336426
105336571
105336574
105336582
105336708
105336719
105336910
105337120
105337146
105337289
105337314
105337383
105337550
105337557
105337578
105337622
105337682
105337749
105356801
105359413
105369956
105370571
105371028
105371139
105371432
105371934
105372876
105374864
105393284
105515118
105515136
105515156
105515377
105515524
105515555
105515607
105520556
105529298
105531742
105531766
105531997
105532089
105532130
105532135
105532213
105532229
105532338
105532400
105532590
105532604
105532654
105532897
105532901
105533321
105533343
105533349
105533398
105533421
105533437
105533688
105533749
105533773
105533881
105534117
105534211
105534218
105534286
105534289
105549044
105549185
105549192
105549288
105549303
105549339
105549402
105549419
105549748
105549887
105549889
105550285
105550313
105601192
105602062
105602072
105603267
105603604
105609344
105626186
105634876
105658864
105663127
105665340
105665398
105674259
105674641
105676739
105686127
105689458
105692397
105692412
105692749
105692844
105693085
105693109
105693189
105693349
105693397
105693745
105694368
105694790
105694985
105694993
105695075
105695086
105699910
105699977
105710551
105710916
105711677
105712229
105712482
105712803
105713046
105713522
105713701
105714156
105714492
105714709
105715898
105729637
105731075
105731838
105731848
105731854
105732020
105738404
105744857
105751085
105751115
105751131
105751142
105780609
105781200
105793536
105799151
105799218
105799234
105799242
105799291
105799305
105799308
105799332
105799535
105799556
105799697
105799927
105799967
105800013
105800110
105800111
105800199
105800384
105800647
105800684
105838995
105893839
105895665
105897479
105924395
105924569
105924615
105924626
105924665
105924710
105924746
105924756
105924762
105924819
105924853
105924864
105924963
105925015
105925033
105925058
105925193
105925322
105925500
105925794
105925822
105926193
105926284
105926579
105934304
105934383
105934431
105934766
105934780
105934826
105935101
105935389
105948711
105949370
105949947
105950804
105950952
105951728
105952172
105952222
105952704
105952901
105953388
105953854
106008825
106032481
106035822
106046540
106046656
106047201
106047307
106047519
106047577
106047589
106047676
106047713
106047766
106047769
106047877
106047898
106047966
106048015
106048043
106048069
106048085
106048290
106048384
106048745
106048933
106049037
106049095
106053047
106053090
106054088
106055258
106073829
106074262
106074285
106075475
106081184
106083173
106083309
106083719
106087240
106087774
106087860
106088298
106104896
106108179
106112150
106112184
106112361
106112449
106112460
106141690
106141828
106149580
106178303
106181864
106182650
106183211
106188280
106189972
106190034
106190036
106190044
106204575
106204877
106208689
106212077
106221453
106225425
106235566
106235845
106237295
106240788
106242016
106242022
106242035
106242055
106242121
106242132
106242169
106242376
106242424
106242455
106242472
106242508
106242550
106242557
106242565
106242570
106242651
106243145
106273253
106275768
106275866
106279358
106307164
106308848
106311537
106312578
106316384
106316987
106317431
106331671
106361169
106361826
106361883
106361920
106377276
106377849
106378435
106378486
106378695
106378717
106378779
106378795
106379282
106420675
106457516
106457946
106459199
106474763
106475100
106503556
106510363
106513907
106516690
106525068
106526651
106527026
106527111
106527761
106532477
106541513
106579148
106579167
106590858
106591596
106605868
106606458
106607530
106633678
106638291
106654103
106654113
106654189
106654214
106654305
106654322
106654423
106654462
106654588
106654634
106654809
106654812
106654880
106654925
106655190
106655253
106655316
106655606
106655658
106655696
106655741
106655806
106655815
106655867
106655964
106656015
106656068
106656150
106656271
106656304
106656307
106656309
106656565
106656578
106656612
106656787
106656802
106657108
106657206
106657297
106657338
106657356
106657493
106657517
106657689
106658174
106658822
106668874
106680655
106682897
106685050
106702695
106707507
106742894
106744451
106745261
106745897
106750255
106750606
106751137
106751281
106751663
106751828
106754000
106756771
106764513
106766812
106770890
106783105
106786626
106791534
106792407
106792736
106792773
106792920
106793205
106793240
106793971
106796033
106806205
106807784
106807912
106807914
106808087
106808127
106808305
106808870
106810065
106812468
106812514
106813011
106813583
106815848
106831540
106854331
106856035
106856051
106856367
106857180
106857781
106860997
106863269
106865249
106868931
106871686
106876600
106876683
106886011
106894378
106906265
106935223
106944208
106944781
106974674
106974990
106975008
106975356
106975369
106975663
106976124
107005156
107015906
107017215
107018451
107018663
107021830
107022668
107039338
107042048
107049538
107071641
107072761
107077858
107078473
107094013
107098629
107098655
107098666
107100091
107101931
107102307
107122959
107142940
107155736
107173589
107177781
107178528
107181807
107187147
107187198
107195032
107218732
107219238
107219708
107221816
107222274
107231957
107253197
107255275
107272461
107278644
107278708
107278886
107278978
107278979
107278994
107279022
107279034
107279041
107279113
107279141
107305322
107305945
107306636
107309360
107309615
107309821
107310173
107310204
107310566
107313178
107341486
107342609
107344046
107344530
107345614
107347797
107347980
107348176
107348399
107348646
107350884
107351981
107352522
107355070
107355388
107356035
107356952
107359258
107360732
107364625
107364701
107365136
107365507
107367044
107367538
107367772
107367883
107368270
107369778
107370809
107371161
107371189
107372996
107373643
107373645
107374587
107375214
107375405
107391190
107392781
107394349
107394388
107405220
107424927
107426801
107427268
107427270
107427274
107427278
107427281
107427284
107427286
107427290
107427292
107427296
107427300
107427302
107427895
107428282
107428459
107442284
107444399
107448320
107448770
107448906
107449807
107449840
107450528
107452233
107454294
107461401
107462807
107463029
107468147
107472790
107473637
107474267
107474348
107492777
107502889
107526295
107526343
107526433
107526777
107526799
107526832
107526854
107527045
107527124
107527351
107527379
107527462
107527528
107527769
107527893
107528044
107528082
107528141
107528365
107528384
107528486
107528649
107528766
107528793
107528861
107528934
107531592
107531759
107539430
107539440
107539542
107539569
107539576
107539595
107539751
107539795
107539859
107539929
107539947
107540144
107540217
107540335
107540543
107540630
107540670
107540764
107540770
107540789
107540847
107540860
107540893
107540990
107541140
107541158
107541165
107541283
107541289
107541718
107541789
107542028
107542164
107542280
107561645
107582594
107582608
107582681
107582748
107583114
107583245
107588048
107605803
107618108
107618189
107619316
107619661
107625435
107626580
107626970
107631638
107631857
107631868
107632017
107640938
107641371
107641543
107658956
107659312
107667949
107671045
107694290
107694689
107695289
107695684
107723445
107760714
107761037
107761140
107761180
107761239
107761246
107761259
107761824
107764050
107776661
107795188
107799005
107799299
107799362
107801269
107802157
107855404
107857442
107874062
107876183
107876487
107876496
107876530
107876546
107939708
107955650
107961670
107961982
107962138
107962269
107962275
107962330
107962340
107962445
107962478
107962513
107962561
107962626
107962665
107971001
107972410
107972498
107973614
107973694
107973701
107973859
107973889
107973895
107973956
107974018
107974086
107974169
107975641
107978025
107979704
107990027
107992675
108019788
108020341
108020706
108035848
108036830
108042383
108042441
108042510
108042581
108042673
108042797
108043173
108043248
108043329
108043665
108043906
108044162
108044201
108044361
108044447
108044730
108044749
108044848
108044880
108044955
108045039
108045270
108045493
108045613
108045618
108045770
108046058
108046877
108046878
108047037
108047165
108047188
108047480
108047953
108049465
108055389
108069130
108069170
108069172
108069179
108069281
108070516
108071071
108075327
108076035
108089355
108093124
108098611
108098815
108098897
108099053
108099089
108100041
108102585
108112056
108140612
108141013
108141189
108141306
108141344
108142350
108142394
108142451
108142452
108142495
108142562
108142612
108142895
108142964
108143005
108154780
108154812
108154990
108155144
108157783
108158161
108173433
108173920
108174006
108174803
108174834
108175335
108178041
108178080
108178455
108178494
108178897
108183219
108187720
108206980
108208256
108212199
108217660
108220099
108220543
108221421
108222584
108232137
108240464
108243237
108244805
108244917
108246203
108252837
108252840
108252845
108252851
108252853
108252857
108252858
108252868
108253006
108253025
108253201
108253202
108253203
108253207
108253487
108253775
108253961
108256159
108256414
108260578
108261237
108261240
108261265
108262198
108262688
108265542
108265598
108265663
108265666
108265833
108265869
108265876
108265932
108265990
108266106
108266125
108266154
108266267
108266283
108266436
108266452
108266503
108266505
108266741
108266743
108266787
108266860
108266878
108267035
108267055
108267077
108267100
108267181
108267232
108267298
108267310
108267314
108267355
108267397
108267448
108267449
108267457
108267485
108267489
108267541
108267569
108267598
108267608
108267688
108267705
108267733
108267735
108267803
108267850
108267983
108268012
108268023
108268031
108268036
108268064
108268074
108268077
108268081
108268285
108268296
108268353
108268415
108268424
108268601
108268685
108268690
108268714
108268791
108268795
108268815
108268868
108268937
108268960
108268973
108268977
108269019
108269102
108269125
108269133
108269204
108269284
108269293
108269478
108269484
108269488
108269576
108269584
108269600
108269611
108269641
108269650
108269688
108269796
108269843
108269913
108269918
108269949
108269982
108269996
108270103
108270124
108270156
108270196
108270270
108270331
108270561
108270640
108270674
108270682
108270830
108270887
108270898
108270981
108270982
108271014
108271044
108271106
108271122
108271200
108271282
108271412
108271439
108271455
108271500
108271524
108271579
108271659
108276980
108285823
108287158
108287186
108287276
108287334
108287480
108287563
108287574
108287664
108287703
108287771
108287773
108287794
108287881
108287900
108287975
108288005
108288088
108288221
108288234
108288429
108288453
108288590
108288746
108288980
108289074
108289188
108289226
108289326
108289423
108289475
108289552
108289627
108289680
108289721
108290131
108290336
108290415
108290473
108290596
108290680
108290807
108290902
108291009
108291293
108291343
108291356
108291440
108291536
108291576
108291637
108291777
108292218
108292252
108292268
108295466
108314421
108324598
108325133
108329347
108329605
108330975
108335270
108335310
108336225
108339463
108341265
108352859
108358268
108359140
108359207
108385773
108387873
108387913
108401826
108418052
108423314
108456766
108457206
108457213
108457243
108457303
108457447
108472336
108477107
108489158
108491266
108493775
108494142
108494151
108494169
108494233
108543114
108566191
108566203
108566242
108566397
108566690
108593784
108593994
108623544
108623826
108629480
108629508
108634263
108634467
108635159
108643863
108651012
108694829
108694993
108696436
108698334
108701436
108705051
108705645
108711700
108711772
108712605
108712606
108712607
108712797
108712802
108712818
108712859
108712861
108712871
108712945
108712949
108712987
108713002
108713090
108713143
108713241
108713600
108725452
108732581
108745150
108745272
108746136
108746837
108747245
108747430
108752668
108753185
108755501
108756660
108759134
108759147
108759511
108759559
108759562
108759564
108769398
108771481
108771509
108771911
108773772
108777387
108779317
108794601
108799516
108799570
108799586
108799614
108799691
108799726
108799729
108799732
108799755
108799954
108799972
108799978
108799992
108800011
108800080
108800082
108800103
108800106
108800152
108800246
108800257
108800291
108800379
108800424
108800436
108800455
108800472
108800524
108800539
108800548
108800561
108800751
108800779
108800785
108800809
108800966
108800972
108801001
108801113
108801126
108801157
108801223
108801225
108801259
108801270
108824074
108830290
108843323
108846131
108846958
108847284
108849424
108850327
108853479
108853485
108858593
108863718
108881384
108890958
108890987
108891094
108891392
108897614
108897764
108897904
108898549
108898769
108899076
108899719
108899720
108899889
108900067
108900101
108909322
108911603
108911757
108911815
108911822
108911842
108911920
108911961
108912055
108912063
108912200
108912232
108912244
108912253
108912269
108912920
108913671
108913794
108918259
108925427
108926989
108928673
108930296
108933581
108933641
108933753
108933941
108934388
108935898
108936872
108937184
108938158
108938346
108938661
108938819
108942766
108942811
108942831
108942975
108942987
108945644
108946558
108956278
108964787
108965482
108967656
108969688
108969864
108969924
108969947
108969971
108969972
108969995
108974367
108974408
108975021
108975585
108976285
108976465
108978747
108979439
108979728
108979959
108980108
108987779
108988397
108993819
108996807
108996811
108996830
108996915
108996988
108997020
108997595
108999256
108999455
108999802
109010028
109011595
109011676
109017703
109030075
109065323
109070020
109070354
109088563
109113432
109113442
109126173
109130822
109138107
109138133
109138197
109138201
109138262
109138313
109138323
109138395
109138428
109138491
109140286
109152686
109157053
109179284
109179375
109179553
109179796
109179935
109229452
109230108
109249478
109263689
109281040
109281355
109298001
109310571
109310574
109310579
109321831
109334545
109338071
109340670
109341191
109342488
109342680
109342917
109343962
109360420
109365424
109368532
109385120
109393051
109393563
109394265
109402742
109403665
109405885
109406160
109406384
109406579
109406608
109406626
109406669
109406699
109406782
109406789
109406835
109406858
109406941
109407178
109407272
109407275
109407494
109407636
109407653
109407976
109408199
109408239
109408248
109408329
109408421
109408427
109408432
109408438
109408472
109408690
109408715
109408966
109409485
109409507
109409668
109409996
109410002
109410075
109410181
109410748
109410838
109410985
109411119
109411578
109411822
109411866
109411935
109411940
109412210
109412687
109412915
109412949
109412980
109413122
109413803
109414041
109414152
109414719
109414752
109414902
109414970
109415002
109415061
109415180
109415221
109415566
109415883
109415938
109416178
109416294
109416424
109417314
109417760
109418004
109418213
109418574
109418923
109419047
109419068
109419089
109419231
109419264
109419358
109419840
109421318
109421340
109443235
109443294
109444009
109469378
109473342
109480250
109484901
109486942
109488828
109490639
109491068
109491618
109492410
109504993
109505686
109505877
109532651
109536779
109537595
109545472
109545552
109545578
109545658
109545673
109560051
109567704
109567900
109567905
109568079
109568152
109568780
109569676
109570154
109576925
109576958
109580783
109582009
109585386
109592631
109596842
109601258
109601479
109602095
109602252
109602851
109625901
109627829
109628096
109628478
109661773
109662063
109664094
109683000
109683199
109694710
109694719
109694788
109694884
109695076
109695161
109695637
109714377
109719801
109721372
109725812
109730045
109734942
109736077
109737167
109767075
109776339
109780063
109787036
109787037
109787149
109787213
109787323
109787347
109787447
109787450
109787464
109787914
109790187
109790362
109790387
109804466
109804576
109804934
109804962
109805021
109805056
109805072
109805090
109805098
109805554
109813670
109814086
109814359
109814947
109815046
109815616
109816959
109817048
109817302
109839678
109846916
109846952
109847227
109847252
109847371
109853253
109853315
109853530
109865198
109873082
109874623
109882424
109882486
109882493
109882617
109882635
109882963
109883257
109883879
109884390
109889409
109921044
109921083
109921111
109921132
109921203
109921308
109921438
109921450
109921544
109921566
109921599
109921607
109921667
109921976
109922038
109922184
109922217
109922481
109922533
109922536
109922539
109922586
109922610
109922619
109922648
109922800
109923121
109923149
109923184
109923221
109932240
109932268
109932348
109932406
109932448
109932534
109932575
109932748
109932760
109933013
109933035
109933119
109933206
109933233
109933439
109933493
109933784
109934211
109934222
109934236
109936716
109936732
109936824
109949385
109958565
109964757
109975301
109976728
109979746
109980191
109987033
110006070
110006502
110007122
110007282
110009138
110009491
110010527
110010979
110021159
110021327
110023471
110023555
110023587
110023925
110024128
110053631
110060104
110135315
110165803
110166083
110167054
110170243
110172449
110183912
110184617
110188151
110195309
110202333
110203032
110204256
110248627
110248810
110251774
110251836
110252356
110283257
110284448
110285955
110289994
110291388
110357240
110357772
110358699
110360088
110364873
110367068
110367079
110367301
110367303
110367339
110367350
110367431
110367474
110367632
110367682
110378876
110419023
110420317
110422486
110423757
110424335
110424439
110434693
110439189
110461172
110468858
110471078
110572225
110593769
110593791
110653465
110658306
110658474
110677356
110681547
110682125
110686265
110688369
110688370
110688513
110688658
110688692
110688757
110688809
110688817
110688897
110688918
110688959
110689027
110689071
110689077
110689150
110689179
110689197
110699118
110720439
110731067
110733832
110764605
110766697
110779457
110785282
110786561
110791060
110791259
110793119
110795765
110798126
110798132
110798160
110798206
110798420
110798780
110799027
110799792
110800045
110800051
110801261
110802435
110806458
110808130
110816474
110844872
110844891
110844919
110844966
110844982
110845024
110845031
110845039
110845111
110845203
110845252
110845298
110845393
110845394
110845438
110845450
110845461
110845480
110845504
110845552
110845556
110845578
110884480
110891588
110898633
110898639
110905427
110925019
110925852
110925890
110925936
110926139
110926174
110931561
110946546
110953581
110953586
110964364
110970716
110971656
110975464
110979596
110982121
110987632
110990117
110993446
110995084
111000681
111003342
111016579
111037632
111056538
111059489
111070160
111082958
111096850
111096884
111097136
111097826
111106691
111151669
111158140
111172216
111177513
111189592
111189799
111192159
111192271
111192322
111193440
111193565
111198958
111199299
111206332
111285225
111285412
111285420
111285512
111285679
111285710
111286198
111286714
111286856
111287294
111287297
111287442
111287958
111298147
111306464
111309438
111317289
111321012
111333443
111333752
111334334
111335745
111348491
111348879
111349563
111376404
111376459
111376985
111377096
111377605
111377785
111377796
111378050
111378093
111378300
111378307
111378389
111378447
111378488
111378500
111378529
111378801
111378857
111378878
111378987
111379261
111379525
111379836
111380765
111380773
111380950
111380995
111381292
111381331
111382074
111382845
111385548
111405029
111412701
111414128
111414145
111414163
111414178
111414189
111414207
111414471
111418819
111422065
111424275
111445139
111446021
111450272
111450701
111450752
111452200
111452401
111466145
111468154
111488708
111488741
111491467
111491493
111491537
111491566
111491604
111491606
111491657
111491658
111498886
111499790
111503400
111504978
111507549
111508739
111509854
111510256
111510565
111510872
111510896
111511380
111515572
111515724
111518001
111521985
111522219
111539048
111539450
111540066
111551543
111586726
111587023
111613698
111616069
111621183
111621200
111621204
111621237
111621273
111621292
111621332
111621344
111621354
111621430
111621525
111621555
111621557
111626164
111626362
111643158
111646904
111646918
111653561
111653719
111666313
111670611
111674268
111698468
111704360
111704366
111704429
111704492
111709155
111709889
111710620
111712189
111712435
111712844
111748436
111748467
111748538
111748584
111748680
111748717
111748798
111748854
111748964
111749113
111755411
111756203
111756460
111822957
111824087
111824101
111824157
111824204
111824315
111824455
111824525
111824557
111824566
111824600
111824622
111824624
111841279
111848244
111850269
111851226
111857890
111859939
111865912
111871601
111919095
111922212
111937947
111942642
111978267
111978605
111978834
111983068
111985153
111985211
111985402
111989407
111990266
111990936
111993410
111993895
111994342
111994349
111995008
111996051
111996524
112019922
112019947
112019969
112047180
112071932
112073000
112077671
112077721
112078770
112081823
112093759
112095346
112095543
112096723
112099428
112106775
112106930
112107603
112107731
112141141
112187253
112187342
112187613
112190036
112193335
112193417
112193432
112198519
112210518
112210617
112210709
112210714
112210759
112210798
112210998
112211014
112211287
112211648
112211650
112224540
112227686
112240463
112242630
112247016
112251572
112254009
112254921
112257993
112363180
112367908
112368170
112438541
112461892
112499337
112499395
112499480
112505704
112509066
112517601
112520756
112528441
112528496
112528522
112528530
112528837
112529050
112530914
112544770
112550310
112554369
112554813
112587542
112588467
112620026
112620134
112641742
112643785
112643790
112643896
112643952
112644021
112644074
112644075
112644208
112644356
112644651
112644746
112644773
112644800
112644959
112644996
112645038
112645067
112645154
112645323
112645451
112645574
112645617
112645714
112645826
112645830
112645990
112646030
112646048
112646128
112646225
112646228
112646259
112646271
112646368
112646405
112646556
112646875
112646968
112647355
112647488
112647803
112647938
112648288
112648548
112648552
112648667
112648759
112648990
112649010
112649029
112649562
112649565
112649785
112649865
112649932
112650468
112650496
112650557
112650872
112651141
112651297
112651315
112651605
112651613
112651629
112651883
112651907
112651938
112652239
112652245
112652860
112652887
112652894
112652921
112653009
112653282
112653715
112653879
112653995
112654060
112654393
112654719
112654725
112654752
112654909
112655190
112655244
112655280
112655416
112655621
112655822
112655837
112656035
112656094
112656178
112656244
112656263
112687663
112687806
112688545
112694452
112694652
112694723
112694859
112695657
112695795
112696133
112697491
112713017
112717059
112717175
112717274
112717327
112717361
112728710
112729372
112731078
112731657
112731905
112732398
112732415
112732535
112733472
112733500
112733549
112757668
112764594
112780974
112783639
112783658
112791540
112813010
112816373
112816726
112816818
112817712
112817832
112817874
112826652
112826653
112826836
112831025
112855090
112856954
112857312
112863306
112863784
112863995
112864183
112865334
112866039
112866231
112866288
112866770
112867125
112870179
112883537
112884191
112887050
112930027
112937714
112949854
112949876
112949890
112949899
112949914
112949917
112950006
112950031
112950057
112950102
112950158
112956398
112956687
112956936
112956970
112957038
112957064
112957183
112957382
112957480
112957571
112957575
112958200
112958213
112958345
112958503
112958869
112959158
112959854
112959862
112960427
112961093
112961252
112961768
112961963
112962121
112962151
112962229
112962300
112983979
112989753
112990762
113039522
113039992
113041194
113041205
113041216
113041231
113045559
113045645
113046980
113048907
113048913
113051930
113052274
113052408
113052892
113053212
113053452
113053463
113054061
113057858
113059327
113061165
113061754
113063753
113063853
113063988
113063998
113064301
113064621
113064673
113064842
113064996
113065068
113065111
113065255
113065310
113065606
113065709
113065735
113065945
113066299
113066331
113066342
113066402
113066425
113066695
113067623
113071232
113073060
113078101
113078304
113078330
113078408
113078514
113078522
113085261
113095540
113096818
113099486
113103711
113103739
113103743
113103788
113103804
113103807
113103816
113103826
113103846
113103852
113103863
113103864
113104105
113104249
113109016
113109028
113109071
113109254
113116868
113121286
113123814
113124554
113125559
113143459
113144441
113144464
113147197
113151495
113151552
113151563
113151602
113151618
113151643
113166610
113166638
113166707
113166868
113166921
113166974
113167235
113170314
113172900
113172906
113172926
113172937
113172965
113173064
113173157
113173294
113173460
113173518
113173582
113173767
113173928
113173944
113173945
113174047
113174097
113174192
113174217
113174276
113174291
113174337
113174484
113174540
113174579
113174784
113174813
113181913
113189686
113207034
113207152
113207209
113207278
113207304
113207363
113207433
113207577
113207619
113207894
113207912
113207944
113207984
113208018
113211604
113244206
113253630
113253935
113253951
113256753
113256915
113270343
113271950
113275165
113276182
113276586
113277603
113278056
113278109
113278128
113278176
113278233
113278761
113278865
113279104
113279189
113279322
113279615
113279810
113280073
113280391
113280394
113280656
113280795
113281378
113281451
113281765
113281793
113281900
113282846
113283607
113290157
113290257
113290993
113291003
113291091
113291346
113291510
113291604
113291648
113291880
113291943
113292223
113292230
113292443
113292924
113292996
113307291
113328118
113339403
113350286
113352203
113359648
113359704
113359813
113359818
113359834
113359960
113359969
113360070
113360185
113360194
113360441
113378378
113391748
113395681
113396400
113400332
113400355
113400433
113400469
113400533
113400536
113400615
113400678
113400862
113403140
113409703
113409733
113410204
113410288
113410334
113410597
113410600
113410775
113410842
113410924
113411120
113411255
113411288
113411332
113411334
113411415
113411557
113411591
113411787
113411961
113411975
113412070
113412085
113412199
113412213
113412543
113412787
113412807
113413053
113413200
113413328
113413459
113413533
113413558
113413564
113414242
113414341
113414408
113414621
113414743
113414864
113415044
113415153
113415303
113415343
113415609
113415613
113415656
113415770
113416013
113416034
113416107
113416125
113416290
113416476
113416615
113416616
113416736
113416750
113416831
113416953
113416991
113417067
113417301
113417405
113417408
113417443
113417752
113417876
113418003
113418032
113418127
113418183
113418337
113418352
113418369
113418396
113418444
113418454
113418511
113418540
113418582
113418662
113418838
113418917
113418949
113419073
113419487
113419623
113419638
113419817
113419826
113419864
113420055
113420056
113420284
113420393
113420463
113420570
113420724
113420920
113421121
113421709
113421743
113421873
113421980
113422217
113422343
113422507
113422510
113422594
113422627
113422687
113422933
113423016
113423041
113423219
113423301
113423595
113423913
113424248
113424268
113424396
113424470
113424700
113424883
113425186
113425334
113426050
113426476
113426547
113426857
113427244
113427513
113429026
113444098
113444203
113451036
113457555
113457751
113457757
113457911
113458106
113477149
113480486
113482737
113483455
113483922
113485963
113500293
113500914
113503221
113503383
113507634
113511048
113511111
113511156
113511175
113511256
113511328
113511681
113511837
113512321
113517989
113534862
113541494
113548299
113551390
113556396
113558873
113558874
113558878
113558882
113558884
113558889
113558892
113558906
113558908
113558911
113558914
113558919
113558925
113558998
113559007
113559061
113559120
113559132
113559148
113570393
113570402
113575963
113583298
113583355
113583415
113583426
113583527
113583612
113586151
113589690
113589717
113589866
113590190
113590335
113590358
113617240
113617250
113617290
113619804
113624385
113643407
113643601
113658859
113666908
113669839
113672519
113688298
113705885
113706098
113706339
113706518
113706902
113707251
113709598
113709617
113709632
113709643
113709654
113709687
113709695
113737709
113761813
113767896
113769016
113787739
113788393
113788537
113834578
113834605
113842600
113842688
113842762
113842941
113843199
113887120
113887199
113891603
113919325
113920024
113930266
113930420
113930489
113932235
113932292
113932467
113934942
113935086
113942211
113952264
113953645
113956594
113964945
113965876
114011204
114011451
114028670
114055917
114119783
114135985
114144895
114144921
114152840
114182609
114182630
114182653
114182675
114185837
114189039
114205856
114205955
114210559
114228668
114243301
114244677
114245796
114245797
114245800
114245817
114245827
114245853
114245882
114245888
114245896
114245897
114250631
114250632
114250696
114250738
114250759
114250983
114251023
114251028
114251304
114251502
114251713
114251725
114251727
114255462
114256109
114260363
114260367
114276827
114277073
114277242
114277262
114277296
114277303
114277310
114277576
114277675
114277855
114277949
114277950
114277980
114279974
114279978
114279982
114279984
114279991
114279994
114288720
114288722
114288889
114288951
114289012
114289016
114289100
114289169
114289267
114289378
114289583
114289605
114289652
114289676
114289680
114289681
114289698
114289777
114289871
114289942
114289989
114290331
114290421
114290458
114290905
114290933
114291013
114291074
114291188
114291225
114291259
114291261
114291436
114291442
114291674
114291688
114291713
114291724
114291808
114291929
114291932
114291995
114292041
114292149
114292162
114292207
114292276
114292302
114292324
114292342
114292374
114292499
114292590
114292677
114292682
114292693
114292803
114293007
114293111
114293163
114293307
114293474
114293649
114293659
114293904
114293920
114293999
114294163
114294241
114294316
114294368
114294385
114294495
114294543
114294590
114294677
114294856
114294918
114295002
114295081
114295168
114295189
114295241
114313121
114313162
114313164
114313459
114313483
114313759
114313930
114314067
114314261
114314391
114314447
114314526
114314758
114314805
114314834
114314876
114314988
114315057
114316082
114316370
114316388
114316659
114316686
114316917
114317252
114317344
114317516
114317811
114318183
114318270
114318289
114318327
114318487
114318510
114319071
114319551
114319705
114319838
114320148
114320325
114320406
114320407
114320422
114320722
114320738
114320844
114321153
114321339
114321604
114321891
114322101
114322275
114322280
114322293
114322601
114322649
114322881
114322918
114323092
114323099
114323169
114323213
114324100
114324322
114324346
114324611
114324717
114324949
114325038
114325109
114325118
114325253
114325359
114325723
114325785
114326523
114326788
114326805
114326900
114326904
114327060
114327176
114327367
114327526
114327599
114327670
114327841
114328068
114328169
114328361
114328378
114328784
114328854
114329157
114329288
114329675
114329757
114329795
114330200
114330220
114330565
114330596
114330896
114330956
114331069
114331126
114331469
114332034
114332580
114332725
114332872
114332975
114333186
114333250
114333270
114333896
114333995
114334050
114334095
114334464
114334631
114334805
114334899
114335399
114335793
114335932
114336138
114336454
114336649
114336853
114336857
114336860
114336876
114336991
114337044
114337046
114337671
114337822
114337920
114340199
114340581
114340609
114340686
114340716
114340731
114340762
114340798
114340846
114340874
114352035
114353231
114353778
114353780
114353789
114353805
114353821
114353852
114354168
114354182
114359823
114366525
114379173
114379294
114379369
114379423
114379445
114379503
114379509
114379567
114379880
114379882
114379904
114379982
114380021
114380035
114380046
114380137
114380164
114380185
114380245
114380392
114380460
114380607
114380681
114380705
114380732
114380956
114380971
114381173
114381198
114381207
114381264
114381321
114381332
114381430
114381683
114381710
114382047
114382383
114388298
114388309
114388318
114388427
114403792
114415466
114415506
114416745
114430064
114432802
114434778
114441983
114442023
114442098
114442196
114442299
114442349
114442365
114442585
114442753
114442801
114457825
114540009
114559405
114566997
114568236
114568245
114569173
114569383
114569458
114569511
114572377
114572403
114572449
114572652
114572662
114579014
114590141
114607076
114607857
114644965
114644994
114645106
114645146
114645915
114646858
114652438
114652450
114652535
114652857
114652895
114652968
114652987
114653034
114653084
114653137
114653403
114653489
114653872
114654303
114654334
114654547
114655393
114655400
114672756
114687103
114687161
114688358
114688858
114688975
114689410
114694404
114738534
114740022
114740212
114740286
114740511
114740636
114740830
114740858
114741126
114745831
114746035
114759547
114760037
114760207
114764032
114783523
114789040
114796221
114799302
114802294
114805979
114805985
114831492
114831606
114832759
114832760
114832764
114832781
114832801
114832839
114832875
114832906
114832907
114832909
114832947
114844769
114845698
114845959
114846069
114852316
114852997
114853279
114853418
114853821
114853836
114855726
114856890
114874054
114876237
114876967
114877737
114877982
114883410
114894597
114902311
114903769
114904282
114907729
114923905
114927436
114927446
114927510
114927514
114927554
114927767
114929032
114933572
114948148
114970064
114970096
114970911
114972672
114972687
114972714
114972720
114972753
114972898
114972982
114972997
114973245
114973278
114973288
114973398
114973431
114973436
114982552
114986592
114987102
114992667
115001790
115002993
115008378
115011885
115015809
115016071
115016431
115016475
115016977
115074518
115074757
115086985
115096239
115097504
115102410
115117659
115123551
115125135
115125718
115125819
115129177
115134683
115137767
115137832
115137841
115137889
115138011
115138116
115138132
115138571
115138682
115138704
115138716
115138762
115138877
115138936
115138938
115139105
115139145
115139152
115139205
115139427
115139471
115139584
115139642
115139808
115139815
115139822
115139863
115139869
115139936
115139971
115140030
115140110
115140189
115140998
115141029
115141323
115141366
115141985
115142061
115142163
115142503
115142820
115142878
115142922
115143089
115143340
115143625
115143710
115144418
115153257
115196180
115222511
115222516
115222518
115222541
115222729
115222751
115223077
115223160
115223222
115223508
115223883
115224119
115224302
115224322
115224408
115224476
115224599
115224651
115224765
115224826
115224963
115225006
115225029
115240235
115245426
115255419
115262573
115264738
115265765
115266131
115289841
115289899
115311030
115322695
115325470
115325611
115429952
115438851
115438889
115439123
115439226
115439259
115439506
115439608
115439814
115440137
115440783
115441031
115441075
115441148
115441179
115441680
115441737
115441786
115443748
115482914
115495475
115495704
115495969
115496143
115496200
115498677
115524703
115525359
115547763
115547796
115548179
115551783
115559649
115560220
115560301
115572321
115572705
115576027
115576084
115576293
115583817
115598559
115610307
115610421
115613215
115643509
115643608
115650486
115650514
115650657
115651367
115658816
115667335
115668953
115669170
115673209
115677940
115679806
115680043
115680378
115680461
115683153
115699455
115699885
115714954
115722791
115722996
115723012
115723019
115723125
115723221
115723242
115723251
115723413
115723420
115723651
115723652
115726022
115726150
115726155
115737546
115737633
115737647
115737736
115737750
115737849
115737918
115738472
115738772
115738853
115738874
115739214
115739392
115740271
115768106
115768232
115768260
115768571
115769074
115769389
115769640
115772663
115772674
115772689
115772712
115772758
115772775
115772780
115772791
115772950
115772973
115775169
115775195
115784927
115797048
115800178
115812765
115814521
115817043
115819339
115819815
115824591
115824593
115824595
115824911
115824914
115829498
115830626
115830749
115831085
115831224
115831390
115831539
115831814
115831850
115831901
115831992
115832029
115832111
115832134
115832290
115832303
115832346
115833007
115840944
115840971
115841024
115841191
115841232
115841530
115841622
115841767
115841768
115841894
115853129
115853539
115860421
115861780
115867745
115867752
115874045
115877842
115892903
115894451
115896476
115896602
115896615
115896675
115896863
115896867
115897049
115897054
115897109
115897170
115897266
115918920
115921710
115922882
115922890
115924832
115925057
115925133
115925266
115925267
115925449
115925540
115925567
115925665
115925721
115925738
115925930
115926061
115926069
115926347
115926350
115926351
115926808
115926873
115926894
115935621
115944984
115945382
115945443
115945548
115945568
115945753
115945893
115946270
115946294
115946350
115946448
115946528
115946705
115946855
115947022
115947094
115947473
115947647
115947649
115947788
115947827
115947839
115948182
115948518
115948586
115948679
115948832
115948940
115948990
115949107
115949151
115949156
115949197
115949339
115949450
115949531
115949553
115949960
115950183
115950208
115950255
115950272
115955729
115959932
115966841
115975999
115980737
115995092
115999262
116005186
116006574
116025257
116025261
116025286
116034074
116040096
116042547
116042761
116042872
116045203
116046900
116046996
116050254
116074252
116075344
116104918
116104957
116105099
116105255
116106095
116106183
116113258
116114434
116114450
116114946
116115147
116115974
116122117
116126091
116139733
116141785
116143519
116144536
116145985
116148554
116161777
116184832
116191712
116239273
116240237
116241724
116242185
116243087
116246534
116254626
116267779
116270670
116274584
116276817
116291563
116295498
116297272
116297608
116301391
116301960
116302553
116333220
116336856
116336936
116340601
116350517
116352279
116353356
116365283
116365433
116367957
116371011
116378736
116380043
116381009
116381563
116387760
116420171
116444614
116462212
116470283
116470301
116470319
116470396
116470438
116470480
116470489
116470543
116470547
116470590
116470598
116470599
116491290
116491387
116491462
116491466
116491528
116491543
116517984
116517986
116523747
116555783
116564544
116583568
116583784
116584184
116593350
116593351
116593364
116593365
116593366
116593396
116593438
116593460
116596766
116598590
116633626
116633632
116638317
116638349
116638351
116638362
116638374
116638412
116638430
116638450
116638458
116638526
116638580
116638622
116638627
116638673
116638826
116638876
116638885
116638896
116638995
116639157
116639337
116639360
116639396
116639432
116639462
116639643
116639661
116639701
116639834
116665887
116666238
116666634
116666867
116666950
116713341
116714620
116725952
116727980
116729952
116739863
116746268
116749078
116754213
116756100
116756184
116756269
116756388
116774813
116775607
116775630
116775658
116775668
116775675
116775708
116776202
116776251
116776272
116776310
116776387
116776406
116776673
116776869
116777015
116777167
116777176
116777204
116777220
116777225
116778669
116779176
116793578
116799259
116799848
116799877
116801517
116801729
116802003
116812627
116813643
116821023
116823013
116826697
116827217
116841836
116841878
116841893
116841902
116843012
116844004
116844408
116844452
116844659
116846486
116847008
116849712
116849958
116854633
116856070
116857073
116857375
116858011
116859003
116859736
116861830
116862565
116863157
116877996
116878020
116878023
116878031
116878063
116878099
116887811
116888079
116888134
116889492
116902680
116904605
116906573
116906633
116906640
116906698
116906714
116906722
116906730
116906949
116912890
116941727
116961463
116970837
116971568
116971579
116976226
116994882
116994976
116995006
116995049
116995053
116995070
116995128
116995139
116995165
116995168
116995201
116995288
116995313
116995376
116995385
116995410
116995416
116995493
116995545
116995606
116995614
116995652
116995670
116995674
116995725
116995810
116995909
116995923
116996685
116996837
116996902
116996921
116996942
116996954
116997040
116997051
116997097
116997118
116997164
116997292
116997374
116997394
116997510
116997561
116997580
116997607
116997839
116998337
116998432
116998435
116998522
116998549
116998615
116998635
116998686
116998711
116998720
116998764
116998807
116999042
116999050
116999094
116999151
116999255
116999270
116999343
116999346
116999354
116999511
116999597
116999637
116999692
116999736
116999772
116999816
116999822
116999843
116999873
116999897
117000078
117000089
117000100
117000120
117000165
117000178
117000223
117002826
117005949
117033347
117046831
117083390
117085311
117085633
117089875
117090462
117090746
117092322
117092349
117104532
117106624
117111788
117111860
117111916
117111923
117111926
117111937
117111938
117111961
117111984
117112195
117112207
117112233
117112243
117112250
117112257
117112279
117112296
117112317
117112319
117112334
117139071
117144747
117145307
117153812
117172472
117184256
117184301
117184403
117184424
117184430
117184505
117184520
117184545
117184587
117184642
117184756
117184762
117185151
117185536
117185585
117185680
117185803
117197110
117202599
117202988
117208753
117210822
117210838
117210858
117216954
117217063
117217114
117217169
117222537
117235937
117236236
117236303
117242394
117242409
117242497
117242695
117266281
117281971
117294545
117309487
117324832
117324856
117324861
117324906
117324948
117324993
117324994
117325030
117337030
117344210
117344382
117344526
117348163
117348415
117348461
117348504
117348524
117348688
117393395
117393616
117393809
117406147
117406309
117407297
117407553
117409958
117410192
117411767
117412433
117412667
117412701
117412982
117415050
117415086
117416175
117416951
117420185
117420390
117420642
117444607
117444612
117462822
117463159
117463209
117463218
117477994
117489742
117490338
117490673
117496116
117496366
117496704
117496819
117498052
117498247
117554111
117554151
117554183
117554255
117554637
117554696
117554780
117555041
117555077
117555093
117555227
117555351
117555362
117555468
117555568
117555683
117555714
117555918
117556139
117556166
117556168
117556183
117556525
117556889
117570637
117577039
117579617
117579728
117579821
117579830
117581379
117582077
117582129
117582327
117591731
117592852
117600417
117600441
117603751
117606807
117607121
117641740
117668926
117668983
117669746
117670122
117672214
117676566
117685040
117685158
117685172
117685936
117686332
117688328
117688373
117688379
117688381
117688388
117688397
117688436
117688693
117688815
117688819
117688851
117688888
117688968
117689054
117689097
117689163
117689178
117694708
117696510
117696632
117702095
117754839
117755006
117763595
117763753
117764175
117764205
117764231
117764303
117764362
117764653
117764849
117766431
117768654
117771430
117773869
117773944
117773989
117773996
117774265
117774449
117774492
117774992
117775015
117775127
117779244
117779301
117779312
117786726
117786757
117786821
117786838
117787158
117787449
117787481
117787499
117787604
117787610
117787724
117787772
117787786
117787836
117788048
117788052
117788056
117788093
117788097
117788128
117788170
117788268
117807473
117807514
117807533
117807607
117808344
117815912
117815925
117818549
117820000
117899774
117901166
117916621
117926100
117929550
117929676
117969025
117969615
117975283
117977482
117992353
117992444
118037337
118037772
118081995
118082417
118083298
118083410
118083528
118084390
118085094
118089725
118091165
118091716
118094960
118094973
118094984
118094985
118094991
118094994
118094996
118095000
118095003
118095015
118100536
118101693
118102330
118102500
118115796
118116436
118117117
118117279
118117280
118117367
118117620
118117673
118117905
118119601
118121299
118121500
118121517
118125469
118125675
118126876
118139447
118139725
118139734
118139785
118139867
118139929
118139937
118140694
118140717
118140880
118140991
118141027
118141060
118141132
118141247
118141407
118141492
118141499
118141548
118141577
118141802
118141818
118141854
118141907
118142476
118142528
118142601
118142936
118143119
118143206
118143226
118143304
118143435
118144134
118144545
118150301
118150328
118150547
118150604
118150664
118150739
118150780
118151631
118151636
118151715
118151758
118151817
118152006
118152057
118152106
118152161
118152226
118152240
118152354
118152563
118152774
118153138
118153398
118153473
118153495
118153673
118153720
118153920
118153979
118154117
118154338
118154496
118154560
118154624
118154657
118154663
118154883
118155098
118155590
118155597
118155718
118155850
118156208
118156292
118156497
118156536
118156548
118156921
118157098
118157171
118157286
118159117
118159122
118159132
118159164
118159294
118159488
118159518
118159551
118159859
118159925
118159952
118159988
118160187
118160258
118160262
118160268
118160305
118160499
118160551
118160815
118160842
118160869
118161236
118161237
118161296
118161446
118161468
118161508
118161511
118161578
118161711
118161729
118161737
118161884
118162013
118162041
118162392
118162579
118162631
118162794
118162946
118162966
118163025
118163037
118163175
118163232
118163319
118163327
118163525
118163544
118163627
118163650
118163792
118163957
118164067
118164140
118164311
118164324
118164350
118164368
118164413
118164447
118164487
118164622
118164680
118164731
118164739
118164794
118164954
118165029
118165094
118165139
118165222
118165236
118165321
118165336
118165394
118165493
118165731
118165836
118165959
118165971
118165997
118166001
118166037
118166109
118200354
118201794
118201898
118202218
118202236
118208885
118208993
118243377
118275002
118280841
118280980
118281105
118288056
118294477
118296861
118302301
118307485
118311576
118311790
118312516
118314466
118315002
118331924
118334120
118338080
118343346
118346722
118403547
118409810
118417513
118430449
118440533
118482285
118482410
118496321
118496385
118496557
118496941
118497567
118521721
118522079
118577464
118582830
118582884
118582917
118582982
118582991
118583006
118583012
118583101
118583112
118583129
118583137
118583174
118583178
118583237
118583273
118583296
118583328
118583390
118583409
118583413
118583436
118583440
118583451
118583468
118583482
118583538
118583545
118583616
118583620
118584049
118584304
118584414
118584441
118584448
118584452
118584455
118584528
118584569
118584607
118584644
118584745
118584820
118584958
118584987
118585055
118585067
118585089
118585108
118585155
118585184
118585197
118585213
118585308
118585343
118585410
118585439
118585503
118585506
118585529
118585563
118585594
118585611
118585615
118585672
118585682
118585712
118585734
118585765
118585973
118585978
118586058
118586067
118586077
118586090
118586126
118586215
118586263
118586285
118586322
118587964
118588733
118589371
118590066
118590638
118590893
118680525
118680721
118680998
118687666
118690010
118690179
118690290
118690435
118690570
118690571
118690573
118690618
118690697
118690716
118690896
118690936
118691077
118691476
118691544
118691594
118691655
118691833
118691835
118691880
118692096
118692211
118692352
118692376
118692405
118692472
118692513
118692826
118693348
118693355
118693386
118714350
118714354
118714442
118714583
118729330
118734843
118763829
118775386
118789306
118831628
118831778
118832023
118833015
118836511
118837468
118838060
118840362
118841525
118841757
118843876
118844414
118844450
118844473
118846774
118846980
118847124
118847381
118847895
118848162
118848321
118849194
118849823
118858299
118880849
118889429
118900610
118900713
118936214
118946889
118946909
118946929
118946960
118946964
118946989
118947032
118947059
118947102
118947168
118947328
118947459
118947484
118947539
118947541
118947564
118947680
118989135
118989192
118989216
118989314
118989573
118990122
118997203
118997481
118997752
118997800
118997841
118997962
118998136
119022845
119022922
119023284
119023579
119023862
119023986
119024480
119024482
119025660
119031149
119031301
119031719
119031774
119032035
119032409
119032909
119033484
119034275
119035064
119038436
119039931
119040161
119040207
119040924
119041962
119042300
119042308
119043797
119045463
119046509
119047309
119047765
119048360
119049465
119050521
119050606
119050956
119054142
119076216
119076303
119078648
119078649
119078650
119078747
119078772
119089702
119089728
119089733
119112040
119112344
119112487
119118066
119191714
119191761
119191969
119193216
119193276
119194028
119194209
119209926
119210094
119218005
119219211
119219400
119219943
119220257
119220336
119220725
119220895
119222189
119222466
119251621
119251770
119251801
119251814
119253324
119253359
119253365
119253434
119253607
119253609
119253615
119253649
119253699
119253712
119253802
119253827
119253852
119253854
119253965
119254007
119254030
119254053
119254072
119254101
119254120
119254125
119254144
119254159
119254173
119254190
119286440
119321210
119321696
119325644
119328572
119328737
119333405
119333490
119333513
119347965
119348022
119348039
119348043
119348061
119348095
119348103
119348105
119361943
119362824
119362846
119362851
119362863
119362890
119363139
119363141
119363182
119363933
119364479
119364515
119366017
119366175
119369174
119369284
119369493
119369659
119382710
119410385
119410433
119410452
119410481
119410645
119410650
119410847
119410873
119410903
119410918
119411020
119411168
119411232
119411250
119414426
119415134
119415214
119416211
119416391
119418054
119418271
119426139
119442367
119446128
119446214
119448347
119450134
119473201
119479459
119479463
119479477
119479502
119479504
119536799
119536802
119537652
119617268
119617368
119617385
119617413
119617598
119623048
119623063
119623067
119623089
119623091
119623152
119623159
119623207
119623261
119623293
119630113
119630765
119632486
119632507
119632557
119632590
119632675
119632695
119632744
119632758
119632860
119632922
119632930
119633163
119633405
119633608
119633628
119633665
119633714
119633854
119633857
119633908
119634104
119634119
119634159
119634235
119641433
119641787
119641838
119641934
119656429
119669347
119670508
119670684
119670689
119703648
119707062
119708876
119719546
119790622
119894756
119896708
119896803
119904209
119914944
119915018
119915158
119925183
119925826
119925839
119925849
119925850
119925912
119925924
119925980
119926010
119926056
119926058
119926122
119926173
119926205
119926220
119926224
119926225
119926231
119926249
119926254
119926262
119926266
119926297
119926333
119926351
119926363
119926375
119926404
119926411
119926413
119926472
119926477
119926506
119926514
119926525
119926561
119926665
119926672
119926679
119926680
119926761
119926771
119926782
119926783
119926799
119926803
119926821
119926828
119926829
119926832
119926834
119926836
119926851
119927335
119943364
119943397
119943571
119953171
119961734
119963976
119964169
119964353
119964473
119967839
119974148
119974195
119974206
119974210
119974212
119974265
119974268
119974311
119974377
119974490
119974757
119974830
119974868
119975083
119975124
119975485
119988506
120068050
120068068
120068071
120068084
120068088
120068105
120068133
120068144
120068161
120068175
120068227
120068238
120124333
120142008
120142448
120167464
120170536
120213524
120213575
120213660
120213780
120213786
120213864
120213894
120213936
120214027
120214084
120214208
120214378
120214394
120214440
120226835
120227012
120227153
120227263
120235442
120338716
120339458
120372103
120378162
120378327
120378453
120379216
120379346
120385885
120385905
120386365
120386556
120386561
120386640
120386706
120386743
120386862
120387013
120387116
120387123
120421207
120427826
120427843
120430945
120430947
120431463
120431470
120432010
120432422
120452619
120452919
120459725
120460736
120461077
120464392
120465584
120468941
120468954
120469170
120469735
120470993
120476015
120483537
120483549
120491483
120492342
120499848
120504058
120504264
120512462
120519454
120519548
120519671
120519706
120522069
120525441
120533953
120533957
120534102
120534160
120534184
120534211
120534221
120534225
120534263
120534275
120534293
120534296
120534301
120534304
120534364
120534380
120534391
120534418
120534420
120534433
120534451
120534460
120534512
120534517
120534522
120534531
120534532
120534543
120534553
120534582
120534583
120534593
120534602
120534626
120534642
120534653
120534656
120534657
120534666
120534674
120534699
120534722
120534724
120534739
120534753
120534759
120534762
120534771
120534775
120534786
120534790
120534792
120534798
120534824
120534832
120534839
120534864
120534867
120534870
120534873
120534884
120534888
120534893
120534904
120534908
120534910
120534911
120534914
120534920
120534922
120534924
120534963
120534967
120534969
120534971
120539089
120541976
120541998
120542135
120542146
120542424
120552204
120573728
120581726
120582013
120582068
120585264
120585619
120585788
120585868
120585954
120587303
120587567
120587725
120588907
120589521
120590839
120591019
120591047
120591668
120593402
120593608
120593835
120593914
120594837
120595484
120596257
120596506
120597027
120603432
120604301
120604713
120605601
120613711
120615275
120629686
120630067
120630167
120633486
120635632
120641207
120645817
120647926
120648923
120653450
120666237
120666601
120667979
120674159
120759147
120760335
120760507
120760644
120778790
120778798
120792314
120792407
120792599
120793858
120800142
120847155
120856114
120856358
120856501
120856648
120856719
120857589
120857720
120859830
120860164
121005933
121009825
121022770
121026613
121033221
121037699
121037731
121037791
121038263
121038326
121038339
121038347
121038680
121038721
121038873
121038919
121039117
121040277
121040287
121040453
121040538
121042731
121059271
121059342
121062820
121062984
121063332
121064381
121065679
121065781
121081030
121089439
121100949
121101325
121106061
121106222
121106336
121106476
121106509
121107119
121107159
121107885
121158566
121158577
121202057
121202285
121202339
121202361
121202415
121202433
121203022
121203051
121203403
121203449
121203460
121204088
121204095
121205284
121205322
121205374
121205425
121205494
121205739
121205844
121205895
121205911
121205915
121206008
121206169
121206262
121206340
121206794
121207052
121207387
121207436
121207509
121207625
121207688
121207859
121208036
121208164
121208303
121208326
121208543
121208612
121209226
121209515
121209546
121209715
121209782
121209932
121210006
121210073
121229286
121229536
121229614
121229749
121229767
121229784
121229796
121229848
121229859
121229967
121229980
121230065
121230105
121230275
121230344
121230361
121230362
121230363
121230386
121230408
121230417
121230431
121230437
121230468
121230469
121230591
121230607
121230688
121230711
121230731
121230764
121230767
121230778
121230789
121230806
121230815
121230869
121230877
121230883
121230905
121230912
121230916
121230940
121230958
121230974
121230980
121230983
121230999
121231003
121231038
121231092
121231103
121231111
121231121
121231175
121231202
121231212
121231215
121231220
121231223
121231226
121231233
121231238
121231258
121231262
121231295
121231307
121231364
121231386
121231449
121231476
121231483
121231502
121231517
121231529
121232038
121257926
121257933
121257936
121260319
121262181
121264385
121264741
121266179
121266582
121266765
121269811
121291452
121308906
121308946
121311753
121311782
121311834
121312340
121312346
121312469
121312684
121312791
121329715
121330124
121330902
121331153
121331576
121331843
121332359
121332527
121332533
121332540
121332545
121332557
121332591
121332592
121332605
121332616
121332620
121332625
121332626
121332648
121332650
121332684
121332725
121332768
121332821
121332823
121332886
121332887
121332983
121332986
121332997
121333025
121333030
121333046
121333048
121333071
121333089
121333179
121333189
121333242
121333245
121333247
121333284
121333293
121333304
121333316
121333324
121333345
121333346
121333351
121333360
121333368
121333381
121333389
121333407
121333412
121333414
121333440
121333452
121333465
121333467
121333483
121333513
121333570
121333572
121333590
121333597
121333611
121333618
121333625
121333689
121333704
121333710
121333736
121333776
121333778
121333806
121333809
121333811
121333825
121333843
121333846
121333865
121333878
121333884
121333900
121333942
121333952
121333957
121334002
121334068
121334070
121334076
121334077
121334096
121334171
121334173
121334253
121334296
121334316
121334335
121334357
121334375
121334401
121334405
121334461
121334485
121334499
121334502
121334518
121334522
121334557
121334579
121334632
121334645
121334647
121334762
121334883
121334891
121335774
121336686
121337150
121345399
121377016
121377040
121377171
121377196
121400744
121400963
121441463
121479877
121479882
121479908
121479989
121480008
121480030
121480052
121480081
121480082
121480100
121480102
121480109
121480145
121480185
121480233
121480281
121480524
121480556
121482704
121482753
121482754
121482779
121482908
121482916
121482946
121482987
121483025
121483044
121483180
121485016
121488462
121488476
121488559
121488754
121490526
121493872
121495340
121496553
121496574
121555695
121555733
121575845
121575906
121575953
121575961
121575978
121575987
121597264
121597269
121597284
121597290
121597296
121597309
121597312
121597314
121597318
121597321
121597325
121597348
121597363
121597372
121597380
121597416
121597418
121597432
121597448
121597456
121597466
121597467
121597486
121597515
121597531
121597532
121597556
121597558
121597575
121597583
121597589
121597593
121597619
121597623
121597652
121597653
121597659
121597665
121597672
121597679
121597680
121597700
121597710
121597717
121597736
121597753
121597762
121597805
121597808
121597824
121597840
121597856
121597857
121597863
121597867
121597871
121597877
121597881
121597890
121597914
121597918
121597945
121597959
121597973
121597979
121597981
121597992
121597996
121597998
121598000
121602286
121604027
121605128
121606052
121624353
121635654
121635690
121635703
121635752
121635891
121635962
121635972
121635983
121635997
121637034
121637192
121637302
121637338
121637428
121637465
121637554
121637588
121637639
121637645
121647064
121647981
121656401
121660408
121661388
121661544
121667549
121690376
121690478
121690515
121690646
121690677
121693379
121696794
121700343
121748821
121758406
121759111
121784118
121794442
121953191
121954504
121959643
121959747
121959791
121963863
121970311
121976475
121977501
121977513
121977705
121980535
121980537
121981652
121982048
121988425
122069406
122069445
122069531
122070645
122072668
122072670
122087209
122087276
122087377
122087418
122087699
122087961
122088216
122088219
122088402
122090088
122094034
122094036
122094513
122182018
122183841
122185100
122185258
122189800
122192202
122193704
122219450
122224812
122234969
122235199
122237285
122237297
122237394
122248826
122249091
122256998
122257001
122264598
122288165
122295977
122296127
122316624
122328477
122329838
122334262
122347639
122347649
122347659
122374943
122376123
122376348
122386142
122393296
122438058
122438067
122438102
122438202
122439150
122439817
122442013
122443001
122443537
122446105
122446138
122446179
122476439
122484093
122484114
122488524
122490170
122506351
122510028
122510432
122526032
122526045
122575013
122575090
122589072
122592305
122592467
122592562
122644548
122644551
122644557
122650417
122650425
122650448
122650455
122650457
122650469
122650478
122650485
122650562
122653676
122698722
122706143
122801565
122829233
122829297
122829392
122829508
122829606
122837080
122868122
122868125
122868133
122868269
122869045
122869244
122869279
122869282
122869306
122869755
122869838
122870352
122870375
122870442
122871336
122871466
122871486
122871513
122871722
122871944
122872026
122872273
122873701
122901583
122902409
122902932
122903031
122903033
122903103
122903250
122904996
122911116
122954629
122960930
122961231
122961382
122961525
122961566
123128885
123128980
123129002
123129036
123130937
123130967
123131057
123131177
123131207
123131235
123131260
123131281
123131320
123131712
123144826
123144834
123145009
123145018
123149919
123159253
123160486
123235397
123236606
123367168
123367830
123413632
123434283
123435041
123435141
123435200
123491080
123499313
123513797
123531876
123532072
123532187
123532410
123532770
123533115
123533676
123545663
123545688
123545904
123545955
123575040
123606739
123779788
123780313
123780898
123781440
123781511
123781602
123787036
123789699
123789913
123791213
123835397
123854959
123855092
123858792
123861816
123861903
123862080
123897435
123929890
123929932
123929933
123930064
123930078
123930079
123930133
123948055
123948076
123948133
123948135
123948183
123948310
123948320
123948331
123948354
123948374
123948375
123948378
123948421
123948479
123948480
123948481
123949828
123955897
123962660
123975212
124015492
124037153
124037165
124037418
124037433
124039569
124040120
124065413
124065445
124065470
124065553
124065628
124065636
124065646
124066021
124066080
124066110
124066115
124067021
124067035
124067047
124067085
124067146
124146796
124146831
124148919
124148930
124149193
124149522
124150639
124180589
124180768
124181179
124208653
124209319
124211460
124237465
124238982
124239160
124243318
124243330
124243337
124243351
124243362
124243370
124243391
124243418
124243420
124243437
124243527
124243615
124243646
124243660
124243717
124243751
124243797
124244540
124245017
124245203
124245351
124255247
124259387
124259433
124259474
124259512
124259625
124259651
124265769
124265798
124265995
124266120
124273033
124273077
124273241
124273385
124273473
124273633
124273646
124273900
124274310
124274359
124274521
124275383
124275460
124275482
124275559
124275744
124275765
124275776
124275808
124276022
124276801
124276819
124294681
124301442
124311508
124323089
124323886
124329104
124395114
124407895
124413913
124413979
124414017
124414050
124414247
124414282
124414306
124414385
124414386
124414541
124414617
124414639
124414704
124414711
124414810
124414927
124414951
124415243
124415326
124415361
124415528
124415729
124415846
124415897
124415911
124415916
124416306
124416387
124416400
124416513
124416529
124416578
124416610
124416663
124416685
124416698
124417337
124417727
124417816
124417956
124418272
124418317
124418887
124418891
124418926
124418931
124419278
124419404
124419591
124420090
124420166
124420319
124420722
124420774
124420828
124421035
124421772
124422056
124422070
124422149
124422270
124422447
124422733
124423062
124423154
124423263
124423438
124423647
124423814
124423968
124424142
124424311
124424633
124424646
124424654
124425246
124425327
124425725
124425902
124426205
124426287
124426309
124426484
124426623
124426888
124427495
124427898
124427979
124428231
124428441
124428508
124428644
124429001
124482317
124491734
124522414
124522672
124522822
124522918
124553822
124553837
124554092
124554154
124554243
124554271
124554305
124554331
124556951
124556963
124575749
124575758
124578582
124628537
124628583
124628644
124628696
124632068
124710443
124710456
124745895
124746996
124747681
124758060
124758063
124758092
124758098
124758129
124758256
124758288
124758298
124771007
124771008
124771128
124771312
124771313
124771360
124771469
124771505
124771523
124771563
124771634
124771687
124771711
124771712
124771760
124771916
124772027
124772074
124772197
124772222
124772263
124772271
124772508
124772610
124772642
124772763
124772788
124772833
124772859
124772893
124772966
124773030
124773088
124773211
124773522
124773543
124773606
124773717
124773798
124773866
124773902
124774072
124774171
124774302
124774313
124774340
124774393
124774447
124774452
124774645
124784273
124862051
124862093
124862172
124862215
124862235
124862310
124862470
124862483
124862496
124862504
124862511
124862588
124862622
124862666
124862782
124862840
124862861
124862888
124863193
124863203
124863241
124863273
124863355
124863378
124863556
124863557
124863820
124875329
124875398
124886241
124886246
124886256
124894242
124905231
124908455
124908843
124915998
124916010
124934781
124939303
125000621
125000712
125010236
125015422
125020661
125023138
125024669
125030989
125032855
125039081
125039129
125042407
125042586
125046545
125072876
125080377
125080411
125080507
125080530
125080544
125080596
125080666
125080851
125080979
125081019
125081069
125081123
125081145
125081217
125081230
125081253
125081263
125081377
125081416
125081438
125082816
125083206
125083242
125083265
125083357
125083373
125083510
125083778
125083783
125083819
125083834
125096012
125098293
125099892
125099946
125100078
125100100
125100266
125100520
125100631
125101034
125141284
125144535
125144574
125144658
125144683
125144720
125144773
125144795
125144844
125146480
125146526
125146796
125146889
125147275
125147638
125147816
125158086
125158130
125158180
125158186
125158421
125158450
125158668
125158790
125158821
125159101
125159115
125159164
125159248
125159332
125159428
125159501
125159573
125159877
125159880
125159982
125160038
125160044
125160057
125160102
125162478
125173906
125173907
125173917
125173998
125174001
125174009
125174142
125174217
125174294
125174421
125174594
125174599
125175015
125175278
125175341
125175587
125180258
125181281
125189062
125189164
125189166
125194631
125194898
125195468
125195745
125196083
125196213
125196326
125196594
125197161
125236257
125236289
125236296
125236308
125237508
125243978
125244029
125244055
125255446
125255800
125255867
125259958
125261333
125261357
125261445
125261459
125261466
125270158
125270358
125270385
125270442
125270492
125270496
125271435
125271484
125271618
125273317
125273321
125273392
125273421
125273502
125273506
125276664
125276666
125276668
125276669
125276672
125276673
125276678
125276681
125276685
125276688
125279915
125280128
125280129
125280308
125280334
125280453
125280611
125280797
125280824
125280830
125280898
125281059
125283494
125285330
125285356
125285378
125285385
125285422
125285453
125285496
125285532
125285552
125285650
125285693
125285707
125285712
125285759
125285892
125319381
125341097
125367429
125371222
125377262
125383606
125383641
125383665
125383678
125383773
125388440
125421627
125423088
125423197
125423279
125427364
125461935
125495986
125500015
125500113
125500245
125503508
125516650
125535336
125535792
125536648
125539978
125558892
125578644
125581814
125581843
125582070
125582180
125590769
125596248
125596450
125603546
125608977
125614254
125614291
125614294
125614299
125614316
125614379
125614395
125614443
125614446
125614458
125614507
125614533
125614581
125614600
125614620
125614641
125614696
125614755
125614892
125614898
125614940
125615047
125615095
125615106
125615115
125615142
125615167
125615182
125615185
125615187
125615192
125615195
125615243
125615363
125615376
125615504
125615542
125615545
125615592
125615602
125615609
125615628
125615660
125615710
125615746
125617401
125617521
125658510
125658836
125659426
125659782
125679667
125725092
125725421
125725540
125725708
125725714
125729519
125730530
125732123
125737644
125737665
125737717
125742683
125744329
125747961
125747967
125749810
125749942
125754329
125754421
125754798
125754904
125754913
125756130
125756774
125757875
125774310
125774906
125775244
125779104
125779290
125780394
125780972
125782107
125789299
125789360
125790870
125802390
125802654
125814502
125828635
125828643
125828965
125829226
125829250
125829407
125829411
125829457
125829458
125829465
125829558
125829670
125829697
125829758
125829941
125830395
125830419
125830525
125830542
125830757
125830769
125830880
125830895
125831091
125832771
125832928
125832989
125833438
125833655
125833672
125833870
125834180
125834327
125834391
125834678
125834803
125835242
125835617
125835850
125836168
125836539
125849698
125863241
125866311
125868175
125873593
125873623
125873740
125875787
125875942
125875945
125875971
125876170
125876534
125885963
125888540
125888547
125888560
125888583
125888592
125888637
125888680
125888729
125888774
125888803
125888836
125888890
125890156
125890597
125890859
125891624
125908803
125910148
125910350
125910450
125910515
125910517
125910552
125910608
125910623
125910655
125910781
125910822
125910852
125910965
125911000
125911034
125911044
125911152
125911410
125911476
125911517
125911521
125911570
125911575
125911641
125911644
125911692
125911811
125911893
125911941
125912009
125912017
125912049
125912073
125912124
125912142
125912235
125912262
125912274
125912297
125912309
125912343
125912350
125912431
125912501
125912592
125912597
125912822
125912846
125913113
125913151
125913239
125913298
125913345
125926160
125931309
125932077
125935618
125938809
125938811
125938954
125945850
125945862
125945992
125946016
125946181
125946282
125946313
125947457
125947462
125947939
126008161
126012560
126035480
126039801
126047532
126047542
126047546
126047557
126047562
126047570
126047574
126047578
126047602
126047606
126047645
126047662
126047686
126047693
126047703
126047714
126047729
126047769
126047770
126047794
126047817
126047821
126047852
126047853
126047859
126047860
126047863
126047891
126047895
126047896
126047897
126047960
126047969
126047986
126048010
126048017
126048053
126048056
126048057
126048061
126048079
126048080
126048089
126048101
126048112
126048134
126048142
126048144
126048152
126048153
126048159
126048190
126048198
126048203
126048217
126048224
126048231
126048234
126048241
126048255
126048269
126048276
126048278
126048283
126048295
126048315
126048319
126048334
126048339
126048343
126048348
126048368
126048392
126048404
126048417
126048422
126048423
126048427
126048449
126048482
126048485
126048488
126048511
126048513
126048516
126048533
126048542
126048550
126048569
126048580
126048583
126048585
126048591
126048639
126048651
126048676
126048688
126048692
126048694
126048699
126048702
126048713
126048727
126048735
126048777
126048778
126048793
126048795
126048802
126048803
126048813
126048817
126048835
126048837
126048843
126048850
126048854
126048858
126048887
126048892
126048905
126048910
126048915
126048926
126048934
126048939
126048945
126048951
126048959
126048964
126049018
126049025
126049050
126049064
126049074
126049089
126049098
126049104
126049106
126049128
126049129
126049144
126049150
126049173
126049192
126049194
126049199
126049208
126049219
126049221
126049226
126049230
126049234
126049241
126049248
126049249
126049257
126049270
126049272
126049303
126049305
126049349
126049361
126049362
126049369
126049390
126049405
126049412
126049415
126049441
126049450
126049457
126049469
126052358
126052359
126052364
126052366
126052369
126052373
126052375
126052446
126052447
126052452
126052471
126052490
126052510
126052514
126052528
126052538
126052545
126052550
126052559
126052560
126052583
126052587
126052607
126052634
126052637
126052661
126052662
126052664
126052667
126052673
126052708
126052709
126052719
126052720
126052748
126052755
126052788
126052790
126052792
126052835
126052838
126052842
126052867
126052874
126052875
126052890
126052894
126052899
126052915
126052936
126052961
126052962
126052984
126052995
126053001
126053018
126056024
126056026
126072652
126073325
126073884
126075125
126075846
126078765
126079871
126079992
126080472
126080515
126080575
126092622
126118839
126119830
126122976
126122990
126132008
126132200
126132387
126135395
126148010
126149603
126149782
126149920
126150017
126155574
126155716
126156675
126156835
126157345
126157441
126158085
126158452
126158690
126159407
126159576
126159622
126162178
126168620
126169039
126169153
126171918
126175558
126177930
126180322
126180375
126183183
126183417
126184170
126184396
126184868
126185570
126186124
126187614
126209428
126209830
126210228
126210329
126212320
126216281
126219170
126229463
126229466
126229475
126229478
126229484
126229488
126229493
126229525
126229548
126229579
126229897
126229981
126229995
126229997
126230012
126230014
126230020
126230022
126235831
126236976
126237000
126240354
126241131
126243275
126243288
126243489
126261891
126271190
126272765
126275507
126285653
126303875
126310472
126335605
126336651
126338639
126338930
126339542
126339571
126339695
126339779
126339936
126340158
126340228
126340302
126340397
126340533
126340590
126340620
126340755
126340888
126340941
126341353
126341403
126341441
126341515
126341561
126341574
126341898
126342088
126342116
126342186
126342353
126342368
126342476
126342639
126342699
126342838
126342926
126342980
126343172
126343201
126343495
126343628
126343958
126343974
126343978
126344003
126344050
126344058
126344325
126344345
126344482
126344536
126344776
126345170
126345217
126345306
126345325
126345391
126345430
126345472
126345613
126345627
126345728
126345818
126345902
126346151
126346208
126346221
126346317
126346497
126346640
126347302
126347328
126347372
126347375
126347573
126347587
126347903
126347933
126347935
126348077
126348290
126348471
126348583
126348586
126348724
126348788
126473847
126474164
126478820
126481689
126507979
126508142
126508165
126508372
126508499
126508512
126508696
126509059
126509072
126509357
126509403
126509415
126509630
126509881
126509998
126514531
126514602
126514845
126514910
126514942
126514950
126515019
126515373
126515564
126515937
126515963
126516891
126516966
126517022
126517224
126517718
126517746
126517839
126518120
126518140
126518369
126521196
126521200
126521232
126521344
126521529
126521662
126522433
126522911
126523071
126523477
126525447
126526763
126526926
126527383
126527394
126527415
126527449
126528852
126529201
126529854
126529867
126530755
126532970
126533037
126533661
126544138
126550643
126551137
126569127
126580110
126593875
126596243
126600936
126600938
126629856
126631236
126661998
126672866
126672937
126672978
126673239
126673339
126676934
126676957
126676962
126676997
126677013
126677071
126677158
126677226
126677247
126677253
126677302
126677321
126677360
126677488
126677517
126677828
126677914
126678250
126678277
126678524
126678549
126678598
126678661
126678750
126678751
126678842
126678885
126678932
126678961
126678992
126679044
126679053
126679149
126679160
126679215
126679227
126679401
126679483
126701320
126701328
126701343
126701352
126701360
126701415
126701420
126701432
126701436
126701444
126701453
126701468
126701476
126701480
126701481
126701482
126701501
126701520
126701535
126701539
126701565
126701576
126701621
126701626
126701633
126701635
126701642
126701685
126701687
126701694
126701712
126701717
126701736
126701761
126701768
126701771
126701772
126701801
126701803
126701806
126723797
126723831
126724548
126729009
126729028
126730502
126730527
126730531
126730586
126730674
126738210
126738389
126738448
126738780
126738940
126739163
126739195
126739735
126743295
126749237
126749274
126764932
126764972
126765000
126797879
126800298
126809858
126809929
126810011
126810061
126810334
126810489
126810627
126810655
126810684
126810712
126810900
126810952
126811247
126811297
126811360
126811563
126811578
126811909
126812011
126812402
126812451
126812452
126812508
126812607
126812608
126812694
126813019
126813192
126813336
126813552
126813584
126813980
126814055
126823015
126868050
126868197
126881588
126881871
126896512
126896541
126896550
126896576
126896584
126896611
126896612
126896701
126896738
126896789
126896848
126896956
126896985
126929347
126939479
126939628
126939650
126949330
126953571
126962597
126973391
126973699
126976365
126989693
127003055
127012933
127050499
127050509
127050599
127050652
127051144
127059361
127061042
127074680
127077203
127096705
127096743
127097023
127113936
127114141
127119618
127119890
127119964
127120025
127120110
127120212
127120226
127120232
127120439
127120476
127120649
127120674
127120732
127120882
127120899
127120964
127123061
127154531
127191630
127191679
127191844
127192400
127203804
127210735
127216159
127217955
127218072
127220394
127220502
127220507
127220538
127220619
127220630
127220656
127220725
127220833
127220834
127220837
127220963
127220964
127250984
127252109
127252745
127262260
127269385
127299103
127323435
127323455
127338686
127338787
127338813
127339064
127339087
127339112
127339167
127339231
127340406
127341766
127342492
127343055
127343185
127344989
127345360
127349369
127350288
127353011
127354978
127366626
127366911
127367012
127367054
127367111
127367128
127367162
127367187
127367211
127367252
127369113
127370609
127370765
127370999
127376854
127377882
127383754
127413555
127423301
127434204
127458033
127478962
127485102
127485135
127485187
127510495
127510496
127510594
127510598
127510696
127510702
127510718
127510733
127510804
127510819
127510884
127510886
127510894
127510966
127510982
127510983
127511052
127511065
127511168
127511187
127511194
127511276
127511309
127511361
127511378
127511395
127511397
127511407
127511431
127511460
127511538
127511779
127516603
127528127
127531945
127537280
127537325
127551554
127557411
127557415
127557566
127568158
127568160
127568199
127568219
127568242
127568301
127568408
127568432
127580775
127584385
127595489
127598568
127599780
127617154
127617156
127617293
127617401
127643672
127664744
127664746
127664751
127664762
127664767
127664795
127664797
127664824
127664826
127664827
127664870
127664917
127664926
127664939
127664940
127665009
127665062
127665092
127665105
127665129
127665154
127665157
127665163
127665183
127665188
127665190
127665245
127665250
127665265
127665284
127665288
127665305
127665314
127665319
127665329
127665336
127665350
127665355
127665359
127665368
127665383
127665397
127665444
127665446
127665456
127665475
127665487
127665529
127665674
127665692
127665706
127665723
127665764
127665787
127665801
127665811
127665826
127665857
127665866
127665868
127665870
127665886
127665921
127665964
127665972
127665987
127665989
127666025
127666034
127666041
127666052
127666073
127666075
127666078
127666150
127666185
127666187
127666220
127666256
127666257
127666267
127666322
127666330
127666334
127666356
127666380
127666381
127666391
127666407
127666416
127666420
127666429
127666459
127666520
127666581
127666607
127666610
127666614
127666629
127666640
127666665
127666705
127666768
127666783
127666786
127666795
127666804
127666809
127666824
127666827
127666838
127666874
127666876
127666938
127666968
127666987
127667083
127667100
127667160
127667161
127667227
127667229
127667233
127667261
127667274
127667289
127667291
127667293
127667307
127667328
127667331
127667390
127667392
127667401
127667439
127667470
127667485
127667503
127667507
127667533
127667612
127667747
127667754
127667796
127667812
127667855
127667857
127667870
127670690
127670717
127671407
127673949
127674027
127674157
127674295
127674388
127675179
127675392
127675454
127675869
127675908
127675918
127676472
127676485
127687949
127688020
127688564
127688861
127689014
127689024
127690337
127692025
127697971
127722131
127784143
127785386
127786028
127793058
127800361
127839875
127839891
127839904
127840059
127840075
127840095
127840148
127840152
127840157
127840164
127840172
127840201
127840216
127840284
127844503
127844509
127844540
127856518
127856521
127856600
127856670
127856715
127860589
127860718
127860769
127861890
127861924
127862088
127862204
127862533
127863394
127863581
127864335
127864418
127864524
127867218
127867447
127867635
127868342
127868347
127878787
127879202
127879757
127879771
127880054
127880259
127880262
127880554
127881043
127881221
127881229
127881234
127881368
127881449
127881481
127881572
127936081
127936106
127936107
127936111
127936112
127936126
127936129
127936132
127936140
127936166
127936172
127936206
127936211
127936222
127936227
127936230
127936248
127936253
127936255
127942459
127959998
127961031
127961264
127964398
127964403
127964412
127964444
127979370
127980908
127984241
127993517
127994586
127995113
127995175
127995215
127995223
127995291
127995292
127995304
127995345
127995531
127995544
127995616
127995664
128088013
128089005
128089463
128117511
128134390
128148624
128202474
128240193
128259717
128259839
128260048
128261050
128262089
128267824
128267842
128268006
128268160
128268191
128268204
128268310
128268321
128268349
128268523
128268563
128268655
128268699
128268907
128268992
128269034
128269052
128269121
128269122
128269134
128269170
128269171
128269176
128269183
128269194
128269202
128269244
128269260
128269273
128269366
128269637
128269900
128269951
128269975
128270094
128270096
128270128
128270174
128270193
128270329
128270447
128270633
128270720
128270721
128270794
128270940
128270974
128271184
128271395
128271411
128277950
128278016
128278224
128278255
128278334
128278367
128278575
128278743
128278799
128278874
128278938
128279048
128279144
128279184
128279227
128279282
128279378
128279443
128279515
128279599
128279687
128279722
128279743
128279744
128279752
128279894
128280278
128280301
128280344
128280442
128280602
128280789
128281087
128281237
128281360
128281622
128281698
128281926
128281949
128282120
128282133
128282443
128282500
128282908
128287056
128288296
128291051
128291106
128291111
128291241
128291278
128291300
128291454
128291467
128291474
128291511
128291728
128291770
128292183
128292216
128292640
128292718
128292850
128292995
128293198
128293203
128293272
128293279
128293374
128293495
128293602
128293663
128293753
128293755
128307185
128307569
128307784
128307909
128308131
128308258
128308503
128308507
128308648
128308739
128309417
128309470
128309810
128310024
128310052
128310199
128310362
128310416
128310564
128310629
128311446
128311975
128312096
128312166
128312419
128312424
128312943
128312997
128321092
128325086
128325212
128325845
128325871
128325909
128326029
128326057
128326097
128326231
128326757
128326782
128327497
128327752
128328051
128329461
128331369
128331689
128485670
128489942
128489943
128490405
128494294
128515657
128516069
128516179
128516222
128516226
128516244
128516630
128517210
128519791
128519838
128519851
128521088
128521335
128521374
128544885
128544888
128574772
128588872
128589251
128590368
128590384
128594798
128633864
128658286
128658431
128658646
128659290
128659439
128659877
128660701
128660837
128660980
128661107
128661786
128661977
128662042
128662060
128662236
128662261
128663343
128676382
128688866
128688963
128689309
128689318
128689385
128689457
128689519
128689563
128689624
128689930
128700639
128713493
128724315
128724342
128724696
128724779
128732451
128732492
128732853
128732858
128732867
128732884
128732928
128732946
128774392
128781981
128781988
128781998
128782027
128782122
128782174
128782190
128783126
128783184
128783208
128783246
128783334
128783359
128783371
128783463
128783497
128783561
128783651
128783950
128783956
128784080
128784270
128784356
128784410
128784454
128784618
128784981
128785811
128785877
128786009
128786045
128786177
128786675
128788199
128788255
128788435
128788463
128788652
128788709
128788885
128788889
128788964
128789198
128789376
128789617
128789647
128789840
128789846
128790008
128790118
128790358
128790517
128790916
128791114
128791124
128791358
128791579
128791723
128792868
128792942
128793056
128803760
128803789
128805541
128816194
128817355
128821470
128821640
128821981
128822132
128822469
128822577
128822617
128822709
128822725
128824023
128858974
128859814
128861527
128896650
128897313
128897379
128897607
128897725
128904919
128904979
128924081
128925063
128925288
128925385
128925907
128925915
128926169
128926953
128927086
128928194
128928597
128928855
128929020
128929055
128929319
128929337
128929376
128929422
128929546
128934185
128934254
128934392
128934441
128934582
128960021
128969296
129010866
129010903
129010960
129011019
129011359
129019806
129019982
129020601
129021276
129021542
129022079
129039519
129060934
129072038
129088548
129092868
129141259
129141301
129143558
129144145
129172465
129202219
129212267
129218027
129218045
129218066
129218075
129218084
129218107
129218145
129218147
129218182
129218191
129218200
129218262
129218271
129218275
129218332
129218344
129218510
129218528
129218537
129218546
129222265
129225445
129229830
129246956
129246995
129247016
129247184
129247242
129256826
129259930
129260018
129260043
129260101
129260109
129260224
129260350
129260430
129260602
129260614
129260644
129260679
129266004
129276401
129278543
129284775
129284932
129285096
129285290
129293845
129301147
129309698
129310158
129311918
129318099
129323821
129330956
129332927
129343620
129343838
129346094
129348881
129370151
129374048
129374538
129374544
129381680
129381744
129381800
129381976
129382037
129382141
129382170
129389950
129389957
129389993
129389996
129390064
129390065
129390072
129390210
129390408
129390575
129390778
129391025
129391104
129391165
129391459
129391655
129391699
129391758
129392223
129392383
129392422
129392508
129392556
129392621
129392635
129393153
129393319
129393710
129393711
129393734
129394184
129394257
129394543
129394546
129394681
129395067
129395242
129395243
129395261
129395271
129395288
129395352
129395433
129395614
129395650
129395820
129395897
129396181
129396187
129396238
129396258
129396378
129396515
129396566
129396723
129397004
129397030
129397097
129397132
129397157
129397187
129397296
129397359
129397532
129397650
129397665
129397986
129398122
129398601
129398718
129398788
129398855
129398862
129398907
129399081
129399101
129399135
129399329
129401627
129402126
129402460
129402811
129403056
129403375
129403533
129403902
129404476
129404856
129405786
129407358
129408642
129408660
129408898
129409110
129409132
129409151
129409166
129409272
129409377
129409414
129409436
129409458
129409461
129409484
129409566
129409618
129409653
129410188
129412264
129412303
129412447
129414289
129415926
129415955
129415966
129416165
129416307
129416476
129416494
129416501
129416512
129416582
129416602
129416632
129416638
129416716
129416776
129416808
129416836
129416850
129416918
129417048
129417079
129417128
129417376
129417717
129417849
129417871
129418225
129421690
129421829
129422185
129422251
129422497
129423433
129423575
129423857
129452469
129480222
129480244
129480354
129484332
129486318
129491779
129491967
129491997
129492215
129492264
129492383
129492435
129492460
129492468
129492644
129492695
129492869
129492902
129492978
129493049
129493297
129493481
129493491
129493595
129493735
129493994
129494055
129494123
129494125
129494247
129494287
129494308
129494316
129494488
129494567
129494598
129494622
129494795
129494804
129495022
129495118
129495151
129495160
129495394
129495692
129495698
129495730
129495817
129495990
129496042
129496240
129496269
129496380
129496425
129496434
129496505
129496531
129496549
129496610
129496727
129496755
129496827
129496841
129496848
129496990
129497011
129497033
129497363
129497405
129497418
129497683
129497739
129497741
129498357
129498386
129498474
129498500
129498528
129498534
129498558
129498616
129498642
129498643
129498675
129498683
129498697
129498705
129498761
129498763
129498809
129498814
129498822
129498917
129498931
129499175
129499276
129499325
129499395
129499550
129499553
129499594
129499622
129499630
129499648
129499672
129499687
129499705
129499746
129500061
129500231
129500248
129500474
129500503
129500530
129500542
129500591
129501042
129501084
129501160
129505364
129506617
129524625
129537112
129542903
129543517
129560980
129561426
129561649
129563343
129563349
129563365
129563393
129567115
129567259
129568573
129568655
129568875
129589427
129593088
129593151
129593198
129593614
129622013
129622074
129622132
129622747
129623248
129623662
129623991
129624211
129624528
129624532
129624602
129624643
129625232
129625416
129625460
129626562
129636218
129636436
129636501
129637109
129637371
129637445
129637483
129637541
129637716
129637742
129639395
129639460
129639464
129639496
129639538
129639618
129639683
129639799
129639908
129640142
129641238
129643112
129644328
129645777
129646080
129647073
129647485
129647898
129655369
129665853
129705224
129705255
129705258
129705278
129705336
129705352
129705372
129705430
129705442
129705483
129705496
129705554
129705605
129705656
129705677
129705687
129705752
129705816
129705926
129706093
129706127
129706140
129706173
129706235
129706239
129714431
129714503
129714512
129714529
129714616
129714627
129714629
129714635
129714788
129714951
129715001
129715131
129715219
129715253
129715389
129715497
129715559
129716095
129716277
129716557
129719346
129719374
129719687
129719713
129719721
129719753
129719859
129719865
129719929
129720077
129720083
129720381
129720500
129720736
129721026
129721386
129721828
129723461
129726908
129727098
129727112
129727194
129727779
129735870
129737672
129737691
129738383
129747385
129747587
129768604
129768719
129778657
129778851
129778981
129784987
129812444
129821487
129821898
129829037
129833005
129836587
129836600
129863348
129863655
129864124
129916645
129916675
129916683
129916686
129916723
129916726
129916739
129916750
129916765
129916766
129916807
129916830
129916845
129916858
129916884
129916891
129916898
129916916
129916943
129916990
129916995
129917005
129917015
129917034
129917050
129917073
129917074
129917092
129917105
129917124
129917126
129917129
129917141
129917163
129917167
129917192
129917209
129917215
129917235
129917255
129917267
129917276
129917278
129917320
129917346
129917355
129918942
129918945
129942843
129955399
129983118
129983190
130011985
130012005
130012216
130012983
130013034
130013053
130013148
130013149
130013164
130013264
130015470
130025018
130028946
130028973
130029008
130029251
130029257
130029422
130029446
130029454
130029612
130049449
130060619
130062040
130065385
130067780
130075960
130082975
130093158
130104705
130121514
130135148
130138835
130140180
130140645
130140860
130141388
130164621
130165781
130175059
130175134
130177883
130179043
130179497
130179821
130179920
130179986
130179994
130180034
130180039
130180092
130180218
130180257
130192300
130197455
130197483
130207907
130320786
130323872
130324961
130326779
130330998
130336030
130336182
130356120
130368131
130385362
130386558
130391738
130391812
130391843
130398793
130404144
130405069
130416662
130417386
130417394
130417671
130417689
130417927
130418511
130418770
130418824
130418845
130419175
130419455
130419545
130419787
130419899
130419969
130420238
130420443
130420466
130420624
130421184
130421628
130421732
130421792
130422290
130422504
130422921
130423003
130423068
130423339
130423458
130424020
130424770
130424801
130424869
130425029
130425136
130425293
130425476
130425562
130426474
130426743
130426993
130432393
130432408
130433491
130433554
130433861
130433913
130433915
130437228
130437957
130438200
130440999
130448930
130456519
130456522
130456536
130456593
130456637
130456647
130456657
130456660
130456778
130456790
130456829
130458987
130459009
130459011
130459028
130459050
130459089
130459252
130459413
130459433
130459488
130468799
130468817
130485300
130619258
130619490
130619820
130619890
130619896
130620003
130620838
130620973
130621072
130621147
130621189
130621409
130621482
130621784
130621883
130621889
130621894
130621900
130621914
130621962
130622321
130622579
130622596
130622949
130622985
130623114
130623131
130623229
130623250
130623607
130623647
130623695
130623853
130623875
130624228
130625619
130654474
130713254
130727143
130730371
130730858
130732237
130735198
130735225
130743709
130767866
130767939
130768641
130770754
130773904
130774486
130774513
130780973
130784884
130805672
130806215
130814554
130815883
130817258
130841873
130848941
130849217
130856187
130856230
130856311
130856423
130856476
130856478
130856596
130856694
130856703
130856743
130856749
130856763
130856816
130856947
130857009
130867090
130871591
130873204
130889377
130948282
130970743
130974711
130974725
130996154
130996168
130996183
130996199
130996218
130996262
130996321
130996325
130996335
130996337
130996344
130996367
130996399
130996424
130996427
130996433
130996473
130996477
130996478
130996520
130996538
130996547
130996557
130996629
130996660
130996665
130996671
130996679
130996681
130996684
130996698
130996711
130996724
130996773
130996813
130996819
130996849
130996860
130996868
130996873
130996877
130996887
130996924
130996944
130997005
130997025
130997027
131022205
131025937
131026123
131027422
131031927
131032040
131138331
131138342
131138367
131138381
131138399
131138426
131138451
131138532
131138624
131165753
131166613
131171014
131171051
131171053
131171074
131175390
131175641
131176016
131177396
131177535
131177598
131177619
131177799
131177812
131177828
131178104
131178256
131179312
131179313
131179409
131179623
131179722
131179904
131179917
131179928
131180117
131180354
131180356
131180520
131183565
131183662
131183664
131183682
131183713
131183947
131184130
131184226
131184314
131184471
131184533
131194288
131194874
131238164
131238349
131238484
131238504
131238518
131238567
131238600
131238759
131238854
131238892
131238932
131238990
131239073
131239168
131239227
131239260
131239289
131239311
131239389
131239483
131239487
131239579
131245659
131254122
131254177
131254299
131254552
131254666
131254841
131254848
131254933
131254947
131255077
131255159
131255430
131259798
131260493
131274981
131289154
131289155
131289167
131289191
131289444
131289463
131289687
131289894
131293745
131301054
131302190
131302362
131302459
131302546
131302829
131303092
131303093
131303094
131303465
131303645
131303939
131303946
131304177
131366750
131367039
131392556
131396301
131396589
131396827
131399315
131416573
131416922
131417083
131417934
131501513
131504632
131504713
131505340
131505947
131523204
131523242
131523281
131523441
131523456
131523581
131523711
131523740
131523811
131523973
131524102
131524204
131524222
131524238
131524240
131524348
131524413
131524593
131525159
131525373
131525428
131525696
131525871
131526053
131531819
131571215
131571221
131571527
131571529
131571622
131571732
131571960
131572084
131577373
131577467
131577667
131577735
131577947
131578018
131578110
131578455
131579076
131579274
131579313
131579395
131579475
131579535
131816426
131816515
131816824
131816875
131817102
131817170
131817437
131905824
131921154
131921481
131921677
131921748
131922479
131960230
131960937
131960982
131961158
132016575
132016823
132016826
132017120
132017552
132020502
132023448
132033600
132047098
132078591
132078953
132079084
132079503
132079536
132080621
132098564
132102807
132103080
132103118
132103136
132103296
132103450
132103482
132118683
132142084
132150907
132184360
132194874
132194876
132195029
132195130
132195201
132221642
132221680
132232319
132247318
132251486
132255012
132255050
132255135
132255255
132255316
132255372
132255466
132255537
132255601
132255680
132255867
132256043
132259344
132295903
132296311
132296759
132304939
132304960
132305201
132305379
132305785
132306285
132306962
132307453
132308574
132308810
132308813
132309020
132309236
132309324
132309890
132311158
132312692
132312863
132313535
132313673
132313808
132314267
132314794
132315691
132315960
132316025
132316269
132316387
132316535
132316990
132317128
132317576
132318070
132318310
132318671
132318743
132318945
132319537
132319643
132320790
132320827
132321040
132321657
132321819
132322706
132322725
132322815
132323364
132323991
132324010
132324293
132324437
132324930
132325178
132325224
132325383
132326020
132326115
132326174
132326544
132326680
132326705
132326937
132326999
132327655
132327758
132327837
132327862
132327895
132328143
132328214
132328312
132328802
132329202
132329269
132329331
132329418
132329557
132329742
132330947
132331319
132331436
132332944
132337623
132338798
132356509
132370599
132379701
132379783
132380042
132380092
132380097
132380106
132380192
132380231
132380318
132380396
132380503
132380548
132380819
132380926
132380969
132381787
132381891
132382102
132382383
132382537
132382551
132776338
132776427
132778316
132783394
132783422
132783440
132783443
132811266
132812472
132814194
132830772
132837427
132837814
132837898
132839690
132839721
132846766
132856936
132856954
132856971
132856976
132857020
132857083
132857148
132857201
132857276
132857336
132857587
132881248
132883846
132892790
132899327
132899342
132912850
132921363
132921457
132921500
132921586
132921608
132921669
132921677
132921807
132921876
132921913
132922010
132922027
132922029
132922063
132922251
132922795
132922825
132923023
132923038
132923074
132923129
132923162
132923273
132923360
132923847
132924120
132924498
132924756
132924816
132924909
132925185
132955922
132955945
132959976
132961599
132961703
132961898
132962242
132977678
132989010
132989149
132996266
133000544
133000578
133000631
133000691
133000701
133000716
133000721
133000766
133000768
133000801
133000805
133000810
133003490
133004976
133005048
133005723
133005737
133005741
133005748
133005792
133005892
133005943
133005945
133006012
133032532
133038114
133064904
133069676
133069723
133069732
133069948
133071607
133072298
133072782
133073332
133083116
133083261
133086246
133087016
133091469
133091621
133091715
133091787
133091835
133091948
133091974
133091976
133092321
133092639
133092670
133092678
133103104
133104338
133104345
133104433
133104696
133105073
133105786
133117666
133125705
133164663
133165686
133165915
133166041
133166238
133166897
133167176
133167211
133167234
133167290
133167553
133212441
133212914
133418110
133426634
133431678
133431837
133431839
133432070
133434566
133436855
133436880
133437525
133520435
133520839
133570592
133584393
133599968
133610059
133617038
133629621
133630152
133630445
133630829
133653680
133661471
133661524
133661537
133667430
133667884
133668127
133668439
133668473
133668993
133669080
133669082
133669417
133669583
133669605
133669676
133669718
133669896
133670015
133670172
133670349
133670439
133671154
133672807
133672828
133672936
133673027
133673219
133673275
133673592
133673620
133673687
133673817
133674031
133674082
133674097
133674128
133674538
133675201
133675468
133675496
133679108
133696557
133704536
133712573
133712630
133712645
133712785
133713191
133713581
133713589
133713681
133713770
133713833
133714296
133765444
133765905
133772105
133781839
133781862
133781887
133781963
133782007
133782103
133782112
133782114
133782120
133792323
133792570
133792585
133792612
133792632
133792674
133792968
133806372
133810009
133811363
133811364
133811382
133811444
133811468
133811477
133811528
133811540
133811606
133811674
133811693
133811699
133811851
133811861
133812017
133812034
133812050
133812056
133812076
133812083
133812112
133812117
133812129
133812230
133812233
133812356
133812376
133812460
133812479
133812511
133812521
133812610
133812617
133816466
133816805
133816872
133817056
133817084
133818762
133819037
133820224
133820408
133821007
133821122
133822900
133825670
133828937
133829217
133829252
133829465
133829588
133830958
133831097
133831209
133832435
133847463
133854180
133854235
133855702
133856064
133856584
133858044
133858552
133867538
133867773
133874627
133883671
133883672
133883686
133883701
133885054
133886725
133889318
133890563
133893676
133896190
133896195
133896212
133900335
133916555
133933447
133947463
133949828
134015439
134018640
134025525
134025540
134025627
134025655
134025696
134025714
134025780
134025794
134025804
134025815
134219295
134225120
134227077
134232178
134232187
134232321
134232351
134252165
134252334
134253001
134253123
134253181
134253278
134253560
134253832
134270041
134270119
134270742
134293264
134299090
134300525
134300984
134303513
134303519
134303538
134303608
134303616
134303627
134303669
134303682
134303769
134303806
134303808
134303951
134303960
134303993
134303996
134304020
134304021
134304077
134304084
134304104
134304105
134304111
134304136
134304145
134304153
134304155
134304273
134304300
134304328
134304357
134304408
134304478
134304514
134304519
134304663
134304683
134304805
134304833
134304847
134304875
134305074
134305159
134305366
134305688
134305778
134312304
134315694
134315856
134316165
134316199
134316331
134316539
134316959
134317089
134317348
134317896
134317930
134318185
134318522
134318704
134318837
134320587
134330117
134332554
134332672
134332742
134335768
134349666
134349991
134350773
134352209
134354656
134354793
134355080
134355420
134355615
134355622
134356752
134357219
134357307
134357743
134357963
134358059
134358213
134358865
134359030
134359289
134368287
134372042
134372296
134372559
134372644
134372807
134373047
134373106
134373492
134373753
134374019
134374234
134374248
134374413
134374920
134376056
134384461
134384476
134384477
134384519
134384520
134384558
134384586
134384627
134384749
134384827
134387439
134387450
134387477
134387539
134388121
134388190
134388346
134388349
134388410
134388935
134389018
134389094
134389570
134389783
134389816
134389899
134389983
134390685
134390882
134408531
134416524
134418707
134429629
134439385
134439917
134440708
134441611
134443789
134465100
134480405
134480408
134487465
134488374
134506831
134506988
134507418
134507582
134515974
134515996
134516829
134556228
134556757
134558535
134558655
134559547
134560744
134560796
134560805
134560860
134574845
134580186
134592540
134624244
134632650
134640799
134640850
134641251
134645540
134658667
134664426
134667952
134668320
134668360
134668405
134668408
134668504
134668786
134668849
134668947
134668961
134669368
134669530
134688772
134699995
134705901
134734955
134735066
134735139
134761381
134761477
134761697
134771555
134779029
134779512
134779578
134779631
134779676
134780066
134780079
134780085
134799993
134800180
134800199
134819721
134819862
134819933
134820050
134820071
134820248
134820490
134846837
134847426
134847793
134847891
134848000
134848013
134848792
134848890
134848978
134849036
134849044
134849102
134849637
134849859
134850036
134850099
134850322
134850499
134850657
134850678
134850888
134851340
134851355
134863282
134879455
134879787
134885450
134885542
134885597
134885613
134885648
134885735
134885806
134885936
134886000
134886141
134886151
134886613
134887000
134887110
134887289
134887565
134887597
134887618
134887927
134888214
134888239
134888426
134888773
134888830
134888957
134888985
134889190
134889319
134889766
134889879
134890050
134894741
134920635
134920683
134921125
134921273
134921550
134921748
134921802
134921830
134975815
134976011
134976284
134976479
134976906
134976947
134977013
134977256
134977272
134977326
134977327
134977442
134977500
134977531
134977539
135001008
135032094
135044896
135044945
135045004
135046012
135057160
135057193
135075277
135076681
135086661
135092315
135092652
135092674
135094146
135099816
135216239
135220083
135223086
135223095
135268094
135278367
135281493
135283292
135286424
135286562
135286572
135286695
135286784
135287075
135287867
135288883
135288996
135289435
135289513
135289824
135289931
135290751
135291969
135299069
135314433
135321221
135322484
135324782
135324900
135324912
135324973
135328553
135329759
135333906
135334654
135335265
135336590
135336787
135337028
135347846
135350901
135365996
135368653
135369533
135370586
135373682
135373987
135374076
135374085
135386482
135411818
135415364
135417511
135420749
135420912
135423631
135459665
135459671
135459673
135459693
135459740
135461267
135461275
135461277
135461328
135461339
135461361
135474162
135475064
135475419
135495980
135496032
135497702
135504035
135510149
135510273
135510376
135514330
135514738
135518698
135519090
135519119
135519155
135519254
135519319
135519463
135519823
135519946
135520362
135520477
135520506
135520525
135520606
135520624
135520654
135520916
135520930
135521170
135521327
135521341
135521376
135521420
135521480
135521490
135521592
135521658
135521702
135521813
135521861
135521921
135522004
135522006
135522079
135522234
135522236
135522353
135522619
135522692
135522819
135522897
135523240
135523345
135523351
135523383
135523454
135523579
135523654
135524213
135524218
135524505
135524509
135524561
135524608
135524841
135524912
135525055
135525152
135525165
135525168
135525175
135525231
135525408
135525453
135525506
135525519
135525534
135525546
135525658
135525839
135525894
135526064
135526332
135526521
135526555
135526780
135526922
135527286
135527378
135527402
135527455
135527512
135527570
135527710
135527985
135527986
135528013
135528050
135528079
135528132
135528202
135528222
135528472
135528507
135528690
135529277
135529514
135529657
135529692
135529786
135530011
135530072
135530690
135530777
135530978
135531016
135531131
135531152
135531300
135531584
135531633
135531724
135531877
135531901
135531982
135532000
135532014
135532025
135532210
135532211
135532328
135532370
135532548
135532625
135532686
135532732
135532759
135532796
135532889
135532978
135533147
135533161
135533163
135533259
135533272
135533280
135533542
135533561
135533718
135533946
135534093
135534199
135534456
135534529
135534531
135534532
135534728
135534789
135534828
135534910
135534932
135534950
135534981
135535208
135535278
135535297
135535707
135535725
135536000
135536048
135536142
135536203
135536282
135536284
135536357
135536415
135536519
135536607
135536647
135536649
135536781
135536846
135537144
135537158
135537247
135545210
135545214
135545219
135550692
135550987
135551431
135551462
135551595
135551664
135571796
135572109
135575623
135575673
135578711
135597510
135597522
135597559
135597571
135597606
135597634
135597687
135597772
135597822
135598205
135598234
135602139
135602218
135602466
135602498
135603071
135603175
135603459
135603481
135603679
135603886
135604071
135626409
135715130
135715199
135715472
135716269
135716352
135753122
135753211
135753212
135753220
135753227
135753228
135753235
135753236
135753239
135753240
135753245
135753253
135773366
135773402
135812326
135812653
135816081
135840020
135840051
135840098
135840173
135840174
135840438
135840476
135840626
135844482
135845640
135845850
135846070
135846071
135846101
135846366
135848076
135852453
135852518
135896980
135897241
135897357
135897609
135897802
135897964
135898013
135898025
135898074
135898136
135898169
135898179
135898229
135898258
135898259
135898486
135898610
135898619
135898681
135898861
135898933
135900986
135900988
135900999
135901006
135901037
135901070
135901071
135901482
135901494
135901631
135901655
135901656
135901833
136006496
136007423
136008521
136008568
136008881
136009266
136011372
136012331
136012340
136012903
136013094
136014695
136016622
136019773
136020832
136020941
136020960
136023121
136025101
136038333
136038537
136038648
136038778
136038913
136039031
136039462
136046981
136047861
136048541
136049663
136067360
136073793
136073806
136073953
136080942
136092466
136096351
136097853
136105348
136105626
136113954
136113959
136114042
136114054
136114123
136114154
136114210
136114245
136114394
136114607
136114688
136114690
136114700
136126089
136126125
136126392
136126507
136134525
136134600
136136154
136137134
136137188
136137335
136137361
136137595
136137997
136138342
136138603
136138724
136138769
136139096
136139289
136139338
136139482
136139498
136139617
136140216
136141875
136142064
136142183
136151715
136151843
136152533
136152558
136152721
136152873
136153163
136153276
136153955
136154121
136154551
136154662
136154711
136154735
136154840
136154921
136154966
136155114
136155773
136155801
136155825
136155863
136155867
136155923
136156804
136156878
136156899
136156925
136156952
136157059
136157060
136157067
136164945
136199717
136200891
136202540
136202721
136203199
136204461
136204736
136204978
136205074
136205217
136205506
136205735
136205813
136205845
136206072
136206219
136206381
136206443
136206463
136206499
136206740
136207025
136207059
136207280
136207419
136207439
136207663
136207729
136207909
136208218
136208274
136208517
136208734
136209049
136209076
136209151
136209202
136209399
136209403
136212565
136219909
136240514
136240760
136335048
136335875
136337334
136343522
136350432
136350948
136352084
136352120
136352196
136352312
136352378
136352551
136352619
136352658
136352678
136352761
136353259
136353310
136353349
136354842
136364668
136367080
136367170
136367598
136367695
136377568
136383311
136391486
136396465
136401328
136402225
136402275
136402609
136404775
136411420
136411429
136411438
136411445
136411453
136414698
136418243
136418258
136418434
136418755
136418931
136418962
136419340
136461596
136461619
136461952
136462001
136462395
136462577
136462624
136462643
136462647
136462870
136462871
136462898
136462899
136462902
136462915
136463029
136463041
136463605
136464490
136485025
136540118
136544378
136545505
136546213
136581717
136586330
136597239
136598724
136602228
136603264
136616388
136616418
136616441
136624184
136624265
136624315
136624370
136624371
136624409
136624700
136624764
136624813
136624858
136624898
136624988
136625005
136625056
136625580
136625630
136625799
136625911
136625926
136626002
136626031
136626151
136626201
136626401
136626466
136626493
136626494
136626569
136626791
136626846
136627118
136661399
136664310
136664338
136664344
136664568
136665452
136672528
136681018
136681392
136681754
136682478
136699272
136713830
136717762
136717775
136723107
136723167
136723176
136723202
136723250
136723265
136723481
136728382
136728504
136728620
136730979
136730983
136730997
136759031
136759080
136759245
136759297
136780420
136780687
136780982
136781039
136781094
136781196
136781290
136781322
136781369
136781505
136781516
136781572
136781671
136781989
136781991
136782059
136782143
136782578
136782745
136782984
136784318
136784419
136784424
136784439
136784463
136784469
136784852
136796371
136798905
136798906
136798925
136798952
136798969
136798984
136799039
136799105
136799119
136799370
136804099
136807648
136811033
136816070
136818563
136820186
136820282
136820414
136820576
136820910
136820952
136821074
136821088
136821377
136821425
136821458
136821656
136822028
136822096
136822356
136822432
136822435
136822486
136822818
136822883
136823326
136823337
136826198
136827128
136828056
136828085
136835946
136836186
136836404
136836546
136849631
136849634
136849640
136849701
136849767
136849769
136849780
136849824
136849829
136849843
136849863
136849952
136849974
136850026
136850030
136850069
136850088
136850142
136850218
136850330
136864565
136871678
136872076
136872218
136872348
136872596
136872641
136873058
136873505
136873810
136873813
136874051
136874251
136874360
136874953
136875281
136875565
136875699
136875965
136880635
136888530
136891407
136900256
136927383
136927393
136927494
136929493
136929641
136933104
136933333
136933632
136933674
136933845
136934056
136934584
136936365
136936370
136936383
136936424
136936432
136936447
136936449
136936450
136936467
136936492
136936494
136936502
136937008
136937018
136938987
136938990
136940146
136940160
136940162
136940189
136942087
136942183
136966374
136971137
136975310
136981245
136988712
136988733
136988766
136988782
136988808
136988818
136988862
136988870
136988874
136988896
136988901
136988920
136988926
136989125
136996321
136996484
136996500
136996510
136996631
136996736
136996878
136996982
137003520
137004276
137004352
137004700
137010485
137010508
137010852
137010964
137011411
137011479
137011516
137011695
137011712
137011815
137011872
137012061
137012126
137012202
137012339
137012433
137012437
137013011
137013179
137013264
137013329
137013400
137013794
137013805
137013897
137033072
137063181
137114704
137123600
137125138
137125400
137125976
137126014
137129296
137129695
137135917
137135943
137135946
137136008
137137969
137138433
137138925
137139105
137139395
137139876
137140089
137140989
137141407
137142221
137142234
137142408
137142671
137142787
137144035
137149539
137149852
137149858
137149860
137149887
137153358
137153366
137153371
137153431
137153497
137153567
137153579
137153600
137153656
137153831
137153893
137153988
137155168
137165059
137167961
137177355
137177909
137181921
137181980
137184256
137211767
137211792
137211833
137211853
137211879
137211891
137211894
137211903
137211937
137211944
137211947
137211957
137211977
137211980
137211987
137211997
137212022
137212030
137212042
137212050
137212071
137212073
137212075
137212100
137212116
137212167
137212177
137212184
137212185
137212205
137212217
137212222
137212237
137212251
137212256
137212277
137212279
137212280
137212286
137212310
137212314
137212335
137212350
137219200
137219430
137219488
137219545
137219554
137219570
137219600
137219630
137219889
137219936
137219938
137219988
137220028
137220119
137220233
137220240
137220285
137220294
137220336
137220347
137220413
137220501
137220590
137220644
137220774
137220815
137220914
137221046
137221047
137221255
137221270
137227850
137228904
137244526
137253534
137262961
137375871
137376037
137376211
137376225
137376755
137376911
137377164
137378336
137378953
137378984
137379037
137379066
137379087
137379460
137379798
137380251
137380365
137380406
137380673
137380941
137381832
137382373
137382887
137383151
137384985
137385006
137385218
137385298
137386050
137386065
137386293
137386921
137387031
137387113
137387179
137387419
137387473
137387616
137387723
137388004
137388448
137389209
137389398
137389407
137389446
137389502
137389553
137389603
137391188
137392328
137393124
137393474
137393594
137395298
137395382
137395843
137395895
137396085
137396289
137396764
137397088
137398022
137398553
137398821
137398936
137399563
137399588
137399773
137399850
137400845
137401944
137403045
137403449
137404035
137406579
137407085
137407317
137407784
137408550
137408865
137409837
137411774
137411942
137413059
137414468
137414522
137414922
137417045
137417093
137421067
137421377
137423299
137423585
137440571
137454645
137456692
137458403
137467508
137471820
137471901
137471948
137482308
137485307
137497771
137497862
137497883
137497894
137497958
137498021
137498073
137498096
137498128
137498150
137498191
137498235
137498297
137498307
137498308
137498348
137498386
137498491
137498514
137498628
137498741
137498797
137498808
137500307
137500326
137500877
137500879
137500994
137501125
137502824
137502826
137506120
137506944
137506977
137519075
137547789
137547793
137547801
137547803
137547805
137548185
137548187
137548195
137560280
137572649
137572926
137573028
137592620
137594787
137594949
137594950
137596352
137605088
137636965
137643746
137666304
137667327
137667479
137667560
137667875
137668035
137668664
137668768
137668891
137669151
137669368
137669765
137669777
137669983
137675299
137675321
137675334
137675360
137675369
137675505
137675537
137675541
137675557
137675589
137675628
137675642
137675687
137675803
137675851
137675950
137675970
137675974
137676087
137676152
137676203
137676219
137676259
137676269
137676305
137676403
137676419
137676422
137676428
137676481
137676482
137676504
137676505
137676509
137676513
137676556
137676568
137676587
137676616
137676638
137676758
137676781
137676919
137676921
137676963
137677018
137677088
137677697
137694764
137719101
137739006
137741714
137752790
137753030
137753279
137753748
137757023
137805986
137822309
137822714
137834912
137846996
137850073
137850191
137850744
137855005
137855089
137858485
137859928
137863044
137864463
137868803
137871037
137885265
137890084
137911180
137930580
137936607
137938029
137939153
137940463
137942330
137944074
137944079
137944863
137948786
137952210
137952214
137954520
137960635
137966359
137966649
137980342
137981298
137981380
137981755
137981977
137987234
137987270
137987294
137993608
137994014
137995124
137995340
137995504
137995904
137996230
137996373
137996564
137996953
137997893
138001188
138001308
138001386
138001408
138001410
138001434
138001435
138001444
138001460
138001470
138001490
138001505
138001515
138001560
138001608
138006652
138006683
138006797
138006841
138007096
138007116
138007144
138007354
138007413
138007459
138007667
138007680
138007685
138013642
138013911
138013994
138030067
138103860
138113893
138113986
138113999
138114033
138114139
138114236
138114278
138114947
138115013
138115382
138115459
138115676
138115679
138115720
138115789
138115830
138116249
138116263
138116355
138116808
138117141
138117160
138117281
138117466
138117597
138117608
138117788
138117867
138118293
138118307
138118340
138118379
138118411
138118415
138118468
138118509
138118530
138118641
138118664
138118820
138118884
138118918
138119221
138119245
138119296
138120444
138120703
138120783
138120933
138120997
138121159
138124603
138143339
138152093
138152241
138152244
138153706
138153708
138153710
138153732
138153768
138153782
138153793
138153816
138157431
138157508
138157731
138159584
138194351
138214811
138237398
138245579
138255193
138273962
138306943
138306946
138306969
138306970
138306998
138307015
138307047
138307055
138307155
138307162
138307689
138307693
138307858
138318193
138318202
138318226
138318240
138318260
138318348
138318394
138318450
138318481
138318483
138318510
138318558
138318590
138318806
138328336
138328341
138328350
138335632
138335633
138340055
138341950
138342447
138342478
138342485
138342531
138342584
138342662
138342739
138360742
138360835
138378928
138380370
138382915
138383184
138383511
138383537
138384342
138384479
138384671
138384856
138385063
138385467
138386063
138386340
138386396
138386453
138386564
138386672
138386721
138386843
138386887
138408433
138408537
138410589
138422841
138439858
138445235
138445284
138445328
138445453
138445473
138448535
138450844
138455514
138455600
138457828
138479413
138489621
138504344
138504834
138513396
138543894
138558693
138558998
138559806
138560306
138560371
138560686
138561019
138561161
138561218
138561367
138561616
138561885
138562295
138562934
138603144
138603618
138603695
138608399
138623741
138623769
138623795
138623839
138623852
138623898
138624150
138624230
138624405
138625018
138625391
138661321
138661414
138661465
138661518
138661674
138661719
138662019
138675582
138685438
138719900
138737170
138747212
138747659
138747834
138747912
138748074
138748198
138748214
138748246
138748961
138749634
138749789
138749919
138750217
138750911
138751460
138751570
138751730
138752851
138752859
138756738
138757169
138771951
138800983
138800984
138801128
138801191
138801275
138801352
138801387
138821865
138822387
138822730
138822979
138822985
138823073
138823461
138823733
138823855
138824275
138825376
138825750
138825902
138826097
138826808
138826835
138827574
138827803
138833658
138843496
138848483
138848735
138849100
138850184
138852692
138853612
138855326
138871545
138890454
138891933
138896693
138897221
138897393
138897647
138898244
138899127
138899495
138899627
138899648
138899858
138900138
138900615
138900682
138900823
138901060
138901471
138901623
138901717
138902035
138902064
138902104
138902865
138902868
138902914
138903170
138903193
138903326
138903572
138903781
138903871
138903980
138904176
138904197
138904286
138904819
138905181
138905389
138905601
138905759
138932089
138932260
138932285
138932772
138989666
139003540
139013761
139019469
139033619
139043509
139053235
139053456
139053607
139053722
139053816
139053837
139056299
139058812
139058820
139058832
139058896
139059166
139059244
139075612
139077247
139078007
139078043
139100441
139135899
139141238
139141356
139141487
139142157
139143128
139143463
139144425
139147003
139148855
139149446
139150704
139172110
139183331
139183379
139183830
139185204
139185295
139192037
139195579
139196211
139199501
139199625
139202711
139202732
139206190
139206268
139206821
139206910
139207123
139212381
139212502
139212684
139212705
139212749
139212752
139213095
139213775
139213782
139214267
139214348
139214618
139214768
139215385
139217861
139218211
139218491
139219009
139220080
139221193
139221739
139222915
139223002
139224001
139225652
139226973
139227184
139227506
139227867
139229652
139229836
139230454
139231018
139234895
139235862
139236007
139236108
139236246
139236289
139236391
139236449
139236530
139241858
139244066
139244119
139244305
139244325
139244646
139245156
139245316
139245466
139245600
139245918
139245951
139245956
139253084
139263821
139263843
139272508
139275614
139283663
139290249
139294479
139298677
139308116
139336843
139440366
139440398
139440480
139440508
139440532
139445609
139445762
139450751
139456679
139456769
139456881
139456888
139456894
139456945
139456981
139457335
139457389
139457454
139457570
139457787
139457802
139457839
139457934
139457936
139458015
139458379
139458518
139458538
139458571
139458572
139458707
139458720
139458748
139458912
139458946
139458978
139459071
139459244
139459245
139459257
139459348
139459352
139459416
139459419
139459817
139460017
139460048
139460159
139460191
139460201
139460205
139460253
139460333
139460394
139460441
139460548
139460558
139460576
139460620
139460772
139460779
139460801
139461086
139461107
139461217
139461236
139461240
139461339
139461377
139461391
139461436
139461461
139461493
139461507
139461538
139461550
139461598
139461671
139461682
139461772
139461805
139461808
139461870
139461974
139462002
139462138
139462189
139462588
139462620
139465260
139474711
139483000
139483086
139483156
139491563
139491659
139491960
139502549
139530104
139530106
139530116
139530117
139530129
139530166
139530182
139530207
139530289
139530317
139530346
139530462
139530613
139530688
139530832
139531015
139531455
139531635
139540425
139540488
139540550
139551599
139551681
139551862
139557881
139558314
139558532
139559018
139559280
139559388
139559495
139559572
139559779
139564481
139564619
139567300
139567337
139583081
139611192
139611468
139611506
139611627
139611633
139611636
139611646
139611781
139611806
139611924
139611943
139612092
139612113
139612210
139612225
139612369
139612414
139612584
139612651
139612740
139612751
139612871
139612954
139612959
139613020
139613042
139613055
139613081
139613133
139613160
139613172
139613187
139613298
139613307
139613308
139613315
139613352
139613392
139613535
139613602
139613605
139613644
139613660
139613719
139613761
139613785
139613815
139613820
139613825
139613828
139613843
139613873
139613999
139614061
139614077
139614082
139614092
139614146
139614152
139614153
139614195
139614212
139614282
139614316
139614354
139614432
139614495
139614567
139614569
139614622
139614712
139614765
139614802
139614913
139615350
139615351
139615476
139615588
139615636
139615710
139615793
139616038
139616055
139616062
139616063
139616139
139616159
139616176
139616227
139616229
139616241
139616246
139616292
139616552
139616570
139616595
139616621
139616622
139616634
139616670
139616682
139616728
139616948
139617016
139617037
139617054
139617115
139617189
139617192
139617283
139617467
139617506
139617533
139617629
139617709
139617712
139617745
139617767
139617820
139617873
139618003
139618029
139618157
139618168
139618211
139618218
139618228
139618246
139618276
139618290
139618309
139618335
139618365
139618366
139618477
139618488
139618494
139618525
139618546
139618581
139618597
139618603
139618637
139618695
139618748
139618769
139618808
139618814
139618866
139618924
139618927
139618930
139618970
139619040
139619043
139619070
139619077
139619111
139619167
139619180
139619192
139619260
139619340
139619404
139619407
139619408
139619462
139619465
139619468
139619519
139619583
139619591
139619611
139619619
139619655
139619758
139619940
139620246
139620288
139620293
139620343
139620355
139620441
139620466
139620476
139620511
139620518
139620546
139620628
139620650
139620722
139620729
139620944
139620997
139621018
139621082
139621182
139621197
139621239
139621246
139621370
139621536
139621591
139621692
139621733
139621782
139621792
139621796
139621798
139621823
139621845
139621851
139621887
139621903
139621967
139622157
139622167
139622188
139622222
139622241
139622378
139622471
139622474
139622587
139622657
139622666
139622695
139622833
139622838
139622844
139622890
139622942
139622969
139623137
139623184
139623279
139623333
139623382
139623511
139623521
139623542
139623548
139623577
139623643
139623680
139623713
139623718
139623831
139623859
139623892
139623908
139623917
139624022
139624036
139624077
139624130
139624138
139624219
139624267
139624276
139624277
139624431
139624453
139624469
139624489
139624509
139624556
139624582
139624678
139624699
139624736
139624826
139624910
139624955
139625112
139625204
139625238
139625268
139625279
139625330
139625344
139625494
139625644
139626311
139632097
139665248
139672339
139682715
139683089
139701778
139701836
139712391
139712414
139712555
139712965
139712981
139713028
139713207
139715249
139715326
139718293
139724724
139724819
139724986
139730467
139730468
139730510
139730595
139730696
139730698
139730711
139730774
139730777
139730862
139730894
139730934
139730949
139731053
139732269
139741033
139742216
139753273
139779130
139779384
139779841
139783004
139801648
139804955
139908395
139908746
139918466
139924961
139925136
139934589
139948234
139956635
139974061
139974077
139989656
139990830
140093843
140094907
140099669
140112179
140112195
140112400
140121673
140123145
140136205
140148007
140148110
140148171
140148216
140148217
140148225
140148254
140148311
140148377
140148385
140148417
140148468
140148505
140148551
140148575
140148834
140148997
140149187
140149188
140149222
140149241
140149263
140149389
140149437
140149523
140149533
140149543
140149639
140149838
140149956
140150038
140150067
140150082
140150150
140150231
140150541
140150598
140150716
140150745
140150753
140150818
140150899
140151106
140151281
140151470
140151570
140151899
140152029
140152127
140152260
140163413
140164258
140164773
140175346
140175356
140175371
140175423
140175429
140175513
140175697
140175793
140175832
140175852
140175906
140175957
140176032
140176323
140176325
140176360
140176421
140176522
140176569
140176581
140176612
140176690
140176767
140176820
140176854
140176921
140177063
140177098
140177099
140177138
140177146
140177168
140177240
140177447
140177567
140177608
140177715
140177821
140177901
140177939
140177946
140178255
140178590
140178950
140178990
140179039
140179163
140179322
140179357
140179412
140179530
140179622
140179797
140180008
140180028
140180254
140180346
140180468
140180544
140180669
140180708
140180788
140183160
140183868
140183984
140184001
140184519
140202857
140216616
140218022
140218431
140221711
140242688
140256550
140281291
140292813
140296598
140296649
140308531
140308584
140320894
140320911
140321029
140329668
140330148
140330303
140330364
140330444
140330464
140330502
140331346
140331387
140331413
140331433
140331451
140331634
140332048
140332158
140332164
140332427
140333274
140333660
140333667
140333713
140351494
140357345
140418904
140418988
140420532
140421194
140421230
140421283
140421306
140421498
140421671
140421732
140421784
140421876
140422130
140422562
140423675
140423691
140424546
140429843
140436706
140436757
140436759
140436794
140436799
140436806
140436894
140436925
140437026
140437030
140437120
140437215
140437272
140465475
140465807
140481987
140482509
140503508
140503625
140503648
140503684
140503705
140506468
140506486
140506529
140506989
140507074
140507329
140507405
140507497
140507526
140509739
140509988
140510279
140511583
140513198
140513445
140515149
140515412
140515811
140515936
140517760
140520403
140520425
140520489
140520544
140520722
140520742
140520795
140520850
140520875
140520879
140520907
140522691
140523870
140523901
140524134
140543419
140545080
140546553
140546767
140546776
140550813
140557818
140557839
140559045
140559295
140563260
140579207
140607185
140614054
140615234
140621901
140628410
140630198
140630290
140630299
140630408
140631993
140635186
140643912
140652406
140743160
140746668
140753816
140758813
140775785
140775804
140820889
140821225
140822342
140822343
140822347
140822385
140822465
140822572
140822587
140822597
140822610
140822613
140822616
140822687
140822707
140822729
140822731
140822748
140822760
140822806
140822831
140822837
140822860
140822883
140822885
140822945
140822977
140822980
140822989
140822994
140823026
140823029
140823032
140823045
140823074
140823093
140823119
140823136
140823146
140823150
140823162
140823186
140823213
140823223
140823229
140823259
140823302
140823339
140823346
140823355
140823359
140823396
140823411
140823422
140823456
140823487
140823547
140823558
140823597
140823641
140823665
140823685
140823814
140824121
140843602
140843639
140843650
140843674
140843686
140843722
140843758
140843775
140843796
140843809
140843844
140843848
140858931
140861766
140861840
140865745
140879474
140879482
140879637
140879814
140879829
140880073
140880163
140880195
140880196
140899203
140902613
140917572
140917705
140922366
140922492
140922575
140922744
140922758
140922778
140922922
140923093
140930998
140938559
140938643
140938656
140938676
140938700
140938702
140938704
140938720
140938791
140939868
140944988
140950106
140954478
140962474
140962520
140962537
140962546
140962547
140962560
140962580
140962646
140962741
140962830
140962874
140962917
140962921
140963012
140963037
140963044
140963116
140965007
140969057
140982910
140983007
140983017
140983044
140983082
140983120
140983348
140983364
140983506
140983532
140983578
140983590
140983594
140983771
140983775
140983789
140983859
140984080
140984194
140984266
140985909
140986784
140987191
140987470
140989393
140990436
140990576
140991399
140991913
140992632
140992784
140992991
140993079
140993820
140994037
140994876
140998744
140999108
140999524
140999897
141000416
141000761
141001001
141001009
141001019
141002105
141006772
141006835
141008143
141009259
141009538
141009544
141009547
141009731
141011562
141014897
141037378
141040537
141040571
141040575
141040675
141040701
141040712
141040728
141040808
141040830
141040879
141040902
141040936
141040950
141040963
141040965
141041043
141041078
141041091
141041104
141041181
141041182
141041206
141041208
141041211
141041218
141041219
141041264
141041283
141041284
141041314
141041321
141041369
141041417
141041437
141041464
141041475
141041582
141041583
141041619
141041640
141041645
141041681
141041720
141041807
141041831
141041884
141041943
141041995
141041997
141042011
141042041
141042086
141042110
141042167
141042217
141042316
141042407
141042413
141042420
141042429
141042455
141042478
141042559
141042577
141042618
141042628
141042638
141042664
141042708
141044403
141044415
141044744
141045011
141051561
141053642
141053825
141053954
141060022
141060531
141060546
141060589
141072328
141075245
141075610
141096837
141100004
141100256
141114406
141124796
141124801
141124897
141125105
141125207
141128878
141191178
141217081
141217822
141217957
141218475
141218951
141219309
141219414
141220097
141220154
141220455
141231430
141231434
141239407
141242728
141242753
141242754
141242762
141242781
141242791
141242891
141242930
141242946
141242962
141242968
141243026
141243031
141243044
141243051
141243131
141243154
141243200
141243216
141243243
141243254
141243259
141243364
141243376
141243381
141243432
141243446
141243453
141243462
141258418
141258498
141260120
141261587
141264593
141271477
141271502
141271640
141271744
141271761
141271779
141271813
141271824
141271834
141271878
141271891
141272003
141272029
141272123
141272299
141272354
141272378
141272413
141272583
141272608
141272740
141272880
141272924
141273006
141273011
141273151
141273220
141273222
141273392
141273393
141273651
141273698
141273702
141273832
141273892
141273994
141274038
141274193
141274252
141274282
141274440
141274567
141274598
141274718
141274971
141275135
141275364
141275608
141275708
141275998
141276160
141276167
141276171
141276381
141276577
141276600
141276671
141276733
141276767
141276922
141276944
141277030
141277044
141277507
141277848
141277956
141278030
141278049
141278211
141278624
141278689
141279157
141279282
141279375
141279388
141279413
141279459
141279461
141279585
141279614
141279622
141279682
141279765
141280039
141280514
141280538
141280575
141280802
141280817
141280914
141280989
141281131
141281261
141281269
141281286
141281323
141281370
141281812
141281892
141281946
141282039
141282071
141282217
141282368
141282428
141282537
141282632
141282644
141282828
141282980
141283357
141283404
141283751
141283970
141284200
141284247
141284392
141284608
141284676
141284759
141284771
141284903
141284924
141284953
141285096
141285406
141285490
141285590
141285714
141285777
141285810
141285909
141285945
141286131
141286248
141286282
141286323
141286339
141286378
141286701
141286775
141286900
141286941
141287227
141287499
141287514
141287702
141287720
141288331
141288332
141288591
141288610
141288617
141288721
141288970
141289313
141289347
141289988
141290380
141290424
141290429
141290650
141290872
141290908
141291191
141293061
141293277
141296025
141296047
141297590
141297812
141304908
141318348
141319117
141328207
141328209
141328232
141328341
141328383
141328416
141328475
141333839
141336902
141343599
141343666
141349037
141349086
141349343
141351665
141356287
141356332
141367820
141388951
141389612
141394179
141422174
141472786
141472914
141472937
141473437
141473784
141473812
141473861
141474003
141474010
141490446
141490458
141490513
141490611
141490758
141490887
141491049
141491357
141491376
141491419
141491636
141491669
141495239
141515009
141526087
141526092
141531703
141531709
141531715
141531786
141531799
141531839
141531939
141531970
141531977
141532012
141532142
141532245
141532279
141532289
141532361
141532435
141532469
141532629
141532684
141532741
141532766
141532821
141532936
141532939
141533039
141533040
141533042
141533199
141533287
141533354
141533398
141533401
141533435
141533617
141533807
141534352
141534390
141534501
141534534
141535125
141535219
141535235
141535242
141535257
141535271
141535282
141535306
141535393
141535621
141535851
141535941
141535976
141536126
141536154
141536232
141536313
141536481
141536535
141536974
141537188
141537189
141537291
141537504
141537570
141537611
141537671
141537680
141537722
141537728
141537778
141537801
141538085
141538087
141538174
141538363
141538369
141538400
141538560
141538581
141538625
141538709
141538778
141538825
141538956
141539079
141539130
141539240
141539345
141539357
141539471
141539560
141539697
141539784
141539955
141539976
141539988
141540001
141540049
141540188
141540191
141540592
141540608
141540615
141540815
141540929
141540993
141541033
141541241
141541400
141541416
141541441
141541464
141541748
141541785
141541803
141541856
141542032
141542133
141542269
141542341
141542442
141542769
141543293
141543312
141543387
141543479
141543544
141543557
141543675
141543676
141543880
141543940
141544538
141544608
141544772
141544777
141544843
141544862
141544945
141544992
141557545
141557742
141562476
141562479
141562520
141562554
141562683
141562744
141562927
141567606
141580627
141580642
141580758
141580908
141582883
141582991
141583583
141583688
141583966
141583998
141584049
141584144
141586359
141586449
141586468
141586617
141586717
141586757
141586889
141586940
141586990
141587003
141587017
141587068
141587260
141587262
141587318
141587446
141587642
141587670
141587743
141588422
141588605
141588806
141589345
141589452
141589667
141591122
141591157
141591195
141591203
141591205
141591221
141591259
141596102
141596210
141596603
141597686
141629214
141640347
141644015
141644947
141645040
141645047
141645495
141645588
141645667
141649217
141650594
141650878
141650889
141650904
141656934
141656940
141656947
141659396
141665934
141677338
141678241
141729660
141732740
141733711
141734701
141768603
141772131
141773109
141773118
141773156
141773277
141773291
141773330
141773385
141773441
141773458
141773461
141773471
141773474
141773480
141773501
141773520
141773540
141773580
141773582
141773619
141773621
141773692
141773697
141773709
141773729
141773745
141773819
141773841
141773929
141773954
141773996
141774021
141774127
141774183
141774224
141774501
141774545
141774572
141774576
141774594
141774662
141838150
141838248
141838276
141838319
141838350
141838370
141838402
141838409
141838426
141838451
141838484
141838921
141839007
141839100
141839136
141839248
141839255
141839269
141839270
141839299
141839320
141839394
141839399
141839430
141839710
141839743
141839760
141839808
141839861
141839924
141839929
141839934
141839971
141840011
141840060
141840094
141840142
141840213
141840222
141840230
141840272
141840273
141840286
141840296
141840300
141840339
141840368
141840411
141840478
141840514
141840604
141840630
141840633
141840643
141840646
141840660
141840672
141840694
141840695
141840713
141840792
141840798
141840856
141840868
141840927
141840946
141840994
141841075
141841178
141841196
141841234
141841248
141843324
141843327
141843352
141843366
141843393
141843415
141843425
141843482
141843502
141843510
141843572
141843813
141843823
141843862
141843879
141844043
141844144
141844207
141844256
141900877
141900983
141905525
141905720
141916959
141935095
141935261
141941998
141961501
141961535
141972048
141972071
141972210
142003422
142030881
142031043
142031670
142031843
142032556
142032740
142110935
142163891
142174354
142208968
142208970
142208980
142209053
142209220
142209385
142209579
142209586
142211835
142213361
142213709
142244882
142245168
142245218
142246717
142252386
142252391
142252393
142252525
142260684
142261944
142265802
142312063
142312792
142314098
142314424
142315265
142316612
142316662
142316773
142316795
142316855
142316954
142317004
142317016
142317047
142317087
142317167
142321409
142344559
142366396
142366397
142366398
142366604
142366615
142366660
142366661
142366676
142366689
142366710
142366809
142366965
142367052
142367153
142367170
142367248
142367647
142369166
142369390
142383275
142384734
142384783
142386140
142386211
142391538
142392394
142436036
142436038
142478076
142554733
142554847
142554850
142554971
142555143
142555155
142555157
142555163
142555219
142558169
142573077
142632249
142632262
142632275
142632281
142632285
142632291
142632293
142632309
142632316
142632327
142672189
142672299
142672312
142672401
142672407
142672412
142672497
142672520
142672560
142672629
142672652
142672675
142672684
142672738
142672786
142673058
142673250
142673260
142673306
142673525
142709116
142720688
142759875
142762627
142778070
142778071
142778332
142778428
142782090
142783444
142785884
142790484
142790584
142790636
142802751
142802765
142802801
142811136
142834360
142834413
142834497
142834536
142834540
142834547
142834567
142834606
142834647
142834682
142834689
142834709
142834770
142834810
142835854
142836634
142836820
142837211
142837277
142837415
142837437
142837488
142837539
142837675
142837916
142837968
142837989
142838061
142838104
142838236
142838266
142840107
142848458
142868312
142872855
142901080
142901099
142901120
142904850
142986150
142994459
142994613
142994778
142994969
142996008
142996139
142997810
143000569
143002995
143011876
143017109
143024474
143025633
143029713
143030327
143030403
143032062
143035316
143035328
143035329
143035381
143035470
143035482
143035511
143035609
143035618
143035822
143035900
143035949
143036016
143036095
143036309
143036311
143036364
143036411
143036547
143036558
143036590
143036742
143036771
143036789
143036802
143036919
143036958
143036968
143037061
143037066
143037139
143037241
143061419
143062358
143062648
143063425
143063504
143063587
143066537
143076713
143077472
143083187
143089888
143091578
143094185
143095499
143097853
143098425
143098616
143100203
143100272
143105841
143105929
143106534
143106946
143113532
143114589
143114802
143115048
143115278
143115322
143115391
143118227
143121768
143144978
143148147
143149609
143149684
143149848
143149954
143150007
143150202
143150985
143154199
143154968
143156117
143156144
143156306
143156891
143171708
143171716
143171743
143171774
143175339
143183476
143226972
143226989
143227101
143227191
143227472
143227632
143227811
143227880
143228160
143228189
143280303
143284588
143291474
143291846
143296053
143311425
143326455
143326461
143326574
143326683
143329557
143329641
143329651
143329698
143329700
143329714
143329935
143329936
143329959
143330014
143330036
143330141
143343094
143343180
143343610
143345431
143348755
143348924
143349034
143349537
143350069
143350275
143350620
143350805
143350861
143351429
143351474
143351833
143351866
143352093
143352921
143353074
143354864
143356347
143370941
143377937
143378053
143378385
143378396
143378417
143378421
143378462
143378500
143378512
143378518
143378529
143378589
143378603
143378607
143378632
143378666
143378671
143378721
143378725
143378730
143385842
143386060
143399691
143399696
143399702
143399711
143399734
143399737
143399797
143399913
143399921
143399947
143399958
143400021
143400024
143400059
143400065
143400098
143400158
143400175
143400184
143400211
143400212
143400219
143400252
143400258
143406068
143420926
143420933
143420973
143421274
143421407
143421504
143421544
143421787
143421797
143421811
143421856
143421895
143422030
143422120
143422296
143422487
143422687
143422726
143422796
143422808
143422819
143422826
143423110
143423134
143423154
143423200
143423270
143423638
143423943
143424122
143424353
143424582
143424631
143424658
143424778
143425166
143425227
143425440
143425597
143425662
143425974
143463490
143468041
143468129
143468298
143470178
143470931
143470940
143470971
143497877
143503778
143526460
143589195
143612048
143612058
143612226
143612249
143612345
143612386
143612404
143612419
143612484
143612536
143612553
143612587
143612646
143612797
143612839
143612956
143613009
143613268
143613281
143613429
143613651
143613660
143613727
143613779
143613825
143614015
143614064
143614084
143638339
143643037
143643072
143643517
143643568
143643676
143643734
143643823
143644057
143657882
143658248
143666487
143667661
143667935
143669980
143677916
143678206
143678236
143678268
143678274
143678359
143678509
143678624
143678756
143678793
143678796
143678907
143678955
143679168
143679239
143686730
143687593
143688797
143689124
143689505
143689708
143691062
143694350
143694440
143695278
143700727
143701554
143703803
143709250
143709270
143713970
143739461
143739522
143739523
143739540
143752118
143761290
143766163
143766500
143766554
143766596
143766647
143766726
143767161
143767486
143776723
143779112
143784138
143787170
143787252
143787359
143787471
143806903
143807926
143808219
143809119
143809221
143810445
143810552
143818390
143818460
143823476
143824739
143827188
143827305
143827353
143827380
143827468
143827482
143827513
143827528
143827615
143827741
143827751
143827793
143827908
143827926
143827931
143827957
143828065
143828174
143828299
143828363
143828376
143828379
143828679
143828776
143828825
143828884
143829018
143829043
143839149
143849509
143858337
143858827
143862516
143862640
143862651
143862730
143862733
143862778
143862787
143862791
143862821
143862825
143862875
143862914
143862947
143862950
143863021
143863055
143863065
143863093
143863109
143863125
143863128
143863207
143863283
143863311
143863365
143863378
143863404
143863437
143863677
143863706
143863895
143863912
143863926
143863929
143863965
143863990
143864013
143864043
143864136
143867132
143884172
143884202
143885399
143885802
143885837
143885961
143886067
143886108
143886213
143886238
143886405
143886469
143886537
143886706
143886760
143886808
143886861
143886932
143887039
143887041
143887058
143887076
143887118
143887180
143887214
143887243
143887246
143887277
143887297
143887314
143887433
143887642
143887713
143887933
143888099
143888203
143888410
143888491
143888578
143888675
143888833
143888951
143889110
143889332
143889344
143889365
143889419
143889449
143895259
143909891
143909923
143909951
143921321
143921372
143921400
143921495
143921599
143926737
143927097
143928195
143934584
143943756
143951799
143951993
143964503
143967259
143967530
143980635
144039585
144044688
144044703
144044720
144044839
144044869
144044904
144044919
144045001
144045004
144045034
144045056
144045059
144045253
144045497
144045553
144045632
144045647
144045727
144045740
144045879
144045899
144045953
144045987
144046063
144046174
144046240
144046337
144046381
144046459
144046546
144046608
144046621
144046630
144048257
144053613
144062548
144082018
144082185
144082276
144082312
144082382
144082430
144082494
144082588
144082619
144082670
144082760
144082832
144082887
144084484
144096593
144096610
144096708
144096777
144096823
144096835
144096877
144096940
144097020
144097134
144124174
144124182
144124244
144124346
144124487
144124513
144124532
144124549
144124680
144124768
144124816
144124874
144124890
144124974
144125091
144125108
144125118
144125165
144125288
144125294
144125370
144125424
144125502
144125548
144125564
144125693
144125694
144125822
144125871
144125933
144126001
144126010
144126025
144126125
144126138
144126159
144126282
144126302
144126394
144126457
144126583
144126655
144126722
144126847
144126868
144126872
144126913
144126929
144127059
144127112
144127170
144127179
144127271
144127300
144127366
144127426
144127560
144127711
144127713
144127776
144127913
144128087
144128159
144128178
144128361
144128369
144128614
144128645
144128749
144128758
144128783
144128797
144128989
144129036
144129128
144129217
144129367
144129440
144129449
144129504
144129737
144129886
144130102
144130104
144130152
144130199
144130263
144130326
144130369
144130386
144130478
144130520
144130611
144130642
144130681
144131106
144131122
144131134
144131167
144131319
144131485
144131716
144131722
144131788
144132037
144132045
144132384
144132402
144132413
144132464
144132488
144132527
144132669
144132713
144132900
144132916
144133005
144133066
144133073
144133159
144133183
144133373
144133561
144133573
144133660
144133723
144133819
144133879
144133887
144134002
144134096
144134123
144134154
144134169
144134215
144134286
144134452
144134494
144134564
144134674
144134754
144134879
144135012
144135346
144135407
144135691
144135864
144135959
144135971
144136467
144136560
144137666
144137720
144137740
144138072
144138165
144138265
144138323
144138330
144138419
144138450
144138520
144138537
144138601
144138602
144138772
144138852
144138959
144139113
144139177
144139309
144139348
144139350
144139449
144139451
144139640
144139915
144139918
144139992
144140187
144140198
144140218
144140249
144140322
144140330
144140402
144140479
144140650
144140758
144140803
144140869
144140874
144140955
144140960
144141025
144141094
144141341
144141427
144141508
144141997
144145240
144145519
144145539
144145618
144171547
144172880
144173873
144178951
144179315
144181138
144181350
144196536
144196716
144196804
144196920
144196939
144196947
144197116
144197141
144197274
144197322
144197328
144197371
144197392
144197460
144197510
144197581
144197745
144197800
144197976
144198027
144198186
144198188
144198263
144198306
144198413
144198716
144198764
144198864
144198903
144198970
144198999
144199044
144199447
144199692
144199700
144199818
144199849
144199876
144199921
144199980
144200091
144200143
144200152
144200162
144200172
144200176
144200186
144200270
144201227
144202935
144203446
144203477
144204052
144204067
144204079
144216305
144216558
144220737
144221678
144227967
144228143
144229808
144229888
144230051
144230144
144230282
144230422
144231028
144231089
144233059
144233524
144235339
144235546
144237082
144239217
144239501
144240105
144240307
144242634
144243576
144243681
144243683
144243692
144243693
144243783
144243920
144243971
144244027
144244757
144245146
144245180
144245200
144245253
144245497
144252046
144252634
144252635
144252784
144259319
144259436
144259516
144269024
144271488
144277056
144278664
144278807
144278992
144287149
144296486
144296777
144297154
144297227
144309746
144309800
144312679
144312961
144321325
144321867
144324739
144325614
144328139
144330107
144330178
144330708
144330916
144333537
144333580
144335838
144339426
144339724
144339782
144339827
144339998
144340350
144340837
144340997
144341263
144341434
144341440
144341583
144341585
144342077
144342264
144346824
144351920
144353478
144357514
144358604
144360606
144379084
144379196
144379197
144379246
144379811
144379895
144381206
144382087
144402600
144445193
144447644
144452010
144452055
144452282
144452333
144452428
144452438
144452508
144452594
144452668
144452958
144452963
144452992
144453058
144453242
144453373
144453429
144453560
144453595
144453606
144453620
144453904
144454430
144454751
144454775
144455386
144455487
144456519
144461682
144461963
144462068
144462349
144462816
144462995
144463068
144463312
144466076
144470059
144470406
144470415
144473663
144473720
144475088
144475321
144476212
144476673
144476711
144476780
144477121
144477186
144477887
144477952
144478246
144478651
144478887
144479199
144479570
144479713
144479765
144479961
144479980
144480000
144480024
144480116
144480157
144480217
144480279
144480486
144480585
144480952
144480955
144481090
144481212
144481364
144481421
144481593
144481669
144481727
144481927
144481989
144482001
144482033
144482070
144482103
144482490
144482493
144482550
144482659
144482818
144482875
144482903
144483034
144483055
144490039
144490831
144494134
144495939
144516860
144516864
144516941
144517134
144517201
144517284
144517393
144517520
144517526
144517572
144517754
144517757
144517913
144518066
144518133
144518290
144518442
144518615
144518865
144518907
144519307
144519378
144519705
144522065
144522139
144523329
144526538
144526540
144526605
144526623
144526624
144526759
144526785
144526792
144526995
144532559
144539076
144539184
144539305
144541481
144544869
144545142
144545319
144545523
144545782
144546002
144546033
144546231
144546336
144546647
144546679
144546841
144547432
144547457
144547521
144547902
144548509
144584777
144585214
144595527
144596812
144599549
144603874
144605703
144605828
144605891
144605946
144606304
144606668
144606905
144610213
144610575
144629320
144631305
144635528
144637725
144639852
144641490
144643165
144643612
144643743
144651708
144662311
144663460
144666432
144669755
144679034
144679704
144680243
144689304
144689317
144689462
144689524
144689647
144689726
144689824
144690236
144690398
144690643
144690647
144690769
144690800
144690859
144690889
144691046
144691526
144691563
144691588
144691608
144691624
144691695
144691738
144691774
144691808
144692106
144692134
144692174
144692207
144692310
144692391
144692505
144692816
144692890
144692968
144693281
144693423
144693462
144693551
144693571
144693853
144693925
144693990
144694071
144694129
144694166
144698311
144699651
144699665
144699707
144700225
144700357
144700578
144700671
144701124
144701144
144701297
144701436
144701750
144701827
144702065
144702305
144702323
144702346
144702428
144702575
144702766
144703128
144703331
144703566
144703648
144703798
144703987
144704074
144704078
144704270
144704557
144704696
144705069
144705253
144705365
144705554
144705599
144706996
144707640
144708528
144709804
144709832
144709840
144742593
144747574
144753982
144754007
144754196
144754458
144754675
144754734
144754934
144755199
144755385
144755905
144756056
144756106
144756294
144756298
144756316
144756466
144756537
144756721
144756833
144756846
144757023
144757137
144757209
144757367
144757423
144757448
144757764
144757851
144757869
144757898
144758056
144758154
144758221
144758252
144758494
144758648
144758660
144758962
144758991
144759194
144759416
144763033
144763052
144763094
144763130
144763134
144768927
144769520
144769545
144769566
144779101
144803372
144869841
144870086
144870152
144872196
144872378
144872424
144872460
144872517
144872620
144872714
144872867
144872947
144872953
144873062
144873494
144873604
144873701
144873713
144873972
144893103
144893422
144904801
144906229
144906989
144908401
144909526
144912335
144915386
144917364
144923455
144923636
144924939
144925172
144933042
144933360
144938932
144946107
144946315
144955284
144955385
144956339
144957412
144961837
144962308
144962483
144963972
144967311
144967874
144973453
145029011
145029018
145029019
145029063
145029065
145029072
145029089
145029099
145029116
145029145
145029164
145029168
145029170
145029215
145029242
145029264
145029309
145029362
145029386
145029411
145029438
145029506
145029526
145029564
145029656
145029674
145029704
145029719
145029734
145029777
145029834
145029840
145029928
145029949
145029973
145030024
145030064
145030082
145030146
145030160
145030224
145030231
145030251
145030261
145030294
145030345
145030455
145030462
145030540
145030630
145030633
145030649
145030681
145030682
145030686
145030785
145030786
145030823
145030830
145030849
145030858
145030878
145030899
145030954
145030965
145031009
145031110
145087995
145088067
145088308
145088710
145090573
145092935
145093942
145094475
145094517
145094920
145095161
145095662
145095697
145095798
145095832
145095874
145096425
145096718
145097645
145098439
145098444
145099039
145099477
145100490
145100543
145100647
145100706
145101267
145101616
145101865
145102333
145102703
145103222
145103260
145103718
145104401
145106623
145106944
145107092
145108011
145108594
145108595
145109520
145109540
145109917
145110003
145110025
145111434
145112609
145113155
145113300
145113694
145114283
145124483
145124563
145124594
145134784
145136167
145136199
145136236
145136297
145136489
145136742
145136911
145137596
145138217
145138594
145138733
145139135
145139215
145139292
145139453
145139772
145139972
145140040
145140817
145140942
145141329
145141796
145142420
145142560
145142561
145142736
145142921
145143027
145143273
145144200
145144880
145145038
145145046
145145143
145145226
145145459
145146077
145167607
145171141
145171224
145171258
145171299
145171363
145171402
145171447
145171483
145171488
145171602
145171713
145171918
145172042
145172043
145172045
145172097
145172209
145172308
145172343
145172380
145172421
145172465
145172484
145172489
145172564
145172604
145172629
145172691
145172751
145172830
145172877
145172910
145172969
145172992
145173054
145176967
145178952
145179073
145179121
145179323
145179428
145179783
145179993
145180095
145180203
145180321
145180358
145181604
145181674
145181703
145181712
145182008
145182268
145182296
145182414
145182492
145182765
145182910
145182914
145182975
145202801
145202906
145202980
145203047
145209875
145212070
145212109
145216034
145216186
145219449
145219470
145220208
145220872
145220968
145220980
145221845
145222243
145224793
145224989
145236153
145236154
145236170
145236456
145236495
145236578
145236648
145236872
145237064
145237411
145237421
145237424
145237452
145244014
145248292
145248800
145248847
145249028
145249208
145249423
145249446
145249655
145249666
145249708
145249748
145249840
145249882
145250017
145250045
145250554
145250577
145250620
145251765
145251807
145251942
145252209
145252427
145253894
145254213
145256356
145256368
145257036
145262372
145266387
145271980
145272352
145272382
145272450
145275100
145277490
145277509
145278026
145278070
145278406
145278570
145278659
145278694
145278736
145278763
145278817
145278908
145288228
145289901
145296492
145302158
145305903
145341331
145371707
145392567
145394339
145395312
145395313
145395323
145395336
145395341
145395550
145395737
145408505
145409993
145410321
145411405
145411435
145411439
145411479
145411509
145411658
145411749
145411752
145411764
145411847
145411869
145411873
145411896
145411910
145411954
145412001
145412027
145412028
145412032
145412067
145412079
145412093
145412136
145412155
145412272
145412314
145412422
145412425
145412432
145412452
145432421
145432484
145432523
145434478
145434487
145434509
145434530
145434549
145434588
145465522
145497054
145497358
145499562
145509557
145539094
145540045
145555076
145555593
145555761
145562720
145573794
145584090
145599571
145603713
145603924
145608538
145609019
145609555
145619823
145619977
145620100
145620111
145620173
145620228
145620240
145620260
145620265
145620269
145620293
145620295
145620339
145620340
145620364
145620379
145620430
145620466
145620520
145620586
145620622
145620627
145620651
145620754
145620756
145620778
145620805
145626679
145626921
145626946
145629599
145629607
145629647
145629664
145635216
145638784
145641165
145641276
145642546
145648747
145653959
145659280
145663093
145663182
145663248
145664076
145666540
145672535
145696265
145697711
145701914
145702038
145702056
145702066
145702255
145702332
145702385
145702391
145702452
145702520
145702533
145702577
145702588
145702610
145702661
145702731
145702755
145702760
145702766
145702836
145702856
145702892
145703028
145703069
145703086
145703089
145703120
145716850
145717353
145754276
145754764
145756945
145757872
145762601
145762633
145762636
145763313
145763354
145765543
145765842
145765937
145765939
145766076
145766136
145766215
145766282
145766356
145766503
145766529
145766533
145766536
145766557
145766559
145766574
145766584
145766628
145766639
145766724
145766757
145766791
145766842
145766911
145766943
145767009
145767020
145767068
145767103
145767125
145767126
145767132
145767147
145767148
145767158
145767166
145767211
145767242
145767299
145767306
145767374
145767422
145767466
145767560
145767580
145767606
145767609
145767640
145767678
145767681
145767692
145767714
145767731
145767739
145767772
145770300
145771370
145771462
145773278
145773346
145773384
145773595
145773704
145774233
145777445
145777550
145777676
145780398
145780401
145780421
145784967
145790458
145790467
145790470
145790478
145790515
145790523
145790587
145790594
145790750
145790777
145790786
145790789
145790826
145818178
145832198
145847005
145847088
145878553
145930918
145971782
145971958
145972055
145978309
146003267
146033685
146033706
146033898
146033921
146034170
146034217
146034384
146034939
146052183
146069968
146106507
146108540
146113201
146131038
146131199
146131223
146131980
146132137
146132303
146134805
146150869
146150877
146150919
146150988
146207959
146223903
146224128
146224191
146224227
146224265
146224297
146224305
146224323
146230271
146230423
146230480
146230507
146231622
146232045
146232073
146233515
146233850
146235066
146249951
146250013
146250243
146250355
146250603
146250691
146254861
146255059
146258984
146272544
146278503
146286070
146362124
146364485
146364929
146366335
146366448
146366488
146368049
146369966
146370680
146370726
146370738
146372235
146373404
146373440
146373482
146373607
146373615
146373727
146373955
146374169
146374802
146380056
146380083
146380107
146380123
146380202
146380224
146380233
146380263
146380267
146380343
146380362
146380376
146380402
146380442
146380445
146380513
146380516
146380543
146380562
146380646
146380722
146380760
146380838
146380864
146380944
146380968
146380971
146380976
146381027
146381076
146381086
146381142
146381144
146381177
146381260
146381368
146381370
146381374
146381399
146381416
146381587
146381697
146381761
146381816
146381838
146381847
146422443
146479580
146480641
146482256
146482932
146483040
146483090
146483104
146483116
146483141
146483159
146483199
146483241
146483267
146483321
146483370
146483432
146483437
146483508
146483598
146483630
146483768
146483769
146483810
146483903
146483962
146484071
146484097
146484118
146484149
146484377
146484414
146484473
146484642
146484647
146484674
146484710
146484789
146484807
146484880
146484894
146485053
146485097
146485304
146485348
146485352
146485457
146485519
146485537
146485619
146485670
146485698
146485955
146485964
146486016
146486096
146486934
146487055
146487073
146487119
146487228
146487231
146487363
146487563
146491624
146491641
146491711
146491746
146492157
146492168
146492209
146492327
146492601
146492638
146492675
146492695
146492797
146492862
146492867
146493012
146493075
146493131
146493260
146493291
146493292
146493395
146493419
146493467
146493508
146493762
146493851
146494041
146498442
146502512
146502925
146502945
146503001
146503016
146504652
146504778
146504787
146504843
146505098
146505215
146505284
146510074
146510100
146510115
146510170
146510214
146510284
146510321
146510522
146510524
146510927
146510945
146511003
146511024
146511161
146511316
146511457
146511671
146511768
146512069
146512296
146512539
146512546
146512657
146512744
146512745
146512915
146512972
146512977
146513062
146513068
146513073
146513172
146513202
146513257
146513289
146513307
146513388
146515081
146518566
146554707
146554709
146575201
146584186
146585888
146585936
146586002
146586061
146586066
146586169
146586182
146587748
146589354
146589383
146589450
146589487
146591406
146593600
146593636
146593647
146593748
146593977
146593981
146594084
146594173
146594225
146594297
146594390
146594473
146594712
146594940
146594948
146595209
146595225
146595335
146595465
146595550
146595591
146595653
146600851
146600869
146602339
146602400
146602408
146602464
146602477
146602484
146602640
146602676
146602771
146602860
146602878
146603009
146603361
146603514
146603651
146603676
146603804
146622216
146629041
146643110
146643281
146651530
146700628
146729955
146730323
146757709
146765933
146771543
146771831
146773238
146773354
146773411
146773762
146774464
146774511
146776899
146777779
146778078
146779234
146779936
146780351
146780356
146781162
146781689
146781791
146781854
146782188
146782398
146782792
146782836
146783124
146783326
146783773
146783813
146784657
146785261
146801679
146869433
146870349
146870502
146870539
146870686
146870837
146870978
146871057
146922725
146924615
146926758
146932531
146932552
146932560
146932598
146932614
146932636
146932692
146936966
146943213
146943752
146943944
146943949
146944852
146944855
146944910
146944954
146945024
146945179
146945343
146945702
146945717
146945827
146945966
146946011
146946067
146946396
146946619
146946998
146947032
146947055
146947123
146947253
146947345
146947360
146947711
146947739
146947873
146948028
146948147
146948340
146948714
146948817
146948901
146949199
146949253
146949483
146949584
146949635
146949800
146949950
146950023
146950028
146950080
146950090
146950207
146950585
146953894
146955496
146955528
146955574
146965767
146966428
146967067
146983647
146990472
146991481
146992154
146993150
146995190
146995232
146995240
146995242
147003173
147003357
147003392
147003418
147003421
147003771
147003847
147003914
147004022
147010153
147010973
147012197
147020685
147062412
147063961
147064652
147064654
147086364
147099457
147099878
147099935
147100119
147101097
147101164
147101172
147101175
147101187
147101191
147101200
147101237
147101238
147101297
147101679
147102270
147102311
147105143
147105148
147105189
147105274
147105395
147105437
147105478
147105605
147105613
147105626
147105660
147105695
147105829
147105858
147105925
147107103
147107642
147107990
147108207
147117497
147122629
147122659
147122778
147122789
147122794
147122804
147122832
147122889
147122909
147122931
147123045
147123059
147123064
147123088
147123126
147123247
147125126
147146339
147167512
147167517
147208713
147208747
147212258
147214942
147247707
147255692
147294615
147319507
147324758
147324990
147326144
147326283
147326636
147343268
147343555
147346947
147347815
147350169
147353837
147360522
147362775
147366344
147368195
147368209
147368314
147368367
147368377
147368387
147368466
147368561
147368610
147368876
147369817
147369946
147370023
147371810
147378015
147378262
147379050
147388769
147399797
147399833
147414027
147423205
147431299
147431416
147431792
147433501
147434070
147441875
147441914
147442072
147442109
147442506
147442597
147442615
147442708
147443052
147443065
147443106
147443135
147443422
147443470
147443525
147443561
147443620
147443739
147443988
147444089
147444191
147444328
147444413
147444578
147444718
147444723
147444724
147444811
147444879
147444892
147445003
147445037
147445070
147445173
147445256
147445579
147445586
147445832
147445860
147445945
147445996
147446176
147446225
147446587
147446642
147446990
147448049
147448257
147453530
147453618
147468404
147468693
147484469
147485440
147486597
147568370
147624616
147628277
147628837
147630759
147633470
147633526
147635014
147635657
147636253
147638959
147641768
147642195
147648827
147649165
147649309
147649458
147652396
147652941
147654579
147662700
147663443
147663523
147663664
147664427
147665091
147671508
147671757
147671826
147671898
147671913
147671919
147671975
147672527
147674260
147679814
147682630
147688973
147693064
147700089
147709044
147712680
147725250
147725310
147725403
147725455
147725547
147725589
147725975
147726533
147744210
147752088
147752101
147754732
147759713
147759765
147759772
147759784
147759786
147759799
147759806
147759808
147759815
147759837
147763448
147763457
147763463
147763474
147763490
147763492
147763511
147763547
147763568
147763579
147763580
147763615
147763620
147763647
147763653
147763684
147763690
147764750
147764786
147764838
147764859
147764861
147764912
147765045
147765258
147767838
147767868
147768357
147768904
147768954
147769103
147769291
147769475
147769523
147769865
147769950
147770745
147770755
147771259
147774915
147776047
147806245
147816440
147816458
147816496
147816612
147816706
147816866
147816903
147816934
147816943
147816968
147817026
147817035
147817099
147835377
147837150
147837184
147837186
147837218
147837228
147837268
147837272
147837282
147837288
147837292
147837333
147837342
147837408
147837488
147837522
147837531
147837541
147837556
147837612
147837616
147837617
147837685
147837718
147837769
147837797
147837828
147837838
147837884
147837894
147837900
147837939
147837969
147837984
147837994
147838010
147838018
147838060
147838096
147838128
147838129
147838175
147838184
147838211
147838227
147838229
147838281
147853219
147853796
147854061
147854562
147854709
147868035
147868156
147868187
147868260
147868271
147868297
147868391
147868553
147868577
147868611
147868722
147868765
147868836
147868846
147872404
147873300
147873788
147874135
147874617
147874652
147874678
147874811
147875240
147891242
147891321
147891331
147891417
147891518
147891609
147891822
147891870
147891882
147891959
147915140
147918140
147918141
147918224
147918402
147918532
147918649
147918693
147918712
147918717
147918718
147918772
147918813
147918850
147918932
147919145
147919151
147919165
147919166
147937780
147946615
147946859
147947108
147947121
147947490
147947525
147948834
147948885
147949082
147959439
147959585
147959638
147959676
147959791
147962142
147962291
147964433
147964522
147965480
147967969
147969902
147970113
147986693
147995653
148000176
148007093
148008787
148011566
148011757
148011852
148012061
148012063
148012075
148013105
148015242
148015331
148015442
148015716
148015819
148016029
148017494
148017532
148017741
148018006
148018249
148018732
148018895
148019263
148019704
148020205
148020743
148021011
148021021
148021097
148021615
148022142
148025943
148043715
148048285
148048393
148056739
148057162
148057464
148057763
148059488
148060189
148060404
148061573
148067057
148068318
148073928
148074421
148074544
148074653
148074712
148074785
148074818
148074841
148075092
148075172
148075259
148075336
148075601
148075700
148075737
148075790
148075896
148075958
148076066
148076091
148076097
148076105
148076190
148076219
148076434
148076437
148076688
148076784
148076892
148077029
148077037
148077084
148077141
148077153
148077155
148077156
148077253
148077302
148077580
148511035
148541165
148551865
148560153
148563453
148567324
148570268
148571123
148594053
148600516
148606991
148607004
148613539
148617596
148626106
148629371
148629607
148634121
148634129
148635114
148637659
148644606
148656486
148669643
148673581
148674428
148675039
148693462
148693516
148693819
148693882
148694181
148694256
148694591
148694754
148694788
148694924
148694986
148695097
148695195
148695558
148695594
148695954
148696009
148696129
148696236
148696390
148696419
148696599
148696745
148697209
148698328
148698435
148698587
148698630
148698721
148698737
148698805
148698950
148698971
148699152
148699439
148699509
148699541
148699569
148699648
148699701
148699744
148699758
148699819
148700030
148700402
148700468
148700552
148700607
148702407
148702419
148702570
148703194
148703204
148705445
148714921
148714959
148715003
148715140
148715199
148715383
148715475
148715491
148715509
148715540
148715574
148715705
148715839
148715949
148716038
148716057
148716295
148716733
148717258
148717289
148717587
148717615
148717618
148718117
148720987
148734257
148761465
148761692
148761696
148761956
148762010
148762148
148762202
148764287
148798489
148801872
148803823
148804283
148804381
148805389
148808088
148808095
148808423
148809859
148812553
148814551
148819620
148840369
148847040
148850339
148858906
148859029
148863310
148864848
148866010
148868804
148872536
148872542
148872579
148876503
148877193
148877227
148900319
148900391
148900513
148908708
148908941
148909746
148909934
148910150
148910222
148910271
148910548
148910616
148910622
148910639
148911184
148924363
148924523
148924680
148925400
148926686
148932204
148942479
148942490
148942700
148942839
148942940
148942960
148943090
148943133
148943183
148943202
148943279
148953359
148959827
148965471
148965474
148965788
148966245
148967076
148991275
149032509
149044568
149045242
149055727
149067996
149068026
149068245
149068398
149068464
149068511
149097568
149128429
149139494
149147322
149148455
149153364
149179387
149179435
149179537
149179806
149179895
149180024
149180653
149192286
149192581
149192916
149192939
149193033
149193041
149193139
149193219
149193288
149193469
149193483
149193540
149193548
149193610
149193726
149193817
149193837
149193921
149194030
149194045
149194121
149194286
149194305
149194455
149194477
149194529
149194638
149194706
149194722
149194780
149194830
149194832
149194852
149195003
149195037
149195063
149195159
149195233
149195267
149195519
149195580
149195610
149195635
149196106
149201870
149211619
149213466
149215750
149238743
149239314
149239531
149239574
149239601
149239632
149239764
149240031
149243879
149245843
149249160
149333710
149336211
149337383
149337472
149337800
149338294
149339714
149340001
149341087
149342420
149355176
149381945
149394752
149409157
149412045
149413176
149414172
149414226
149414285
149414310
149414336
149414486
149414594
149414630
149414671
149414672
149414775
149414784
149414938
149414995
149415046
149415141
149421928
149422424
149436993
149445043
149445786
149445991
149446401
149446601
149446711
149446726
149446729
149446893
149446933
149447116
149447236
149447362
149447497
149447799
149447874
149448085
149448145
149448421
149448460
149449127
149449217
149449271
149449294
149449330
149451820
149452648
149453030
149453174
149453330
149453369
149453521
149453584
149459521
149460869
149462935
149464112
149464678
149464801
149465061
149465437
149465688
149465770
149465775
149466083
149466263
149467383
149500424
149507874
149508745
149509505
149517462
149517508
149517534
149521403
149523299
149523515
149523592
149524197
149524329
149524579
149525095
149532781
149532966
149533008
149533310
149533408
149533537
149533553
149557474
149567422
149567691
149567777
149567811
149567892
149567916
149567946
149568195
149568288
149568405
149568411
149568505
149569822
149573999
149574260
149574419
149582023
149584769
149589057
149592086
149594680
149607744
149619888
149622174
149627776
149632648
149638688
149642357
149642733
149650572
149655340
149658415
149659164
149659292
149659515
149661992
149661993
149662106
149662283
149662359
149662552
149662692
149664472
149679429
149683450
149685310
149685322
149688054
149706891
149709975
149710410
149711849
149713612
149713759
149747136
149747263
149752458
149752638
149764126
149764148
149766352
149767157
149767170
149771861
149771929
149772571
149772661
149772662
149772770
149773108
149773245
149773774
149774752
149776392
149779886
149780744
149780846
149785007
149794785
149798516
149798575
149847188
149847283
149847507
149848488
149865470
149916062
149918801
149943142
149949254
149958892
149958994
149959475
149967780
149967875
149967988
149968293
149968392
149968427
149968455
149968463
149968524
149968551
149968564
149968565
149968625
149968631
149968634
149968791
149968836
149968950
149968956
149969014
149973461
149973472
149973674
149973743
149973873
150003488
150003541
150144582
150144584
150145539
150145632
150145804
150146765
150148422
150173403
150173427
150173529
150173594
150173631
150173633
150173751
150174213
150174240
150174280
150174336
150174365
150178763
150178777
150178783
150178791
150178794
150178807
150178809
150178826
150178851
150179038
150179707
150179730
150184862
150185085
150185266
150186026
150186029
150186064
150186230
150186233
150186389
150186422
150200392
150207236
150207280
150207328
150207424
150207578
150207618
150207723
150207861
150207991
150209803
150211160
150214056
150214124
150225731
150225746
150225757
150225765
150225797
150225829
150225838
150225858
150225890
150225959
150226072
150226277
150226399
150226418
150226570
150226593
150226604
150226649
150237388
150247761
150247793
150247888
150248293
150248421
150248592
150248611
150248968
150249162
150249489
150249674
150249721
150249930
150250336
150250343
150250478
150250672
150250817
150251511
150251516
150251570
150251781
150251832
150252037
150252282
150252362
150252718
150253126
150253242
150253315
150253336
150253471
150253487
150253645
150253676
150253734
150253943
150254074
150270491
150288533
150312949
150314896
150315056
150369067
150369087
150369855
150369899
150370363
150373221
150373225
150373226
150373385
150373397
150373526
150373568
150373639
150373699
150373737
150374188
150374371
150493213
150494238
150494516
150494543
150529106
150529270
150529348
150529388
150529399
150529559
150529666
150529834
150530158
150530373
150530413
150530586
150530760
150531021
150531044
150531050
150531299
150531604
150531688
150531768
150531980
150532023
150532027
150532171
150532329
150532370
150532595
150532638
150532903
150532992
150533274
150533332
150533716
150534106
150534217
150534247
150534516
150534574
150534642
150534872
150535294
150535477
150535484
150535538
150535569
150535691
150535726
150535994
150536115
150536190
150536226
150536329
150536456
150536573
150536589
150536712
150536790
150537446
150537879
150537883
150538489
150538533
150538633
150538682
150538846
150539062
150539242
150539608
150539650
150539741
150539789
150539820
150539920
150539976
150540027
150540207
150540628
150540697
150541719
150542641
150542853
150544940
150546696
150547213
150553636
150555028
150560830
150610763
150610979
150611124
150611139
150611337
150632388
150633444
150648139
150648334
150678159
150688969
150690033
150690972
150690976
150700322
150700425
150700565
150700796
150700951
150701271
150701367
150701376
150701521
150702229
150702333
150703320
150703337
150703491
150709785
150712047
150712210
150712439
150712548
150712808
150712916
150713046
150713185
150713393
150713543
150713701
150713928
150713947
150713948
150714557
150714684
150714725
150715496
150715702
150715743
150715755
150716010
150735351
150739281
150761373
150780884
150783237
150783949
150788035
150788649
150815437
150815457
150840158
150842356
150842614
150842701
150849953
150855241
150855341
150855397
150857577
150857989
150861747
150861807
150861808
150861810
150861834
150861869
150861915
150861963
150863618
150863698
150863704
150864367
150864567
150866023
150868796
150880490
150882059
150882786
150886765
150887319
150889962
150890292
150922978
150927636
150928395
150928537
150929581
150933298
150933299
150933300
150933305
150933324
150933330
150933336
150933387
150933418
150933419
150933503
150933541
150935683
150936012
150938403
150938557
150940444
150940639
150942147
150942174
150942189
150942206
150942227
150942263
150942300
150946988
150947006
150956353
150956834
150956939
150956951
150957100
150957105
150957240
150957258
150957324
150962683
150963382
150963384
150963462
150963509
150963545
150963555
150963605
150963711
150965823
150984628
150994326
150997154
150997181
150997571
151035134
151035623
151035652
151222100
151222131
151222137
151222993
151223006
151223047
151223069
151223080
151223083
151223089
151228625
151229607
151230392
151230411
151230689
151233486
151233487
151233493
151233494
151233504
151233527
151233544
151233573
151233580
151233601
151420630
151420912
151421578
151421945
151421984
151422057
151422150
151422424
151422708
151423184
151423252
151423519
151423560
151423644
151424080
151424315
151425991
151427110
151427342
151428294
151437658
151437659
151457425
151460298
151460301
151463742
151483910
151488143
151488371
151489455
151489489
151489502
151489529
151489536
151489583
151489594
151489655
151489671
151489685
151489705
151490140
151491002
151491006
151491563
151499415
151499419
151499477
151499499
151501833
151521204
151523018
151526489
151533795
151536057
151536207
151536541
151537021
151537179
151537932
151539242
151539302
151539316
151546157
151547038
151553291
151553967
151555534
151555988
151556146
151556207
151556402
151556434
151573973
151574249
151575720
151575935
151585878
151585918
151585942
151586606
151591850
151591908
151596466
151608144
151608847
151608880
151609055
151609136
151609437
151609479
151609542
151609552
151609618
151610469
151610756
151610810
151610860
151610926
151610951
151610953
151610972
151611016
151611033
151611157
151611188
151611213
151611217
151611223
151611227
151611248
151611449
151611471
151611524
151611555
151611562
151611570
151611581
151611628
151611660
151611697
151611753
151611792
151611805
151611905
151626652
151665367
151676598
151703213
151705085
151748236
151748262
151748321
151748344
151763765
151763801
151763815
151763817
151763822
151763824
151763849
151763855
151763896
151763912
151763913
151763921
151763995
151764016
151764105
151764150
151764157
151764224
151764261
151764315
151764325
151764341
151764374
151764403
151764429
151764467
151764488
151764513
151764533
151764563
151764614
151764615
151764680
151764827
151778407
151779192
151779242
151800297
151803606
151803637
151803640
151803653
151803736
151803929
151804116
151804263
151804731
151816464
151816472
151816540
151816548
151816589
151816610
151816642
151816661
151816671
151816722
151816776
151816824
151816831
151816869
151816881
151816931
151816941
151816950
151816977
151817024
151817047
151817054
151817088
151817129
151817132
151817135
151817137
151817145
151817156
151817206
151817211
151817225
151817285
151817334
151817343
151817352
151817367
151817446
151817474
151817498
151817519
151817544
151817559
151817606
151817616
151818108
151818251
151818310
151818334
151818478
151818578
151818620
151818861
151819127
151819905
151820225
151820496
151822695
151822984
151824835
151824842
151831679
151831680
151831685
151831711
151831734
151831847
151831857
151831917
151831995
151832111
151832180
151832227
151832364
151832534
151832615
151832677
151833170
151833278
151833336
151833525
151833664
151833738
151834407
151834451
151834847
151835041
151835259
151835658
151836325
151843894
151843897
151843917
151843927
151843942
151844003
151844095
151844124
151844126
151844235
151844259
151844325
151844476
151844504
151844513
151844615
151844643
151844679
151844718
151844812
151844863
151844963
151844965
151844997
151845122
151845213
151845220
151845501
151845503
151845583
151845804
151847464
151847469
151847496
151847511
151847531
151847532
151847565
151847579
151847581
151847592
151847607
151847619
151847624
151847665
151847713
151898005
151898016
151898022
151898929
151902688
151913689
151933933
151933950
151934088
151934109
151946373
151949171
151949383
151967625
151967949
151988374
152005883
152005904
152010135
152010270
152015137
152015521
152018694
152023528
152023560
152023910
152024112
152024115
152024202
152024419
152025029
152025146
152025400
152050098
152055390
152059124
152059505
152093725
152095093
152095778
152096342
152096490
152100209
152100396
152101075
152101571
152101590
152104775
152156303
152163224
152163228
152163254
152163260
152163293
152165638
152172257
152177693
152177724
152179058
152179133
152185085
152187722
152188222
152188923
152188936
152188973
152189005
152189023
152189074
152189095
152189166
152190955
152191322
152191376
152193076
152193087
152193098
152193108
152193118
152193138
152193149
152193153
152193155
152282908
152287045
152291404
152294987
152300182
152300369
152310176
152336579
152342023
152348000
152348275
152352810
152367061
152374878
152378306
152380042
152380424
152381668
152382302
152410393
152410465
152420969
152448371
152448628
152458300
152458428
152462804
152462832
152463266
152463940
152464068
152464102
152464936
152465196
152493779
152520415
152520446
152520498
152520539
152520567
152520663
152520668
152520685
152520715
152520735
152520790
152520833
152520878
152521064
152521129
152523813
152523886
152524430
152524555
152530929
152531076
152531139
152531148
152531150
152531168
152531268
152531288
152531365
152531431
152531449
152531463
152531495
152531575
152531705
152531732
152531878
152531942
152531995
152532099
152532182
152532216
152548067
152548085
152548101
152548111
152548115
152548167
152548175
152548190
152548268
152555628
152557128
152559552
152559601
152559878
152559885
152559888
152559907
152559915
152559927
152560025
152560053
152564547
152564926
152565356
152568031
152618965
152629292
152629715
152629821
152629860
152629930
152630110
152630808
152630953
152633426
152633516
152633613
152633808
152634164
152634495
152634561
152635024
152636426
152643556
152646509
152677605
152690108
152694175
152709485
152710326
152710346
152730020
152730173
152740781
152740788
152740954
152740972
152741076
152741078
152741083
152741122
152741182
152741195
152741200
152764615
152765370
152765399
152766184
152766457
152766518
152766843
152767384
152767960
152768930
152780444
152783395
152783452
152783459
152783480
152783524
152783568
152785827
152795506
152795823
152798279
152798652
152803346
152803446
152803469
152803544
152803555
152803566
152803595
152803656
152809529
152809621
152809631
152809669
152809688
152809697
152809699
152809703
152816279
152816348
152816365
152816852
152817689
152817723
152818046
152818163
152819086
152819222
152819445
152829990
152831029
152834233
152870865
152897634
152897900
152919816
152950774
152998101
152999046
153035626
153037386
153074172
153076266
153078537
153083795
153255404
153255691
153255983
153256109
153258034
153258610
153259407
153264790
153264819
153264996
153314658
153364124
153364443
153367759
153368504
153368780
153380106
153380954
153382585
153382620
153383665
153387521
153387552
153387559
153387582
153402880
153406981
153406982
153406988
153407014
153407018
153407026
153407051
153407121
153409801
153412149
153412238
153412248
153412256
153412916
153413465
153413535
153459878
153460826
153466559
153467008
153467161
153467190
153468822
153471501
153472467
153472479
153472497
153472772
153472782
153472789
153472791
153472793
153472807
153472809
153472811
153472815
153472817
153472819
153472823
153472825
153486610
153486787
153491371
153494723
153494729
153494730
153494737
153494741
153494753
153494755
153494759
153494763
153494768
153494771
153494789
153494802
153496260
153496270
153496451
153496525
153496785
153497068
153497260
153500155
153500165
153500173
153500863
153501540
153509073
153509344
153509367
153521915
153528139
153528171
153528204
153528233
153528261
153528777
153529153
153529501
153529615
153530111
153530138
153530605
153530715
153530720
153530776
153530892
153530992
153531031
153531074
153541457
153545578
153545581
153545611
153545880
153546294
153547927
153553322
153553420
153553495
153553609
153560824
153561500
153580876
153581716
153582950
153583504
153583534
153583557
153583630
153583679
153583891
153584258
153584263
153584313
153584335
153584365
153584369
153594375
153595558
153599161
153599281
153599282
153604817
153610210
153610877
153610887
153610919
153611181
153611218
153611278
153611289
153611459
153611752
153611779
153611838
153611846
153611852
153612232
153612284
153612470
153612481
153612523
153612595
153614004
153623759
153631220
153631960
153634108
153634168
153634169
153634171
153634179
153634183
153634191
153634203
153647589
153647605
153647613
153647621
153647662
153647686
153647725
153647736
153647749
153647802
153647881
153647914
153647923
153647944
153647969
153648057
153648095
153648215
153648222
153648247
153677514
153682921
153682925
153750952
153763388
153769747
153770005
153770464
153770931
153781884
153804346
153804351
153804388
153804402
153804422
153804423
153804424
153804502
153804508
153804532
153804543
153804605
153804626
153804640
153804647
153804690
153804764
153804799
153804833
153804868
153804895
153804901
153804902
153804949
153804979
153805035
153805192
153805282
153805295
153805344
153805358
153805359
153805449
153805573
153807169
153807236
153824585
153824586
153824599
153824621
153824623
153825138
153834361
153837055
153837251
153838140
153841106
153841194
153849804
153857813
153859363
153868770
153875656
153876924
153877097
153895188
153897947
153898176
153898933
153901063
153902992
153920358
153921330
153933927
153934271
153934413
153934425
153934661
153934669
153963594
153973054
153978331
153978784
153978858
153979185
153979230
153981180
153981377
153981712
153986311
153986902
153987137
153987177
153987337
153987346
153987362
153987782
153987797
153987813
153988282
153989802
153989898
153990443
153990898
153993247
153993773
153995609
153995624
153996402
153998703
154001241
154019276
154029978
154093949
154093956
154094023
154094069
154094073
154094191
154094204
154094362
154094374
154094380
154094390
154094398
154094419
154094420
154094439
154094448
154094550
154094681
154094701
154094718
154094791
154094841
154094843
154094936
154095001
154095206
154095314
154095322
154095336
154095560
154095657
154096027
154096195
154096317
154096369
154096422
154096466
154096508
154096547
154096576
154096601
154096755
154096787
154096822
154096973
154096984
154097100
154097107
154097108
154097229
154097372
154097402
154097407
154097420
154097498
154097575
154097659
154097743
154097773
154097883
154097935
154098013
154123097
154123170
154123273
154123280
154123494
154123655
154124096
154124125
154134786
154148897
154152706
154152715
154152718
154152722
154152725
154152732
154155703
154155713
154155776
154159112
154164597
154165143
154165436
154165518
154167262
154175010
154175011
154175049
154175072
154175190
154175315
154175403
154175417
154175551
154175554
154175571
154195202
154199984
154200079
154200268
154200343
154200724
154201034
154201052
154201068
154201074
154201115
154201485
154201530
154201550
154202127
154202359
154202406
154202429
154202770
154202853
154202863
154202873
154203023
154203040
154203080
154203406
154203418
154203429
154203504
154203591
154203682
154203815
154203954
154204013
154204320
154204337
154204766
154204911
154204980
154205107
154205166
154205259
154205340
154205414
154205439
154205479
154205703
154205731
154205746
154206188
154206491
154206739
154206783
154206895
154207054
154219176
154225693
154227284
154228426
154228784
154234479
154262486
154262680
154274685
154274762
154284224
154284367
154284893
154294474
154312227
154312390
154365872
154365989
154366072
154366227
154366474
154405119
154406990
154429209
154439632
154439645
154439874
154439933
154441574
154443248
154444972
154444982
154469360
154476177
154489351
154497116
154529527
154529587
154529897
154530131
154530205
154530234
154532108
154532215
154532335
154589358
154589485
154604671
154614721
154687888
154688129
154695463
154695583
154695622
154695689
154695745
154695797
154695914
154695961
154695975
154695985
154696004
154696082
154696122
154696415
154696514
154696766
154696852
154696918
154700187
154702445
154716442
154716470
154716497
154721840
154728270
154728300
154728386
154728604
154728720
154728976
154729011
154729061
154729122
154729162
154729310
154729355
154729412
154729505
154729526
154729691
154729735
154729756
154729848
154729943
154729961
154730156
154730164
154730206
154730260
154730285
154730418
154730611
154730693
154730868
154730905
154730930
154731036
154783349
154783372
154783395
154783418
154783424
154783511
154783629
154783674
154783686
154783957
154784007
154784067
154784126
154784131
154784147
154784167
154784213
154784389
154784397
154784569
154784570
154784671
154784683
154784716
154784818
154784865
154784933
154784949
154785146
154785185
154785200
154785208
154785309
154785320
154785386
154785392
154785437
154785580
154785705
154785826
154785853
154786231
154786300
154786402
154786418
154786474
154786660
154786844
154786877
154814907
154854676
154854706
154854797
154854821
154854964
154855003
154855036
154855187
154855275
154855346
154856006
154856564
154856608
154858985
154859336
154886497
154886506
154886512
154886568
154886582
154886690
154886735
154886820
154886848
154886906
154886938
154886991
154887064
154887105
154887361
154887389
154887448
154887545
154887714
154887840
154887940
154888196
154888353
154888370
154888375
154888547
154888553
154888651
154888779
154888871
154889019
154889102
154889155
154889348
154889421
154889477
154889638
154889792
154889812
154889979
154889993
154890066
154890227
154890310
154890336
154890451
154890545
154890928
154890931
154891126
154891143
154891311
154891317
154891378
154891445
154891563
154891749
154891795
154891905
154891971
154892033
154892037
154892067
154892418
154892617
154892642
154892866
154893094
154893115
154893150
154893178
154893275
154893312
154893432
154893514
154893519
154893554
154893614
154893683
154893723
154893756
154894030
154894047
154894156
154894159
154894399
154894400
154894478
154894516
154894554
154894632
154895023
154895611
154895652
154895859
154896084
154896150
154896156
154896318
154896497
154896499
154896659
154896859
154896888
154897138
154897209
154897264
154897280
154897287
154897490
154897561
154897619
154897632
154897702
154897935
154898461
154898897
154898923
154898953
154899101
154899208
154899280
154899451
154899535
154899543
154899936
154899982
154900127
154900497
154900498
154900679
154900949
154900983
154901164
154901175
154901341
154901538
154901625
154901803
154901952
154902131
154902138
154902150
154902180
154902197
154902250
154902417
154902638
154902782
154902872
154902878
154902945
154903149
154903242
154903304
154903447
154903473
154903497
154903518
154903531
154903579
154903616
154903631
154903707
154903768
154903845
154903881
154904032
154904389
154904499
154904585
154904681
154904688
154904772
154904966
154904985
154905025
154905038
154905073
154905083
154905089
154905091
154905101
154905105
154905234
154905354
154905446
154905639
154905982
154906037
154906321
154906464
154906478
154906603
154906771
154906773
154906936
154907023
154907045
154907235
154907395
154907853
154908165
154908218
154908227
154908255
154908288
154908385
154908479
154908508
154908519
154908597
154909016
154909161
154909265
154909298
154909345
154909426
154909437
154909513
154909634
154909708
154909747
154909756
154909792
154909938
154910077
154910164
154910177
154910302
154910364
154910464
154910614
154910629
154910658
154910686
154910879
154910968
154911017
154911036
154911101
154911122
154911246
154911251
154911383
154911434
154911582
154911934
154912133
154912151
154912166
154912199
154912298
154912364
154912418
154912419
154912529
154912744
154912773
154912968
154913065
154913243
154913278
154913307
154913403
154913581
154913739
154913829
154913886
154913970
154914030
154914288
154914292
154914304
154914501
154914603
154914617
154914674
154914736
154914754
154915022
154915085
154915086
154915150
154915286
154915357
154915701
154915867
154915922
154915969
154915996
154916120
154916121
154916228
154916293
154916325
154916419
154916668
154917028
154917286
154918019
154918102
154918156
154918260
154918374
154918440
154918634
154918643
154918675
154918702
154918732
154918736
154918841
154918925
154918998
154919167
154919472
154919573
154919598
154919661
154919761
154919816
154919884
154919978
154920010
154920063
154920072
154920383
154920488
154920549
154922074
154943276
154955474
154960460
154967611
154971343
154975023
154988291
154999430
154999669
155010016
155010116
155012305
155012718
155040481
155057451
155061886
155098007
155098235
155099917
155110328
155114143
155115368
155138768
155142030
155150922
155154819
155163142
155163267
155163512
155165641
155165743
155165769
155165772
155165773
155165802
155165857
155165935
155166441
155166457
155166474
155166512
155166520
155166527
155166568
155166595
155166636
155166647
155166661
155166710
155166795
155166838
155166867
155166890
155166894
155166943
155166952
155166959
155166968
155167015
155167026
155167080
155169038
155179922
155180051
155180337
155181369
155182115
155183259
155187832
155188884
155188938
155189001
155189052
155190550
155190989
155191568
155199074
155199093
155199292
155215445
155215471
155215736
155215833
155216079
155217993
155218796
155218818
155218820
155219605
155221875
155223135
155225312
155230903
155240979
155243486
155243622
155243632
155244256
155244326
155244727
155248876
155248922
155249333
155251881
155252129
155252142
155252409
155252455
155252817
155253074
155256289
155256814
155260732
155261325
155262854
155262909
155263098
155267008
155268418
155268420
155268505
155272378
155278354
155278837
155279662
155283802
155285988
155288556
155291439
155292165
155310146
155314406
155314456
155314474
155314485
155314490
155314574
155326293
155339393
155340120
155340284
155340299
155340332
155340345
155340383
155340460
155340484
155340513
155346734
155346791
155346932
155346934
155347005
155347043
155347314
155347380
155347383
155347425
155347452
155347487
155347492
155347508
155347581
155347631
155347647
155350718
155350755
155351184
155352820
155352863
155354694
155354698
155354921
155355513
155355799
155355804
155355830
155356154
155356155
155356176
155356265
155356297
155356881
155356883
155356940
155357339
155368170
155368217
155368306
155368311
155368337
155368344
155368358
155368359
155368403
155368462
155368536
155368576
155368600
155368695
155368719
155368764
155368789
155368853
155368869
155368912
155369620
155369800
155370410
155370525
155371711
155371899
155371915
155372115
155372136
155372149
155372272
155372410
155372704
155372759
155372935
155373455
155374095
155382983
155389264
155390410
155390414
155390474
155390502
155390516
155390520
155390544
155390612
155390664
155390882
155390933
155391117
155391152
155391175
155391183
155391186
155391342
155391420
155391746
155392441
155393314
155393319
155393331
155393417
155393438
155393611
155394052
155394451
155395091
155395149
155396024
155396254
155396787
155397170
155397314
155398823
155400654
155412110
155414245
155427978
155428058
155428113
155428126
155428147
155428281
155428382
155428425
155428440
155428493
155428537
155428544
155428575
155431454
155437081
155439839
155440216
155440236
155443576
155443591
155443594
155443647
155493784
155496160
155521958
155523786
155524036
155525443
155525559
155529447
155548240
155553376
155553537
155554429
155558910
155559396
155559752
155560583
155563314
155564898
155565445
155565871
155567228
155567441
155567785
155568195
155571807
155592697
155592712
155592715
155592787
155592847
155593069
155593089
155593114
155595151
155602739
155614213
155619416
155620020
155620566
155621593
155624204
155624692
155629778
155629794
155629798
155629819
155629867
155629914
155629949
155629959
155630128
155637487
155638675
155638930
155639012
155639058
155639159
155639188
155639374
155639497
155639589
155639658
155645507
155646412
155646813
155647934
155647986
155650945
155653048
155654501
155656464
155657413
155674426
155681078
155681096
155681147
155681167
155681204
155681297
155681332
155689983
155691888
155701339
155701390
155703379
155703409
155703523
155703573
155703695
155703714
155703723
155703846
155704010
155704123
155705142
155705736
155705888
155706061
155706554
155710092
155713929
155714535
155718494
155751606
155751628
155752149
155753526
155755330
155759470
155760120
155761712
155762296
155762418
155763133
155763232
155763262
155763793
155763795
155764883
155765113
155765124
155773074
155773094
155773101
155773159
155773427
155773429
155773475
155773610
155773634
155773917
155773929
155774095
155774114
155774288
155774466
155774493
155774893
155777807
155778757
155778786
155781174
155782336
155784356
155784398
155785192
155785236
155785313
155785344
155785401
155785459
155785474
155785692
155788668
155788817
155794970
155794998
155795018
155795098
155795145
155795186
155795218
155796715
155797242
155797249
155797615
155797758
155797810
155798254
155798331
155798615
155798982
155799228
155799868
155799995
155803285
155803567
155803796
155804037
155804105
155804292
155804302
155804357
155808257
155808277
155808279
155808361
155808608
155808779
155808877
155809104
155809278
155809312
155809561
155809788
155809991
155810497
155810780
155811202
155811270
155811354
155811488
155811527
155824136
155828235
155828266
155829072
155830749
155833319
155833601
155833604
155833666
155833895
155834168
155837387
155878055
155878246
155885076
155885203
155886778
155886811
155886839
155886873
155886914
155886955
155886986
155887048
155887063
155887121
155887127
155887198
155887239
155887256
155887287
155887318
155887351
155887359
155887454
155887500
155887509
155887550
155887553
155887627
155887650
155887655
155887663
155887709
155887734
155887749
155887768
155887802
155887815
155887863
155887864
155887982
155887989
155887999
155888010
155888030
155888056
155888065
155888069
155888092
155888100
155888134
155888319
155888621
155888622
155888779
155889329
155908589
155924382
155924853
155925688
155932341
155932989
155933548
155933582
155933618
155933625
155933632
155933659
155933725
155933736
155933885
155933953
155934136
155975675
155975690
155976086
155976118
155976172
155976219
155976222
155976894
156006055
156019115
156040071
156044237
156054875
156112682
156118320
156169194
156174607
156174663
156175123
156175130
156175135
156175137
156175153
156175161
156175172
156175272
156204711
156204737
156214182
156214233
156214311
156214447
156214808
156214970
156215109
156215348
156215419
156215489
156215681
156215688
156215705
156215864
156215898
156215920
156215972
156216486
156216554
156222510
156234295
156234413
156239398
156239878
156241181
156241245
156241247
156275252
156280584
156290584
156642090
156644907
156644937
156645014
156645066
156645313
156645332
156645519
156645675
156645773
156646160
156646258
156646755
156646791
156647064
156647102
156647323
156647325
156651232
156655110
156666777
156672574
156672877
156679593
156682047
156710975
156725487
156795516
156936014
156936725
156937289
156957714
156957720
156957727
156957756
156963445
157025089
157025100
157025102
157025128
157025209
157025224
157025237
157025288
157025363
157025364
157025383
157025386
157025423
157025444
157025486
157025592
157025625
157025662
157025698
157025766
157025836
157025856
157025896
157026014
157026552
157026679
157026722
157026755
157026985
157027020
157027065
157027072
157027290
157029222
157029515
157032387
157037008
157037189
157044069
157044133
157044340
157044454
157044469
157044496
157044600
157044621
157044887
157044937
157044996
157045017
157045035
157045423
157045446
157045498
157046005
157046555
157054940
157055181
157058379
157058778
157061477
157063735
157063751
157063762
157063832
157067797
157069835
157072627
157073834
157078628
157078646
157079270
157079359
157084562
157085471
157085555
157085807
157086170
157100845
157101167
157102485
157102712
157110905
157133633
157133675
157133704
157133778
157133785
157133794
157133817
157133934
157133975
157133985
157134301
157140576
157142958
157143669
157147381
157147412
157147478
157147553
157147568
157147582
157147612
157147616
157147653
157147657
157147692
157147696
157147727
157147753
157147755
157147762
157147794
157147809
157147826
157147873
157147879
157147908
157147915
157147926
157147954
157147968
157147980
157148018
157148055
157148114
157148115
157148116
157158864
157160354
157166841
157168693
157169223
157170828
157171333
157171825
157172879
157181402
157185578
157198662
157198686
157205641
157205653
157205786
157205825
157205888
157206071
157206274
157206604
157206729
157206816
157206957
157207107
157207181
157244969
157256586
157290024
157335187
157345845
157348077
157349356
157401755
157401850
157401862
157401999
157402116
157402172
157402428
157403066
157403215
157405068
157405580
157405989
157406032
157412982
157413330
157413372
157414885
157421236
157422151
157424718
157424725
157425072
157425424
157451320
157477537
157481241
157481585
157481832
157481946
157482096
157482584
157482798
157483114
157491167
157491395
157491415
157491634
157492977
157493783
157493825
157493833
157493868
157494124
157494626
157494969
157495178
157495323
157495563
157495854
157496364
157496749
157496892
157497084
157497141
157497148
157497268
157497525
157497597
157497927
157497942
157498039
157498172
157498179
157498501
157498913
157498927
157499062
157499097
157499234
157499371
157499400
157499489
157499690
157499692
157500021
157500198
157500224
157500555
157500745
157501413
157510606
157511310
157511347
157511375
157511810
157511897
157511900
157511916
157512001
157512164
157512258
157512353
157513356
157513365
157513533
157517706
157517747
157517831
157518113
157518192
157530151
157549093
157549102
157549118
157549227
157549304
157549319
157549368
157549382
157549428
157549483
157549502
157551519
157553868
157559426
157568107
157568125
157568255
157568283
157568330
157568439
157568473
157568511
157568562
157568600
157568772
157568806
157568861
157569392
157579074
157579413
157579581
157580011
157580303
157592513
157592518
157592574
157616331
157632596
157632728
157634422
157634485
157634616
157634675
157634688
157634954
157635175
157635715
157635814
157635903
157635933
157636202
157636269
157636351
157636680
157636697
157637033
157637082
157637530
157637831
157637860
157638057
157651682
157656513
157660149
157746642
157782385
157803109
157823168
157823804
157825541
157825580
157825692
157825793
157825917
157826028
157826034
157826154
157826889
157826977
157827150
157827207
157833255
157849350
157849369
157849385
157849404
157943574
157943617
157991577
157991648
158007662
158012091
158012097
158019487
158076870
158077291
158078782
158078848
158078888
158078916
158079011
158079023
158079037
158079279
158079299
158095698
158100364
158100645
158100695
158100776
158101042
158112158
158112501
158112541
158112762
158113239
158113813
158114135
158114384
158114428
158114748
158116626
158116752
158116833
158116954
158117090
158120089
158120284
158120374
158120723
158122033
158122359
158140573
158141259
158141267
158141269
158141305
158141307
158141346
158141364
158141366
158141371
158141386
158141412
158141452
158141455
158141460
158141477
158141480
158141497
158141553
158141557
158141586
158141603
158141606
158141614
158141641
158141644
158141648
158141652
158141667
158141669
158153552
158153821
158153860
158153880
158153895
158153896
158153897
158153898
158153931
158153939
158153956
158153965
158153979
158153986
158153989
158154017
158154021
158154056
158154059
158154094
158154114
158154134
158154147
158154180
158169220
158206627
158206986
158208526
158210186
158210187
158210254
158210265
158210273
158210295
158210317
158210360
158210444
158210456
158210499
158210507
158212716
158212793
158212988
158213011
158213111
158213337
158213365
158213460
158213505
158220977
158220983
158221061
158221084
158221113
158221273
158221424
158221527
158221546
158221594
158221602
158221723
158221962
158222176
158223644
158224335
158224423
158224476
158224493
158224599
158224839
158227066
158227075
158227128
158227396
158307012
158307013
158307021
158307029
158307092
158307112
158307157
158307186
158307195
158307205
158307281
158307333
158307341
158307383
158307503
158307533
158307547
158307591
158307600
158348884
158349125
158349210
158349223
158349272
158349273
158380467
158389632
158389712
158389754
158389843
158389870
158389910
158390135
158390282
158390519
158390588
158390647
158390691
158404487
158415543
158416282
158416619
158416623
158417257
158417637
158417751
158417794
158417982
158418011
158418168
158418290
158418291
158418507
158418616
158418682
158418920
158419424
158419684
158419719
158419901
158419972
158420449
158420596
158420789
158421006
158421191
158421290
158421328
158421437
158421486
158421487
158421649
158421936
158422103
158422339
158422538
158422832
158423063
158423166
158423506
158423607
158423678
158423839
158423845
158423932
158424001
158424079
158424490
158424552
158424616
158424704
158424929
158425114
158429933
158456783
158456929
158459411
158459412
158459436
158459448
158459525
158459548
158459607
158461065
158462024
158473113
158473116
158473135
158473155
158473209
158473215
158473306
158473320
158473353
158473374
158473376
158473394
158473429
158473489
158473541
158473547
158473575
158473605
158473612
158473617
158473641
158473712
158473717
158473856
158473877
158473911
158473978
158474006
158474008
158474019
158474020
158474036
158474044
158474052
158474066
158474093
158474128
158474141
158474167
158474210
158474227
158474242
158474250
158474286
158474341
158474344
158474351
158474363
158474440
158474452
158474455
158474490
158474495
158474512
158474514
158474558
158474560
158474586
158474592
158474624
158474655
158474725
158474734
158474765
158474804
158474830
158474890
158474985
158475015
158475016
158475062
158475082
158475098
158475102
158475104
158475116
158475163
158475175
158475206
158475253
158475272
158475494
158475510
158475619
158475638
158475660
158475701
158475707
158475754
158475761
158475763
158475923
158475926
158475937
158476021
158476106
158476129
158476157
158476164
158476194
158476208
158476222
158476224
158476245
158476259
158476281
158476339
158476349
158476390
158476395
158476403
158476414
158476416
158476419
158476454
158476490
158476553
158476598
158476648
158476704
158476734
158476782
158476838
158476934
158492554
158492575
158492589
158492631
158492668
158492737
158492779
158492784
158492800
158492801
158492963
158492970
158493096
158493158
158493173
158493186
158493187
158493225
158493226
158493251
158493264
158493269
158493283
158493322
158493330
158493367
158493403
158493448
158493453
158493500
158493525
158493611
158493615
158493655
158493665
158493678
158493753
158493815
158493866
158493949
158493953
158494006
158494011
158494015
158494065
158494113
158494116
158494118
158494220
158494247
158494369
158494389
158494479
158494512
158494532
158534206
158564548
158595456
158595853
158596203
158596237
158597082
158601899
158603639
158632235
158647317
158647410
158647446
158647481
158647619
158647640
158647645
158647677
158647756
158647791
158647834
158647888
158647914
158647915
158647941
158648022
158648044
158648117
158648142
158648145
158648212
158648252
158648328
158648377
158648404
158648569
158648577
158648722
158648726
158648759
158648819
158648871
158648973
158649071
158649077
158649137
158649189
158649252
158649271
158649384
158649387
158649462
158649521
158649589
158649592
158649856
158650553
158650646
158650668
158650862
158651030
158651320
158651365
158651424
158651459
158651461
158651480
158651750
158651963
158652138
158652210
158652404
158652463
158652464
158652550
158652631
158652642
158652837
158652868
158652948
158652949
158653021
158653551
158653791
158654007
158654492
158654544
158654778
158654789
158654796
158655322
158655339
158655394
158655411
158655572
158655593
158655622
158655630
158655637
158655766
158656292
158656305
158656329
158656371
158656875
158657018
158657400
158657409
158657453
158657506
158657529
158657576
158657584
158657710
158657713
158657766
158657874
158657907
158657969
158657991
158657992
158658000
158658064
158658091
158658198
158658278
158658285
158658329
158658379
158658408
158658437
158658493
158658720
158658940
158658953
158659010
158659318
158659329
158659355
158659356
158659375
158659415
158659421
158659499
158659690
158659714
158659755
158659766
158659777
158659817
158659911
158659957
158659958
158659959
158660014
158660439
158660478
158660518
158660787
158660934
158661110
158661287
158661382
158661579
158661724
158661810
158661929
158661967
158662027
158662034
158662048
158662169
158662264
158662455
158662496
158662579
158662641
158662673
158662777
158662815
158662819
158662881
158663154
158663193
158663216
158663270
158663543
158663736
158663771
158663949
158664066
158664211
158664219
158664321
158664367
158664505
158664631
158664636
158664822
158664860
158664883
158665087
158665215
158665422
158665442
158665785
158665996
158666059
158666097
158666264
158666428
158666580
158666593
158666623
158666900
158666979
158667026
158667064
158667121
158667207
158667283
158667333
158667340
158667818
158667956
158667970
158668114
158668219
158668296
158668532
158668548
158668554
158668654
158668714
158668958
158668962
158669075
158669150
158669157
158669503
158669510
158669572
158669586
158669712
158669752
158669780
158670031
158670095
158670127
158670243
158670276
158670309
158670378
158670621
158670712
158670766
158670956
158671077
158671103
158671257
158671274
158671588
158671729
158671777
158671812
158671896
158672261
158672320
158672342
158672448
158672464
158672554
158672685
158672747
158672856
158672879
158672920
158672928
158672981
158673004
158673079
158673212
158673583
158673778
158673962
158674267
158674410
158674640
158674736
158674862
158674975
158675094
158675163
158675387
158675451
158675683
158675831
158675854
158675883
158675941
158676066
158676111
158676148
158676175
158676431
158676437
158676812
158676839
158676985
158677349
158677744
158678329
158678473
158678503
158678564
158678607
158678617
158678856
158678945
158679043
158679046
158679206
158679514
158679675
158679929
158680162
158680249
158680363
158680406
158680771
158680937
158680977
158681041
158681171
158681440
158694245
158694581
158694690
158694934
158696974
158706535
158708435
158708473
158708481
158708489
158708649
158708693
158708717
158708787
158708801
158708906
158708914
158708931
158708990
158709020
158709031
158709051
158709057
158709058
158709067
158709074
158709076
158709090
158709092
158709124
158709136
158709321
158709338
158709340
158709381
158709445
158709475
158709492
158709609
158709656
158709704
158709721
158709744
158709748
158709798
158709821
158709846
158709914
158709977
158710002
158710010
158710018
158710022
158710028
158712142
158714127
158740960
158743485
158743488
158744628
158756568
158756844
158756852
158757125
158757252
158758268
158758481
158758754
158763208
158764458
158764822
158765106
158765235
158765469
158777334
158777370
158792379
158801461
158803029
158810455
158810721
158810773
158810889
158810950
158811460
158811547
158812493
158812583
158812600
158812960
158815319
158815437
158816203
158816309
158816332
158816724
158850013
158863740
158866396
158869565
158888970
158889936
158890404
158890443
158892876
158904851
159008261
159008502
159009730
159009744
159009874
159010070
159010557
159011913
159011986
159012033
159012893
159012919
159014659
159016280
159017590
159017893
159018032
159018145
159018219
159026917
159034489
159034675
159035395
159035529
159035533
159035563
159035566
159035660
159035662
159035695
159035728
159035730
159035744
159035774
159035826
159035870
159058274
159060255
159060607
159060625
159060635
159060638
159060683
159060709
159060710
159077534
159121768
159121979
159121995
159122215
159122339
159122481
159124028
159124275
159124363
159124733
159124806
159125041
159125199
159125491
159125777
159125841
159126300
159126453
159126794
159126810
159126876
159127021
159127048
159127224
159127267
159127308
159127468
159240919
159241818
159241972
159242061
159242071
159242124
159242138
159242285
159242304
159242356
159242376
159244337
159244377
159244652
159245009
159245222
159245619
159245814
159251408
159259038
159262621
159262765
159263258
159263582
159263610
159263899
159264594
159264805
159267793
159270645
159270819
159270982
159276846
159284628
159285496
159298705
159299043
159299775
159314131
159381658
159385758
159385869
159385950
159386022
159386079
159386190
159387039
159391768
159391769
159391781
159391816
159434151
159438202
159438372
159444648
159444687
159444783
159444856
159444881
159444891
159444960
159445050
159445328
159445330
159482246
159486647
159487182
159495823
159523150
159523871
159552371
159604435
159604438
159622299
159622374
159623648
159644765
159645230
159653188
159653211
159653263
159653367
159653373
159653379
159653469
159653481
159653516
159653517
159653564
159653596
159653621
159653756
159653762
159653846
159653866
159653877
159653921
159654073
159654132
159654359
159654458
159668178
159668230
159669305
159669438
159685496
159692172
159695527
159695659
159695910
159717997
159730274
159730585
159733629
159737470
159766274
159779953
159786540
159787546
159806770
159818924
159818945
159819110
159819195
159819224
159819584
159819631
159819660
159819774
159819876
159819935
159825091
159825817
159826025
159844956
159844977
159844996
159847210
159849666
159849833
159858167
159863576
159865838
159865861
159865866
159865971
159867520
159872154
159880546
159888186
159891034
159908346
159908483
159916181
159947187
159952972
159960523
159960550
159964884
159971114
159973336
160056022
160058853
160060202
160065328
160065329
160067480
160067490
160067608
160067626
160067649
160067695
160067710
160067725
160067745
160067768
160067774
160067815
160067841
160067842
160067860
160067863
160067881
160067890
160067934
160067945
160067967
160067989
160067995
160068016
160068042
160068069
160068095
160068100
160068114
160068115
160068126
160068139
160068502
160069222
160072825
160072856
160072857
160072889
160072915
160072939
160073010
160073012
160073026
160073033
160073043
160073063
160100155
160101509
160104490
160105005
160105053
160105079
160105084
160108211
160115124
160125716
160125933
160138360
160139301
160139478
160143082
160149105
160150739
160175303
160186163
160186703
160205636
160205756
160212770
160213503
160214741
160217323
160217865
160219833
160221263
160221426
160263542
160276851
160278221
160278249
160293492
160294136
160295908
160296363
160296366
160296374
160296414
160296424
160309177
160309902
160310050
160319113
160322834
160325272
160344311
160356624
160368286
160369333
160394196
160394232
160398748
160398750
160399103
160399294
160399380
160399597
160399759
160399769
160399860
160400045
160400130
160400599
160404123
160404504
160406254
160406790
160425050
160439682
160441554
160444669
160455488
160456090
160516413
160516799
160517383
160517393
160518258
160550929
160558170
160559080
160559330
160560128
160570179
160585748
160587171
160601069
160607871
160607919
160607922
160607936
160607991
160608050
160608118
160608151
160609716
160609875
160609967
160618276
160619948
160620041
160621426
160621656
160622041
160661636
160665561
160666892
160667984
160686492
160691325
160705570
160705658
160705684
160705759
160744010
160759193
160784197
160793236
160794474
160797311
160801840
160802013
160815779
160824982
160830211
160830219
160830237
160830305
160830356
160830405
160830426
160830459
160830566
160830646
160830658
160830686
160830688
160830704
160830729
160830747
160830848
160830850
160830915
160830925
160830973
160831012
160831108
160831191
160831271
160831282
160831286
160831309
160831349
160831439
160831540
160831605
160831639
160831646
160835246
160836676
160843358
160843371
160845970
160846784
160847423
160849878
160850759
160853397
160855104
160855149
160875289
160876641
160881615
160887508
160888444
160889593
160893969
160894271
160896383
160898016
160902935
160903830
160903884
160903918
160904134
160906304
160907349
160925100
160925152
160925608
160925690
160925796
160925935
160925938
160926222
160930814
160934895
160934896
160934899
160934970
160934989
160935006
160935022
160935024
160941779
160980590
160989849
160989879
160989883
160989885
160990030
160990101
160990170
160990185
160990326
160990572
160990617
160990670
160990761
160990819
160991128
160991352
160991492
160991567
160996139
160997229
160999991
161008723
161008744
161008956
161009399
161009429
161009449
161009832
161017146
161017452
161019545
161019591
161019622
161019858
161026736
161027053
161027078
161027261
161027418
161027703
161032102
161032605
161032608
161032626
161033161
161033441
161033500
161033525
161033604
161033687
161033995
161034014
161034232
161034328
161034346
161034579
161034612
161034917
161034929
161035017
161035236
161038116
161038341
161038498
161038856
161215070
161217630
161217676
161217824
161218117
161218257
161218285
161228665
161237492
161242068
161246127
161246241
161246300
161246304
161246320
161248283
161253828
161253914
161253919
161253923
161253972
161254090
161254130
161254282
161254330
161254474
161257321
161257610
161257631
161257656
161257706
161257728
161257729
161257749
161257834
161257954
161257958
161257981
161258598
161266300
161266496
161268554
161301582
161307972
161308116
161308144
161308752
161309126
161309303
161310153
161311525
161311536
161311537
161344259
161344264
161374221
161388956
161389719
161390596
161390939
161392547
161399006
161399590
161400293
161403991
161405232
161456144
161456276
161458920
161462139
161466873
161467447
161467502
161467954
161468100
161468231
161468308
161468376
161468598
161468624
161468945
161469210
161469239
161469260
161469462
161469483
161469584
161469633
161470071
161470303
161470663
161470832
161471781
161472679
161473719
161474105
161474576
161474780
161475663
161476090
161477425
161477528
161477574
161477626
161477743
161478069
161478139
161478188
161478795
161478973
161478986
161479442
161479634
161479950
161480184
161480438
161480851
161481089
161481099
161481293
161481852
161481885
161481952
161481993
161482021
161482345
161482783
161483050
161483213
161483337
161483363
161483442
161484083
161484376
161485173
161493207
161498343
161510336
161528424
161528435
161528454
161528464
161532313
161533251
161540801
161542881
161543097
161550698
161550706
161550728
161558885
161559204
161559420
161559814
161559866
161560618
161560630
161560684
161560909
161561411
161562059
161562419
161562475
161562576
161563209
161563349
161563658
161563817
161563922
161564035
161564117
161565327
161566077
161566472
161566476
161566578
161566685
161567516
161567581
161567759
161602033
161616206
161617527
161632730
161632759
161633037
161633134
161633493
161633545
161633660
161633842
161633914
161634250
161710851
161710970
161748655
161842079
161861603
161862737
161865084
161866025
161867941
161868056
161868484
161869519
161869901
161870641
161870835
161874320
161875327
161876290
161876684
161877564
161878889
161892626
161893075
161893393
161893902
161893954
161894615
161894761
161894832
161895044
161895828
161922842
161930366
161936313
161938871
161939610
161944608
161951935
161953569
161953672
161956637
161956805
161960567
161960756
161965476
161965723
161965763
161965875
161965932
161966797
161966953
161974103
161974224
161979353
161979773
161994707
162019045
162022939
162025024
162034086
162036680
162036753
162036851
162038797
162038996
162040042
162040961
162041075
162041081
162041704
162050737
162050745
162051500
162054022
162054072
162054104
162054265
162054332
162054340
162054366
162054418
162054441
162054459
162054475
162054499
162054507
162054584
162054587
162054641
162054664
162054674
162054763
162054772
162054802
162054885
162054897
162054899
162054906
162054918
162054955
162054956
162054980
162055071
162055106
162055209
162055218
162055396
162055509
162055526
162055648
162055892
162055898
162056116
162056138
162056266
162056340
162056348
162056460
162056487
162056514
162056717
162056941
162056967
162057061
162084863
162084864
162087356
162087391
162087410
162087413
162087421
162087461
162087540
162087545
162087632
162087683
162087693
162087798
162087818
162089022
162089026
162089035
162089039
162089042
162089047
162108887
162109359
162116323
162117207
162117400
162122926
162124569
162124600
162124630
162124631
162124659
162124691
162124705
162124707
162124734
162124739
162124759
162124776
162124827
162124832
162124912
162124933
162124962
162124984
162125084
162125087
162125099
162125101
162125131
162125180
162125203
162125213
162125249
162125317
162125384
162125396
162125415
162125537
162125593
162125694
162125769
162125804
162125856
162125906
162125931
162126027
162126040
162126092
162126143
162126225
162126238
162126273
162126315
162126539
162126563
162126595
162126632
162126635
162126760
162126817
162126845
162126856
162127113
162127168
162127236
162127350
162127361
162127370
162127458
162127515
162127587
162127636
162128414
162149121
162149210
162149308
162149323
162149413
162149512
162149589
162149693
162149713
162149767
162163448
162163796
162163845
162163869
162163898
162163934
162163935
162164059
162164094
162164206
162164419
162164534
162173362
162173374
162173425
162173631
162173651
162173726
162173865
162177236
162177410
162180039
162181347
162181969
162182292
162182640
162182795
162182829
162188459
162189964
162190436
162192654
162194571
162197076
162197109
162197187
162197274
162197282
162197392
162197428
162197508
162197558
162197629
162197649
162197720
162197775
162197855
162197890
162198743
162199363
162199497
162199928
162200145
162200180
162200314
162200358
162200796
162200810
162200842
162207624
162211592
162212292
162217485
162246982
162247288
162249428
162258224
162281352
162340357
162340645
162340690
162341697
162349938
162351224
162355025
162357618
162357651
162357771
162358070
162358471
162358936
162359010
162359075
162359079
162359096
162359159
162359203
162359215
162359341
162359422
162359541
162372079
162383851
162383881
162384178
162384189
162384199
162384947
162385044
162385094
162385344
162385461
162385988
162387332
162387393
162397323
162397634
162404306
162404321
162404390
162405013
162423952
162424149
162427037
162427420
162427457
162427491
162427634
162427824
162428238
162428327
162428531
162428612
162428683
162428869
162428949
162428978
162429140
162429143
162429320
162429410
162429439
162429916
162430135
162430232
162430233
162430282
162454348
162460480
162476583
162481136
162481787
162481803
162481850
162487822
162500614
162514231
162516843
162516979
162520261
162521539
162521565
162521587
162531250
162535418
162537241
162537287
162537290
162537340
162537406
162537511
162537593
162537608
162537649
162537683
162537900
162538075
162538091
162538155
162538191
162538199
162538217
162538241
162538283
162538380
162538393
162538412
162538463
162538467
162538523
162538542
162538578
162538651
162538700
162538735
162538759
162538864
162541092
162541096
162541117
162541121
162541631
162541634
162541636
162544070
162549893
162550981
162551008
162573838
162574451
162574481
162574495
162574514
162574520
162577515
162577574
162577575
162577944
162578035
162582720
162583094
162583800
162583953
162585005
162585006
162585010
162585050
162587055
162587190
162587262
162587425
162588332
162590074
162590801
162593473
162593750
162594922
162595798
162596017
162598247
162598297
162598385
162598483
162598733
162598835
162598859
162599453
162599568
162599707
162600039
162600179
162600243
162600334
162600534
162600753
162601042
162601360
162601731
162752251
162752253
162752337
162752424
162752473
162767992
162768247
162770306
162772139
162774157
162777083
162777120
162777123
162777131
162777138
162777144
162777165
162777244
162777248
162777268
162777271
162777278
162777287
162777316
162777408
162777440
162777467
162817852
162818003
162819638
162824196
162830232
162841397
162842561
162865842
162867694
162937747
162938190
162939865
162955029
162955152
162955959
162966789
162973572
162973573
162973586
162973593
162973639
162973649
162973658
162973662
162973688
162973717
162973730
162973751
162973763
162973769
162973909
162973920
162975527
162975544
162975642
162975651
162975654
162975720
162976100
162976181
162976220
162976249
162976424
162976504
162976515
162976521
162976543
162976571
162977022
162977079
162977215
162977222
162977330
162977371
162977600
162978170
162978654
162996993
163021630
163021699
163027204
163027302
163028304
163028592
163028723
163028903
163029684
163032094
163034193
163034238
163034657
163135738
163265592
163281274
163283226
163285566
163370828
163522972
163523041
163523045
163523059
163523060
163523069
163523080
163523139
163523166
163523172
163523204
163523217
163523221
163523223
163523237
163523255
163523263
163523282
163523300
163543628
163543638
163543671
163543799
163543817
163543856
163543888
163544064
163546390
163546400
163549132
163553039
163554381
163562543
163562766
163562912
163563007
163563219
163564006
163564020
163564160
163564420
163564708
163566423
163567344
163567387
163567393
163567400
163567481
163567508
163567528
163567539
163567553
163567588
163569552
163569558
163570467
163570490
163570578
163570579
163570619
163570657
163572311
163573098
163574198
163577960
163577997
163578429
163578600
163579782
163580600
163581489
163582141
163582154
163644224
163660014
163661104
163661159
163664892
163665199
163666429
163668133
163670490
163670738
163671607
163672947
163673376
163674580
163675384
163675924
163676329
163703992
163709061
163710189
163711887
163712468
163712790
163714848
163714857
163715555
163722030
163722615
163724133
163725299
163733831
163738903
163751016
163775570
163780072
163790978
163790980
163791077
163791587
163791716
163792144
163792151
163792766
163792870
163793322
163793600
163793636
163793794
163802554
163803716
163806140
163812034
163815039
163824864
163824870
163826219
163826257
163826287
163826345
163826530
163826576
163826584
163826633
163831782
163831876
163831920
163832055
163842505
163842865
163842887
163843026
163843037
163844711
163848135
163848620
163848796
163848904
163849386
163849519
163854509
163859063
163859297
163863919
163864581
163865034
163866133
163868946
163868968
163869039
163869337
163869431
163871059
163871112
163871117
163871142
163871318
163872195
163872201
163872224
163872330
163872364
163872689
163872706
163872713
163872840
163875736
163875761
163875998
163876163
163876218
163876283
163876573
163876684
163876718
163876767
163877324
163877340
163877394
163877594
163877766
163882532
163884066
163887616
163898478
163898486
163898498
163898499
163898521
163898610
163902584
163903495
163908541
163909126
163912051
163913484
163915120
163929096
163931466
163931497
163931522
163931587
163933886
163934111
163934967
163936841
163936940
163937206
163937558
163937839
163937974
163938923
163939245
164010385
164022316
164022671
164022788
164023149
164023549
164023587
164023857
164023881
164023953
164023956
164023976
164024115
164041347
164041365
164041453
164041543
164041877
164041940
164043844
164043918
164043946
164043983
164044018
164044057
164044093
164044661
164047202
164047224
164047414
164048088
164048162
164048172
164048238
164048289
164048542
164048563
164048589
164052472
164055330
164055451
164055498
164055897
164055984
164056105
164056141
164056190
164056342
164056719
164057282
164057445
164057863
164058071
164059031
164060521
164060617
164060736
164060879
164061541
164061543
164061675
164061730
164061734
164061799
164071552
164071598
164071819
164073033
164074514
164074618
164074653
164074991
164075199
164075687
164075828
164079329
164160587
164160612
164160644
164160679
164161923
164189271
164191513
164193899
164194018
164195401
164195456
164195563
164195576
164209121
164210399
164217695
164229067
164244875
164244963
164244967
164244972
164244997
164245031
164245105
164245207
164245396
164245456
164245556
164250824
164254836
164272505
164286087
164287190
164315404
164317592
164326248
164339285
164339310
164343932
164346118
164347851
164347946
164348924
164352893
164356802
164356832
164356923
164356984
164356995
164357017
164357019
164357107
164357128
164357170
164357212
164357221
164357266
164357340
164357388
164357402
164357491
164357525
164357724
164357725
164357740
164357809
164360596
164362053
164362877
164379838
164403686
164422143
164428857
164428907
164435031
164435379
164435387
164435754
164454891
164454920
164458861
164463926
164464021
164464250
164464381
164464430
164464612
164464700
164464718
164464752
164478745
164491491
164491503
164491530
164491545
164494116
164494450
164494485
164494974
164500851
164500970
164500975
164500980
164501068
164501580
164501774
164530456
164530471
164530551
164532273
164535680
164536069
164536079
164536183
164536365
164536479
164536616
164537519
164537963
164538318
164538468
164539389
164539404
164539475
164539776
164540128
164540137
164540463
164540499
164540515
164540987
164541147
164541591
164541606
164541755
164541822
164542152
164542295
164542299
164542448
164542853
164543146
164551900
164552440
164552469
164552545
164552788
164552894
164552896
164553019
164553363
164553469
164554006
164559821
164568286
164568364
164568411
164581209
164582416
164582805
164583839
164589823
164596276
164596953
164597662
164598303
164598884
164601644
164601939
164602143
164641745
164695301
164704208
164715619
164721530
164728245
164737842
164775849
164778873
164781309
164783578
164785610
164787552
164787600
164789990
164791598
164791629
164792175
164792186
164793447
164793814
164794957
164796000
164796005
164796699
164797593
164797668
164797690
164801529
164801850
164803960
164803988
164805722
164805966
164807843
164808296
164808343
164808568
164809515
164810294
164811103
164811971
164812924
164814698
164814700
164814721
164814775
164814838
164814861
164814875
164814917
164814920
164818232
164820528
164828713
164829291
164829718
164838074
164839257
164839744
164839842
164864055
164930188
164934661
164934919
164936927
164937373
164938157
164938178
164938297
164938375
164938945
164939384
164943273
164945807
164945983
164946249
164946258
164946430
164946455
164947028
164947069
164947206
164947256
164947426
164965404
164968086
164968515
164972793
164974404
164974488
164975333
164977369
164978494
164980515
164981329
164981428
164981859
164981966
164982096
164985354
164985568
164985901
164986251
164986743
164986796
164987381
164987615
164987633
164987781
164993979
165012337
165012464
165012532
165012594
165012595
165012852
165015382
165017177
165018088
165027018
165028041
165028117
165028136
165029379
165029776
165030762
165032306
165041410
165046948
165047689
165084395
165085373
165089921
165091779
165118034
165124067
165144481
165145898
165145910
165145935
165205161
165206784
165211238
165224575
165236107
165236173
165236227
165236253
165236256
165236339
165236341
165236350
165236362
165236406
165236520
165236521
165236541
165236625
165236648
165236651
165236669
165236722
165236751
165237069
165237100
165237105
165237110
165237176
165237189
165237229
165237316
165237336
165237622
165238701
165521406
165587392
165593680
165597592
165600239
165600264
165601330
165622561
165624929
165631075
165631501
165637910
165643290
165650688
165650962
165652373
165652410
165652447
165652729
165652775
165652833
165654368
165654762
165656587
165656660
165656774
165658314
165660279
165661344
165661424
165661443
165665368
165666720
165667232
165667809
165668085
165674744
165674873
165676837
165677265
165678206
165679262
165679333
165679441
165682283
165684456
165686225
165686443
165686931
165687217
165687260
165687323
165687462
165689111
165689313
165689497
165689525
165689682
165690467
165690557
165691143
165691167
165691171
165691351
165699427
165701323
165708908
165708916
165708954
165708988
165709040
165712839
165718279
165747220
165749255
165758223
165758484
165758499
165758512
165758518
165758525
165758722
165758749
165758823
165758867
165758898
165758942
165758948
165759067
165769200
165769726
165772029
165775413
165776248
165778609
165778734
165780414
165780629
165787771
165788917
165789563
165789617
165789673
165797831
165798240
165800639
165802337
165802475
165803579
165807384
165807386
165807387
165807402
165807449
165807451
165807462
165807489
165807522
165807559
165807572
165818217
165818581
165850040
165853972
165853976
165854082
165854306
165854335
165854426
165854452
165864815
165864825
165864870
165864886
165864914
165864969
165865180
165865198
165865357
165865622
165865647
165865787
165865803
165865897
165866227
165866934
165866973
165867431
165867625
165867908
165868039
165868403
165868414
165868504
165868589
165868800
165869003
165883028
165883134
165883148
165883476
165883689
165883710
165883716
165883745
165883751
165883853
165883865
165883958
165884014
165884092
165884169
165884369
165884455
165884596
165884616
165885239
165885293
165885329
165885528
165885529
165886619
165887031
165887265
165887292
165887293
165887433
165887455
165887642
165887691
165887736
165887778
165888027
165888132
165888172
165888247
165888281
165888443
165888536
165888542
165888989
165889216
165889218
165889413
165889494
165889615
165889907
165889917
165890071
165890196
165890254
165890427
165890522
165890598
165890613
165890797
165890884
165890967
165891039
165891332
165891473
165891909
165891982
165892046
165892061
165892319
165892583
165892701
165893335
165893618
165893685
165893760
165893859
165893933
165894051
165894082
165894846
165894953
165895189
165895345
165895668
165895845
165895887
165896075
165896076
165896219
165896361
165896386
165896388
165896566
165896588
165896910
165897242
165897274
165897369
165897613
165897614
165897905
165897917
165898128
165898136
165898198
165898263
165898632
165898727
165898817
165898864
165898887
165899034
165899083
165899311
165899312
165899328
165899438
165899895
165900031
165900260
165900282
165900365
165900428
165900593
165900842
165901005
165901103
165901123
165901130
165901402
165901432
165901501
165901678
165901691
165901704
165901845
165901850
165901907
165902198
165902204
165902277
165902430
165902497
165902513
165902928
165902976
165903080
165903283
165903549
165903550
165903686
165903912
165904072
165904204
165904360
165904739
165904880
165905096
165905289
165905442
165905606
165905631
165905678
165905839
165905951
165905967
165906023
165906088
165906173
165906321
165906393
165906634
165906851
165906901
165906915
165906929
165907308
165907327
165907472
165907753
165907889
165910932
165910978
165911031
165911042
165911121
165911228
165911424
165913417
165913710
165913754
165913803
165923156
165924549
165925779
165926851
165926939
165927038
165927262
165929530
165937553
165937559
165937961
165938394
165938849
165938870
165938872
165938902
165938942
165938943
165938985
165939013
165939098
165941731
165941733
165941920
165943223
165945191
165948151
165963232
165966319
165986169
165986593
165987060
165987551
165989707
165992103
165992125
165995128
165995144
165995171
165995182
165995382
165995481
165995521
165995868
165998014
166005851
166010139
166010608
166010712
166025218
166025228
166025284
166032627
166032841
166032889
166033849
166035024
166035052
166035086
166035189
166035233
166035299
166035357
166035444
166035445
166035461
166035468
166036660
166044475
166054731
166054738
166054919
166054936
166054998
166055041
166055070
166055143
166055161
166055166
166055169
166055231
166055239
166055306
166055310
166055493
166055630
166055674
166055694
166055793
166055822
166056501
166061746
166069207
166069579
166071238
166071270
166071542
166071884
166072504
166079150
166079491
166082964
166087587
166090534
166094171
166094242
166094321
166113815
166119183
166119603
166137044
166137902
166144636
166146343
166146367
166146484
166146577
166146720
166148333
166150978
166151553
166157003
166158894
166159017
166159041
166159050
166159088
166159103
166159136
166159199
166208800
166208944
166209074
166209241
166209334
166209439
166209502
166209519
166209541
166209566
166209824
166212069
166228743
166228785
166228856
166229041
166229323
166229770
166230264
166231238
166231417
166233431
166233578
166294949
166321057
166321828
166329313
166329319
166329328
166330748
166331295
166331800
166331845
166333248
166333745
166334194
166334719
166335473
166339222
166346059
166347095
166378527
166390118
166391683
166391845
166391908
166391962
166391974
166399491
166399726
166399898
166401885
166401897
166402126
166403671
166405259
166405737
166405825
166405865
166410052
166410068
166410113
166410177
166410179
166410258
166410302
166410307
166410341
166410367
166410407
166410440
166410452
166410460
166410594
166410625
166410694
166410719
166410736
166410795
166410797
166410913
166410974
166410998
166411014
166411165
166411184
166411252
166411356
166411365
166411396
166411421
166411449
166411491
166411499
166411559
166411652
166411656
166412645
166413743
166415536
166416678
166429536
166429720
166433305
166433323
166433389
166433397
166433492
166433728
166433729
166433748
166433759
166433784
166437099
166450420
166451200
166453580
166453701
166456441
166457735
166458514
166458515
166458534
166458557
166458674
166458723
166458727
166458914
166458936
166458964
166459188
166459261
166459282
166459346
166459429
166459430
166459801
166459954
166460022
166461448
166461517
166461524
166461543
166461572
166461679
166461759
166477674
166498117
166498300
166498754
166498793
166498869
166498964
166499135
166499987
166500141
166500512
166500521
166500725
166500777
166500816
166500840
166500870
166500876
166500883
166500902
166500959
166500975
166500997
166502475
166502520
166502545
166502550
166502555
166524308
166525319
166525425
166528303
166528353
166532049
166532169
166538328
166546580
166547268
166547385
166547397
166548872
166550180
166550312
166551098
166551213
166551410
166561389
166563269
166563276
166563279
166563280
166563313
166563380
166563383
166563432
166563452
166563503
166566633
166592534
166594755
166640302
166649147
166650071
166650084
166650304
166650421
166650423
166650962
166651038
166651672
166651742
166658000
166664795
167003051
167008065
167011684
167038582
167041415
167041436
167041456
167042576
167047568
167047606
167047798
167047997
167048026
167048161
167048268
167048303
167048396
167048530
167048570
167048719
167049027
167049247
167049410
167049624
167049787
167049813
167049818
167050088
167050332
167050495
167050788
167050888
167050944
167051007
167051140
167051315
167051432
167051523
167051702
167052123
167052319
167053262
167053328
167057717
167057849
167057898
167057921
167061541
167061667
167062732
167110958
167111106
167111526
167111804
167112023
167112810
167112867
167114005
167114249
167120290
167120334
167120810
167120886
167120911
167121259
167121272
167121328
167121878
167121998
167122073
167122208
167122216
167122859
167123249
167123405
167123636
167123663
167123682
167123775
167123867
167123914
167124043
167124091
167124292
167124369
167124562
167124812
167124869
167125864
167125922
167126017
167126156
167126161
167126448
167126843
167126924
167127295
167127328
167128861
167146193
167146208
167146241
167146245
167156722
167156975
167156995
167157169
167157233
167157255
167157797
167162186
167162403
167162408
167162551
167164055
167165213
167166995
167167118
167172876
167173108
167173668
167177954
167181023
167182458
167183139
167183361
167183583
167183987
167183989
167184227
167184263
167184386
167184805
167185093
167187487
167206818
167210341
167210484
167211570
167212237
167213011
167213061
167213820
167213939
167214147
167214462
167214716
167214748
167215059
167215206
167215477
167216333
167218995
167219335
167219337
167219345
167219357
167219365
167220947
167221119
167221585
167222515
167223151
167224031
167224093
167225004
167225022
167237262
167244001
167244005
167244023
167244024
167244027
167244037
167244064
167244110
167244112
167244113
167267127
167269186
167269335
167269550
167269683
167270063
167270149
167270584
167270768
167271132
167271506
167271526
167272107
167272665
167272705
167272737
167294261
167301567
167319087
167333006
167382349
167382360
167382536
167393890
167397432
167397433
167397444
167397455
167397669
167409665
167419273
167419531
167421905
167421979
167425457
167429718
167429745
167429859
167432303
167433493
167434817
167435117
167445255
167445391
167445747
167452652
167452977
167457286
167458039
167468924
167470040
167472396
167473816
167474207
167474438
167474727
167475167
167475194
167475199
167475454
167475714
167476807
167477366
167477583
167477772
167478124
167478412
167478945
167479188
167479713
167481417
167482671
167483500
167489453
167490280
167508688
167508922
167508965
167509364
167509393
167509470
167509491
167509510
167509701
167522810
167524587
167525285
167527935
167543109
167546784
167548514
167550808
167567066
167570503
167578170
167578838
167580462
167580464
167580497
167580504
167580741
167581229
167581475
167581552
167581626
167581674
167581767
167585028
167593992
167594870
167594962
167595050
167595056
167595071
167599229
167607488
167607631
167607652
167607745
167607839
167607852
167607870
167607880
167610501
167611925
167611927
167612007
167612057
167612085
167613172
167615769
167615993
167616052
167616180
167616272
167616444
167616481
167616823
167617033
167617136
167617143
167617221
167617627
167617845
167618051
167618149
167618413
167618581
167618597
167618689
167619005
167619200
167619261
167619305
167619327
167619351
167619381
167620004
167620149
167620209
167620336
167620340
167636775
167636776
167636820
167636900
167636971
167637103
167637427
167637523
167637533
167637541
167637606
167639722
167644520
167644558
167644565
167644692
167645224
167645262
167645318
167645349
167645548
167645605
167645639
167645644
167645745
167645829
167645904
167645919
167645940
167645941
167646023
167646100
167646179
167646202
167646379
167646521
167646607
167647718
167648434
167655126
167655130
167655131
167655155
167655275
167655310
167655347
167655370
167655425
167655514
167655567
167655592
167655626
167655669
167655708
167655751
167655771
167655824
167655833
167655926
167655990
167656006
167656009
167656048
167656237
167656293
167656297
167656300
167656347
167656358
167656411
167656476
167656499
167656516
167656525
167656601
167656627
167656660
167656723
167656741
167656777
167656820
167656892
167656908
167656944
167657052
167657064
167657116
167657130
167657153
167657223
167658852
167658912
167659085
167659098
167665810
167665858
167665892
167666180
167666487
167667056
167668499
167668626
167670852
167671502
167672228
167672335
167672771
167673069
167674339
167674773
167683040
167683825
167683873
167684047
167728194
167728664
167731466
167734837
167776568
167808397
167808575
167808752
167809041
167809121
167809147
167809244
167809263
167809537
167809539
167809638
167809852
167809920
167809953
167809956
167810021
167810028
167810103
167810261
167810315
167810324
167810447
167810503
167810523
167810760
167810770
167810790
167810800
167811030
167811091
167811211
167811265
167811317
167811482
167811500
167811565
167811732
167811739
167811825
167811836
167811854
167811893
167812101
167812371
167812448
167812544
167812853
167812857
167813040
167813069
167813160
167813170
167813705
167814171
167814764
167815208
167815700
167816004
167816707
167850823
167850852
167850902
167850909
167850950
167851004
167851049
167851054
167851088
167851134
167851207
167851236
167851317
167851321
167851325
167851339
167851346
167851434
167851532
167851538
167851600
167851638
167851847
167851888
167851910
167851937
167851939
167851961
167851978
167852050
167852053
167852158
167852168
167852226
167852244
167852341
167852379
167852381
167852423
167852609
167852667
167852672
167852869
167852907
167852943
167853028
167853083
167853085
167853183
167853221
167853284
167853376
167853396
167853516
167853554
167853558
167853613
167853673
167853797
167853804
167853805
167853821
167853847
167853850
167853871
167853874
167853875
167854050
167854098
167854101
167854135
167854217
167854242
167854276
167854326
167854328
167854331
167854370
167854496
167854510
167854514
167854598
167854609
167854611
167854613
167854658
167854716
167854724
167854758
167854762
167854767
167854815
167854853
167854954
167854983
167855028
167855036
167855193
167855272
167855314
167855369
167855450
167855509
167855519
167855521
167855581
167855715
167855795
167855812
167855826
167855919
167855939
167856000
167856046
167856071
167856073
167856111
167856301
167856319
167856437
167856451
167856549
167856584
167856705
167856746
167856809
167856978
167856997
167857001
167857113
167857349
167857460
167893277
167893541
167893723
167897314
167907282
167922611
167924754
167928250
167928430
167931405
167931695
167931793
167931880
167932678
167937481
167937786
167937879
167938210
167938347
167938521
167938771
167939434
167939753
167939799
167939859
167949482
167949694
167949722
167949808
167949858
167950035
167950274
167950385
167950402
167950480
167950561
167950615
167950626
167950662
167950663
167950676
167952295
167952299
167952332
167952395
167952428
167952433
167952504
167952564
167952598
167952633
167952646
167953463
167953467
167953515
167953718
167957954
167958673
167959025
167959209
167959573
167959609
167959685
167959889
167959965
167959993
167960107
167960431
167960494
167961765
167961901
167962061
167962402
167962420
167962964
167963322
167963563
167963637
167963650
167963850
167964195
167964200
167964567
167964672
167965215
167965225
167965285
167965460
167965762
167966351
167967800
167969367
167969372
167969504
167972464
167975834
167975854
167976401
167977731
167977889
167978038
167978100
167978598
167979128
167979699
167980541
167980578
167980595
167980616
167980656
167980734
167980752
167980756
167980777
167980782
167980860
168004956
168006669
168006695
168006799
168040155
168040420
168040546
168054611
168061326
168063633
168065444
168072153
168072300
168073720
168073855
168073879
168073934
168074103
168074392
168074565
168077009
168077715
168077716
168077801
168077818
168077835
168078036
168078047
168078204
168078320
168082203
168090538
168090545
168090559
168090606
168090666
168090868
168091013
168091088
168092877
168094374
168104624
168104640
168110329
168110351
168110355
168110448
168110459
168110740
168120948
168121193
168125940
168153173
168159445
168161713
168169100
168181612
168195452
168195456
168195597
168201432
168202172
168202196
168202753
168203091
168203157
168203706
168203755
168204301
168204975
168207250
168207657
168208333
168208766
168209189
168209525
168210617
168217884
168221951
168222855
168227246
168227373
168227495
168227944
168228083
168228351
168228474
168228674
168228904
168228909
168228939
168228944
168229082
168232417
168267643
168267652
168267655
168267657
168267676
168267686
168267689
168267698
168267702
168267705
168267725
168267729
168267745
168267772
168267781
168267788
168267793
168267794
168267800
168267827
168267831
168267836
168267840
168267854
168267857
168267865
168267911
168267917
168267939
168267959
168268016
168268043
168268045
168268047
168268061
168268077
168268088
168268092
168268102
168268115
168268147
168268153
168268168
168268187
168268224
168268235
168268240
168268265
168268270
168268308
168268316
168268326
168268395
168268403
168268425
168268441
168268465
168268485
168268488
168268499
168268531
168268552
168268571
168268593
168268603
168268614
168268623
168268648
168268656
168268661
168268675
168268703
168268732
168268755
168268760
168268764
168268767
168268789
168268794
168268800
168268834
168268840
168268849
168268858
168268896
168268912
168268920
168268939
168268950
168268965
168268969
168268970
168268987
168268999
168269012
168269027
168269031
168269063
168271064
168271152
168271161
168271248
168271555
168271695
168271724
168277741
168280632
168293537
168293640
168293787
168293811
168294034
168294040
168294046
168294143
168294305
168294534
168294611
168294682
168294684
168294685
168295099
168295244
168295362
168295370
168295404
168295501
168295622
168295861
168298534
168298882
168299114
168299216
168299222
168299942
168300028
168300212
168300654
168300670
168300735
168301096
168310510
168310789
168311101
168311468
168311826
168311894
168321172
168322051
168322101
168322169
168322195
168322199
168322242
168322269
168322316
168322322
168322370
168322394
168322472
168322476
168322570
168322575
168322587
168322635
168322751
168322912
168322966
168323030
168323230
168323244
168323246
168323297
168323312
168323395
168323407
168323446
168323500
168323542
168323590
168323591
168323776
168323797
168323811
168323824
168323883
168323894
168323895
168323986
168325640
168332145
168337930
168349602
168349994
168349999
168350025
168350047
168350221
168350267
168350331
168350338
168350357
168350502
168350521
168350543
168350559
168350691
168350725
168350728
168350838
168350844
168350881
168350937
168350985
168351037
168351059
168351061
168351077
168351183
168351245
168351252
168351297
168351376
168351381
168351498
168351504
168351518
168351537
168351550
168351587
168351695
168351770
168351775
168351809
168351854
168351915
168353523
168353546
168353573
168353663
168353677
168353781
168353830
168353874
168353891
168353943
168353987
168354028
168354053
168354081
168354099
168354213
168354227
168354234
168354289
168354373
168354420
168354565
168354594
168354688
168354712
168354761
168354824
168354827
168354889
168354893
168354938
168354957
168355061
168355075
168355090
168355099
168355130
168355195
168355279
168355317
168355388
168355419
168355421
168355493
168355576
168355651
168355682
168355867
168355876
168355982
168356125
168356130
168356189
168356192
168356196
168356268
168356270
168356308
168356313
168356328
168356332
168356419
168356471
168357034
168357090
168357177
168357245
168357393
168357395
168357401
168357511
168357581
168357626
168357641
168357674
168357675
168357705
168357741
168357778
168357835
168357893
168357908
168357957
168358037
168358104
168358107
168358117
168358140
168358206
168358294
168358312
168358453
168358472
168358494
168358544
168358661
168358674
168358697
168358728
168358779
168358824
168358836
168358846
168358862
168362904
168362932
168362993
168363122
168363224
168363313
168363328
168363458
168363493
168363496
168363538
168363566
168363573
168363638
168363694
168363713
168363980
168364032
168364073
168364205
168364224
168364365
168364383
168364503
168364534
168364548
168364556
168364707
168364891
168364945
168364957
168364958
168365026
168365194
168365241
168365350
168365427
168365455
168366052
168366077
168366133
168366161
168366276
168366298
168366304
168366330
168366355
168366451
168366474
168366486
168366562
168366584
168366601
168366650
168366695
168366708
168366733
168366776
168366842
168366854
168366892
168366974
168367148
168367275
168367297
168367352
168367379
168367440
168367462
168367463
168367484
168367602
168367618
168367626
168367627
168367644
168367751
168367774
168367822
168367869
168367935
168368302
168368482
168368529
168368570
168368726
168368732
168368739
168368791
168368872
168368900
168369162
168369195
168369244
168370026
168370121
168370177
168370213
168370233
168370247
168370248
168370342
168370369
168370471
168370476
168370559
168370650
168370666
168370717
168370747
168370748
168370749
168370788
168370791
168370816
168370832
168370958
168370982
168371038
168371039
168371096
168371145
168371201
168371211
168371258
168371308
168371389
168371413
168371418
168371458
168371462
168371529
168371566
168371583
168371645
168371819
168371824
168371862
168371870
168371945
168373977
168382485
168388526
168404037
168415315
168459958
168459987
168460061
168460083
168467727
168493872
168494013
168494349
168494516
168494789
168494791
168495085
168495103
168495360
168495551
168495582
168495910
168495940
168495987
168496142
168496250
168496255
168496330
168496331
168496391
168496518
168496777
168497742
168498022
168498071
168498163
168498207
168498260
168498357
168498441
168498445
168498472
168498741
168498785
168498831
168498881
168499001
168499018
168499073
168499122
168499217
168499238
168499281
168505259
168505919
168508151
168514241
168514251
168514311
168514332
168514386
168514417
168514475
168514487
168514562
168514597
168514675
168516735
168518246
168518339
168518363
168518532
168519174
168519183
168519194
168519248
168521008
168521559
168522991
168525433
168526849
168527389
168528135
168529476
168532025
168532070
168535318
168535506
168535613
168539370
168539407
168539647
168545968
168546114
168546206
168548004
168550489
168550515
168550631
168552095
168562391
168562444
168562526
168562620
168562648
168562650
168562847
168562912
168562968
168563069
168563088
168563171
168563231
168563295
168563353
168571816
168577282
168577305
168577320
168577731
168580866
168581887
168582199
168584990
168586126
168586282
168586650
168608012
168642628
168643720
168643952
168644296
168644350
168644461
168644475
168644511
168644723
168645002
168653260
168653267
168653277
168653378
168653444
168653514
168654355
168659471
168662790
168662865
168662866
168662959
168663001
168663016
168663154
168663187
168663194
168663276
168663282
168663559
168703861
168704022
168704033
168704034
168704039
168711251
168711271
168711273
168711298
168711308
168711379
168711395
168711425
168711437
168711555
168711590
168711604
168711662
168711667
168711738
168711748
168711814
168711837
168711860
168711883
168711940
168711961
168712047
168712068
168712073
168712116
168712120
168766894
168768935
168769048
168769093
168769126
168769128
168769164
168775865
168776524
168779209
168789400
168790882
168790893
168791011
168791114
168791251
168791267
168807062
168807072
168807125
168807197
168807306
168807496
168807504
168807524
168807685
168807740
168807813
168808000
168808001
168808051
168808055
168808168
168808189
168808206
168808246
168808545
168808657
168808658
168808661
168808717
168808842
168808946
168808977
168809086
168809148
168809278
168809288
168809377
168809514
168809647
168809827
168809832
168809833
168809842
168810152
168810266
168810315
168810537
168810556
168810583
168810728
168810807
168810851
168810892
168811518
168811629
168811708
168811795
168811920
168812030
168812033
168812036
168812293
168812300
168812473
168812533
168812644
168812793
168812813
168812820
168812862
168812891
168813039
168813329
168813345
168813477
168813637
168813874
168813892
168813923
168813947
168814443
168814542
168814840
168815088
168815135
168815204
168815212
168815239
168815307
168815315
168815366
168815432
168815502
168815524
168815770
168815866
168815896
168815946
168816002
168816062
168816129
168816159
168816169
168816297
168816437
168816459
168816476
168816606
168816612
168816682
168816872
168816937
168817078
168817082
168817193
168817202
168817265
168817339
168817501
168817516
168817571
168817581
168817724
168817879
168817930
168817936
168818058
168818167
168818178
168818367
168818429
168818467
168818540
168818590
168818609
168818753
168818762
168818837
168818854
168818923
168818947
168819485
168819731
168820315
168820426
168820517
168820615
168820624
168820667
168820735
168820781
168820829
168820953
168821292
168821486
168821560
168821706
168821734
168821846
168821924
168822076
168822127
168822262
168822359
168822416
168822620
168822664
168822708
168823026
168823031
168823140
168823151
168823185
168823209
168823289
168823291
168823330
168823339
168823464
168823521
168823576
168823640
168824120
168824272
168824285
168824317
168824435
168824598
168824684
168824839
168825040
168825093
168825173
168825363
168825474
168825641
168825775
168825792
168825925
168825976
168825996
168826047
168826068
168826074
168826123
168826360
168826380
168826470
168826629
168826665
168826691
168826976
168827057
168827061
168827074
168827082
168827091
168827130
168827161
168827326
168827366
168827480
168827485
168827517
168827547
168827720
168827739
168827795
168827809
168827906
168828237
168828318
168828444
168828509
168828661
168828723
168828850
168829021
168829184
168829388
168829417
168829438
168829987
168830171
168830273
168830443
168830506
168830557
168830766
168830897
168831002
168831464
168831514
168831519
168831598
168831867
168831893
168832056
168832120
168832158
168832334
168832372
168832415
168832534
168832537
168832784
168832823
168832908
168832964
168833015
168833033
168833038
168833067
168833236
168833299
168833398
168833570
168833576
168833579
168833586
168833657
168833805
168833881
168833920
168834135
168834150
168834651
168834717
168834826
168834832
168834942
168834990
168835011
168835052
168835215
168835371
168835385
168835581
168835583
168835628
168835848
168835953
168835998
168836108
168836134
168836193
168836275
168836282
168836302
168836456
168836468
168836506
168836536
168836556
168836854
168836927
168837020
168837091
168837108
168837267
168842221
168842223
168842294
168842351
168842457
168843667
168846224
168854116
168858443
168867309
168867338
168871617
168875924
168877877
168878670
168878755
168878806
168878854
168878902
168880649
168880680
168882308
168882508
168896053
168896117
168896216
168896269
168897311
168897318
168897758
168900424
168906011
168908846
168919919
168929059
168953976
168954132
168954141
168954258
168954277
168955225
168955382
168955431
168955473
168955478
168955523
168964039
168964047
168964217
168964237
168964276
168988696
168988702
169002114
169005766
169006665
169008174
169012196
169012245
169013068
169013600
169013762
169014282
169014293
169014341
169014594
169016625
169018558
169021832
169025862
169026334
169036004
169038260
169041053
169043547
169044184
169045623
169046479
169046497
169047584
169048615
169050842
169052863
169053620
169053655
169054969
169064955
169066147
169067439
169068793
169075174
169081116
169083279
169084367
169090226
169091210
169093778
169095998
169100728
169100794
169100810
169100913
169101175
169101226
169101367
169101435
169101445
169101552
169101562
169101589
169101779
169101938
169102016
169102044
169102214
169102312
169102468
169102707
169102750
169102909
169102933
169103069
169103177
169103233
169103373
169103379
169103419
169103500
169103587
169103591
169103737
169103857
169103871
169104025
169104165
169104269
169104302
169104352
169104375
169104636
169104850
169105104
169105120
169105122
169105222
169105674
169105736
169105871
169105929
169106356
169106449
169106472
169106555
169106590
169107021
169107054
169107170
169107196
169107261
169107315
169107369
169107446
169107465
169107505
169107757
169107814
169107968
169108013
169108351
169108373
169108434
169108465
169108613
169108838
169111859
169112186
169112247
169112593
169112667
169113177
169113248
169113375
169113520
169113554
169113582
169113606
169113692
169113871
169114053
169114130
169114347
169114419
169114431
169114457
169114561
169114629
169114643
169114748
169114777
169114816
169114949
169114962
169115078
169115262
169115454
169115495
169115590
169115658
169115932
169115945
169116152
169116190
169116198
169116335
169116420
169116421
169116556
169116887
169117079
169117334
169117410
169117453
169117542
169117589
169117616
169117834
169117962
169118066
169118265
169118566
169118658
169119191
169119360
169119379
169119382
169119469
169119486
169119703
169119722
169119791
169127373
169127489
169128274
169128288
169128404
169128482
169128536
169129940
169130617
169130740
169135988
169136397
169193260
169193421
169194131
169194432
169194451
169194490
169194543
169198060
169201180
169208342
169218745
169218921
169219569
169230340
169230378
169230547
169232459
169232485
169244959
169244975
169247980
169249390
169260737
169260829
169261018
169261056
169261448
169261562
169261756
169261807
169264033
169269184
169269935
169269957
169269970
169269975
169269978
169270014
169270046
169270081
169270110
169270130
169270203
169270215
169270228
169271157
169273951
169274105
169274747
169276479
169276523
169277636
169280324
169280685
169309416
169312755
169312859
169314069
169329166
169329204
169331377
169331387
169332880
169334339
169336420
169338015
169339418
169339530
169339535
169340039
169340715
169340724
169340948
169341008
169341123
169341128
169341198
169341325
169343346
169343492
169347120
169347182
169347669
169347802
169356801
169356868
169356896
169357186
169363803
169366062
169366233
169366291
169366468
169372105
169372242
169372424
169375794
169375908
169375956
169378859
169380182
169380528
169383940
169384024
169389893
169391539
169391809
169393006
169395785
169396867
169398677
169402576
169408811
169409124
169412137
169412139
169412176
169412188
169412190
169412206
169413267
169413301
169413411
169415416
169415737
169415739
169415765
169417285
169417303
169417312
169422347
169434402
169436804
169438837
169438880
169440019
169446559
169449037
169449059
169450854
169450933
169451098
169451157
169451700
169451724
169452100
169452339
169452569
169452831
169452838
169453020
169453022
169453276
169453397
169453445
169456422
169456789
169457265
169457450
169459395
169459652
169459697
169459711
169461739
169461914
169462059
169462188
169467562
169468080
169472400
169472411
169474430
169483160
169483860
169488640
169492942
169492944
169492991
169493858
169493945
169499553
169499922
169514400
169514462
169514520
169514753
169514794
169514798
169514813
169514894
169514938
169514943
169515003
169515031
169515046
169515154
169515227
169515242
169515248
169515323
169515374
169515431
169515442
169515517
169515549
169515554
169515586
169515623
169515642
169537765
169537778
169538559
169544589
169545264
169567394
169567463
169567767
169567898
169568151
169568331
169568485
169568597
169568790
169568879
169569195
169569471
169569558
169570956
169575325
169577489
169577530
169603922
169621163
169622407
169623063
169623859
169624114
169624231
169624436
169629013
169629065
169629114
169629402
169630206
169631303
169631864
169631968
169632331
169632359
169632444
169633708
169634280
169634725
169635662
169638168
169638738
169640411
169641321
169641659
169641752
169641955
169642011
169642869
169646734
169647441
169651885
169655307
169655400
169655797
169655955
169656060
169656079
169656503
169656551
169656649
169657101
169657132
169682184
169682609
169683552
169683912
169684085
169684270
169685159
169685245
169685281
169685356
169685376
169685440
169685446
169685554
169685565
169685570
169685616
169685717
169685723
169685734
169685757
169685768
169685775
169685828
169687312
169687581
169688129
169688249
169694352
169703957
169712281
169712285
169712314
169712320
169712338
169712387
169712459
169712482
169712599
169712603
169712646
169712648
169712685
169712686
169712705
169712808
169712857
169712935
169713027
169713039
169713138
169713158
169713227
169713273
169713323
169713324
169713365
169713467
169713551
169713561
169713620
169713627
169713648
169713654
169713713
169713841
169713891
169713951
169713969
169714047
169714059
169714096
169714139
169714178
169714182
169714385
169714409
169714487
169729406
169732902
169733022
169734310
169734369
169734386
169734393
169734402
169734447
169746655
169758018
169758033
169770330
169770373
169770679
169770756
169770836
169770942
169772324
169772337
169772396
169772405
169772438
169772440
169775135
169775167
169775282
169775436
169775480
169775496
169775571
169775615
169775645
169775684
169775721
169775741
169775748
169775758
169775768
169775819
169775856
169778150
169778296
169793907
169797909
169801944
169803731
169804386
169810119
169812402
169817080
169817081
169817116
169817126
169817143
169817211
169817237
169817305
169817371
169817545
169817558
169817631
169817643
169817671
169828389
169828521
169828650
169841346
169842029
169847013
169847780
169848085
169848121
169848589
169848818
169849047
169849241
169849538
169859745
169859773
169859791
169859970
169860127
169861801
169861811
169861849
169868874
169879768
169897439
169900935
169905719
169909372
169909986
169914055
169916853
169918368
169918422
169924504
169935548
169936205
169957838
169957963
169958038
169963007
169966622
169966681
169973174
169978823
169987121
169987225
169987266
169987458
169987606
169987896
169987984
169988010
169988540
170077392
170093762
170093785
170093792
170093990
170098440
170105884
170105959
170107286
170108334
170108341
170108462
170108530
170111073
170112743
170113607
170114094
170117894
170120728
170121793
170123949
170125499
170125539
170125708
170126072
170126779
170126842
170126853
170126884
170126983
170127604
170127764
170130268
170131775
170131857
170131964
170132968
170135203
170136645
170136909
170141398
170141499
170142374
170143296
170143297
170143325
170143334
170143388
170143415
170143437
170143485
170143490
170143496
170143526
170143557
170143590
170143591
170143602
170143656
170143690
170143721
170143738
170143743
170143781
170143800
170143842
170143857
170143914
170144021
170144031
170144049
170144054
170144127
170144151
170144188
170144200
170144254
170144348
170144418
170144466
170144490
170144494
170144514
170144541
170144601
170144605
170144616
170144687
170144734
170144758
170144759
170144769
170144803
170144806
170144816
170144823
170144862
170144890
170144891
170144896
170144920
170145003
170145007
170145045
170145206
170145261
170145301
170145307
170145311
170145335
170145408
170145452
170145484
170145526
170145539
170145586
170145629
170145651
170145716
170145749
170145783
170145814
170145868
170145899
170145958
170146019
170146057
170146058
170146113
170146115
170146147
170146170
170146294
170146300
170146310
170146319
170146320
170146347
170146442
170146464
170146502
170146605
170146641
170146792
170146804
170146870
170146875
170146940
170146947
170146985
170147032
170147038
170147074
170147150
170147160
170147200
170147547
170147581
170147741
170147910
170148524
170149132
170149251
170149510
170149651
170149853
170149980
170150023
170150146
170150289
170150297
170150380
170150549
170150641
170150886
170151147
170151223
170151670
170151817
170151864
170153659
170153971
170154134
170154162
170154257
170154271
170154330
170154478
170154501
170154521
170154529
170154571
170154675
170154933
170160279
170160305
170160341
170161158
170165287
170165288
170165294
170165306
170166227
170167532
170167898
170177492
170177567
170177677
170177695
170177710
170177720
170177807
170178227
170181328
170187538
170187676
170210024
170241645
170241793
170241801
170247379
170248387
170249123
170249159
170249398
170249479
170253910
170255763
170262388
170263025
170263756
170265453
170265659
170267754
170267818
170274091
170274877
170275011
170275030
170275379
170275396
170275429
170275536
170275575
170275631
170275665
170275692
170275762
170275789
170275799
170275833
170275872
170275874
170275980
170276071
170276075
170276134
170276197
170276324
170276493
170276718
170276723
170276747
170276785
170276900
170276912
170276943
170276950
170277005
170277052
170277088
170277125
170277165
170277199
170277239
170277246
170277262
170277287
170277313
170277322
170277363
170277401
170277402
170277456
170277530
170277585
170277588
170277685
170277853
170278058
170281382
170281543
170281935
170282989
170286732
170288161
170288304
170288461
170289210
170296923
170299734
170300151
170310811
170310840
170310963
170310971
170311235
170311252
170311370
170311438
170312744
170312840
170312895
170315256
170315864
170317537
170317687
170317808
170318125
170318207
170318231
170318245
170318270
170323988
170324057
170325216
170329908
170330239
170332725
170332748
170332839
170332857
170332873
170333013
170333664
170334822
170335907
170335954
170336080
170336206
170336462
170336911
170336936
170337282
170337341
170337612
170338840
170339504
170339509
170339512
170339556
170340671
170346320
170347152
170347292
170347294
170372175
170372217
170372593
170374543
170382626
170385882
170385974
170386711
170389538
170391107
170391233
170391358
170391684
170391858
170393830
170395012
170397125
170397514
170397702
170397727
170397831
170397889
170398155
170398191
170398434
170398642
170398693
170399260
170399702
170400381
170400978
170401547
170401582
170401716
170401830
170402562
170403298
170403553
170403792
170403859
170403930
170404455
170404518
170404691
170405427
170405741
170405750
170421749
170421775
170421814
170421834
170421903
170421905
170422157
170423688
170426195
170433249
170433260
170433712
170433970
170434109
170434250
170434262
170434267
170434270
170434398
170437595
170437666
170437783
170438016
170438025
170445610
170449453
170449600
170452762
170460865
170461070
170461250
170463315
170463585
170465765
170478160
170478210
170478270
170480357
170480705
170480757
170481182
170481217
170481301
170481501
170481936
170482165
170482503
170490893
170497469
170497527
170497554
170497562
170497567
170497593
170497682
170497686
170497696
170497699
170497700
170497737
170497786
170497801
170497831
170497879
170498072
170498079
170501130
170501413
170501933
170510937
170519794
170523419
170523423
170523588
170528050
170568160
170568756
170583251
170600167
170605136
170605213
170605367
170606026
170606183
170606426
170606716
170606876
170606915
170607038
170607224
170607361
170607553
170607652
170607739
170607766
170607903
170607952
170607958
170608005
170608287
170608373
170608462
170608479
170608695
170608761
170608921
170609323
170609324
170609739
170609766
170609914
170610272
170610396
170610518
170610582
170611397
170615120
170615851
170618500
170621560
170629442
170630087
170630516
170633374
170638672
170638886
170639014
170639029
170639495
170639608
170641212
170646764
170648900
170649060
170649119
170649194
170649209
170649250
170649459
170649544
170649566
170649626
170649691
170649970
170650075
170650080
170650172
170650176
170650234
170650339
170650612
170650767
170650769
170650887
170650974
170651060
170651186
170651297
170651301
170651697
170651965
170651981
170652066
170652145
170652155
170652249
170652516
170652887
170652996
170652998
170653012
170653016
170653101
170653110
170653126
170653144
170653254
170653274
170653288
170653443
170653468
170653478
170653483
170653669
170653692
170653734
170653753
170653791
170653859
170653863
170687752
170702968
170709047
170713489
170714818
170715660
170720010
170720142
170720267
170720345
170720371
170720456
170720511
170727476
170727479
170727510
170727547
170727682
170728993
170730164
170730216
170730277
170730314
170734603
170735342
170736482
170736483
170736669
170736920
170736980
170737095
170737113
170737127
170740787
170741179
170741199
170741761
170744017
170744803
170745005
170745477
170745959
170748358
170748371
170748441
170748493
170751903
170752032
170752056
170752074
170752095
170752118
170752131
170752245
170754343
170754356
170754409
170754449
170754502
170755105
170756463
170756482
170756508
170762728
170762761
170768829
170771024
170771185
170771545
170772039
170772331
170776093
170776110
170807002
170814737
170814744
170814857
170817651
170835168
170835371
170835845
170835930
170836333
170836572
170836616
170836967
170836982
170837952
170838012
170842486
170842622
170842779
170842870
170842895
170843065
170843106
170848166
170850517
170851941
170852898
170854979
170857659
170858236
170858472
170858524
170858706
170858816
170858830
170859024
170860500
170860584
170860779
170860793
170861151
170863202
170867409
170868248
170868316
170868661
170868831
170869428
170869668
170869717
170870140
170870545
170870622
170870722
170870741
170871818
170880731
170882807
170887856
170895675
170914716
170916642
170916756
170916915
170917030
170917038
170917212
170917247
170917249
170917706
170918609
170919382
170920094
170924222
170927496
170954842
170956538
170963054
170965599
170970234
170979593
170984415
170988953
170989185
170992437
170994869
170994882
170999404
170999419
170999990
171001033
171002507
171007523
171009155
171009347
171020849
171020917
171021848
171021955
171050370
171052056
171070161
171076263
171076769
171078527
171078843
171079717
171080330
171080592
171083617
171084226
171086517
171093370
171093908
171093939
171094525
171094539
171095956
171096000
171096141
171096189
171096250
171096275
171096301
171096893
171096916
171096920
171096938
171096954
171096956
171096972
171096993
171097050
171097407
171097550
171102151
171103450
171103484
171103519
171104177
171104260
171104261
171104312
171104320
171104611
171104818
171108621
171108771
171109105
171109654
171110473
171116486
171116492
171116511
171116553
171116641
171117150
171117907
171117941
171118019
171118068
171118166
171118185
171121859
171127220
171127233
171132067
171132105
171132235
171132337
171132402
171132702
171133579
171134878
171137991
171144621
171144636
171151773
171151812
171152173
171152231
171152259
171152264
171152286
171152380
171152407
171152415
171152442
171152462
171153179
171153506
171153684
171153882
171154433
171165843
171166147
171166238
171166245
171166767
171169127
171169644
171176587
171178077
171178176
171181973
171182170
171184700
171185145
171185183
171185248
171185689
171185707
171185777
171185793
171185918
171195001
171195044
171195190
171195830
171196974
171196988
171197009
171197073
171197075
171197202
171197231
171197261
171197320
171197330
171197450
171197594
171197971
171198905
171199115
171199134
171199221
171199256
171199399
171199445
171202520
171208401
171208524
171209317
171209664
171210021
171210168
171210173
171213044
171213140
171214872
171218740
171218776
171218789
171218796
171231253
171233582
171247601
171247654
171247667
171249418
171249945
171257583
171258375
171258467
171258476
171258594
171258642
171258817
171259218
171259239
171259287
171259450
171259461
171286811
171290556
171308390
171318957
171320863
171321670
171323126
171325157
171325416
171327846
171327896
171328396
171405768
171435578
171438873
171439560
171448495
171448657
171448723
171448744
171448787
171451260
171455197
171463856
171464033
171469082
171469086
171469688
171469772
171469979
171470173
171476400
171486513
171486575
171487369
171487378
171487394
171489528
171489757
171490217
171490262
171491330
171491436
171491669
171491700
171491775
171491857
171492220
171492408
171492572
171492657
171492833
171492999
171493171
171493240
171493269
171493334
171493449
171493567
171493959
171504081
171507789
171507834
171507860
171508881
171511299
171515918
171515961
171516008
171518883
171519300
171519345
171521595
171525937
171526006
171536972
171543517
171543698
171543700
171543704
171543709
171543721
171543725
171550994
171551038
171555131
171555374
171556660
171557066
171570361
171570882
171571005
171571161
171571185
171571211
171571241
171571587
171572468
171572694
171572741
171572743
171572778
171574583
171579191
171579311
171579682
171580004
171580090
171591565
171591595
171593400
171593482
171593485
171593845
171612912
171612983
171618418
171623171
171623231
171623235
171623239
171623258
171623262
171623299
171624364
171624369
171626404
171626499
171627953
171644906
171645293
171651024
171651864
171653122
171653642
171653734
171653795
171654410
171654650
171657623
171658405
171658744
171658836
171658872
171658924
171659030
171659195
171659274
171659330
171659346
171659386
171659513
171659697
171659844
171659859
171660147
171660178
171666230
171666663
171669261
171670668
171670771
171673078
171674568
171681321
171681485
171681830
171681908
171681917
171682031
171682052
171682091
171682141
171682264
171682296
171682335
171682617
171682663
171682664
171683089
171683106
171683400
171683454
171683590
171683619
171683772
171684136
171684296
171684310
171684314
171684608
171684931
171685066
171687928
171702741
171717684
171729782
171729860
171729877
171729942
171730513
171730598
171730931
171733496
171734038
171734083
171734627
171745562
171745596
171745620
171745692
171746697
171746909
171759585
171759827
171759914
171759974
171761258
171763548
171775569
171776651
171788852
171788853
171788909
171790640
171790644
171790811
171791505
171793995
171794486
171795677
171795699
171798882
171799120
171805847
171806138
171806265
171808261
171808394
171808611
171808652
171808731
171808737
171808757
171808819
171808825
171808859
171808894
171808897
171808916
171809029
171812647
171812696
171812769
171812851
171812865
171812953
171813250
171813349
171825250
171828629
171828723
171828825
171828941
171848730
171848765
171848777
171848887
171849064
171849203
171849262
171849477
171850996
171851047
171851168
171851214
171851287
171851678
171852950
171852955
171852974
171854034
171856434
171857121
171857145
171857188
171857222
171857269
171858294
171859169
171864302
171864380
171865033
171865733
171868772
171874310
171875084
171876503
171876608
171887926
171888729
171889036
171890439
171890458
171890610
171890662
171890664
171890686
171890688
171890752
171891655
171891757
171891845
171891862
171891877
171897074
171906773
171907526
171908178
171909647
171909845
171909971
171910023
171910925
171911333
171911681
171911882
171913439
171913933
171914865
171915079
171915395
171916181
171916566
171916592
171917008
171928800
171929657
171934289
171934392
171934723
171934873
171934897
171935807
171935862
171936160
171936430
171937246
171937446
171938694
171938747
171938853
171938859
171938883
171938932
171938950
171939021
171940870
171940984
171941082
171941296
171941639
171941704
171942408
171942694
171949543
171949700
171949827
171949964
171951399
171952888
171953866
171953871
171954307
171954328
171954358
171954406
171954435
171954458
171954503
171954596
171954653
171954671
171954782
171954866
171954917
171954952
171955083
171955125
171955224
171955416
171955563
171955597
171955642
171955796
171956027
171956036
171956087
171956174
171956260
171956276
171956301
171956332
171956342
171956343
171956415
171956476
171956658
171956706
171956828
171956893
171957048
171957111
171957136
171957225
171957342
171957348
171957391
171958064
171958175
171958299
171958449
171958458
171958514
171958591
171958680
171958962
171959252
171959260
171959495
171959558
171959641
171959839
171960159
171971397
171975517
171999291
171999431
171999525
171999644
172002513
172002514
172003198
172014717
172018842
172018989
172019133
172019701
172019899
172019976
172021968
172022046
172022209
172022230
172022356
172022387
172022403
172022472
172022638
172022663
172022685
172022736
172022820
172024255
172026647
172026825
172026903
172029417
172029486
172029560
172029668
172029926
172030107
172030396
172030682
172038644
172038723
172038803
172041127
172042434
172066192
172067531
172067535
172067583
172068259
172068479
172068543
172069313
172070062
172073057
172075979
172076023
172079630
172103875
172108236
172111136
172111686
172115990
172116038
172124231
172149890
172153494
172155308
172155338
172155381
172155434
172155438
172155474
172155522
172155633
172155697
172157547
172157576
172157662
172157668
172157699
172158902
172158906
172158982
172159002
172159016
172159055
172161845
172161847
172162465
172162621
172163538
172172799
172191271
172191308
172191346
172191434
172191458
172191474
172191484
172191486
172191725
172191836
172191880
172191889
172191910
172191920
172192096
172192202
172192271
172192307
172192319
172192385
172192405
172192468
172192512
172204438
172204542
172204663
172204694
172205224
172205506
172205801
172205825
172206046
172208599
172208750
172212615
172214348
172216292
172219352
172239242
172239243
172239290
172239352
172239369
172242897
172243277
172243785
172247996
172248023
172248037
172248078
172248196
172248224
172248369
172248435
172248592
172248643
172249411
172249516
172249610
172249715
172249791
172249817
172268845
172269135
172274803
172274929
172274992
172275003
172275022
172275023
172275065
172275135
172275143
172275270
172275291
172275299
172275332
172275716
172280528
172286730
172286791
172286850
172286892
172286956
172287003
172287298
172287471
172287651
172287901
172290463
172292659
172293318
172293605
172295398
172313786
172314330
172316248
172328605
172329870
172331912
172331994
172334689
172335805
172335814
172335862
172335896
172335993
172336029
172336226
172336275
172336374
172336397
172336403
172336412
172336557
172336569
172336611
172336668
172336736
172336762
172336813
172336928
172337072
172337228
172337316
172338023
172338176
172338184
172338332
172343223
172343263
172344514
172345557
172345641
172345896
172351108
172362569
172362661
172363831
172363892
172364330
172364535
172364688
172364717
172365912
172366887
172367253
172367304
172372348
172373253
172373358
172373416
172373565
172374356
172374667
172378158
172378301
172378314
172378386
172379368
172379384
172379656
172380031
172381397
172381477
172382261
172385766
172385794
172385836
172385942
172385981
172386119
172386127
172386258
172386294
172387234
172387462
172389498
172406006
172406188
172406313
172406317
172406458
172406566
172406568
172406621
172406623
172406749
172406768
172406795
172406801
172411588
172423195
172427362
172427432
172427487
172430420
172437565
172437603
172445115
172450558
172451765
172453781
172455174
172457558
172471600
172471719
172481746
172481814
172481817
172481942
172481992
172482096
172482207
172482230
172482252
172482377
172482985
172483031
172483669
172483991
172484040
172484088
172485882
172485895
172489983
172490093
172490303
172490328
172490390
172490601
172490961
172491051
172491303
172491481
172491700
172491776
172491942
172492065
172492162
172492252
172492372
172492424
172492912
172493115
172497640
172497696
172497747
172497794
172497874
172497903
172497907
172497923
172497943
172498013
172498020
172498365
172498495
172499884
172499926
172500177
172500201
172500206
172500336
172506806
172524885
172532744
172532755
172532889
172534744
172534817
172534904
172535734
172536080
172536957
172536991
172542215
172542304
172542408
172542522
172543004
172543752
172545418
172545659
172545744
172546158
172546169
172546424
172546477
172546509
172546649
172546751
172546923
172548602
172548767
172570586
172572277
172572306
172572320
172573889
172575767
172576956
172577379
172587318
172587938
172588512
172588588
172588609
172592051
172592100
172592101
172655427
172658816
172658876
172658884
172658922
172658994
172659029
172659086
172662041
172666622
172667575
172668515
172673705
172678700
172678744
172680956
172683655
172702827
172703199
172704706
172704752
172705487
172705838
172705875
172706487
172706539
172706729
172706783
172707010
172815679
172819759
172822413
172822492
172823497
172824069
172824152
172824212
172824330
172824596
172824847
172825077
172835135
172835146
172835266
172835267
172835275
172835326
172836228
172840217
172840240
172841030
172841130
172842033
172844678
172844732
172851000
172905697
172906066
172907951
172916174
172916254
172916338
172918087
172919749
172920636
172921963
172926269
172927119
172935358
172936239
172936883
172937013
172937037
172937069
172937265
172937289
172937321
172937346
172937374
172937479
172937496
172937537
172937608
172937801
172937996
172938098
172948239
172949216
172950101
172960747
172965305
172978917
172978970
172978988
172979209
172979369
172979922
172980418
172981259
172984159
172984633
172984685
172984932
172984979
172985140
172985187
172985194
172985277
172985421
172985689
172987060
172987290
172992730
172992745
172992756
172992801
172992904
172993017
172993027
172993641
172993687
172993870
172993888
172994006
172994121
172994242
172994295
172994349
172994390
172994393
172994685
172995153
172995282
172995290
172995293
172995965
172996066
172996214
172998471
172998780
172998821
172998844
172999288
172999596
172999660
172999669
173000483
173000735
173001996
173003327
173003842
173004055
173006865
173006914
173006917
173008363
173009194
173009512
173009677
173009688
173009758
173009898
173010942
173011119
173011381
173011765
173011871
173012091
173012110
173012355
173012590
173012863
173013297
173014147
173014221
173014254
173014265
173014449
173014868
173014886
173030493
173030498
173030521
173030525
173030533
173030567
173030586
173031360
173031370
173031376
173031391
173031394
173031421
173031423
173031541
173031890
173034838
173039439
173039486
173039530
173039565
173039595
173046604
173047378
173047463
173053863
173055817
173057505
173067535
173067597
173067633
173068021
173072260
173076596
173076694
173078104
173078269
173078435
173087246
173089458
173097665
173097831
173097854
173097872
173098159
173098227
173098841
173100895
173125027
173125035
173125037
173125061
173125246
173125287
173125473
173125528
173125579
173125648
173129100
173129146
173130549
173134387
173134817
173135153
173138115
173150453
173150514
173150699
173151027
173151660
173153656
173155665
173156798
173156940
173157016
173157248
173157519
173157553
173164197
173168719
173168772
173173028
173173080
173174405
173174833
173174858
173175222
173183558
173189107
173190313
173190459
173204512
173204680
173218555
173218976
173220204
173233016
173233472
173233646
173233922
173234124
173234177
173234202
173234282
173234513
173235017
173235098
173235811
173236486
173236650
173236911
173237249
173237471
173237507
173237581
173237799
173238034
173238262
173238278
173238527
173238683
173238736
173238910
173238953
173239595
173239717
173239836
173239918
173240134
173240213
173240614
173240646
173240930
173241047
173252011
173252054
173252073
173252086
173252138
173252142
173252696
173252712
173252908
173253309
173253333
173253688
173253765
173253930
173253987
173254874
173255615
173265066
173265258
173265310
173265335
173265593
173265755
173276248
173276282
173276384
173276399
173276907
173278131
173281124
173281156
173281264
173286273
173290623
173294443
173295189
173295399
173296960
173300394
173300478
173300558
173300575
173300721
173300862
173301117
173301199
173302930
173303266
173303626
173303919
173308518
173347847
173347900
173353798
173353802
173353984
173353990
173354099
173354218
173354242
173354320
173354401
173354548
173354557
173354690
173354905
173355017
173355044
173355056
173355124
173355404
173355506
173355531
173355756
173356171
173356177
173356218
173356326
173356551
173356607
173356805
173359643
173380362
173381700
173385832
173385947
173386566
173386963
173388495
173390514
173390619
173390900
173392503
173393082
173393488
173393632
173393682
173393686
173393743
173393754
173393759
173393839
173393859
173393909
173393934
173393953
173393962
173393965
173393984
173393995
173394021
173394023
173394033
173394039
173394043
173394065
173397873
173397949
173398106
173398234
173398241
173398275
173400866
173404698
173406761
173413668
173414075
173414578
173414579
173414808
173414931
173415157
173415321
173415744
173416413
173416456
173416532
173416692
173416870
173416981
173416990
173417192
173417472
173417517
173417546
173417551
173417612
173417628
173418087
173418100
173418265
173418334
173418433
173418440
173418481
173418563
173418623
173419808
173420881
173420920
173420923
173420926
173421068
173421100
173421147
173421149
173421184
173421202
173421216
173421265
173421333
173421335
173421392
173421414
173421585
173421696
173421735
173421784
173421797
173422007
173422175
173422183
173424934
173425027
173425092
173425111
173426062
173426184
173429366
173430396
173434374
173447644
173447784
173448254
173448430
173448683
173449227
173449856
173450473
173450537
173457874
173465754
173467636
173473935
173489694
173515117
173519436
173519626
173523796
173539494
173539498
173539516
173540216
173540295
173541837
173542305
173542319
173542368
173542432
173552226
173557786
173559590
173560088
173560830
173564863
173564878
173564913
173580585
173580836
173580848
173580864
173580938
173581009
173581288
173581396
173581398
173581607
173581610
173581639
173581827
173581886
173581900
173582019
173582034
173582171
173582241
173582409
173582535
173582614
173582668
173582808
173582943
173583186
173585300
173585532
173585749
173603979
173621873
173624947
173626037
173629402
173629524
173630089
173630424
173630455
173630647
173632889
173633238
173636640
173636775
173637083
173640457
173640560
173642196
173642962
173643028
173645758
173648009
173648191
173649343
173651563
173651856
173652021
173653089
173654470
173654836
173660414
173660797
173661171
173669671
173671613
173672008
173675448
173675715
173676020
173683410
173690941
173690966
173694432
173701520
173711638
173711669
173711728
173711806
173715916
173716905
173724975
173726324
173727739
173729637
173737105
173738664
173738676
173738831
173738844
173739581
173739752
173739795
173740028
173740069
173742691
173746608
173747254
173748716
173751772
173753657
173754770
173755133
173755405
173760295
173760594
173760711
173760713
173760715
173760721
173785291
173785293
173785313
173787942
173800998
173803674
173808332
173808344
173808353
173808383
173808753
173811792
173811915
173811953
173811972
173811999
173812018
173812054
173812303
173812330
173812396
173812420
173812435
173812447
173812460
173812463
173812791
173813003
173813590
173813643
173813751
173813770
173813788
173813832
173813844
173813922
173814031
173814070
173814171
173814539
173814567
173814595
173814714
173814740
173814823
173814852
173815047
173815152
173815184
173815196
173815252
173815293
173815363
173815374
173815470
173815474
173815478
173815710
173815865
173815885
173816017
173816033
173816268
173816380
173816440
173816487
173816543
173816580
173816703
173816725
173816810
173816824
173816903
173817024
173817072
173817081
173817082
173817141
173817298
173817387
173817422
173817569
173817572
173817637
173817640
173817704
173817815
173831150
173831321
173831438
173831454
173831473
173831484
173831523
173844489
173845155
173845394
173846059
173853224
173854760
173856830
173856851
173856961
173860027
173860069
173864258
173867827
173871297
173872065
173877865
173879014
173879422
173879427
173883005
173884904
173884925
173884940
173890894
173903702
173903722
173904532
173907835
173907885
173907917
173908102
173908211
173908258
173908335
173909540
173911561
173914642
173943939
173943983
173944037
173944078
173944248
173944254
173944888
173944985
173945010
173950271
173955667
173955754
173955963
173964823
173967821
173972667
173973239
173977879
173977924
173977982
173978026
173978121
173978171
173978216
173978219
173978229
173978288
173978296
173978353
173978355
173978378
173978465
173978713
173979120
173979168
173979194
173979671
173996657
173997059
173997697
173998809
173998873
173999330
173999818
174012767
174015381
174016398
174017666
174022036
174023470
174023685
174025430
174027539
174028149
174028296
174028547
174030046
174030075
174030091
174030232
174032349
174036060
174036130
174036185
174036243
174036297
174036390
174036400
174036494
174036660
174036712
174037372
174038117
174041345
174041361
174041417
174041477
174041496
174046888
174051483
174051740
174051864
174053403
174054291
174056535
174056952
174057046
174061758
174066716
174066824
174067449
174067732
174068634
174068953
174068958
174068959
174068964
174068985
174068986
174068994
174069011
174069028
174069129
174072209
174072448
174072616
174085454
174085485
174085528
174085691
174086205
174086231
174086494
174086593
174092601
174102086
174104685
174105266
174105308
174105309
174113468
174123309
174127888
174128087
174128134
174128917
174128997
174129046
174129114
174129133
174129192
174129219
174129887
174130850
174130919
174132062
174132139
174132181
174132230
174132287
174132479
174132635
174132642
174151607
174157055
174164207
174164320
174167442
174167589
174170368
174170510
174173079
174174510
174174636
174174810
174175630
174180286
174180333
174180456
174180506
174181369
174181461
174181482
174181913
174182142
174201729
174201748
174201780
174203492
174204009
174215358
174215407
174217113
174217174
174217257
174217324
174217326
174217548
174217813
174218338
174219741
174220361
174220366
174220379
174222973
174223316
174223850
174224069
174232302
174232500
174232562
174232690
174232692
174233139
174233173
174234715
174234770
174234836
174234863
174236022
174241705
174241756
174241763
174243602
174243683
174248324
174248346
174248364
174248617
174249538
174249894
174250696
174251213
174253699
174254909
174255190
174255231
174255866
174255929
174256050
174259184
174263438
174265599
174269248
174271234
174272547
174279271
174280494
174283814
174286319
174287301
174291925
174292731
174292746
174293335
174295761
174296034
174297890
174298914
174299214
174299270
174299648
174301214
174304633
174307704
174308527
174308687
174308766
174310507
174310852
174310880
174311095
174311581
174311739
174311961
174312024
174317158
174319535
174319588
174320774
174323630
174330026
174336962
174338618
174351301
174358107
174371026
174372053
174373906
174377241
174378941
174379413
174379443
174381211
174383300
174384011
174387620
174387647
174387653
174388293
174388368
174388393
174388532
174388552
174388625
174388688
174388834
174388845
174388867
174389042
174389128
174389166
174389353
174389406
174389446
174389493
174389511
174393892
174398148
174398292
174400299
174403076
174404056
174406832
174412102
174415453
174418138
174418239
174419076
174419502
174419693
174420664
174421490
174422992
174423139
174424021
174427586
174428590
174428620
174428623
174430325
174430619
174430644
174439853
174442451
174442459
174442513
174442517
174442518
174442586
174442611
174442613
174442639
174442698
174442706
174442718
174442785
174442834
174442847
174442904
174443053
174445197
174446813
174450229
174450253
174453535
174469805
174469808
174469823
174469856
174469859
174470009
174470064
174470072
174470204
174470208
174470261
174470262
174470282
174470339
174470357
174470512
174470563
174470566
174470608
174470764
174470789
174470833
174474447
174481425
174481835
174481882
174481909
174482086
174482099
174482260
174482268
174482995
174483089
174483123
174483152
174483285
174483300
174483528
174483560
174483723
174483945
174484162
174484269
174484428
174484669
174485084
174485290
174485749
174486330
174486491
174486925
174486992
174487038
174487052
174494235
174494692
174495067
174495291
174495382
174495665
174495855
174496192
174503304
174503428
174503728
174504272
174504452
174504455
174504534
174504716
174504925
174504969
174505252
174505309
174505659
174505839
174506008
174506108
174506188
174506295
174506522
174506552
174506741
174506987
174507012
174507384
174507415
174507662
174507710
174507911
174508844
174509001
174510231
174510232
174510248
174510288
174510931
174510938
174510940
174510941
174511027
174511100
174511198
174511216
174511229
174511265
174511280
174511325
174511367
174511456
174511547
174511562
174511571
174511609
174516890
174517027
174517197
174517263
174517280
174517543
174517716
174518232
174518500
174518558
174518649
174518651
174518702
174518707
174531105
174531247
174531251
174531257
174532054
174532509
174532547
174532868
174532964
174533044
174533109
174533111
174533128
174533203
174533232
174533244
174533477
174535184
174535362
174535383
174535408
174535506
174535529
174535602
174535648
174535662
174535698
174536208
174536272
174537016
174537025
174537054
174537199
174537416
174549783
174550076
174551301
174551622
174551750
174551811
174551902
174551925
174551942
174551981
174552140
174552806
174586653
174588895
174594073
174596129
174603645
174603679
174603813
174603821
174603855
174603925
174604692
174605661
174612006
174612014
174612103
174612335
174612496
174612563
174612572
174622758
174624768
174626534
174626757
174628087
174628849
174630040
174636313
174636314
174636383
174636456
174636476
174636479
174636551
174636665
174636684
174636722
174636803
174636847
174636880
174637084
174640924
174641210
174648031
174648189
174648368
174648423
174648434
174648472
174648489
174648770
174648865
174648881
174648933
174649475
174650406
174650544
174650880
174650939
174650946
174650969
174650990
174650992
174651003
174651050
174651052
174651095
174651099
174651117
174651179
174651489
174653977
174655930
174655963
174656479
174656635
174658227
174658572
174661352
174661383
174661430
174661466
174661550
174661602
174661624
174661660
174663271
174666479
174666492
174667737
174667760
174667769
174667799
174669207
174669244
174669377
174669640
174669888
174670646
174808972
174809083
174809228
174809240
174809332
174809343
174809413
174809771
174809777
174809819
174812529
174817930
174817940
174817972
174820711
174820743
174820904
174823315
174823316
174823490
174823518
174823634
174823719
174825534
174826124
174826996
174828612
174833283
174833312
174833332
174833340
174833364
174833436
174833517
174836807
174842116
174842611
174848993
174850633
174850847
174850993
174853801
174853804
174855649
174856961
174856983
174857094
174857470
174857566
174857610
174858066
174858080
174858291
174858691
174859179
174865648
174877668
174878251
174878554
174888871
174891344
174893011
174893021
174893030
174893082
174893209
174893255
174893256
174893331
174893453
174893679
174893798
174893911
174893978
174894295
174894535
174894582
174894597
174894919
174894981
174895287
174895645
174895805
174921804
174921805
174921888
174921918
174921922
174922019
174922068
174922154
174922208
174926757
174931345
174932002
174932071
174933326
174942449
175014683
175086616
175086960
175103397
175110899
175111061
175143218
175143260
175143269
175143846
175143969
175144396
175144486
175144520
175144673
175144677
175144685
175144791
175144804
175144814
175144895
175144928
175145261
175145472
175145497
175145691
175145893
175147040
175148889
175150140
175150254
175150267
175151506
175157790
175161943
175163332
175163992
175164031
175164090
175164254
175164287
175164864
175165126
175165409
175165635
175165725
175165844
175166017
175166129
175166157
175166358
175168157
175168209
175173354
175173447
175175425
175183337
175188678
175188694
175190247
175192159
175192249
175193876
175194525
175195724
175206373
175210293
175422159
175422363
175425133
175425550
175432265
175432350
175432352
175433470
175468926
175471757
175525675
175525754
175525804
175526115
175526186
175526385
175541540
175541591
175541918
175541932
175542103
175549290
175549877
175550197
175552081
175552240
175552822
175567357
175574500
175574818
175574965
175575000
175575038
175575137
175575147
175575175
175575474
175575602
175575665
175575675
175576060
175582399
175647414
175654797
175660333
175660576
175660990
175668661
175683251
175683326
175683344
175684759
175721426
175779446
175780620
175781004
175781059
175781299
175781304
175781455
175781862
175781887
175781995
175782002
175783500
175783704
175783825
175784245
175785072
175785164
175785620
175785791
175786238
175786251
175786443
175786626
175786715
175786773
175786885
175787167
175787403
175787813
175787886
175787961
175788238
175788386
175788572
175788685
175788716
175788819
175789007
175789125
175789280
175789437
175789662
175789772
175789829
175790126
175790181
175790204
175790268
175790487
175790562
175790603
175790693
175790732
175790750
175790985
175791087
175791366
175791487
175791529
175791716
175791772
175792043
175792080
175792436
175792861
175792899
175793003
175793025
175793151
175793258
175793425
175793783
175793821
175793881
175794075
175794086
175794119
175794335
175795328
175797816
175797821
175797856
175797860
175797981
175798940
175798954
175799042
175799134
175799146
175799148
175799173
175800302
175800331
175800380
175800566
175806391
175806453
175806539
175806605
175806607
175808666
175812463
175820637
175820756
175820885
175820906
175820981
175821244
175821835
175831018
175831665
175838877
175847247
175847346
175847414
175847499
175848041
175848122
175848282
175848418
175848562
175848696
175848773
175849146
175849286
175849295
175857602
175873617
175875142
175875198
175885418
175896846
175901708
175949088
175949136
175950132
175950778
175950839
175963939
175968007
175973131
175974798
175975013
175975102
175975368
175975509
175975524
175975784
175976084
175976231
175976383
175977724
175978492
175989803
175990274
175990423
175990833
175991252
175991598
175991786
175991996
175992165
175992322
175992534
175992596
175992638
175992979
175993002
175993894
175994356
175995207
175995795
175996572
175996672
175997067
175997222
175997388
175998560
175998709
176000506
176005784
176007866
176008260
176008358
176008521
176008823
176008846
176008879
176008889
176009327
176019702
176019859
176019934
176019936
176020017
176020081
176020122
176020224
176020246
176020321
176020402
176020437
176024411
176024416
176035997
176037175
176037849
176040008
176051771
176052366
176052531
176052582
176052777
176052891
176053272
176053313
176053418
176053467
176053509
176053586
176053712
176053796
176053818
176053856
176053874
176054011
176054031
176054035
176054225
176054332
176054460
176054562
176055383
176056251
176056777
176056893
176056901
176056927
176056962
176056999
176057041
176057058
176057104
176057175
176057650
176058835
176060542
176063743
176069410
176070969
176073429
176077992
176080661
176082308
176082363
176085957
176097171
176104049
176104052
176104088
176104122
176104155
176104426
176104612
176104644
176104820
176104823
176104902
176105422
176105485
176105496
176105600
176106255
176106271
176106645
176106730
176113458
176121808
176127055
176127130
176127132
176127275
176127353
176127377
176127497
176127573
176127651
176127824
176127886
176128011
176130266
176130275
176130276
176130288
176130342
176130494
176130496
176132403
176132778
176132902
176133008
176133295
176133335
176134708
176134720
176135087
176135131
176135375
176135407
176135499
176135670
176135947
176136203
176136508
176136578
176136637
176136687
176136747
176136855
176136895
176137575
176137747
176137776
176138041
176138191
176143248
176143522
176143795
176143884
176143945
176144275
176144352
176144372
176144734
176144961
176147814
176150593
176151358
176151465
176151950
176156168
176156666
176165140
176165787
176174889
176193362
176208817
176217592
176218124
176218373
176218542
176218569
176218593
176218634
176218638
176218651
176218732
176218741
176218764
176218766
176218789
176218801
176218808
176218817
176218831
176218885
176218888
176218904
176218915
176218942
176218960
176218985
176219108
176219128
176219133
176219142
176219240
176219246
176219307
176219314
176220624
176223182
176241123
176245691
176245694
176247630
176249207
176249469
176249567
176249897
176249996
176250081
176250128
176250194
176250561
176250582
176250607
176262764
176264063
176264201
176264229
176264310
176264531
176264668
176264708
176264914
176265084
176265134
176265401
176265560
176265570
176266137
176266144
176266279
176266439
176266549
176266654
176266723
176266836
176266860
176266997
176267155
176267185
176267472
176267512
176267576
176267578
176288505
176295684
176296109
176297664
176304529
176304619
176304693
176304825
176306206
176306717
176306753
176306829
176306870
176306929
176306998
176307057
176307099
176307272
176307280
176307303
176307315
176307316
176307330
176307359
176307568
176307586
176307618
176307727
176307754
176309123
176375523
176383156
176383361
176400169
176401713
176403536
176434559
176435671
176435685
176436023
176436029
176436247
176436320
176436389
176436775
176436941
176437396
176437507
176437550
176439403
176440713
176447041
176447080
176447113
176447242
176447308
176447315
176447324
176447405
176448911
176448930
176448979
176449023
176451005
176451083
176452585
176452824
176456362
176456450
176457867
176459475
176459492
176459535
176460325
176460569
176462848
176463231
176463306
176463437
176463834
176463859
176464403
176464428
176464461
176465096
176465146
176465319
176465560
176465678
176465699
176465871
176466253
176471114
176473357
176473833
176473846
176473848
176473884
176473977
176474057
176474076
176474193
176474270
176474307
176474315
176474422
176474622
176474663
176474757
176474800
176474849
176474863
176474886
176474959
176476534
176476585
176476749
176476835
176476978
176477391
176477410
176477444
176477501
176477618
176477643
176477940
176478695
176487982
176488082
176488550
176489070
176489230
176489294
176490498
176491362
176498160
176502115
176502161
176502237
176502359
176502476
176502582
176502596
176502688
176502762
176502835
176502972
176504510
176508314
176508941
176508999
176509804
176509880
176510478
176524724
176530922
176530939
176542487
176543023
176543373
176543917
176544034
176544193
176544282
176544393
176544435
176548935
176549309
176549647
176550592
176551602
176552380
176552443
176555087
176573928
176590469
176598736
176599209
176599295
176599454
176599460
176599505
176599742
176599965
176600319
176606120
176611342
176612945
176612975
176613000
176613005
176613627
176618841
176620085
176629190
176634158
176634642
176634668
176634746
176634802
176634804
176634897
176634926
176634942
176634944
176635010
176635012
176635030
176635071
176635088
176644595
176644633
176644955
176652489
176661044
176663197
176663594
176663640
176663650
176663734
176663783
176664442
176672767
176672898
176674136
176676670
176678700
176678714
176681315
176683869
176685904
176686132
176688382
176689139
176691152
176691784
176691974
176695591
176695957
176697173
176697229
176697919
176698969
176699163
176699648
176700387
176700971
176701026
176704669
176707109
176708909
176708926
176710737
176711333
176711591
176712526
176714509
176716238
176716592
176716999
176721666
176728551
176728935
176729034
176729066
176729188
176729198
176729220
176729314
176729341
176729539
176729692
176729714
176729904
176729960
176730038
176730260
176743087
176747119
176747546
176747548
176747751
176747822
176747873
176747890
176747896
176751514
176752730
176777460
176777515
176777536
176779768
176784090
176784272
176785016
176790208
176791117
176793473
176793900
176794029
176794053
176794322
176800783
176804431
176812451
176813265
176813316
176813515
176815867
176816027
176816073
176816453
176818238
176818457
176819477
176821443
176822596
176824857
176842162
176842164
176842165
176844061
176849354
176849429
176850494
176862383
176873638
176888665
176896291
176896302
176896314
176896321
176896373
176896414
176896572
176896589
176896631
176896736
176896856
176896859
176896861
176905802
176905834
176906013
176906017
176906026
176906193
176906194
176906249
176906313
176907012
176907015
176907058
176907114
176907308
176907418
176907467
176907488
176907642
176907688
176907846
176907849
176907875
176907897
176907928
176908021
176908084
176908308
176908537
176908728
176908817
176908858
176908925
176909088
176918398
176918989
176921684
176926488
176933620
176933700
176934815
176935949
176935999
176936000
176936107
176936262
176936332
176936500
176936544
176937146
176937534
176941093
176941185
176941228
176943882
176944336
176945817
176987815
176987917
176988111
176988121
176991362
177003470
177012893
177013250
177013668
177013936
177014067
177014079
177014327
177014380
177014664
177015000
177015401
177015843
177015892
177016010
177016852
177017102
177030724
177066373
177068334
177084817
177084820
177084835
177084943
177117260
177128247
177134794
177136231
177136273
177136516
177136600
177136638
177136711
177136726
177136813
177136954
177137595
177137618
177137634
177137642
177139009
177140468
177141822
177145453
177145506
177146038
177154982
177164608
177164617
177164632
177164642
177164700
177164752
177164825
177164852
177164875
177164902
177164935
177164948
177165214
177165271
177165343
177165413
177165488
177165534
177165562
177165579
177165617
177165626
177165698
177165708
177165746
177169043
177169522
177169617
177170021
177170284
177170370
177170461
177170743
177170980
177185488
177185511
177185537
177185543
177185551
177185562
177185570
177185579
177185587
177185604
177185605
177185613
177185616
177185618
177185622
177185629
177185632
177185634
177186520
177191453
177202714
177210359
177212406
177212412
177212422
177212577
177221942
177242230
177247235
177247236
177247256
177247266
177247290
177247328
177247358
177247558
177247632
177247655
177247659
177247679
177247719
177247969
177248276
177253130
177253833
177260220
177268680
177269931
177272442
177273106
177273272
177273570
177273666
177275369
177280797
177280802
177281115
177286853
177311241
177311675
177312389
177312795
177315247
177315287
177315303
177323703
177323848
177329922
177343309
177343322
177344650
177412820
177431148
177432752
177443369
177444308
177446111
177448289
177448765
177454664
177455038
177455721
177467659
177469086
177482716
177482877
177482891
177482991
177483140
177483192
177483235
177483239
177483260
177483351
177483354
177487282
177487298
177487378
177487556
177487696
177492517
177493710
177493838
177493892
177493965
177494021
177494027
177494044
177494064
177494080
177494134
177494235
177494241
177494265
177494279
177494285
177494337
177494346
177494348
177494357
177494364
177494402
177494417
177494424
177494541
177494582
177494602
177494761
177494792
177494823
177494910
177494939
177494961
177495016
177495359
177495753
177496160
177499910
177502230
177502254
177502470
177504300
177515524
177516974
177518442
177525862
177525975
177526038
177526273
177526458
177526463
177526573
177526713
177527048
177527083
177527137
177527170
177527356
177527381
177527467
177527583
177527620
177527628
177527685
177545916
177546531
177552373
177552384
177552389
177552413
177552417
177552443
177552464
177552487
177552499
177552560
177552566
177552751
177552879
177552911
177553105
177553150
177553286
177553524
177553583
177553767
177553939
177554041
177554200
177554254
177554937
177555220
177555749
177555788
177555851
177555860
177556086
177556170
177556201
177556215
177556290
177556292
177556545
177556577
177556611
177556640
177556839
177557323
177557367
177557440
177557841
177558009
177558330
177558484
177559618
177559936
177560262
177560651
177560948
177561158
177561338
177563088
177563215
177564239
177564311
177564315
177564609
177565448
177565517
177565548
177565561
177565745
177565773
177565901
177566182
177566259
177567079
177567486
177567548
177567634
177567684
177567800
177568426
177568465
177568605
177569021
177569089
177569117
177569210
177569346
177579901
177580000
177580253
177580466
177580510
177580512
177580533
177581004
177581216
177581359
177581423
177581779
177581797
177581834
177581897
177582275
177582601
177582950
177583174
177583478
177583486
177583812
177584091
177585940
177585942
177586115
177586210
177586580
177586631
177586790
177586952
177587033
177587041
177587082
177587084
177587160
177587166
177587328
177587642
177587993
177588043
177588060
177588190
177588392
177588410
177588521
177588926
177589687
177589728
177589782
177589787
177589835
177591028
177591660
177592388
177594756
177595049
177595507
177595515
177595525
177595532
177595538
177595756
177602448
177602451
177602551
177602553
177602574
177602626
177602664
177602797
177602845
177602856
177603027
177603076
177603321
177603531
177603539
177603744
177603763
177609578
177609671
177609970
177610269
177610538
177610689
177611019
177611125
177614102
177615342
177617336
177619595
177620567
177620725
177626083
177627262
177627335
177628094
177628403
177633181
177634548
177634572
177635002
177652047
177662724
177680338
177680907
177687836
177687895
177699767
177702815
177703004
177703021
177703051
177703093
177703218
177703256
177703356
177703395
177703412
177703463
177705391
177711527
177711877
177711974
177712000
177712160
177712172
177712173
177712206
177712214
177712302
177712333
177712513
177712600
177712640
177712706
177712958
177712996
177713051
177713093
177714140
177714192
177714454
177714466
177721874
177721894
177722035
177722235
177722303
177722390
177722422
177722866
177722885
177722944
177722988
177723365
177723510
177725540
177725689
177726951
177726978
177727034
177727057
177727361
177727369
177727477
177727851
177731245
177734953
177735087
177735180
177735190
177735218
177735250
177735412
177735654
177735661
177736244
177736426
177737439
177743730
177743839
177745131
177746956
177747606
177749490
177751587
177754379
177754629
177755094
177755236
177759198
177771335
177772967
177773073
177777717
177777809
177777826
177777828
177777829
177777870
177777914
177777944
177777945
177777996
177778013
177778344
177780687
177781500
177781779
177781811
177782255
177782624
177783265
177783629
177796924
177805306
177813776
177814523
177816436
177823888
177837035
177857802
177859541
177870166
177870441
177883587
177886230
177889918
177893336
177900839
177902444
177903078
177903828
177904524
177908827
177908870
177908920
177908947
177910113
177915493
177922654
177922690
177922706
177922874
177928428
177928570
177928770
177929065
177930028
177933082
177933929
177941387
177941487
177944064
177947167
177966261
177974976
177975647
177975760
177975769
177976055
177980715
177981818
177991471
177991565
177991592
177999555
178001202
178003187
178003344
178003771
178004117
178006818
178006825
178011783
178011928
178011964
178011988
178011993
178011996
178012048
178012057
178012115
178012139
178012190
178012207
178012234
178012244
178012251
178012264
178012343
178012346
178012369
178012404
178012429
178012456
178012488
178012548
178012549
178012569
178012575
178012611
178012620
178012650
178012696
178012705
178012711
178012738
178012753
178012780
178032835
178032908
178034806
178034844
178041627
178041869
178041921
178042194
178042421
178042430
178042439
178042482
178042489
178043046
178050787
178052697
178052721
178052794
178052807
178052953
178052957
178052983
178053019
178053122
178053145
178053155
178053227
178053234
178053252
178053272
178053275
178053305
178053312
178053336
178053366
178053382
178053398
178053500
178053540
178053583
178053605
178053621
178053642
178053656
178053676
178053681
178053778
178053829
178053932
178053952
178054011
178054013
178054060
178054105
178054106
178054134
178054149
178054230
178054234
178054249
178054319
178054371
178054374
178054408
178054430
178054465
178054466
178054474
178054518
178054560
178054634
178054651
178054698
178054728
178054824
178054837
178054869
178054889
178054911
178054994
178055053
178055083
178055147
178056231
178056511
178057059
178057400
178057679
178058988
178061739
178061751
178061810
178061823
178061942
178061975
178069765
178069791
178069848
178070107
178070383
178071442
178072360
178075867
178076463
178077957
178077959
178077992
178078220
178078256
178087715
178087929
178088753
178088896
178089853
178089857
178090013
178090792
178092959
178092961
178095574
178095727
178101927
178101938
178102257
178102599
178111447
178111489
178111584
178113324
178113723
178116245
178116256
178116546
178212021
178212220
178212223
178217869
178218246
178218979
178219221
178220076
178220078
178220114
178220134
178226137
178229002
178231065
178231975
178231998
178232014
178232629
178233048
178233182
178233435
178234473
178235267
178235280
178235373
178236479
178236932
178237868
178238498
178239002
178239371
178239991
178240706
178240753
178241140
178241369
178241371
178247182
178250714
178251539
178251649
178251918
178252023
178252058
178252128
178252561
178252711
178252983
178253245
178253267
178253289
178253592
178253598
178253736
178253918
178254191
178254206
178254420
178256575
178263053
178263277
178265288
178268056
178275004
178292435
178296854
178297848
178298101
178306312
178306795
178309171
178309192
178309205
178309371
178309598
178312551
178314291
178314303
178314306
178314309
178314319
178314328
178314355
178314612
178316386
178318972
178318984
178319075
178319088
178319679
178320938
178320946
178320964
178320968
178320976
178321008
178323705
178323880
178323885
178324226
178324229
178324364
178324480
178324526
178324625
178325190
178325315
178331230
178331536
178335093
178335761
178338890
178338901
178339014
178339065
178339094
178339127
178339615
178339874
178451684
178457954
178461638
178462706
178462772
178462983
178463568
178464313
178465757
178465766
178465932
178466111
178466158
178466184
178466385
178466450
178466518
178466654
178466831
178467005
178467093
178467321
178468136
178475904
178477123
178481250
178481690
178506083
178506399
178506781
178506822
178506914
178507157
178507634
178509130
178509131
178511311
178511345
178511408
178511441
178511859
178513046
178520850
178534105
178534176
178534190
178534197
178534206
178534207
178534220
178536432
178536475
178536609
178537626
178538332
178538554
178539590
178540457
178541390
178542277
178543504
178559975
178561271
178561349
178561369
178567451
178574127
178574143
178574213
178574216
178574334
178574401
178574424
178574559
178574716
178574778
178575557
178575728
178575820
178576117
178576222
178576259
178583190
178588761
178588936
178589044
178593524
178593532
178593549
178593559
178593588
178597627
178597638
178597677
178602859
178603699
178603944
178606776
178608823
178723956
178724835
178726727
178729509
178729997
178730027
178730037
178732557
178743739
178745135
178757249
178761197
178762796
178767322
178767951
178769442
178769644
178769978
178771598
178775902
178776322
178776392
178776625
178779135
178783567
178827573
178931587
178940440
178944238
178944240
178944245
178944259
178945346
178950159
178951116
178952695
178953487
178953514
178953549
178953591
178953599
178953805
178953843
178953856
178954086
178954148
178954269
178954346
178954394
178954491
178954552
178954559
178954633
178954746
178954771
178954797
178959106
179013525
179013578
179053945
179053972
179072962
179073249
179113870
179117790
179121218
179126517
179127640
179127648
179127670
179127730
179127878
179127902
179127914
179128021
179128025
179128053
179128069
179128119
179128130
179128135
179128191
179128235
179128249
179128320
179128416
179128435
179128564
179128637
179128640
179129444
179135807
179135872
179139383
179142247
179142316
179142401
179142406
179142407
179142415
179142417
179142419
179142427
179142437
179142449
179142508
179145848
179145859
179158076
179159306
179159313
179159332
179175189
179175212
179175267
179175326
179175346
179175415
179175459
179175468
179175512
179175645
179175751
179175934
179193891
179196613
179206482
179206649
179226601
179226657
179229915
179372038
179372078
179372101
179372109
179373184
179376086
179399451
179399530
179400547
179400748
179401070
179401094
179401503
179403777
179404927
179413751
179437680
179437802
179437912
179438003
179438032
179438294
179438337
179492493
179492529
179492767
179493133
179493147
179493184
179493250
179499614
179499765
179500314
179500424
179500438
179501073
179501622
179501791
179501986
179502129
179502165
179502502
179502646
179502867
179503574
179503787
179504039
179504432
179504458
179504621
179504690
179504833
179513363
179517163
179517190
179517243
179517613
179517675
179517717
179517737
179517918
179518012
179520172
179520247
179522986
179524861
179524867
179524902
179524954
179524962
179525037
179525095
179525102
179525199
179533781
179534031
179534138
179534225
179534261
179534273
179534500
179534508
179534548
179538750
179538803
179538934
179538962
179539033
179539076
179539122
179539187
179539220
179539270
179539335
179539413
179539451
179539453
179539459
179539488
179539493
179539501
179539594
179539634
179539768
179539834
179539969
179539979
179540127
179546221
179546223
179546228
179546297
179546312
179546341
179546427
179547063
179547065
179547069
179547079
179547114
179547120
179547125
179547129
179547159
179547178
179547183
179547188
179547195
179547215
179547224
179547244
179547249
179547256
179547269
179547296
179547304
179547368
179547373
179547405
179547422
179547424
179547446
179547454
179549237
179549242
179549320
179549323
179549364
179549468
179549476
179549481
179549483
179549508
179549552
179549578
179549637
179549654
179549690
179549745
179549776
179549863
179550014
179551933
179554915
179554962
179554996
179563161
179564785
179564786
179575306
179575367
179577932
179579418
179579669
179580583
179581524
179581773
179581830
179581892
179581989
179583738
179592493
179592569
179592584
179592586
179592602
179695037
179712454
179715650
179715716
179715747
179715756
179715761
179715810
179715832
179716218
179716274
179716276
179716280
179716285
179716289
179716296
179716297
179716301
179716306
179716310
179716319
179716340
179716432
179717624
179717799
179717829
179717850
179729456
179729537
179729596
179729605
179729676
179729743
179729763
179729906
179730001
179730013
179730014
179730025
179730080
179730095
179730119
179730210
179730249
179730254
179730311
179730386
179730483
179730534
179730535
179730538
179730543
179730609
179730817
179730907
179730917
179730966
179730977
179731098
179731375
179731470
179731557
179731621
179735118
179735475
179736685
179739071
179739180
179739252
179739313
179739541
179739606
179745459
179745599
179745671
179745739
179746698
179747636
179750146
179752334
179755014
179756051
179757943
179757945
179757958
179757964
179757966
179757972
179757976
179757978
179757980
179757982
179757989
179763754
179764460
179764464
179764820
179764965
179771790
179772538
179772759
179772953
179773217
179773307
179780419
179783428
179786001
179786128
179786158
179788722
179788990
179792669
179793711
179793727
179793743
179793750
179793774
179793784
179793785
179793828
179793834
179793925
179794017
179794343
179795150
179795263
179796889
179797510
179797793
179804255
179805968
179805999
179806299
179921076
179921124
179921143
179921150
179921342
179929732
179930003
179935462
179936918
179941592
179941772
179941814
179941881
179941883
179941902
179941984
179942007
179942596
179942753
179942814
179943118
179943344
179943887
179944969
179945006
179945097
179945183
179945200
179945448
179945557
179945577
179945723
179950363
179951430
179951620
179951931
179952113
179953006
179969626
179970663
179974067
179981847
179981929
179982191
179982293
179982529
179982992
179983154
179986618
179986839
179986904
179986935
179987017
179987076
179987092
179987257
179987357
179987386
179987431
179987521
179993443
179999015
179999112
180001117
180001558
180001624
180016235
180016494
180016742
180028773
180030122
180030148
180030181
180046116
180048100
180049317
180049404
180052178
180104119
180104184
180104195
180104206
180104210
180104214
180106096
180179264
180219101
180220990
180221829
180227522
180227727
180231492
180231515
180231634
180233349
180236360
180250503
180250847
180254012
180292749
180303954
180305267
180305844
180305866
180312330
180312850
180313200
180314046
180316438
180317015
180317323
180317806
180318092
180318252
180318324
180318389
180318627
180318684
180318721
180319083
180319214
180319548
180319822
180322610
180322660
180322887
180323500
180323549
180324392
180326597
180327694
180327806
180327831
180328209
180346599
180364736
180364885
180365190
180365745
180373920
180378159
180380407
180380433
180380507
180388247
180388523
180388579
180389176
180389894
180390008
180390672
180391181
180391189
180391232
180391238
180391294
180391372
180391479
180391494
180391521
180391540
180391632
180391633
180391679
180391841
180391903
180392003
180395993
180396683
180396687
180396745
180396756
180396935
180397094
180397148
180397231
180397283
180397346
180397502
180397525
180397954
180397955
180398033
180398041
180398042
180398133
180398140
180398205
180398209
180398271
180398306
180398354
180398422
180398474
180398500
180398675
180400336
180400414
180400631
180402268
180402287
180402350
180402499
180402506
180402507
180402663
180402680
180402688
180402722
180402757
180402841
180499137
180509905
180528001
180528099
180528179
180536327
180561841
180561889
180567070
180567894
180567911
180567919
180568097
180568111
180576324
180581471
180584508
180584869
180585063
180585865
180586351
180586382
180589986
180591793
180592007
180592620
180592952
180596091
180596678
180598233
180598331
180598546
180598605
180598766
180598881
180598968
180601438
180604241
180604257
180604619
180604664
180604730
180604736
180604765
180604791
180604794
180604863
180606756
180610420
180610431
180610469
180610475
180610526
180610538
180610559
180610584
180610588
180611066
180714644
180720159
180720433
180720871
180721029
180722154
180722240
180723822
180723944
180724642
180724772
180734396
180736360
180737347
180745854
180750624
180846784
180848758
180851345
180866675
180867734
180868721
180870435
180892502
180892560
180892723
180892882
180893153
180893184
180893242
180893403
180893708
180893847
180893998
180906054
180906117
180906128
180906145
180906185
180906188
180906203
180906241
180906304
180906317
180906457
180906611
180906614
180906633
180906645
180906670
180906706
180906715
180906739
180906759
180906765
180906766
180906772
180906777
180906783
180906807
180906828
180906854
180906877
180906884
180906909
180906924
180906940
180906945
180906966
180906981
180906990
180907015
180907019
180907081
180907128
180907255
180907562
180907676
180907734
180907735
180907742
180907743
180907844
180907846
180907868
180907897
180907912
180907943
180907945
180907950
180907958
180908024
180908056
180908081
180908096
180908100
180908109
180908155
180908178
180908189
180908191
180908220
180908235
180908242
180908253
180908262
180908310
180908313
180908318
180908341
180908398
180908404
180908419
180908450
180908453
180908503
180908509
180908530
180908535
180908549
180908671
180908686
180908694
180908708
180908751
180908762
180908770
180908824
180908883
180908906
180908918
180908987
180909033
180909039
180909195
180909202
180909241
180909258
180909260
180909295
180909299
180909330
180909384
180909400
180909404
180909408
180909431
180909438
180909472
180909514
180909518
180909569
180909578
180909581
180909597
180909602
180909663
180909688
180909695
180909703
180909742
180909761
180909768
180909811
180909828
180910086
180910092
180910101
180910138
180910142
180910235
180910305
180910410
180910417
180910423
180910434
180910536
180910561
180910570
180910625
180910691
180910738
180910759
180910765
180910780
180910788
180910804
180910813
180910818
180910870
180910888
180910906
180910911
180910931
180911034
180911040
180911041
180911047
180911072
180911074
180911087
180911099
180911125
180911144
180911150
180911202
180911203
180911261
180911263
180911295
180911301
180911340
180911429
180911441
180911465
180911468
180911529
180911534
180911546
180911547
180911549
180911566
180911579
180911599
180911610
180911634
180911661
180911671
180911677
180911680
180911699
180911710
180911712
180911781
180911790
180911792
180911869
180911943
180911986
180912188
180912231
180912263
180912273
180912275
180912395
180912396
180912442
180912475
180912476
180912504
180912534
180912579
180912594
180912628
180912630
180912665
180912736
180912738
180912782
180912790
180912794
180912832
180912901
180913089
180913101
180913209
180913227
180913286
180913304
180913349
180913389
180913409
180913423
180913522
180913579
180913630
180913631
180913635
180913692
180913738
180913740
180913774
180913813
180913832
180913836
180913838
180913852
180913892
180913910
180913924
180913957
180913969
180913997
180914009
180914059
180914074
180914102
180914106
180914138
180914157
180914209
180914225
180914274
180914302
180914333
180914360
180914389
180914410
180914482
180914494
180914497
180914522
180914559
180914589
180914592
180914595
180914612
180914615
180914617
180914641
180914664
180914685
180914733
180914769
180914818
180914826
180914874
180914883
180914884
180914885
180914889
180914922
180914954
180915031
180915037
180915057
180915067
180915122
180915167
180915181
180915197
180915220
180915252
180915256
180915292
180915304
180915330
180915344
180915349
180915375
180915383
180915438
180915461
180915467
180915480
180915496
180915527
180915563
180915604
180915662
180915698
180915703
180915724
180915732
180915735
180915743
180915758
180915806
180915840
180915868
180915896
180915943
180915951
180915966
180916000
180916011
180916065
180916068
180916116
180916122
180916150
180916169
180916177
180916186
180916207
180916225
180916251
180916284
180916300
180916314
180916335
180916373
180916384
180916385
180916438
180916458
180916480
180916489
180916506
180916622
180916641
180916668
180916764
180916858
180916900
180916928
180916937
180916959
180916972
180917014
180917015
180917056
180917093
180917095
180917119
180917149
180917171
180917185
180917205
180917238
180917326
180917335
180917365
180917396
180917440
180917472
180917479
180917506
180917507
180917542
180917557
180917570
180917609
180917624
180917633
180917657
180917739
180917768
180917800
180917801
180917828
180917840
180917847
180917851
180917970
180917972
180917995
180918005
180918007
180918010
180918033
180918053
180918084
180918095
180918134
180918147
180918261
180918268
180918270
180918290
180918309
180918323
180918331
180918449
180918486
180918509
180918516
180918551
180918568
180918582
180918592
180918649
180918650
180918665
180918731
180918764
180918782
180918817
180918848
180918930
180918970
180918983
180918994
180919017
180919068
180919109
180919113
180919150
180919163
180919175
180919193
180919206
180919234
180919253
180919254
180919288
180919295
180919332
180919379
180919408
180919449
180919478
180919490
180919539
180919564
180919588
180919609
180919642
180919670
180919684
180919695
180919735
180919752
180919782
180919789
180919807
180919852
180919898
180919918
180919967
180919971
180919978
180919989
180919997
180920030
180920051
180920064
180920066
180920100
180920126
180920159
180920200
180920205
180920223
180920228
180920279
180920296
180920304
180920309
180920329
180920340
180920361
180920366
180920367
180920375
180920393
180920410
180920417
180920443
180920476
180920528
180920530
180920566
180920581
180920596
180920643
180920644
180920646
180920685
180920698
180920717
180920726
180920739
180920750
180920777
180920803
180920839
180920852
180920896
180920916
180920988
180921009
180921030
180921086
180921136
180921151
180921171
180921233
180921270
180921300
180921313
180921348
180921433
180921454
180921467
180921522
180921539
180921622
180921681
180921682
180921734
180921739
180921767
180921837
180921841
180921855
180921864
180921922
180921930
180922036
180922062
180922064
180922069
180922080
180922089
180922094
180922125
180922133
180922183
180922220
180922233
180922277
180922342
180922357
180922364
180922399
180922431
180922449
180922451
180922455
180922464
180922473
180922539
180922561
180922607
180925326
180925347
180925372
180925393
180925442
180925517
180925634
180925778
180925826
180925846
180926009
180926053
180926061
180926263
180931990
180932105
180932129
180932197
180932232
180933761
180934935
180935016
180935039
180935094
180935129
180935288
180935467
180935482
180935665
180935983
180936118
180936139
180936199
180936231
180936271
180936302
180936600
180936948
180936997
180937000
180937029
180937038
180937061
180937092
180937311
180937584
180937626
180937627
180937703
180937987
180938162
180938316
180938380
180938395
180938501
180938546
180938560
180938694
180938734
180938743
180938861
180939109
180939218
180939234
180939405
180939520
180939637
180939659
180939714
180939809
180939908
180940005
180940029
180940032
180940059
180940159
180940324
180940383
180940463
180940472
180940480
180940484
180940611
180940634
180940694
180940703
180940847
180941085
180941264
180941268
180941276
180941292
180941526
180941567
180941598
180941620
180941634
180941637
180941865
180941935
180942030
180942055
180942143
180942198
180942246
180942427
180942653
180942657
180943062
180943148
180943149
180943217
180943251
180943320
180943413
180943427
180943428
180943485
180943502
180943590
180943636
180943782
180943788
180943998
180944015
180944031
180944461
180944469
180944678
180944684
180944691
180944742
180944758
180944765
180944816
180944891
180945007
180945013
180945041
180945045
180945054
180945135
180945142
180945157
180945177
180945186
180945202
180945215
180945260
180945273
180945420
180945428
180945565
180945838
180945984
180946008
180946109
180946142
180946184
180946259
180946353
180946360
180946390
180946422
180946457
180946472
180946528
180946762
180946840
180946902
180946920
180947056
180947081
180947149
180947171
180947275
180947365
180947381
180947417
180947434
180947490
180947533
180947627
180947716
180947725
180947752
180947762
180947919
180948045
180948059
180948232
180948258
180948287
180948316
180948410
180948413
180948444
180948469
180948545
180948629
180948758
180948795
180948819
180948833
180948916
180949079
180949178
180949254
180949704
180949854
180949855
180949870
180949934
180949956
180949997
180950016
180950067
180950081
180950112
180950179
180950223
180950230
180950267
180950317
180950318
180950362
180950403
180950493
180950586
180950681
180950692
180950868
180951053
180951110
180951148
180951243
180951270
180951598
180951661
180952039
180952119
180952189
180952204
180952228
180952327
180952400
180952561
180952569
180952730
180952896
180953001
180953016
180953089
180953284
180953294
180953310
180953332
180953435
180953496
180953582
180953953
180954069
180954071
180954105
180954156
180954177
180954215
180954255
180954276
180954299
180954328
180954366
180954446
180954463
180954482
180954551
180954554
180954634
180954696
180955990
180958054
180958249
180958280
180958586
180959149
180959316
180959359
180959464
180959640
180959673
180959747
180960343
180960841
180961095
180961688
180964325
180966979
180967050
180967717
180973909
180975357
180975757
180975762
180987015
180987126
180989431
180990014
180990478
180991883
180991884
180991893
180992364
180992697
180992737
180992808
180992846
180992881
180993074
180993079
180996341
181000257
181110730
181110735
181110771
181110878
181110892
181111107
181111245
181111261
181111562
181111635
181111649
181111705
181111849
181111857
181111885
181111948
181111964
181112035
181112088
181112107
181112323
181112324
181112374
181112425
181112431
181112445
181112478
181112479
181112537
181112578
181112639
181112651
181112846
181112870
181112984
181113006
181113028
181113199
181114290
181114617
181119023
181119024
181119046
181119230
181132914
181133440
181133523
181137588
181145650
181147787
181147989
181153246
181153319
181153498
181153561
181182269
181183573
181184053
181184577
181184660
181184720
181186106
181191145
181195019
181215839
181216995
181217081
181217098
181217171
181217202
181217239
181217359
181217524
181217580
181217776
181217784
181217804
181217962
181217966
181217981
181218024
181218126
181218162
181218180
181218184
181218265
181218394
181218494
181218552
181218562
181218608
181218664
181218842
181218863
181218957
181218970
181219039
181219135
181219153
181219167
181219289
181219344
181219387
181219412
181219446
181219982
181219988
181220012
181220049
181220073
181220091
181233056
181233123
181235266
181235806
181237024
181253111
181253256
181255029
181255032
181255272
181257352
181264533
181264761
181271021
181358464
181361148
181362445
181362690
181366449
181377891
181402254
181413091
181413147
181414042
181417739
181417909
181418775
181419285
181423280
181423285
181423289
181423299
181423334
181423384
181428415
181430734
181430838
181431269
181448901
181449182
181454315
181454349
181454379
181460938
181462849
181471184
181472080
181473119
181487869
181488809
181500531
181500816
181504830
181504862
181504913
181504950
181504962
181506215
181506429
181517775
181517892
181523341
181523460
181562205
181562315
181562326
181562556
181563608
181566132
181566161
181568506
181602278
181614080
181656910
181659206
181674032
181676939
181687238
181688092
181688215
181688218
181688419
181690239
181710037
181710209
181712385
181713011
181713504
181713574
181713690
181713707
181713723
181713799
181713850
181713864
181713865
181713877
181713883
181713889
181713902
181713926
181713957
181713959
181714396
181717223
181754638
181754679
181754685
181754686
181754702
181754706
181754716
181770669
181770745
181772045
181775075
181775163
181775171
181775476
181775593
181776683
181779343
181779820
181780099
181780137
181783167
181786125
181787158
181788179
181788242
181788268
181788318
181788384
181788427
181788588
181789277
181789362
181789366
181789396
181789431
181794311
181794385
181795007
181795351
181795533
181795886
181796766
181802647
181805778
181805795
181805812
181805910
181806605
181904731
181911786
181915447
181915448
181915753
181918082
181918305
181920217
181920339
181926291
181927574
181927935
181927975
181929219
181929495
181929570
181929758
181940296
181940299
181940463
181940915
181941004
181941362
181941602
181941627
181941705
181942397
181942524
181962669
181962699
181962728
181963672
181964109
181964139
181964388
181964431
181964832
181965448
181965927
181966285
181966356
181966440
181966659
181966712
181966944
181966965
181967403
181967429
181967513
181967638
181968250
181968408
181968656
181968687
181968909
181969405
181969412
181969476
181969601
181969606
181970304
181970924
181971952
181972393
181972514
181973710
181973920
181977495
181977642
181977783
181978101
181978692
181979097
181980353
181982059
181983898
181983922
181990289
181993578
181993596
181993786
181993862
181993916
181993997
181994076
181994100
181994157
181994273
181994337
181994370
181994498
181994686
181994711
181994730
181994791
181994985
181994997
181995256
181995290
181995308
181995418
181995636
181995662
181995673
181995697
181997911
181999626
182084525
182086165
182086276
182089408
182096642
182108700
182111062
182111084
182111180
182112730
182116101
182123329
182124441
182124620
182125846
182126473
182126559
182131316
182133222
182133801
182133981
182135952
182142949
182144174
182144425
182144577
182147895
182147920
182148187
182148347
182148383
182150080
182152056
182154379
182154611
182154614
182155852
182156981
182292441
182294490
182294566
182295600
182295826
182296134
182296169
182296200
182296359
182296393
182296543
182297305
182297575
182297607
182297696
182299013
182301306
182301335
182301375
182301485
182304418
182316697
182453128
182456516
182462362
182462495
182462557
182462918
182462997
182463739
182463758
182467998
182478886
182478888
182478921
182478929
182478932
182478954
182479062
182479213
182480899
182480974
182480980
182480982
182480997
182481039
182481058
182481111
182481151
182484061
182485539
182485736
182485969
182486151
182486387
182486466
182487367
182541962
182545247
182545334
182545449
182545461
182545467
182545489
182545550
182545564
182545660
182545668
182545676
182545728
182545746
182545760
182545781
182545790
182545844
182545971
182546062
182546109
182546209
182546211
182546356
182546360
182546382
182546850
182547894
182549227
182549351
182555291
182555466
182555980
182558154
182558165
182558216
182558247
182558259
182558274
182558280
182558300
182558333
182558370
182558394
182558407
182558425
182558457
182558474
182558480
182558499
182558521
182558532
182558551
182558553
182558581
182558594
182558601
182558608
182558641
182558646
182558654
182558659
182558697
182558703
182558706
182558768
182559096
182559168
182567620
182587674
182602450
182603778
182603912
182603915
182603940
182603972
182604041
182604088
182604092
182604108
182604117
182604206
182604229
182604330
182604331
182604362
182604367
182604388
182604407
182604472
182604511
182604564
182604628
182604725
182604751
182604764
182707218
182708585
182712998
182713516
182714031
182735546
182739461
182739545
182740904
182743152
182743179
182743339
182743352
182743533
182743591
182743637
182743834
182743845
182743985
182743990
182744012
182744297
182744327
182744478
182744526
182744539
182744547
182744640
182744653
182744672
182748171
182748398
182748430
182748466
182749929
182750731
182753669
182757129
182782795
182783868
182786326
182800025
182803656
182803933
182803978
182804044
182805313
182805346
182807423
182807474
182807634
182807966
182808078
182808261
182808351
182808440
182814409
182814854
182814941
182815413
182815508
182815667
182816029
182816035
182816266
182820483
182820519
182821230
182822470
182823635
182825360
182825361
182825471
182825663
182825747
182825958
182826057
182826270
182826467
182826518
182826552
182826571
182826592
182826629
182827069
182827281
182839818
182842742
182842808
182842877
182845189
182848672
182848946
182849360
182849727
182969422
182969424
182969428
182969525
182969540
182969636
182969750
182969844
182972787
182980765
182980819
182984047
182987306
182987469
182988018
182988649
182989730
182989876
182989964
182990496
182990984
182991009
182991228
182991229
182991306
182991427
182991752
182991919
182991983
182992011
182992336
182992666
182994411
182994543
182997275
182997276
182997288
182997313
182997339
182997386
182997390
182997394
183029140
183030782
183030802
183030879
183030880
183030895
183030910
183031080
183031111
183031236
183031555
183031640
183031754
183031763
183031777
183031850
183034117
183034132
183038528
183038533
183038542
183038576
183038595
183038739
183038749
183038761
183038806
183038924
183039001
183039024
183039056
183039138
183039152
183039198
183039233
183039255
183039282
183039418
183039472
183039499
183039542
183039601
183039755
183039768
183039893
183039984
183040025
183040055
183040092
183040228
183040249
183040281
183040366
183040386
183040476
183040493
183040519
183040633
183040927
183041000
183041022
183041098
183041125
183041226
183041230
183041271
183041288
183041364
183041369
183041478
183041493
183041497
183041534
183041621
183041666
183041667
183041829
183041878
183041899
183041966
183042061
183042186
183042284
183042454
183042477
183042525
183042536
183042593
183042618
183042643
183042655
183042658
183042704
183054311
183056695
183056714
183056715
183056731
183056755
183056807
183056819
183056884
183056946
183057014
183057116
183061002
183064207
183082210
183101631
183101640
183109938
183113235
183113320
183114310
183115400
183115782
183119378
183235215
183243381
183243463
183243518
183243634
183268540
183282815
183282822
183282829
183282830
183282835
183282841
183282884
183282885
183282888
183282895
183282906
183282930
183312035
183312147
183312205
183312332
183312371
183312421
183312459
183312464
183312467
183312621
183314496
183319594
183319635
183336612
183343513
183344000
183346729
183349793
183351789
183352819
183354676
183354688
183354697
183354713
183354726
183354788
183354801
183354834
183354888
183354903
183354921
183354923
183354943
183354951
183354953
183354977
183355062
183355786
183355790
183360062
183360797
183361025
183361078
183361112
183361153
183361252
183361710
183361846
183361875
183362018
183362089
183362239
183363431
183363615
183369810
183371176
183371539
183371694
183371909
183375182
183375700
183375839
183375940
183375941
183375963
183376044
183481745
183488367
183489205
183489233
183489634
183489719
183489907
183490098
183490267
183490625
183490648
183490837
183490843
183490907
183491178
183491246
183491365
183491520
183491548
183491632
183491790
183491842
183492239
183493007
183493317
183493372
183493599
183493628
183493690
183494395
183494638
183494721
183494772
183494798
183495007
183495116
183495129
183495207
183495356
183495707
183495709
183495996
183495998
183495999
183496127
183496520
183496641
183501543
183502188
183502190
183502199
183502218
183506164
183506212
183506275
183506334
183510787
183511033
183511174
183511207
183511229
183511308
183511714
183511926
183513978
183517703
183520148
183520158
183523766
183523944
183527613
183530190
183530905
183531417
183531421
183531454
183531481
183531487
183531496
183531548
183531549
183531614
183531902
183532388
183532451
183532453
183532496
183532523
183532606
183532729
183532784
183532949
183533010
183533098
183533187
183533226
183533437
183533446
183535470
183535601
183536213
183538437
183539210
183541465
183544751
183545058
183547288
183550388
183551284
183551887
183556742
183558248
183562096
183562895
183563165
183567349
183567388
183567529
183567640
183567669
183570784
183608861
183634546
183681876
183683072
183683921
183684371
183684505
183684526
183685179
183685353
183685436
183685646
183688882
183689519
183690537
183692751
183699811
183700509
183701993
183719274
183719473
183719705
183725275
183726025
183743880
183743957
183743994
183744052
183744081
183744092
183744448
183744757
183744804
183744930
183744990
183745007
183745192
183745207
183745279
183745323
183745382
183745483
183745503
183745574
183745606
183745638
183745767
183745792
183745873
183745916
183745995
183746066
183746069
183746152
183746199
183746220
183746323
183746337
183746632
183746794
183746796
183746827
183746900
183746976
183747052
183747089
183747293
183747320
183747430
183747460
183747466
183747539
183747577
183747598
183747626
183747697
183747791
183747818
183747820
183747872
183747884
183747927
183747999
183748015
183748051
183748215
183748283
183748426
183748555
183748619
183748750
183748788
183749206
183749410
183749515
183749607
183749641
183749710
183749777
183749871
183749942
183749983
183750038
183750070
183750094
183750106
183750115
183750366
183750552
183750581
183750593
183750767
183750829
183750885
183751078
183751089
183751223
183751308
183751338
183751424
183751507
183751533
183751585
183751864
183751940
183751949
183751985
183751988
183752087
183752219
183752246
183752312
183752411
183752422
183752539
183752545
183752814
183753066
183753113
183753122
183753150
183787985
183895558
183896368
183896516
183901275
183901360
183904311
183907166
183908443
183909824
183912444
183912527
183912581
183912971
183913720
183927208
183930315
183946438
183946622
184035382
184042739
184052774
184054594
184062060
184062238
184062615
184062692
184067119
184068752
184068819
184068875
184068885
184068915
184069097
184071607
184071627
184071636
184071767
184071793
184071798
184075572
184075588
184075675
184075747
184075844
184080420
184081490
184082079
184082450
184082483
184094064
184095204
184095679
184096933
184098911
184099426
184100677
184105236
184113156
184113237
184113279
184113322
184113434
184113479
184113532
184113595
184113643
184113706
184113764
184113840
184114029
184114127
184114237
184114338
184114419
184114464
184114510
184114578
184114615
184114735
184114747
184114854
184114907
184114921
184114961
184114963
184115125
184115259
184115315
184115381
184115401
184115431
184115455
184115501
184115502
184115521
184115523
184115712
184115957
184116005
184116187
184116515
184116535
184116576
184116616
184116620
184117040
184117107
184117136
184117450
184117611
184117624
184117784
184118429
184133766
184134270
184134271
184134274
184134280
184134308
184134313
184134357
184134422
184217803
184220400
184226310
184226393
184226403
184226410
184226430
184226446
184235498
184236491
184237322
184237323
184237329
184237336
184237338
184237381
184238226
184240031
184240227
184240231
184240240
184240245
184240247
184241184
184243269
184245997
184246115
184247496
184248902
184248969
184249690
184249820
184250159
184250978
184281598
184281683
184294781
184297037
184298363
184298385
184300189
184301191
184304591
184314864
184314928
184314947
184315079
184315213
184319033
184319262
184333964
184334216
184334512
184334600
184410718
184414491
184415033
184415090
184415736
184416809
184419057
184419068
184419341
184419852
184420730
184438091
184438353
184444146
184465078
184466447
184467522
184467693
184468322
184468339
184468382
184468585
184468702
184469048
184474425
184474795
184484566
184495659
184496070
184516927
184518370
184518413
184518424
184518493
184518522
184518523
184518672
184519353
184521932
184522252
184573115
184573167
184588776
184592333
184593838
184594034
184614579
184615946
184616028
184628215
184628263
184629126
184629147
184629672
184631109
184632512
184633831
184639074
184640919
184641164
184646769
184646782
184646811
184646924
184646930
184646963
184646968
184647033
184647129
184647158
184647244
184670071
184674313
184682841
184682902
184683194
184692443
184695791
184696042
184697695
184698105
184737873
184737895
184737926
184742282
184758796
184759139
184759427
184759905
184759924
184760087
184760177
184760184
184760231
184760249
184760272
184760285
184760358
184760438
184760474
184760482
184760533
184760546
184760568
184760592
184760606
184760607
184760662
184760682
184760751
184760753
184761045
184761172
184761197
184761289
184761422
184761428
184761452
184761496
184761607
184761656
184761729
184761787
184761799
184761804
184761805
184761863
184761920
184761925
184761935
184761942
184761953
184762031
184762099
184762124
184762137
184762156
184762164
184762228
184762290
184762298
184762376
184762473
184762485
184762511
184762635
184762637
184762758
184762972
184762982
184763019
184763035
184763078
184763146
184763197
184763208
184763251
184763253
184763331
184763541
184763586
184766018
184766093
184766111
184766700
184767729
184775767
184775982
184776598
184776611
184776669
184776840
184776917
184777072
184777231
184777382
184777397
184777442
184777713
184777723
184785941
184786991
184787356
184787430
184788602
184789975
184790828
184790903
184791798
184792464
184794231
184800947
184801368
184817054
184818255
184827259
184829173
184829318
184830117
184830647
184847415
184858505
184879353
184879422
184883692
184884915
184896458
184897506
184897677
184897750
184898015
184901166
184903273
184903437
184903611
184907895
184908048
184908724
184908749
184908792
184908813
184912162
184919040
184920435
184920443
184920446
184933586
184945768
184947595
184947649
184954176
184955297
184967877
184982936
185001416
185001768
185001769
185002801
185004666
185006723
185006960
185007046
185011447
185023881
185023974
185027652
185027907
185028057
185028396
185031764
185032238
185035001
185035376
185035507
185041763
185046273
185051340
185052690
185058041
185067234
185068517
185077771
185088725
185092891
185094742
185095950
185096109
185096223
185098925
185110639
185114785
185114789
185114870
185114915
185121322
185143253
185149721
185149814
185163817
185169360
185171769
185172764
185176969
185177637
185177794
185177948
185180009
185180473
185191811
185205537
185215459
185215510
185226261
185226309
185227895
185227909
185227918
185227946
185227972
185227998
185228025
185228051
185228063
185228066
185228071
185228112
185228145
185235526
185239188
185242060
185243132
185243269
185244793
185244993
185258665
185260713
185261014
185261131
185261354
185261898
185274914
185280292
185288062
185333476
185334034
185338735
185339351
185347667
185347732
185347770
185347786
185347828
185348132
185348299
185348475
185348622
185348634
185348665
185348867
185349038
185349055
185349203
185349264
185349293
185349401
185349451
185349520
185349739
185349795
185349858
185349929
185350019
185350072
185350117
185350298
185350482
185350495
185382530
185383008
185397205
185409728
185439362
185439577
185439918
185440953
185443394
185447579
185448300
185449155
185449201
185465754
185466024
185547469
185560766
185560802
185560934
185561141
185568267
185594382
185597949
185598004
185611195
185651470
185651495
185651545
185651546
185651565
185651672
185652106
185652431
185655540
185656276
185656751
185656752
185656792
185656839
185657586
185673860
185674814
185690807
185706677
185711047
185711234
185712689
185712704
185712893
185712952
185713086
185713094
185718543
185737632
185743616
185751328
185751334
185751354
185751381
185752684
185752741
185754982
185756945
185758357
185759136
185759930
185760464
185760758
185781999
185782003
185782026
185806416
185806457
185806507
185806758
185806809
185807252
185807392
185808991
185810691
185810720
185810820
185810825
185810888
185810925
185811654
185811660
185821408
185821800
185829690
185829724
185829918
185829952
185831963
185837846
185838135
185839505
185842625
185843154
185843656
185843672
185843698
185843781
185843806
185843902
185849231
185850555
185851073
185851594
185857895
185858577
185860180
185862841
185864097
185864129
185864253
185864302
185864346
185864410
185864548
185864572
185864712
185869827
185869833
185869852
185869873
185869895
185869922
185869986
185869996
185870039
185870112
185870148
185870161
185870179
185870265
185870274
185870323
185870379
185870452
185870513
185870575
185870678
185870727
185870728
185870754
185870848
185870860
185870974
185870986
185871030
185871072
185871130
185871241
185871253
185871270
185871273
185871297
185871330
185871349
185871377
185871442
185871468
185871560
185871566
185871616
185871681
185871706
185871728
185871753
185871808
185871925
185871973
185871974
185872036
185872052
185872089
185872093
185872115
185872133
185872136
185872164
185872182
185872337
185872378
185872393
185872419
185872472
185872562
185872653
185872722
185872739
185872754
185872810
185872838
185877790
185881951
185884556
185889460
185889699
185890491
185897670
185899043
185900069
185900243
185902316
185902442
185902472
185902575
185902609
185902616
185902620
185902644
185902689
185902697
185902839
185904426
185904723
185908744
185920045
185920592
185920647
185921273
185922556
185922623
185922662
185924146
185925897
185926039
185941795
185942173
185942341
185942722
185944390
185947736
185948292
185949461
185949539
185951220
185962089
185967780
185968835
185970747
185973819
185974488
185975920
185993908
185994941
185994954
185996491
186060588
186060743
186060967
186061120
186061294
186061572
186061667
186061893
186062016
186062129
186062629
186062884
186062923
186063141
186063355
186063534
186063766
186064316
186066433
186066708
186069104
186069813
186070661
186070710
186071774
186073223
186073425
186078110
186078459
186078516
186081204
186084742
186084830
186088862
186088965
186090700
186090783
186094669
186106001
186106639
186107115
186110252
186111140
186111465
186117891
186118865
186123207
186123228
186123408
186125148
186134952
186134987
186135457
186136566
186136583
186136592
186140965
186144618
186144778
186145580
186145584
186146012
186148361
186189477
186189990
186190007
186190456
186191275
186191488
186192348
186193241
186193849
186193956
186193957
186193997
186194084
186194156
186194194
186199732
186199830
186200596
186200815
186200874
186200898
186200951
186200962
186201036
186201042
186201108
186201125
186201149
186201218
186201234
186201249
186201367
186201425
186201432
186201440
186202322
186202363
186202390
186202413
186202840
186204272
186204426
186204468
186208113
186208866
186212011
186213802
186213899
186213989
186214042
186214053
186214075
186214123
186214232
186214348
186214398
186214539
186214553
186214572
186214820
186214892
186214905
186214991
186215050
186215093
186215166
186215294
186215327
186215357
186215446
186215480
186215555
186215795
186215800
186215811
186215818
186215841
186215899
186215908
186215916
186215932
186218193
186229847
186229950
186229967
186230029
186230065
186233111
186235961
186236253
186236809
186239265
186242656
186243941
186243950
186243998
186252753
186253933
186254520
186255671
186256086
186260870
186261793
186262007
186262026
186262028
186262043
186263080
186263195
186263379
186263436
186263456
186263478
186263553
186263558
186264455
186265691
186267082
186268412
186268448
186268476
186268908
186269657
186271193
186273884
186275600
186276548
186276873
186285346
186286966
186304969
186306055
186306589
186308066
186308871
186312240
186313003
186313105
186313203
186313344
186317865
186318176
186318586
186319002
186348858
186348969
186349881
186350150
186351819
186354760
186358342
186358448
186358567
186359140
186359147
186359183
186359496
186359728
186370027
186370054
186370106
186370145
186383041
186433398
186433530
186434321
186434910
186435129
186435446
186435486
186435494
186435539
186435668
186435891
186436188
186439298
186446378
186446789
186446811
186447236
186447297
186447374
186447683
186447909
186448321
186448381
186449118
186449596
186450094
186479952
186479981
186480424
186483203
186489342
186494522
186494582
186494620
186495341
186495361
186500972
186501887
186508301
186510903
186523033
186527456
186527513
186527670
186527748
186527806
186527881
186532971
186532990
186533004
186533041
186533830
186552167
186557985
186558399
186558480
186558730
186558738
186558777
186560925
186567515
186568707
186568793
186577228
186577985
186578511
186579957
186580216
186581186
186584467
186591536
186607017
186608165
186615415
186615420
186615438
186615458
186615491
186615522
186615532
186615548
186615557
186615632
186615682
186615683
186616027
186616089
186616266
186616300
186616304
186616389
186616667
186616770
186616861
186616976
186616981
186617032
186617110
186617145
186617255
186617311
186617343
186617378
186617560
186617695
186617821
186619521
186627826
186628365
186628506
186630377
186630378
186630427
186630533
186630554
186630634
186630664
186632586
186632588
186633000
186633041
186635269
186636233
186640202
186647128
186649286
186649308
186649728
186655718
186676214
186676376
186676468
186676473
186676502
186677666
186692930
186693116
186693255
186694060
186700981
186737626
186737663
186738874
186738895
186738899
186741361
186741903
186743063
186744425
186745256
186745856
186749696
186751442
186751601
186757473
186762861
186803724
186805733
186814420
186815062
186816341
186818383
186826394
186862199
186862820
186862834
186862853
186862956
186863599
186865629
186865672
186865765
186865862
186865874
186866049
186866351
186866503
186866701
186866771
186866956
186867703
186868015
186868450
186868496
186868506
186868668
186868865
186869157
186869370
186869584
186874519
186874665
186874707
186874868
186874913
186875015
186875153
186875208
186876437
186876454
186876459
186876462
186876512
186876528
186876534
186876535
186876560
186876575
186876669
186876714
186876716
186876749
186876763
186876811
186876838
186876852
186877268
186877318
186877340
186877380
186877425
186877586
186877591
186877653
186877671
186877721
186877797
186877900
186877913
186878011
186878051
186878138
186878180
186878292
186878358
186878435
186878532
186878533
186878604
186878650
186878663
186878664
186881245
186905933
186906383
186907167
186907189
186907192
186907434
186907506
186907537
186907631
186907643
186907753
186907781
186907782
186907885
186907892
186907946
186908731
186908782
186908794
186909064
186909407
186909463
186909554
186909556
186909576
186909600
186909813
186909859
186910030
186910096
186910099
186910121
186911405
186994290
186994356
186994490
186994491
186994526
186994554
186994565
187001833
187010460
187010491
187010871
187012848
187012882
187013116
187013146
187013271
187013295
187013355
187013487
187013554
187013687
187013736
187013829
187014268
187014341
187014901
187019235
187029855
187030453
187031576
187032006
187034821
187034843
187034854
187034889
187055607
187055646
187055656
187055686
187055714
187055732
187055780
187055831
187057469
187057554
187057714
187057715
187057740
187057743
187057817
187057819
187057829
187057843
187057869
187057897
187057918
187057987
187058010
187058094
187058103
187058700
187061154
187063387
187063598
187088369
187092537
187102945
187115244
187115251
187115381
187128725
187154311
187156682
187157363
187183460
187185919
187185921
187186362
187190947
187190996
187201822
187201824
187201851
187201898
187202744
187202788
187216686
187279329
187280647
187283226
187283435
187291454
187298868
187298912
187299191
187299928
187304060
187315839
187316237
187316251
187316282
187328495
187329267
187339668
187340586
187341863
187373381
187378059
187378079
187381008
187381013
187382428
187382443
187382455
187382468
187382508
187382760
187382762
187382792
187382849
187382856
187382874
187382895
187382978
187382993
187383058
187383089
187383118
187383128
187384462
187387596
187387643
187387718
187388135
187388172
187388445
187389204
187389536
187389541
187389567
187390105
187391638
187391785
187398436
187488995
187503927
187514586
187515722
187515767
187550346
187558427
187558629
187558789
187567452
187572256
187575633
187578959
187579047
187585232
187586510
187589431
187589891
187589900
187589972
187590056
187590101
187590488
187590865
187590903
187591021
187591157
187591214
187591309
187591380
187591385
187591525
187591709
187592095
187592120
187592926
187592935
187592979
187593135
187593947
187594015
187598507
187598512
187598518
187598532
187598558
187598565
187598577
187598593
187598599
187601145
187606706
187606911
187609549
187610522
187610561
187610574
187610586
187610605
187610609
187610683
187610709
187610728
187610776
187610785
187610862
187610874
187610927
187610940
187610975
187611002
187611017
187611049
187611071
187616863
187619422
187619424
187619440
187619479
187622777
187622947
187623593
187625351
187626434
187631684
187638171
187644581
187652903
187657717
187688017
187688022
187688155
187769139
187772790
187773251
187777994
187783206
187787413
187788000
187788796
187809184
187809185
187809186
187815575
187838198
187838432
187838541
187845700
187851235
187852880
187854781
187855182
187855278
187860356
187860360
187860493
187860573
187860619
187860658
187860692
187860742
187860759
187860857
187860876
187860892
187860905
187860910
187860920
187860935
187860972
187861042
187861085
187861171
187861180
187861200
187861227
187861258
187861309
187861321
187861326
187861428
187861466
187861514
187861523
187861560
187861565
187861576
187861646
187861667
187861706
187861737
187861750
187861768
187861798
187861828
187861838
187861839
187861893
187861971
187862037
187862105
187862121
187862140
187862145
187862150
187862154
187862166
187862213
187862229
187862238
187862248
187862307
187862310
187862324
187862328
187862339
187862392
187862424
187862437
187862468
187862474
187862495
187862544
187862554
187862581
187862590
187862599
187862627
187862636
187862651
187862691
187862693
187862699
187862717
187862756
187862771
187862773
187862832
187862836
187862882
187862887
187862910
187862929
187862930
187862959
187862983
187863001
187863003
187863038
187863040
187863048
187863107
187863131
187863142
187863201
187863246
187863265
187863269
187863275
187863280
187863330
187863359
187863361
187863376
187863410
187863440
187863502
187863522
187863601
187863613
187863644
187863659
187863738
187863739
187863800
187863803
187863820
187863887
187863952
187863980
187863996
187864039
187864084
187864093
187864095
187864125
187864141
187864143
187864190
187864224
187864245
187864303
187864306
187864349
187864350
187864411
187864416
187864420
187864480
187864484
187864497
187864590
187864715
187864769
187864771
187865104
187865165
187865190
187865225
187865232
187865335
187865434
187865501
187865504
187865516
187871363
187871464
187871608
187871621
187902095
187902178
187902471
187904632
187927788
187928500
187944344
187946670
187960108
187977431
187996520
187996530
187996612
187996709
188007481
188018031
188022474
188022648
188030959
188030994
188031130
188031148
188031466
188031685
188031907
188032355
188044613
188045133
188050401
188056704
188076795
188087719
188089065
188091307
188098116
188119415
188128223
188129288
188130667
188134350
188136715
188137945
188139771
188139962
188147198
188147228
188147245
188147463
188147746
188148170
188175886
188175960
188189063
188189471
188189589
188189674
188189729
188208060
188210780
188211002
188229530
188229583
188229665
188229682
188260927
188299128
188301220
188318631
188363565
188368015
188371257
188374692
188377172
188378114
188379397
188380819
188386248
188386716
188387284
188387527
188388489
188406558
188407879
188408335
188428965
188429571
188440165
188447555
188452944
188453618
188460333
188463702
188470938
188471619
188471628
188471662
188471960
188474189
188480232
188481146
188483021
188483846
188484139
188484617
188485275
188486020
188486037
188486043
188486644
188487190
188489101
188506630
188513700
188543353
188543513
188545464
188545572
188545650
188548263
188548568
188551549
188552467
188552584
188552622
188552653
188552866
188552931
188553021
188553067
188553077
188553206
188553220
188553300
188553348
188553474
188553476
188553495
188553512
188553578
188553630
188553665
188553676
188559783
188559911
188560209
188560488
188560492
188560676
188560719
188560723
188560761
188560778
188566931
188576380
188579972
188580698
188584888
188584890
188585511
188585848
188585902
188587570
188605677
188610191
188610311
188610330
188658022
188660334
188686670
188687238
188687959
188691611
188694843
188700502
188701167
188707973
188712186
188712678
188716615
188716793
188716875
188719685
188719704
188719841
188720005
188720135
188720153
188731075
188731085
188738657
188755446
188768429
188779439
188783232
188783738
188783998
188785187
188828724
188830402
188831671
188831972
188832590
188835202
188835471
188835535
188837175
188838353
188844955
188844977
188845474
188846902
188846969
188846972
188847351
188858204
188880195
188885978
188900340
188902650
188902654
188902689
188902705
188902713
188902731
188902776
188902798
188902892
188902977
188902995
188903018
188903126
188903234
188903261
188903366
188903373
188903405
188903420
188903491
188903518
188906947
188907063
188907195
188918527
188919325
188919637
188935219
188940610
188945609
188947430
188947783
188947798
188947990
188948054
188948956
188959961
188960039
188960113
188961074
188961082
188967063
188975280
188976209
188976301
188976312
188976502
188976531
188982505
188990817
188990839
188991275
188993698
188993749
188994004
188994138
188994242
188995328
188995529
188995781
188996158
188996215
188996282
188996294
188996464
188996484
188996612
188996683
188996695
188996739
188996807
188996897
188997219
188997333
188997346
188997357
188997501
188997542
188997547
188997603
188997873
189035663
189035769
189059709
189061566
189071635
189076819
189081697
189092729
189099534
189122252
189130097
189136565
189138868
189138900
189138958
189138972
189139095
189139099
189139166
189144082
189151858
189151902
189152906
189153447
189153487
189161240
189161295
189161367
189161387
189161653
189161682
189161811
189161831
189161900
189161971
189162040
189162128
189162148
189162299
189162301
189162443
189162462
189162487
189162529
189172796
189173190
189173580
189173658
189173863
189174429
189177154
189177338
189179876
189180194
189180426
189181184
189181312
189181317
189181341
189182510
189190795
189192723
189192832
189192852
189194603
189200928
189201235
189201257
189201287
189201299
189201353
189201628
189232651
189235633
189252901
189263370
189263547
189263647
189263888
189264064
189266865
189267138
189267880
189311533
189336157
189339712
189340496
189341798
189342373
189353807
189363384
189363392
189365424
189366431
189366497
189368562
189368599
189368606
189368607
189368632
189369109
189369129
189369365
189369420
189370000
189370267
189371468
189373807
189374252
189374652
189391000
189420388
189446027
189451426
189462825
189463404
189464335
189464516
189464901
189465908
189466037
189467929
189471091
189471136
189471209
189472691
189473851
189474092
189474137
189474158
189475744
189475857
189490977
189492503
189494606
189501950
189507519
189509076
189529314
189531692
189531866
189532084
189532802
189533348
189533350
189533865
189535938
189539719
189552166
189552204
189553011
189586752
189587151
189588911
189592065
189593061
189593261
189595300
189601574
189604639
189618703
189618714
189633035
189641925
189643240
189648118
189648578
189650648
189650881
189651028
189651054
189651119
189651397
189651673
189651904
189652029
189652083
189652152
189652454
189652594
189652934
189652999
189653377
189653408
189653502
189653585
189653653
189653752
189653848
189653866
189653916
189654001
189654206
189654240
189654317
189654444
189654515
189654572
189654806
189654925
189654988
189654999
189655213
189655402
189655618
189656322
189656343
189656828
189656894
189656925
189656945
189657028
189658440
189664460
189671741
189671839
189676820
189677284
189683851
189684517
189684594
189685628
189701104
189701517
189739505
189749478
189750173
189760993
189763261
189779425
189786582
189867428
189867574
189867584
189867893
189867943
189896701
189896714
189896752
189896753
189896784
189896791
189896808
189900412
189908629
189923926
189923996
189924434
189924438
189936448
189936560
189938117
189938521
189940257
189941419
189941803
189941805
189942516
189942703
189942726
189942730
189942813
189942815
189942837
189942843
189942969
189943037
189943041
189943067
189943099
189943249
189943270
189943289
189943340
189943361
189943426
189943449
189943458
189943459
189943478
189943494
189943500
189943530
189943588
189943675
189943721
189943753
189943757
189943766
189943784
189943805
189943810
189943826
189943835
189943842
189943910
189943956
189943990
189943991
189944011
189944064
189944065
189944107
189944114
189944126
189944175
189944237
189944273
189944286
189944292
189944377
189944382
189944411
189944417
189944440
189944452
189944468
189944489
189944496
189944503
189944619
189944628
189944654
189944670
189944675
189944693
189944696
189944705
189944721
189944820
189944858
189944902
189944906
189944914
189944922
189944963
189944994
189945021
189945045
189945050
189945078
189945079
189945108
189945295
189945322
189946223
189946553
189960072
189972246
189972270
189972347
189972464
190082311
190086378
190087356
190087592
190092290
190092432
190092540
190092752
190092825
190106437
190106465
190109459
190109515
190110650
190112546
190114228
190115000
190115641
190115813
190116179
190117120
190117490
190118424
190125193
190143075
190151258
190153591
190153684
190153686
190153728
190153840
190153910
190153961
190153976
190154064
190154172
190154228
190154231
190154304
190154394
190154508
190156509
190167654
190194716
190198929
190208062
190208090
190208361
190208431
190208748
190208812
190216206
190216220
190216309
190217833
190219188
190230176
190232358
190233641
190233798
190234859
190238201
190239268
190239686
190240888
190242117
190242142
190242146
190242173
190242230
190250966
190251491
190251826
190252022
190253275
190253867
190265951
190289167
190295620
190298498
190298545
190300328
190300748
190315726
190316216
190316341
190319132
190320926
190321030
190321137
190330123
190335882
190355000
190355353
190355367
190355452
190367084
190389660
190404457
190454109
190454111
190454168
190454268
190454367
190455566
190460261
190460833
190461924
190462744
190463971
190466868
190466907
190466940
190467042
190467085
190467100
190467136
190467330
190467659
190468258
190469683
190469868
190470095
190489834
190502101
190505908
190506870
190506874
190506877
190506889
190506890
190509344
190509346
190509350
190509358
190509366
190509374
190516147
190516295
190516844
190516907
190516921
190517517
190519646
190519668
190519985
190520001
190520002
190522971
190527652
190527708
190529662
190530670
190538035
190538083
190540487
190551773
190551777
190551884
190569944
190571311
190582212
190582756
190589058
190593773
190594044
190594057
190595932
190596348
190596478
190596582
190597684
190598091
190598094
190598332
190599044
190600085
190605524
190605760
190605857
190605902
190605925
190606164
190606330
190606988
190607380
190607464
190608005
190608043
190608158
190608213
190608862
190618021
190622435
190623649
190628631
190635415
190635675
190642085
190670218
190680770
190680874
190680878
190680912
190681027
190681071
190681078
190681145
190681163
190681176
190681215
190681218
190681235
190681367
190681393
190681426
190681739
190682022
190688078
190689509
190690503
190691074
190693294
190695872
190696798
190698227
190699175
190699985
190700004
190700111
190701791
190702768
190702979
190703156
190703395
190703501
190704154
190704519
190704564
190704915
190705605
190706499
190706644
190708917
190722970
190723091
190723676
190723722
190724855
190724856
190725011
190726714
190737842
190738075
190738264
190738267
190738278
190739522
190739679
190746942
190754186
190757567
190757888
190758126
190758394
190758488
190758557
190758948
190758994
190759066
190759179
190759530
190791277
190794558
190819226
190819293
190821534
190824033
190826135
190826878
190827173
190829098
190841975
190841996
190842879
190842940
190843385
190847922
190848420
190848617
190848889
190850332
190850341
190851269
190851613
190852003
190852717
190852754
190852820
190855918
190857168
190859519
190860967
190861576
190861681
190861783
190862024
190862060
190863907
190996275
191005212
191006008
191006172
191006241
191006243
191006246
191006261
191017303
191017415
191022025
191039816
191041196
191041207
191044242
191044622
191044642
191052981
191053128
191056673
191057354
191058550
191060433
191063537
191077472
191080637
191081206
191081531
191093209
191093217
191093238
191093250
191100038
191123188
191123281
191124131
191124588
191136195
191136222
191142028
191142441
191142472
191142543
191143471
191144160
191144593
191144798
191149003
191216296
191219033
191219583
191219900
191258233
191258707
191258784
191258897
191265590
191268618
191270218
191270305
191271880
191281693
191281791
191296650
191296953
191298104
191299348
191309589
191309614
191309634
191309638
191309644
191309678
191309701
191309705
191309734
191309758
191309830
191309880
191309944
191309954
191314527
191314613
191315790
191315844
191319748
191319849
191320626
191328876
191329016
191329085
191342960
191346154
191351462
191356290
191356339
191356866
191363126
191364422
191364462
191365867
191373440
191375322
191375747
191375860
191376433
191377254
191377659
191381057
191388481
191388780
191388932
191389781
191391270
191391832
191402486
191402929
191406131
191410570
191410820
191412659
191413702
191414684
191414893
191415121
191415140
191415220
191415581
191415651
191416191
191416549
191416673
191416768
191416868
191417040
191417813
191417821
191417861
191420603
191423119
191424831
191426504
191426633
191427214
191428245
191428885
191431737
191433125
191434379
191434461
191434550
191434556
191434634
191434670
191434727
191434906
191434963
191435028
191435241
191435297
191435313
191435614
191435680
191435735
191435855
191438627
191443675
191444762
191444887
191444943
191463822
191463934
191465070
191465118
191465179
191465997
191472256
191472377
191472401
191472588
191473977
191474409
191474624
191474698
191475540
191475903
191477575
191493623
191495811
191499996
191500971
191504969
191505476
191505577
191508583
191513244
191514929
191515156
191515346
191542753
191543822
191544064
191544237
191544268
191544363
191544454
191544485
191544551
191544553
191544596
191544607
191544726
191544748
191544889
191544914
191545252
191545264
191545326
191545379
191545496
191545542
191545555
191545739
191545782
191545816
191546011
191546159
191546276
191546429
191546583
191546903
191547015
191547082
191547119
191547122
191547191
191547298
191547334
191547342
191547400
191547436
191547493
191547499
191547571
191547680
191547683
191547882
191547960
191547980
191548385
191553142
191565789
191566693
191567021
191571074
191571356
191571849
191576364
191576367
191576909
191576954
191576968
191577110
191577174
191577337
191580790
191581893
191584628
191584963
191592853
191592872
191592907
191604361
191604366
191604371
191605796
191605801
191606888
191628664
191629222
191638151
191638233
191638262
191638613
191638679
191638872
191638887
191638922
191638947
191639142
191639464
191639468
191639528
191639556
191639574
191639576
191639615
191639887
191639964
191639969
191640187
191640188
191640430
191640854
191641306
191642188
191642285
191642310
191642365
191642517
191642612
191642817
191642940
191642992
191643008
191643016
191643024
191643085
191643161
191643413
191643756
191643864
191644051
191644802
191644842
191644908
191644928
191645006
191645083
191645399
191645436
191645508
191645596
191645658
191645662
191645707
191645754
191645795
191645809
191645980
191646114
191646135
191646140
191646143
191646173
191646247
191646326
191646394
191646451
191646497
191646544
191646546
191646573
191646611
191646703
191646757
191646834
191646930
191646934
191646991
191647001
191647737
191647772
191647994
191647997
191648104
191648226
191648242
191648358
191648472
191648480
191650921
191651278
191651280
191651338
191651361
191651591
191659563
191659617
191659631
191659690
191659720
191659754
191659774
191659854
191659882
191659935
191660109
191660175
191660177
191660204
191660228
191660232
191660242
191660275
191660284
191660288
191660291
191660297
191660311
191660391
191660396
191660412
191660428
191660439
191660493
191660549
191660560
191660570
191660596
191660629
191660637
191660661
191660706
191660896
191660933
191660939
191661034
191661039
191661069
191661080
191661084
191661095
191661174
191661223
191661231
191661464
191661484
191661550
191661618
191661737
191661763
191661807
191661823
191661830
191661854
191661928
191661943
191661946
191661950
191661991
191662005
191662009
191662032
191662074
191662079
191662084
191662125
191662196
191662218
191662232
191662271
191662297
191662317
191662346
191662359
191662379
191662384
191662390
191662402
191662411
191662462
191662470
191662475
191662503
191662570
191662575
191662587
191662600
191662632
191662634
191662647
191662719
191662773
191662803
191662851
191662857
191662897
191662920
191662925
191662995
191663047
191663092
191663093
191663096
191663154
191663198
191663248
191663278
191663305
191663315
191663327
191663523
191663602
191663612
191663712
191663731
191663748
191663827
191663861
191663912
191663982
191664013
191664087
191664114
191664150
191664183
191664274
191664276
191664329
191664346
191664360
191664362
191664423
191664432
191664433
191664438
191664473
191664537
191664645
191664723
191664739
191664773
191664781
191664803
191664830
191664848
191664851
191664913
191664936
191664939
191664954
191664960
191665084
191665109
191665137
191665139
191665161
191665233
191665348
191665506
191665551
191665556
191665659
191665699
191665740
191665853
191665992
191666015
191666031
191666037
191666118
191666154
191666159
191666268
191666277
191666279
191666293
191666295
191666314
191666320
191666332
191666336
191666343
191666384
191666423
191666426
191666479
191666485
191666541
191666566
191666647
191666650
191666717
191666727
191666735
191666736
191666737
191666747
191666755
191666782
191666854
191666871
191666877
191666908
191666912
191666946
191666962
191666965
191666974
191667008
191667031
191667089
191667097
191667110
191667129
191667139
191667164
191667195
191667256
191667284
191667291
191667343
191667362
191667425
191667430
191667443
191667454
191667485
191667509
191667620
191667632
191667667
191667795
191667849
191667898
191667900
191667939
191667986
191668013
191668036
191668116
191668119
191668126
191668140
191668161
191668237
191668251
191668264
191668275
191668285
191668320
191668355
191668431
191668635
191668741
191668763
191668824
191668992
191669082
191669179
191669232
191669253
191669313
191669333
191669346
191669367
191669462
191669480
191669581
191669694
191669897
191669905
191669911
191669988
191670145
191670189
191670274
191670302
191670381
191670500
191670586
191670670
191670712
191670731
191670826
191670841
191670867
191670951
191670968
191670997
191671004
191671030
191671047
191671091
191671101
191671121
191671325
191671347
191671401
191671406
191671422
191671514
191671537
191671554
191671596
191671601
191671639
191671648
191671718
191671744
191671746
191671774
191671785
191671789
191671821
191671843
191671865
191671867
191671872
191671877
191671911
191671926
191671934
191672111
191672175
191672224
191672254
191678755
191678941
191681457
191689909
191718460
191719083
191720369
191721447
191721552
191723395
191725773
191727885
191728480
191732441
191738337
191738553
191739264
191739399
191739480
191739503
191739547
191751253
191751517
191752375
191752690
191752720
191752820
191752925
191753993
191754028
191754125
191754261
191754297
191754322
191754661
191754921
191754948
191755011
191763816
191764450
191765357
191767746
191770362
191770390
191778632
191800387
191800478
191800865
191801017
191804602
191808753
191814444
191814457
191815575
191815824
191815908
191816016
191816055
191816069
191816208
191816286
191816378
191816429
191816438
191816470
191816472
191816538
191816884
191818996
191819083
191819209
191819262
191819524
191819547
191820456
191821206
191826140
191826522
191826735
191827935
191828186
191893926
191894701
191896574
191897253
191899994
191900081
191900253
191900578
191900582
191901502
191905728
191906894
191907014
191907560
191908069
191909400
191909471
191911527
191912185
191915277
191919934
191919944
191921176
191926031
191928018
191929074
191931084
191946502
191946540
191946689
191946814
191954943
191961072
191977681
191977862
191978196
191981218
191981248
191981277
191981376
191981817
191982869
191984125
191984564
191985581
191986324
191986688
191986777
191992477
191992603
191992679
191994662
191995278
192008435
192012787
192013200
192013260
192013525
192013592
192013596
192013785
192013832
192014015
192014036
192014047
192014204
192014232
192014261
192014445
192014523
192014679
192014732
192015541
192015703
192015895
192018663
192019802
192031781
192032001
192032887
192033206
192048630
192062707
192063026
192063196
192063363
192063588
192063630
192063684
192063846
192063957
192064062
192064127
192064151
192070134
192073543
192074308
192091236
192103856
192105926
192105929
192108069
192108170
192108175
192108191
192116734
192117427
192121053
192122991
192123093
192134459
192151263
192152021
192152974
192155803
192156113
192156281
192156664
192167430
192167455
192168652
192172393
192173654
192182691
192183183
192183372
192186798
192188854
192191659
192193290
192196477
192198768
192199980
192200004
192200774
192200792
192203260
192204044
192204068
192204077
192204199
192204218
192204230
192204260
192204263
192204313
192204349
192209628
192216184
192216226
192216258
192216402
192216859
192217543
192218107
192218419
192218475
192218665
192218923
192218941
192218980
192219144
192219150
192219398
192219517
192219741
192219849
192220076
192220214
192220273
192220373
192220494
192220529
192220638
192220755
192220806
192220829
192221243
192221312
192221517
192221582
192221983
192222052
192222750
192223104
192223122
192223625
192223658
192224089
192224115
192224863
192224874
192225498
192225549
192225620
192225634
192226110
192226448
192230143
192230195
192230328
192259335
192259339
192259361
192259408
192259422
192259469
192259471
192259482
192259528
192259549
192259625
192259631
192259779
192259821
192259825
192259833
192259850
192259856
192259884
192259975
192260084
192260182
192260185
192260228
192275661
192288574
192288645
192289523
192291424
192291846
192292793
192292858
192292860
192292956
192292978
192292990
192293035
192294184
192298204
192298210
192298453
192308674
192327587
192327664
192328779
192329194
192329275
192332987
192339841
192340113
192354815
192355170
192355494
192355517
192355524
192355527
192355579
192355611
192355622
192355625
192355694
192355730
192355731
192355745
192355768
192355815
192355863
192356047
192356149
192356183
192356197
192356217
192356270
192356287
192356319
192356376
192356403
192356421
192356472
192356505
192356520
192356562
192356626
192356636
192356761
192356773
192356791
192356828
192356875
192356890
192356948
192357045
192357138
192357231
192357271
192357334
192357402
192357450
192357490
192357496
192357525
192357537
192357560
192357606
192357629
192357710
192357715
192357820
192357939
192358019
192358170
192358187
192358196
192358212
192358223
192358243
192358251
192358263
192358419
192358464
192358511
192358526
192358577
192358580
192358639
192358719
192358731
192364797
192364819
192364851
192371869
192375741
192375820
192375834
192375875
192376025
192376327
192379098
192379204
192379215
192379222
192379323
192379362
192379470
192379514
192379531
192379687
192379706
192379754
192379786
192379816
192379853
192380007
192380031
192380045
192380053
192380156
192380208
192380216
192380245
192380259
192380461
192380556
192380575
192380800
192380955
192380961
192381003
192381012
192381190
192381192
192381260
192381274
192381354
192381388
192381391
192381457
192381767
192381776
192381827
192381951
192382008
192382128
192382170
192382237
192382274
192382286
192382325
192382358
192382361
192382410
192382455
192382470
192382484
192382601
192382634
192382662
192382729
192382733
192383046
192383049
192383050
192383120
192383147
192383176
192383303
192383306
192383429
192383430
192383474
192383581
192383803
192383846
192383978
192383983
192384064
192384066
192384084
192384190
192384271
192384397
192384476
192384496
192384581
192384739
192384819
192384887
192384934
192385261
192385329
192385378
192385425
192385459
192385503
192385595
192385624
192385638
192385646
192385680
192385701
192385710
192385713
192385797
192385837
192385844
192385846
192385853
192385855
192386068
192386226
192386410
192386654
192386783
192386797
192386873
192386935
192387564
192391111
192395774
192395893
192397741
192409717
192409812
192411204
192411572
192411683
192413516
192419977
192420123
192420158
192420193
192420202
192420232
192420277
192420422
192420435
192420471
192420732
192420760
192420822
192420874
192420914
192421135
192421478
192421609
192421632
192421722
192421736
192422086
192422228
192422340
192422342
192422459
192422826
192422844
192422955
192423020
192423082
192423151
192423206
192423216
192423284
192423477
192423562
192423608
192423720
192423734
192423741
192423846
192424018
192424033
192424241
192424322
192424432
192424454
192424456
192424507
192424529
192424563
192424599
192424614
192424836
192424874
192425133
192425306
192425470
192425492
192425510
192425582
192425857
192425977
192426135
192426136
192426153
192426167
192426444
192426462
192426474
192426712
192426864
192426866
192426885
192426955
192427012
192427024
192427039
192427055
192427100
192427101
192427179
192427198
192427234
192427263
192427299
192427314
192427396
192427407
192427449
192427690
192427715
192427724
192427733
192427742
192427780
192427835
192427885
192427955
192428224
192428413
192428430
192428522
192428595
192428657
192429095
192429221
192429225
192429240
192429253
192429483
192429536
192429700
192429735
192447785
192452242
192452554
192452764
192453813
192453843
192453848
192453899
192453922
192455041
192455054
192455115
192455155
192455157
192455170
192455174
192455222
192455231
192455256
192460213
192460515
192460647
192460650
192460899
192461052
192461122
192461129
192461173
192461237
192461287
192461304
192461312
192461314
192461373
192461436
192461630
192461701
192461753
192461782
192461810
192461843
192461897
192461925
192462006
192462014
192462118
192462496
192472974
192473181
192473358
192475887
192484532
192484545
192523004
192537512
192537579
192537602
192537739
192544596
192545392
192545680
192545682
192545781
192545823
192545863
192545879
192545884
192546031
192546437
192560391
192560410
192560417
192560838
192568326
192576900
192577795
192577871
192577874
192577923
192577926
192577933
192577948
192577949
192577972
192578032
192578071
192578131
192578194
192578196
192578255
192578269
192578345
192578384
192578398
192578405
192578467
192580327
192582213
192623230
192623303
192623333
192623360
192628251
192637831
192643006
192643719
192649396
192649527
192649671
192649784
192649785
192649863
192650880
192670128
192675301
192677530
192678407
192679315
192679542
192680240
192685992
192686080
192686106
192690473
192691816
192692807
192692936
192693119
192693973
192694194
192694482
192694606
192695775
192697017
192697210
192698772
192698984
192699288
192699547
192699768
192700118
192700588
192700605
192700796
192701490
192709568
192713487
192713849
192714082
192714548
192717395
192717422
192717475
192724669
192725150
192725934
192726666
192729498
192730343
192733200
192734086
192737449
192741453
192754653
192757872
192758677
192761524
192762606
192765149
192766697
192768764
192772554
192779233
192784272
192786153
192795807
192796355
192800018
192800216
192800226
192800250
192800335
192800339
192800349
192800567
192800837
192800901
192801211
192801480
192801484
192801503
192801505
192802747
192802760
192811690
192815470
192844755
192845105
192852054
192852726
192858428
192859470
192859806
192859959
192860052
192860143
192860574
192879417
192880883
192881897
192883141
192883838
192884554
192885204
192885462
192886474
192886481
192886489
192886495
192886515
192886519
192886520
192886523
192886525
192886539
192886554
192886556
192890472
192893928
192899581
192899709
192899717
192903227
192905999
192906275
192908833
192910509
192910869
192911079
192912253
192913186
192917860
192919415
192922218
192922676
192927622
192931086
192931526
192931566
192933253
192933396
192933847
192934167
192934350
192935863
192941316
192941463
192941664
192941685
192942119
192942159
192946656
192947616
192948562
192960486
192960813
192970180
192970241
192970541
192970833
192970888
192971442
192973244
192973623
192975604
192976039
192979058
192980069
192980159
192981265
192984415
192985280
192985800
192986019
192986130
192986184
192986333
192987103
192988218
192988298
192988418
192989374
192989932
192989981
192990471
192990703
192997550
193000494
193001041
193001047
193001068
193001081
193001115
193001146
193001147
193001164
193001186
193001202
193001211
193001213
193001217
193001228
193001243
193001276
193001312
193001351
193001356
193001363
193001377
193001406
193001426
193001427
193001428
193001440
193001444
193001462
193001479
193001483
193001518
193001526
193001539
193001546
193001557
193001566
193001578
193001594
193001601
193001619
193001621
193001633
193001648
193001664
193001702
193001707
193001728
193001755
193001765
193001774
193001785
193001788
193001809
193001855
193001857
193001861
193001864
193001881
193001882
193001883
193001884
193001892
193001928
193001937
193001969
193001994
193002006
193002024
193002038
193002044
193002054
193002073
193002098
193002099
193002108
193002115
193002116
193002117
193002148
193002149
193002165
193002230
193002306
193002311
193002321
193002495
193003486
193004594
193005070
193005363
193005880
193005934
193006366
193007005
193008157
193008352
193009922
193009923
193009924
193009930
193009967
193009968
193009977
193009986
193010014
193010017
193010027
193010029
193010034
193010044
193010046
193010060
193010130
193010165
193010168
193010172
193010188
193010199
193010200
193010206
193010225
193010270
193010317
193010324
193010356
193010399
193010468
193010497
193010503
193010531
193010572
193010585
193010634
193010636
193010652
193010690
193010691
193010758
193010767
193010785
193010810
193010817
193010821
193010844
193010980
193010987
193011012
193011032
193011044
193011075
193011102
193011112
193011128
193011149
193011168
193011184
193011188
193011201
193011248
193011266
193011274
193011277
193011309
193011361
193011384
193011410
193011425
193012039
193012363
193012587
193012782
193042455
193042475
193045151
193053127
193053153
193053222
193053303
193053349
193053366
193054718
193054737
193054908
193056211
193056294
193056360
193056361
193056366
193056397
193056460
193056474
193056520
193056567
193056581
193056662
193056690
193056747
193056823
193066242
193072588
193077904
193080059
193082967
193084966
193084967
193084989
193085025
193085051
193085055
193085058
193085061
193085062
193085093
193085100
193085116
193085120
193085133
193085161
193085171
193085173
193085201
193085215
193085228
193085233
193085255
193085272
193085313
193085351
193085358
193085365
193085381
193085382
193085385
193085409
193085423
193085434
193085460
193085487
193085493
193085506
193085507
193085511
193085546
193085560
193085562
193085580
193085607
193085638
193085639
193085640
193085664
193085668
193085674
193085679
193085729
193085739
193085741
193085768
193085769
193085770
193085775
193085814
193085829
193085836
193085845
193085847
193085879
193085885
193085895
193085901
193085910
193085932
193085953
193085978
193085979
193085995
193086009
193086055
193086060
193086072
193086084
193086090
193086091
193086123
193086124
193086142
193086199
193086224
193086246
193086266
193086269
193086281
193086289
193086298
193086342
193086354
193086404
193086418
193086427
193086433
193086459
193086465
193086479
193091797
193091799
193091805
193091810
193091812
193091839
193091845
193091849
193091859
193091867
193091915
193091936
193091947
193091952
193091999
193092014
193092043
193092044
193092055
193092061
193092093
193092095
193092133
193092149
193092177
193092180
193092212
193092232
193092237
193092267
193092282
193092295
193092300
193092301
193092305
193092327
193092339
193092399
193092406
193092407
193092414
193092421
193092464
193092475
193092494
193092496
193092498
193092503
193092517
193092535
193092585
193092635
193092637
193092663
193092664
193092680
193092698
193092716
193092734
193092774
193092775
193092800
193092805
193092820
193092853
193092889
193092894
193092904
193092943
193092949
193093014
193093031
193093036
193093038
193093053
193093105
193093119
193093204
193093217
193093229
193093231
193093244
193093265
193093283
193093375
193093441
193099560
193106386
193106428
193106466
193106517
193106785
193107835
193108340
193109624
193109644
193109731
193109841
193109906
193109941
193109986
193109989
193110021
193110029
193110138
193110231
193110246
193110263
193110471
193110707
193111448
193111483
193115029
193118098
193118101
193118207
193118429
193118700
193118828
193118846
193119058
193119222
193119229
193119382
193119533
193119572
193119617
193119676
193119767
193119773
193120031
193120977
193121196
193121207
193121274
193121625
193121685
193121853
193121881
193122084
193122229
193124366
193124408
193125825
193131331
193131468
193131701
193131971
193132113
193132130
193132158
193132161
193132426
193132558
193132684
193132755
193132775
193132852
193132888
193136989
193137373
193137676
193137814
193138132
193141843
193142771
193147046
193147666
193149677
193151268
193151728
193152350
193153071
193154482
193154974
193155075
193155919
193156774
193182772
193185237
193202318
193203103
193203508
193204912
193206367
193206778
193206932
193207034
193207730
193208152
193208234
193208269
193211200
193211958
193214051
193214057
193214115
193214137
193215552
193215735
193215907
193216126
193216222
193216310
193216456
193216595
193216763
193216888
193217385
193217406
193217864
193218403
193222396
193223049
193228304
193229378
193229631
193229919
193233385
193233541
193241602
193241942
193242020
193242039
193242062
193242122
193242303
193242373
193242882
193242891
193243060
193243350
193243505
193243695
193243789
193243819
193244185
193244230
193244584
193244642
193244665
193244713
193244802
193244884
193244945
193245033
193245130
193245569
193245580
193245668
193245930
193246078
193246102
193246827
193246993
193247022
193247224
193247263
193247506
193263255
193263408
193263462
193263470
193263731
193268399
193269685
193274255
193274291
193280254
193280427
193281620
193281718
193281976
193282570
193283048
193283055
193288685
193289349
193294650
193308791
193309706
193315660
193322165
193329407
193334518
193335595
193335871
193340909
193341317
193362491
193362599
193362848
193365467
193365898
193376652
193378088
193381514
193398272
193408609
193411277
193413707
193414767
193419138
193419555
193419603
193419720
193419937
193419938
193419956
193419980
193420152
193420280
193420300
193420430
193420502
193420538
193420954
193421169
193421305
193421553
193421599
193421632
193421745
193421840
193421955
193422095
193422316
193422563
193423062
193423223
193423456
193423527
193423538
193423579
193423745
193424310
193424342
193424382
193424410
193424421
193424508
193424596
193424699
193424849
193424962
193424989
193425105
193425447
193425555
193425589
193426031
193426053
193426063
193426208
193426258
193426377
193426684
193426800
193426893
193427128
193427362
193427780
193427782
193427841
193428038
193428105
193428428
193428450
193428488
193428739
193428752
193428791
193428965
193429131
193429146
193429304
193429620
193430059
193430102
193430352
193430704
193430836
193431194
193431336
193431477
193431750
193431840
193432391
193432638
193432700
193432857
193433168
193447847
193450046
193461747
193487725
193488380
193488700
193489664
193495902
193497533
193504379
193511527
193511893
193512157
193513346
193513488
193515652
193515737
193516177
193520099
193523692
193524118
193525157
193525614
193525802
193530666
193530691
193530697
193530702
193530727
193530755
193530858
193530878
193530924
193530935
193530990
193531024
193531048
193531058
193531063
193531148
193531176
193531193
193531226
193531277
193531308
193531311
193531352
193531419
193531430
193531535
193531572
193531673
193531770
193531806
193531842
193531925
193531970
193532034
193532275
193532337
193532409
193532447
193532504
193532544
193532584
193532660
193532677
193532701
193532730
193532732
193532818
193533117
193534427
193535912
193541351
193541763
193549343
193550682
193553548
193553607
193554377
193557914
193558013
193558272
193558371
193563143
193563969
193564275
193564304
193565145
193568681
193577514
193577528
193577535
193577546
193577564
193577585
193577777
193577813
193577830
193577850
193577887
193577966
193578018
193578156
193578268
193578293
193578342
193578343
193578384
193578405
193578518
193578568
193578574
193578576
193578589
193578670
193579522
193579536
193579551
193579599
193579627
193579652
193579656
193579670
193579672
193579744
193579766
193579808
193579819
193579902
193579907
193579951
193579978
193579989
193580009
193580031
193580043
193580056
193580070
193583405
193583723
193584156
193584555
193586572
193595860
193596306
193598521
193598756
193599085
193600568
193600695
193600819
193601279
193601556
193602621
193602895
193602989
193603133
193603236
193603287
193603321
193604074
193605261
193605876
193605947
193606034
193606122
193606216
193606253
193608467
193611079
193611174
193612937
193613024
193613912
193615901
193616113
193618719
193618797
193619092
193619746
193620160
193620165
193620168
193620172
193620174
193620181
193620247
193620313
193620324
193620332
193620384
193620388
193620505
193620526
193620535
193620540
193620594
193620614
193620648
193620848
193621776
193622009
193622120
193623097
193623349
193623531
193623666
193623680
193623813
193623968
193623980
193623994
193624049
193624180
193624198
193624206
193624223
193624252
193624346
193624359
193624495
193624536
193625537
193631700
193638011
193638128
193638692
193638740
193638771
193640841
193641581
193641792
193645283
193645511
193647574
193647601
193648529
193649257
193650041
193666000
193667666
193668713
193669980
193685435
193685809
193685814
193685820
193685941
193686267
193686520
193686694
193686731
193686736
193686772
193686881
193691736
193702559
193706932
193708890
193710400
193710821
193711082
193714614
193716644
193717656
193718162
193719803
193719883
193719908
193719977
193720111
193720410
193720419
193720422
193720526
193720527
193720559
193720594
193720642
193724263
193724461
193724492
193725702
193725721
193725740
193730910
193734347
193735875
193735972
193736094
193736412
193736442
193736461
193736582
193736617
193737234
193737275
193743050
193745599
193745617
193745671
193745756
193745915
193746036
193746671
193746990
193747338
193747825
193747846
193748368
193758121
193760091
193762787
193762832
193762867
193763283
193763372
193763878
193765267
193765281
193765298
193765633
193766319
193767656
193768612
193768837
193769231
193770026
193771962
193772349
193773820
193778048
193778757
193778923
193787669
193787867
193788136
193788304
193788350
193788897
193789096
193789193
193789384
193789415
193789743
193789939
193857064
193857487
193858347
193858349
193858352
193858409
193858454
193858464
193859220
193859308
193859922
193860055
193863757
193864277
193878144
193878638
193878736
193878777
193878802
193878850
193878885
193878912
193879345
193880369
193884661
193887125
193887155
193888702
193888809
193889112
193889479
193889660
193889844
193889904
193890222
193890245
193890260
193890263
193890265
193890281
193890380
193890405
193890448
193890475
193890479
193890542
193890544
193891624
193893579
193894217
193894449
193894516
193896361
193896719
193896756
193896776
193898333
193900955
193906681
193906731
193911604
193911894
193912007
193915691
193916935
193920400
193920522
193920535
193920674
193924640
193924808
193967975
193969309
193969364
193969466
193969949
193974065
193976919
193977352
193977593
193977629
193977681
193977793
193993681
193994173
194005206
194005607
194011306
194013362
194013428
194022219
194022279
194022387
194022647
194022898
194023850
194024956
194025335
194025411
194025709
194026279
194032994
194033449
194033485
194039774
194039857
194039958
194039997
194040024
194040056
194040127
194040331
194042036
194070187
194082747
194082922
194083098
194083173
194083885
194084349
194084411
194084466
194084470
194084478
194084479
194084482
194084483
194084486
194084492
194084504
194084519
194084522
194084532
194084536
194084552
194084559
194084562
194084564
194084565
194084570
194084571
194084580
194084583
194084588
194084593
194084620
194084628
194084631
194084634
194084644
194085405
194085618
194085675
194085709
194085813
194085820
194086901
194086907
194087019
194087298
194087323
194087353
194087441
194087452
194087712
194087804
194087868
194088001
194088129
194088143
194088236
194094250
194096747
194098431
194102494
194102610
194114132
194114396
194114449
194114541
194116170
194121118
194121282
194125168
194125549
194127725
194128943
194131206
194131804
194131872
194132404
194133588
194133702
194139991
194143852
194143855
194143859
194143861
194143867
194143868
194143875
194154996
194161355
194161944
194163473
194164791
194172493
194176898
194177155
194177213
194177218
194177274
194177321
194177326
194177372
194177536
194177782
194177927
194178123
194178212
194178235
194178246
194178352
194178386
194178404
194178569
194178960
194179023
194181866
194183395
194183776
194188210
194188429
194197556
194197666
194197795
194198058
194199560
194199781
194205905
194208609
194209239
194324979
194325126
194325437
194325482
194325677
194325722
194325778
194325789
194326091
194326206
194326231
194326277
194326368
194326550
194326618
194326866
194326897
194327315
194327383
194327457
194327596
194327878
194328084
194328139
194328230
194328238
194328261
194328343
194328345
194330068
194330139
194330197
194340198
194340910
194341733
194342017
194342278
194345264
194345612
194346223
194346855
194393763
194393899
194394001
194394008
194394085
194394121
194394132
194394276
194394282
194394359
194394492
194394551
194394629
194394644
194394728
194394741
194394759
194394792
194394794
194394955
194395043
194395080
194395178
194395224
194395243
194395623
194395643
194395843
194396429
194399332
194405050
194405817
194406416
194407413
194408412
194408532
194408543
194408545
194408611
194408752
194408851
194408902
194408906
194408952
194409023
194409060
194409082
194409181
194409402
194409639
194409763
194409852
194409882
194410136
194410144
194410203
194410321
194410373
194410412
194410452
194410458
194410525
194410647
194410785
194410810
194410837
194411292
194411408
194411461
194411485
194411548
194411590
194411670
194411813
194411832
194411922
194411928
194412113
194412296
194412297
194412464
194412705
194412722
194412732
194412774
194412776
194412879
194412882
194413128
194413146
194413183
194413228
194413281
194413420
194413453
194413476
194413497
194413568
194413814
194413925
194413965
194413988
194414009
194414106
194414167
194414411
194414428
194414502
194414574
194416607
194416655
194420209
194421520
194421645
194428633
194428695
194434308
194440596
194442722
194442912
194443106
194443426
194443574
194444105
194444185
194444191
194444286
194444436
194444642
194444678
194444931
194444974
194445107
194445282
194445937
194446149
194446183
194446232
194446341
194446428
194446465
194446477
194446534
194446547
194446642
194446793
194446797
194446906
194447094
194447103
194447277
194447293
194447409
194447418
194447427
194454920
194455279
194455334
194455500
194456418
194456982
194457095
194458282
194461419
194462936
194465469
194466819
194466834
194466859
194467079
194467090
194468274
194473191
194473812
194479925
194479948
194483215
194496764
194497543
194497546
194497549
194498560
194500935
194504752
194504871
194504962
194505128
194505131
194505175
194505182
194505266
194563629
194567230
194582407
194583358
194583531
194583822
194595544
194769211
194769691
194769895
194769943
194770123
194783604
194784159
194784856
194790110
194790803
194792123
194793498
194793612
194793847
194794284
194807402
194807448
194807516
194807673
194808722
194808764
194809296
194809324
194809377
194809379
194809382
194809404
194809416
194809511
194809555
194809644
194809746
194809771
194809821
194809850
194809862
194809917
194809975
194810023
194810030
194810065
194810093
194810105
194810150
194810206
194810219
194810310
194810352
194810400
194810440
194810700
194811746
194813851
194814119
194814560
194814825
194818607
194822124
194822140
194822270
194824391
194825514
194826157
194826280
194826480
194826639
194826679
194827256
194827489
194827561
194827586
194832935
194833528
194833742
194833878
194834123
194834143
194834281
194834456
194834570
194834834
194834880
194835041
194835108
194846001
194847923
194856805
194858309
194858310
194858326
194858340
194858382
194858420
194858446
194858460
194858504
194858537
194858602
194858626
194858778
194858781
194858967
194859202
194860245
194860359
194860381
194860458
194860494
194860544
194860627
194861201
194864467
194864539
194864567
194864752
194865797
194872151
194872216
194947005
194950502
194950652
194951295
194951304
194951932
194952927
194953989
194958594
194958632
194960808
194960834
194960939
194961498
194961690
194963468
194965469
194965666
194965998
194966005
194966010
194966258
194966482
194966587
194966600
194966626
194967137
194967145
194967159
195022356
195090848
195091382
195103864
195104494
195105159
195107194
195125877
195126322
195126381
195126436
195126537
195126562
195126679
195126693
195126701
195128573
195130552
195148742
195148754
195148794
195150255
195150263
195150439
195150493
195150575
195150791
195150888
195151028
195151076
195151227
195151230
195151396
195151406
195151479
195151563
195157814
195158032
195162257
195162435
195162706
195166346
195166453
195166497
195166512
195168883
195175478
195176905
195177065
195177142
195177241
195177254
195177333
195177386
195177600
195177679
195177689
195177713
195177728
195177800
195177823
195177837
195177860
195177903
195177940
195178413
195178424
195178509
195178544
195178547
195178580
195184147
195192264
195201921
195202333
195202644
195210473
195210550
195210613
195210670
195212905
195213329
195217790
195217835
195217941
195221828
195224579
195229479
195230415
195231992
195236102
195238171
195238186
195238727
195241048
195241057
195241060
195241094
195241127
195241790
195241826
195241832
195245425
195254962
195255177
195263569
195265639
195267439
195267720
195269542
195270557
195271127
195275236
195275278
195279080
195279354
195282096
195283443
195283454
195283475
195283487
195283515
195284052
195288719
195288776
195289108
195299543
195302996
195303208
195318793
195319605
195323066
195323934
195323935
195323943
195323944
195323968
195323974
195323978
195323979
195323990
195323992
195324001
195324007
195324016
195324019
195324040
195324041
195324044
195324048
195324077
195324084
195324085
195324086
195324105
195324114
195324120
195324129
195324135
195324139
195324163
195324167
195324192
195324205
195324229
195324278
195324280
195324289
195324313
195324314
195324321
195324355
195324362
195324375
195324439
195324446
195324447
195324460
195324467
195324474
195324490
195324510
195324517
195324519
195324537
195324549
195324565
195324603
195324608
195324633
195324663
195324673
195324685
195329203
195329246
195329423
195330012
195330061
195331228
195331262
195331694
195331779
195338022
195338054
195338059
195338063
195338118
195338144
195338201
195338230
195338270
195338285
195338312
195338537
195338585
195338602
195338664
195338666
195338694
195338834
195338838
195339131
195339148
195339270
195339299
195339339
195339371
195339387
195339453
195339526
195339582
195339684
195339697
195339698
195339732
195339786
195339810
195339869
195339871
195339886
195339939
195340028
195340034
195340068
195340092
195340097
195340135
195340171
195340174
195340223
195340226
195340442
195340654
195340668
195340701
195340710
195340718
195340764
195340791
195340894
195341038
195341108
195341234
195341243
195341267
195341431
195341450
195341463
195341479
195341501
195341546
195341558
195341598
195341614
195341766
195341780
195341812
195341839
195341895
195341907
195341941
195341966
195341967
195341996
195342055
195342113
195342137
195342182
195342326
195342435
195342516
195342569
195342732
195342853
195342959
195342975
195342988
195343009
195343051
195343113
195343187
195343297
195343303
195343318
195343426
195343443
195343580
195343626
195343697
195343981
195344168
195351660
195431270
195431354
195431428
195431473
195431564
195431603
195431979
195432131
195432167
195432293
195432446
195432483
195432840
195432873
195432941
195432944
195432989
195433132
195433189
195433305
195433512
195433533
195434849
195435228
195435285
195435346
195435383
195435390
195435420
195435455
195435528
195435539
195435554
195435611
195435638
195435733
195435781
195435789
195435840
195435867
195435882
195435904
195435906
195435944
195435957
195435971
195436163
195443966
195444169
195454803
195454811
195454848
195454856
195454891
195454944
195454949
195455121
195455124
195455148
195455263
195455283
195455326
195455367
195455406
195455427
195455451
195455501
195455521
195455603
195455605
195455630
195455758
195455814
195455818
195455871
195455929
195456005
195456063
195456154
195456159
195456177
195456198
195456397
195464735
195464821
195464857
195464930
195464942
195464957
195465032
195465060
195465073
195465106
195465118
195465139
195465170
195465204
195465602
195465963
195469770
195470107
195470194
195470875
195471134
195471183
195471200
195471245
195474131
195474196
195477359
195477671
195477862
195477885
195477901
195482228
195501118
195501563
195504819
195505155
195505306
195510298
195510525
195512724
195514970
195515024
195516274
195520167
195525684
195528621
195528822
195529552
195529748
195529843
195530414
195530526
195536634
195536775
195541331
195541391
195541416
195541731
195541839
195542134
195542199
195542200
195542306
195542333
195542433
195548070
195561257
195562416
195567261
195568287
195568291
195572625
195574311
195634877
195635844
195636138
195640438
195640692
195645769
195651029
195651473
195652364
195653208
195656275
195656533
195656716
195661410
195661593
195664077
195664302
195666347
195685920
195686091
195686143
195686364
195686494
195686533
195686559
195686598
195686624
195686715
195686728
195686754
195686800
195690816
195690828
195690879
195691026
195691069
195691223
195691266
195691559
195694168
195694226
195694308
195697070
195698258
195698628
195698656
195698714
195698750
195698921
195700120
195700299
195702454
195703002
195711100
195713792
195714867
195716065
195716259
195739334
195739850
195745514
195745879
195746332
195746415
195748578
195748617
195748959
195749227
195749480
195757256
195757559
195757912
195758566
195759156
195759910
195759915
195762073
195767340
195767472
195767524
195769415
195769421
195769427
195770494
195770521
195770536
195771046
195771148
195771591
195771611
195771625
195771765
195771825
195772003
195772814
195773206
195773318
195774740
195781619
195786739
195797830
195797953
195797959
195798007
195798009
195798049
195798072
195798078
195798197
195798256
195798319
195798335
195798551
195798721
195798853
195799112
195799232
195799356
195800208
195800470
195800476
195800485
195800617
195821027
195825697
195845404
195845475
195853900
195854423
195855206
195861440
195862822
195862901
195863034
195863113
195864643
195864697
195864698
195864733
195864765
195864772
195864787
195864797
195864816
195864817
195864863
195864892
195864893
195864898
195864973
195865018
195865187
195865270
195865277
195865364
195865392
195865394
195865461
195865495
195865498
195865553
195865571
195865620
195865647
195865699
195865741
195865745
195865895
195866125
195866183
195866252
195866272
195866349
195866375
195866409
195866495
195866524
195866550
195866590
195866674
195866727
195866736
195871583
195873799
195874084
195874605
195874717
195876098
195877902
195885728
195886355
195886711
195886780
195886877
195886991
195887058
195887216
195887286
195887340
195887466
195887693
195887800
195888008
195888117
195888152
195888315
195888441
195891070
195891795
195892293
195892611
195892645
195893576
195893609
195893634
195893812
195893903
195894496
195894577
195896134
195896536
195900921
195901565
195901623
195901658
195902586
195902603
195915656
195915665
195916341
195917125
195919317
195923644
195925467
195927487
195936845
195937504
195938029
195938342
195940874
195946231
195946307
195946457
195946961
195947663
195950183
195951206
195952993
195953108
195953343
195959561
195960858
195961586
195962638
195963081
195966480
195968464
195969745
195969793
195970836
195971089
195972509
195972878
195977506
195979168
195979247
195979483
195980589
195981063
195981347
195981657
195982033
195985440
195985481
195985513
195985700
195990426
195990920
195991956
195992278
195992348
195992353
195992355
195992392
195997214
195998824
195998872
195998920
196002017
196002121
196002983
196003210
196004040
196004268
196004769
196005369
196005561
196005727
196005905
196008350
196009249
196010082
196013199
196018150
196018658
196022799
196025072
196025215
196025544
196025832
196025846
196025853
196025912
196025960
196025964
196025976
196025982
196025989
196025998
196026015
196026035
196026040
196026046
196026048
196026076
196026082
196026103
196026106
196026114
196026130
196026178
196026184
196026187
196026199
196026223
196026229
196026238
196026244
196026250
196026253
196026273
196026276
196026282
196026295
196026298
196026307
196026317
196026323
196026409
196027776
196028140
196028214
196028326
196028869
196029210
196029469
196031344
196031521
196040629
196047374
196048549
196049826
196055348
196055470
196056201
196056549
196057250
196059141
196060494
196068288
196068292
196068575
196069742
196069863
196070080
196070127
196070245
196071548
196072704
196072851
196072882
196074075
196075477
196076225
196076963
196077989
196078503
196078549
196081234
196081282
196081499
196081779
196083360
196084796
196084829
196085033
196085370
196085518
196085602
196085733
196086153
196093414
196095761
196137958
196137994
196141095
196143538
196143639
196143653
196143671
196143773
196147474
196148532
196149763
196151302
196154227
196155614
196156186
196157766
196158075
196159230
196164720
196169324
196169381
196174938
196174991
196175015
196176294
196176409
196180084
196180345
196180369
196182171
196182275
196182798
196182841
196182874
196183529
196189754
196193524
196193883
196197907
196200866
196200948
196203216
196203693
196203740
196203747
196206067
196215194
196215477
196215514
196215994
196216003
196216021
196216064
196223070
196223071
196223088
196223099
196223112
196223132
196223337
196223602
196223799
196224555
196224616
196224630
196225094
196225110
196225316
196225317
196225330
196225352
196225518
196225554
196225571
196225937
196226077
196226422
196226604
196226994
196227072
196230776
196233920
196234371
196241525
196247568
196249474
196264976
196272577
196280300
196280428
196283423
196283828
196286101
196286117
196286300
196286340
196286444
196286772
196286874
196287017
196287886
196290791
196290834
196291151
196291189
196291347
196291363
196291455
196291468
196291474
196292405
196292660
196294993
196305611
196305619
196313146
196313356
196313516
196314838
196319465
196320243
196320834
196320976
196321013
196321020
196321043
196321064
196321133
196321154
196321208
196321366
196321439
196321532
196321591
196321759
196321837
196321850
196321860
196322004
196322028
196322038
196322114
196322129
196322234
196322424
196322489
196322524
196322670
196322679
196322960
196323012
196323032
196323098
196323198
196323210
196323228
196323230
196323248
196323422
196323481
196323674
196323736
196323810
196324220
196324244
196324301
196324318
196324481
196324624
196324702
196324720
196324739
196324752
196324828
196324860
196325010
196325105
196325157
196325218
196325289
196325427
196325436
196325453
196325674
196325744
196325936
196326074
196326081
196326083
196326282
196326383
196326424
196326452
196326500
196327095
196327252
196327310
196327375
196327448
196327556
196327812
196327827
196327873
196328137
196328190
196328366
196328588
196328837
196328965
196329455
196329538
196329805
196330037
196330131
196330296
196330361
196330473
196330702
196330776
196330862
196330876
196330905
196330922
196330935
196331037
196331208
196331210
196331234
196331289
196331463
196331566
196331589
196331634
196331744
196331765
196331865
196331976
196332107
196332243
196332485
196332540
196333214
196336054
196336285
196336699
196337224
196337362
196337373
196337496
196338302
196338595
196342951
196343036
196349922
196349954
196349984
196349997
196350004
196350023
196350024
196350048
196350065
196350083
196350098
196350110
196350132
196350134
196350147
196350208
196351104
196351139
196351154
196352905
196353609
196354381
196357375
196360313
196365958
196369952
196370061
196370082
196370167
196370274
196370307
196370377
196370530
196373141
196373747
196374043
196374557
196374795
196375000
196376916
196381490
196382462
196382515
196382521
196410696
196410704
196411341
196423737
196423923
196424094
196424587
196425328
196425447
196468322
196469884
196469935
196478688
196479616
196480058
196480216
196483137
196487210
196488895
196489886
196494915
196509059
196515608
196515944
196518911
196518954
196522158
196522701
196522713
196522856
196523146
196523171
196530495
196530635
196536123
196538259
196540058
196545106
196545287
196545377
196545980
196546681
196546818
196559926
196561763
196562199
196562207
196562468
196570961
196573467
196573525
196573591
196579211
196582534
196582556
196582608
196595622
196595774
196597598
196600014
196600457
196603360
196685749
196686534
196703397
196703603
196724379
196726399
196727960
196756712
196758040
196758079
196758118
196758196
196758688
196759595
196759911
196759914
196762634
196762668
196762993
196763167
196763420
196764926
196764981
196768226
196768706
196768902
196768904
196769033
196770436
196770787
196772370
196772624
196779176
196779745
196779912
196780073
196781439
196781459
196781469
196781535
196781865
196782596
196783280
196783867
196785350
196788505
196790065
196790178
196790213
196790265
196790303
196790932
196790964
196790984
196790985
196791244
196791317
196791855
196791857
196793598
196793701
196793732
196793900
196793934
196793987
196793988
196794082
196796218
196796352
196797115
196797280
196797542
196797664
196797710
196797711
196797743
196798078
196798160
196798358
196798385
196798391
196798430
196798480
196798534
196798535
196798575
196798633
196798655
196798724
196798796
196798826
196798891
196798997
196799020
196799116
196799186
196799231
196799236
196799279
196799299
196799326
196799373
196799567
196799583
196799591
196799943
196799961
196799980
196800208
196800868
196800922
196800938
196801214
196801409
196801439
196801887
196802975
196808316
196808446
196810695
196811376
196811412
196811435
196811437
196811448
196811455
196811471
196811517
196811522
196811564
196811578
196811595
196825428
196830911
196830944
196831356
196831382
196831418
196831433
196832297
196832311
196838112
196840198
196844609
196853344
196853830
196855417
196855955
196858194
196860076
196865426
196865462
196865504
196871244
196873231
196873237
196873284
196873298
196873343
196873362
196873377
196873434
196873469
196873484
196873525
196873526
196873567
196873649
196873709
196873715
196873794
196873904
196873968
196873997
196874104
196876551
196887641
196888151
196888913
196888944
196889365
196889378
196889395
196889481
196889581
196889613
196889630
196889730
196889738
196889765
196892009
196895093
196895103
196895173
196895335
196895408
196895534
196896059
196896071
196896086
196896255
196896406
196896461
196896479
196896503
196896817
196897400
196897770
196897893
196898438
196898530
196898535
196898659
196898691
196899043
196899213
196899309
196899522
196901753
196904307
196904414
196904640
196904729
196904804
196904834
196904849
196904850
196904902
196905005
196905012
196905014
196905028
196905120
196905122
196905164
196905185
196905210
196905234
196905256
196905266
196905329
196905345
196905370
196905421
196905465
196905501
196905615
196905651
196905715
196905864
196905874
196906576
196906677
196906904
196907980
196911327
196911977
196912506
196922412
196925648
196925769
196936853
196938934
196948361
196951309
196952001
196952268
196954963
196955457
196965891
196976298
196977767
196985268
196990766
196992923
196996588
196997960
197003010
197005599
197005641
197006011
197006135
197006252
197006404
197006412
197007205
197007503
197032894
197041480
197046850
197048049
197077972
197086174
197089531
197089559
197089887
197090050
197104663
197104744
197104761
197104889
197105009
197105109
197107071
197107231
197107235
197107415
197107544
197108042
197109280
197109442
197109575
197109665
197109765
197110172
197110376
197110409
197114232
197114277
197114562
197114588
197114778
197115091
197115100
197115170
197115172
197115319
197115321
197115428
197117372
197117555
197117561
197118044
197139000
197139479
197141925
197142395
197142869
197143511
197147814
197147965
197148445
197148464
197148476
197150436
197150575
197153777
197154954
197170401
197170403
197170473
197170474
197170481
197170512
197170546
197170562
197170572
197170662
197170683
197170706
197170749
197170763
197170784
197170807
197170860
197170870
197170961
197170984
197170994
197171002
197171008
197171064
197171104
197171123
197171159
197171213
197171219
197171229
197171245
197171282
197171292
197171293
197171300
197171376
197171414
197172020
197172025
197172032
197172065
197172674
197172767
197172810
197172943
197173687
197174101
197175736
197175974
197182175
197186679
197186689
197189492
197191572
197192178
197192620
197210067
197210133
197210140
197210669
197213001
197215087
197215128
197215171
197215175
197215188
197216842
197222742
197222890
197223149
197223348
197223760
197223777
197223812
197223964
197224095
197225261
197225348
197225701
197227291
197228677
197234742
197244364
197244437
197259109
197259252
197259277
197259591
197264714
197280125
197294414
197296187
197314849
197321449
197325167
197325186
197325209
197329296
197329386
197332985
197333312
197333383
197334096
197340087
197340224
197340239
197344936
197347634
197352812
197354883
197364739
197364767
197365011
197365131
197365210
197365265
197365328
197365450
197365454
197365457
197365616
197365676
197365741
197365875
197366742
197366828
197366896
197367922
197377002
197377025
197377334
197379419
197387125
197387179
197387476
197388263
197390172
197390262
197390747
197391695
197392162
197392171
197392223
197392503
197393076
197393202
197393218
197395418
197396076
197396605
197397417
197397429
197397594
197397681
197397938
197397998
197399427
197400024
197400403
197400798
197400811
197400892
197400926
197400927
197400955
197401241
197405691
197405705
197406119
197406403
197408646
197408929
197409191
197409371
197409384
197409473
197409743
197410346
197410966
197418055
197419347
197421275
197421971
197495652
197495928
197496167
197496220
197496356
197496512
197496645
197497442
197497530
197497546
197497568
197499095
197499429
197499551
197499853
197499967
197499971
197499997
197500000
197500056
197505731
197506422
197506499
197506604
197506705
197507019
197508475
197511665
197513184
197515644
197518098
197518186
197518450
197524241
197525760
197528120
197528575
197529232
197529235
197529692
197529848
197529969
197529973
197531636
197535632
197535731
197536542
197538441
197542014
197542025
197543054
197543594
197543598
197543633
197543954
197543984
197545071
197547056
197547997
197548070
197551250
197553918
197556569
197558316
197558403
197560410
197560488
197560738
197565028
197567179
197567938
197568139
197570369
197570921
197571126
197572160
197581049
197581161
197596272
197597314
197598365
197600074
197600640
197600782
197601230
197601767
197602574
197602939
197603361
197603620
197603753
197603783
197604165
197604907
197605098
197605616
197606058
197606692
197606863
197607148
197607623
197607741
197608116
197614766
197614891
197616691
197617604
197618624
197618633
197619456
197623171
197623403
197623861
197626649
197627420
197627784
197627927
197628258
197628370
197628543
197628658
197633281
197633333
197635564
197635880
197636604
197637608
197638110
197638179
197638428
197638759
197638844
197638972
197639258
197644029
197644171
197644264
197644549
197647030
197647521
197647676
197647753
197647871
197647951
197649242
197650013
197650065
197650479
197650514
197652764
197652858
197653907
197654792
197656110
197656138
197656919
197657036
197657092
197663687
197663775
197663833
197663850
197665756
197668957
197669052
197669120
197669696
197669763
197670393
197670622
197670780
197671331
197672958
197672985
197673965
197674134
197674400
197674695
197675445
197675664
197676192
197676416
197677706
197679328
197684650
197684794
197684831
197685233
197685266
197685270
197685307
197685502
197685594
197685899
197686041
197695118
197695258
197695510
197696211
197696235
197696320
197696403
197696586
197696654
197707655
197723978
197727429
197727889
197728004
197728357
197728399
197728425
197728743
197728907
197729017
197729078
197729339
197729452
197729944
197730037
197730053
197730099
197730149
197730192
197730197
197730484
197730861
197730935
197735345
197746395
197746624
197746644
197746688
197775595
197777778
197777816
197777829
197777872
197777889
197777897
197777985
197778010
197778047
197778112
197778123
197778124
197778228
197778612
197778630
197778712
197779215
197779303
197779310
197779317
197780853
197782510
197785032
197787798
197788320
197788360
197793699
197797008
197799134
197799455
197804282
197805107
197808838
197809292
197812127
197812518
197812618
197812712
197821137
197822397
197824722
197825382
197827355
197827386
197827408
197827524
197828527
197829468
197829496
197830453
197835080
197841191
197842323
197847150
197847338
197847952
197848312
197849859
197852552
197853050
197854751
197854994
197855062
197855117
197855166
197855241
197855481
197855866
197856016
197856197
197856347
197856522
197856565
197856794
197857944
197858107
197860345
197861819
197862416
197863184
197864207
197865776
197866822
197866823
197866931
197866942
197866986
197867001
197867068
197870128
197878537
197878878
197879245
197879351
197879491
197879529
197880103
197885503
197887526
197887616
197887674
197888591
197888970
197889679
197892359
197894740
197894744
197894752
197894767
197895693
197898843
197899029
197899053
197899055
197899057
197899170
197900180
197900370
197902101
197906029
197906336
197907272
197909300
197909603
197910083
197910084
197910149
197910189
197910433
197910616
197910840
197913490
197917972
197923229
197926017
197947240
197947809
197949967
197951901
197952051
197953088
197966779
197970459
197970851
197972685
197973040
197975250
197975593
197975692
197975889
197975894
197975998
197976139
197976746
197976831
197976858
197977073
197977237
197977251
197977283
197977367
197977486
197977556
197977908
197978071
197978192
197978249
197978507
197978692
197979360
197979390
197990453
197990613
198016650
198018869
198021118
198023256
198023341
198023418
198023430
198023575
198024346
198024478
198024534
198024779
198025063
198025168
198025231
198025243
198025518
198025578
198025828
198025893
198025910
198025945
198025957
198026033
198026047
198026055
198026095
198026194
198026266
198026284
198026320
198026341
198026344
198026388
198026423
198026443
198026478
198026548
198026557
198026634
198026644
198026709
198026769
198026776
198026787
198026807
198026824
198026847
198026896
198027076
198027086
198027162
198027281
198027455
198027517
198027525
198027598
198027706
198027722
198027735
198028776
198029425
198029585
198030365
198031144
198031697
198033327
198035000
198035058
198035065
198043981
198044003
198045396
198047411
198049841
198056023
198057099
198057226
198057798
198057962
198058038
198058619
198073785
198074821
198076562
198077220
198077392
198078842
198079078
198079234
198081129
198081151
198081846
198082035
198082038
198082083
198082097
198082309
198084650
198087442
198088235
198091167
198091751
198092624
198092708
198098452
198099017
198099434
198099795
198100484
198102583
198111475
198112795
198113929
198114544
198118646
198119470
198120038
198120221
198122020
198122547
198122625
198124242
198126427
198126732
198126990
198127340
198129142
198185489
198186699
198187453
198187995
198188020
198188805
198192572
198193471
198193492
198195840
198197253
198201580
198201721
198201803
198202346
198202512
198203512
198207811
198210452
198210471
198210518
198210862
198211048
198211073
198211249
198211321
198211451
198211662
198211731
198211740
198213400
198222010
198222021
198222026
198222054
198222062
198223740
198227579
198227650
198227682
198227727
198230363
198240055
198240062
198240080
198240406
198240445
198240450
198240692
198245664
198245938
198254728
198254743
198254748
198254846
198254887
198254947
198254968
198254977
198255107
198255141
198255192
198255222
198255246
198255325
198255327
198255332
198255369
198269581
198281523
198282348
198282740
198287302
198288260
198288801
198289369
198289378
198289415
198289468
198289493
198289547
198289594
198289603
198291645
198292313
198296281
198296425
198300981
198303180
198308454
198308469
198308526
198308611
198308748
198308804
198312320
198320656
198320840
198320847
198320934
198321175
198321200
198321239
198321363
198322127
198324005
198326492
198326507
198326650
198326686
198326730
198326787
198326831
198326836
198326874
198326925
198326939
198326942
198326960
198327079
198327154
198327248
198327290
198327296
198327301
198327328
198327351
198327424
198340412
198340413
198340422
198340425
198340430
198340480
198340486
198340496
198340500
198340510
198340514
198340526
198340528
198340529
198340589
198340606
198340610
198340622
198340633
198340648
198340676
198340704
198340708
198340714
198340722
198340733
198340752
198350493
198350972
198351276
198351977
198352529
198359379
198359486
198364422
198364623
198364645
198364665
198381949
198382051
198382196
198383090
198385986
198396382
198397467
198397472
198397526
198397537
198397629
198397795
198397812
198397820
198397821
198397840
198397921
198397946
198398014
198398044
198398158
198398229
198398514
198399589
198399714
198399736
198399908
198400051
198400402
198400473
198402409
198402465
198402472
198402545
198402557
198402590
198402601
198402607
198402701
198402713
198402794
198402837
198402943
198403718
198404159
198404273
198404557
198404817
198405096
198405104
198405116
198405365
198406414
198411883
198411892
198411914
198411951
198411956
198411996
198412001
198412052
198412059
198412065
198412083
198412143
198412162
198412180
198412226
198412272
198412345
198412407
198412416
198412463
198412478
198412520
198412526
198412548
198414595
198414761
198414835
198415146
198415763
198416950
198417094
198417229
198424765
198426873
198426966
198427156
198431154
198431197
198432792
198433906
198435097
198435315
198452334
198453111
198453134
198454249
198454430
198454542
198458747
198462874
198462901
198463724
198465853
198467877
198474539
198475011
198478185
198481187
198482795
198484161
198486582
198498470
198498959
198499576
198499602
198501324
198507878
198508967
198509262
198510117
198510694
198511433
198511707
198515914
198516130
198517313
198520471
198524041
198526769
198526919
198530511
198535416
198538372
198539414
198539455
198540584
198541884
198542205
198542249
198542780
198542929
198543153
198543306
198543317
198543350
198543466
198543668
198543729
198543732
198543757
198543776
198543840
198543940
198543952
198544050
198544174
198544303
198544376
198544382
198544444
198544453
198544457
198544519
198544782
198547677
198559298
198560150
198562867
198563982
198565286
198567981
198568024
198568297
198568347
198568352
198568355
198569552
198572882
198573130
198573230
198573266
198573523
198577014
198579462
198582951
198584024
198586957
198588057
198588111
198589515
198590173
198590184
198590861
198592026
198592559
198612439
198612801
198612810
198612820
198613123
198621753
198622495
198627741
198627779
198628024
198628309
198628399
198628583
198628594
198632055
198638325
198638629
198639399
198639470
198639784
198639828
198640597
198641161
198641193
198641550
198641564
198641797
198643460
198643807
198643878
198644377
198648403
198648731
198650424
198650462
198650475
198650884
198691886
198691992
198692028
198692456
198692540
198693671
198697483
198700358
198701230
198701638
198702986
198703283
198703293
198703714
198703918
198721770
198725035
198726940
198732404
198735511
198735917
198737646
198738034
198738417
198738733
198738897
198739392
198740893
198740980
198740989
198769303
198770005
198773853
198777974
198778175
198779740
198780122
198784697
198785275
198785466
198791938
198817182
198817416
198817566
198821733
198823561
198824587
198857414
198864785
198884227
198884399
198884438
198884457
198884462
198884503
198884512
198885938
198886084
198886132
198886212
198886236
198886253
198886436
198886602
198886625
198886629
198886637
198886640
198886673
198886804
198889021
198895172
198895369
198896198
198897589
198898188
198901451
198901881
198902074
198909748
198914882
198914979
198915321
198915327
198917011
198922165
198925801
198926071
198926878
198928019
198928632
198929429
198930099
198932086
198932567
198932644
198932761
198932935
198932972
198933169
198934562
198934694
198935399
198936534
198938901
198955925
198956384
198956427
198957559
198960554
198966611
198968049
198968280
198971407
198972117
198972190
198972267
198972437
198972782
198973186
198977423
198977601
198977860
198978078
198978144
198979076
198983046
198983087
198984123
199006947
199007717
199008953
199009430
199011109
199011783
199012217
199012387
199012413
199012463
199012486
199012755
199013135
199013226
199013239
199013377
199013549
199013601
199013813
199013971
199014027
199014067
199014116
199014164
199014502
199014521
199014597
199020199
199020335
199020543
199021122
199021155
199021477
199021499
199022826
199027711
199027794
199028080
199028613
199028623
199028790
199029337
199029702
199029942
199030113
199039501
199039742
199040264
199040536
199040975
199052439
199078582
199082926
199098867
199098879
199098887
199098899
199099312
199099314
199099321
199099354
199101133
199103404
199108529
199108572
199108582
199108608
199109505
199111306
199111948
199112754
199113491
199118197
199118645
199120817
199121289
199121411
199122911
199123456
199124157
199124910
199124927
199125695
199126361
199127587
199133068
199137184
199138808
199138843
199138866
199138908
199138913
199138944
199138985
199140064
199140632
199144320
199144595
199144679
199145266
199147760
199148090
199152303
199154574
199154892
199168178
199170135
199170345
199170513
199171650
199178101
199178256
199178271
199178291
199178419
199178442
199178484
199178497
199178500
199178584
199178627
199197812
199198486
199198573
199216337
199217054
199217668
199223487
199224279
199236229
199240599
199242993
199244178
199244185
199244199
199244714
199244731
199251367
199262576
199263077
199263714
199269529
199269787
199270793
199271014
199494544
199515090
199515114
199519040
199519336
199525411
199530701
199535556
199535621
199536788
199537925
199538407
199539142
199541585
199543535
199544023
199548583
199549386
199549833
199551847
199552067
199552160
199552551
199552882
199554135
199566298
199568764
199568904
199569181
199571728
199574178
199579487
199602027
199607003
199619114
199619155
199619308
199619335
199619348
199619358
199619371
199619628
199628668
199628693
199628697
199628723
199628732
199628733
199628759
199628798
199628825
199628832
199628878
199628901
199628908
199628923
199628967
199629047
199629136
199629141
199629146
199629157
199629203
199629267
199629270
199629339
199629380
199629403
199629470
199629508
199629521
199629577
199629679
199629689
199629695
199629709
199629716
199629736
199629757
199629802
199629819
199629825
199629840
199629870
199629958
199629977
199630003
199630008
199630049
199630134
199630146
199630158
199630178
199630228
199630260
199630266
199630272
199630278
199630282
199630411
199630417
199630433
199630588
199630600
199630615
199630619
199630631
199630649
199630667
199630738
199630754
199630777
199630849
199630929
199630951
199630953
199631345
199631377
199632565
199632902
199632946
199632959
199633135
199633359
199633513
199633518
199633570
199633623
199634156
199638230
199640442
199640619
199641287
199644856
199645678
199645848
199646035
199646137
199646170
199646211
199646244
199646290
199646396
199646445
199646447
199650094
199667869
199670162
199670169
199678945
199679674
199681086
199681089
199681541
199681545
199681553
199681840
199681928
199681996
199682190
199682196
199682200
199682240
199682286
199682287
199682347
199682391
199682450
199682468
199682573
199682840
199682877
199682880
199682891
199683037
199683088
199683108
199683162
199683173
199683176
199683209
199683240
199683306
199683360
199683372
199683471
199683483
199683555
199683581
199683630
199683648
199683685
199683716
199683755
199683861
199683916
199683960
199684298
199684319
199684325
199684406
199693542
199693545
199700035
199703903
199704396
199705964
199705986
199705994
199705997
199706631
199706857
199706877
199710102
199711117
199728253
199728891
199728897
199730457
199730581
199732383
199733638
199733662
199733711
199733762
199733915
199733963
199734241
199738545
199739032
199740975
199753297
199753466
199753599
199753648
199753834
199840545
199847037
199898576
199898634
199902261
199904083
199910127
199910668
199916906
199922955
199926630
199934451
199936295
199940296
199941383
199941889
199942311
199943397
199945496
199951244
199951351
199956166
199958863
199959040
199959288
199959938
199962067
199962425
199962439
199963463
199963791
199964040
199964042
199964950
199964951
199965222
199965240
199965271
199965363
199965514
199968205
199975604
199977040
199978195
199978769
199979029
199989915
199993833
199994146
199995491
199999519
200001410
200002408
200002532
200004370
200004730
200005206
200005245
200005309
200005649
200016855
200016870
200016872
200016911
200016920
200038477
200038796
200039517
200268190
200520196
200521298
200521528
200528988
200539150
200546939
200548604
200550020
200551129
200554889
200555927
200557891
200560007
200560120
200560151
200560210
200560343
200560350
200560392
200560466
200560673
200560781
200560842
200561097
200561801
200616571
200616727
200617758
200619530
200621459
200624242
200624466
200626796
200629023
200629309
200630996
200646606
200646779
200647389
200647536
200647549
200647984
200648014
200648022
200648899
200652048
200652524
200663244
200664669
200671437
200671970
200671972
200672874
200676310
200678987
200687132
200687355
200693357
200693365
200693560
200694838
200698236
200698709
200701050
200701153
200701203
200701246
200701269
200701330
200701348
200701446
200701486
200701499
200701558
200701563
200701591
200701603
200701613
200701619
200701762
200701779
200701793
200702264
200709148
200709893
200719636
200721333
200724483
200724516
200729838
200730372
200730962
200731804
200732919
200738526
200738653
200739441
200739776
200752585
200761310
200761425
200761579
200761824
200762486
200762488
200763080
200763969
200766676
200767372
200767400
200768858
200771632
200774636
200776400
200780552
200784002
200784178
200784306
200786563
200786884
200787974
200789846
200790078
200790459
200791932
200795801
200797882
200797942
200798555
200798618
200798631
200798638
200799084
200799113
200799123
200799409
200800067
200800257
200800397
200809979
200810952
200811142
200816283
200816351
200834334
200840594
200840770
200841210
200841519
200842309
200844881
200845773
200845802
200846414
200846417
200847523
200847777
200847817
200847833
200847961
200849454
200850326
200850542
200850825
200850836
200850918
200851802
200854252
200854798
200854989
200857607
200862600
200862608
200867892
200872767
200875387
200917306
200917488
200918751
200920639
200922580
200926431
200926464
200926561
200926773
200926826
200927267
200927292
200927427
200929694
200932754
200933189
200933424
200933549
200933567
200933572
200933629
200933698
200933714
200933716
200933732
200933744
200933776
200933872
200933911
200934018
200934045
200934147
200934154
200934271
200934367
200934379
200934494
200934500
200935495
200947611
200947838
200947886
200948283
200956199
200956416
200971182
200971199
200971215
200971231
200971234
200971265
200971355
200971404
200971426
200971473
200971561
200971616
200971648
200971673
200971746
200971808
200971989
200972009
200972157
200972183
200972223
200972224
200972288
200972319
200972385
200972607
200972632
200972651
200974274
200977143
200977241
200977436
200981582
200981654
200982093
200983005
200983964
200985083
200985505
200991712
200991773
200993095
200993707
200993718
200993736
200998255
200998257
200998789
201003495
201004577
201010616
201010639
201013615
201013906
201013991
201014015
201014062
201014076
201014159
201014223
201014319
201014321
201014386
201014510
201014576
201014692
201014746
201014952
201015044
201015614
201017248
201017358
201027625
201027770
201028266
201034296
201034349
201034727
201035227
201036526
201038961
201039182
201039188
201039233
201039303
201040517
201040532
201040533
201040781
201040816
201041239
201041382
201041501
201041597
201041956
201042437
201042515
201042588
201042662
201042810
201042829
201042884
201043127
201043293
201043460
201043637
201043667
201043687
201043894
201044064
201045422
201045801
201047126
201047210
201047371
201048998
201049050
201049218
201049259
201049363
201049420
201049907
201050380
201051567
201051663
201056522
201056532
201056645
201057089
201057520
201057530
201057551
201057554
201057568
201057576
201057585
201062357
201062359
201067598
201071295
201071358
201071439
201072678
201073533
201074183
201091307
201099625
201101321
201106438
201106729
201111077
201113056
201113060
201116687
201118436
201120769
201120855
201121330
201121354
201121636
201121651
201121699
201122246
201122773
201122839
201122983
201123013
201123443
201125388
201125695
201125722
201125871
201126040
201126059
201126180
201126202
201126207
201126214
201126538
201126549
201126630
201126904
201127050
201127090
201127221
201127232
201127247
201127269
201127300
201127312
201127323
201127787
201127791
201128995
201145100
201145654
201145845
201146059
201146083
201146178
201146209
201146221
201146256
201146304
201146366
201152831
201152881
201152885
201153205
201153357
201155117
201157521
201158026
201158620
201158672
201160358
201160897
201161808
201163197
201163395
201163399
201163442
201164086
201164113
201164239
201164478
201164500
201164755
201167377
201167449
201167583
201170689
201173666
201175968
201176074
201176157
201176242
201176283
201176431
201176790
201176916
201176935
201177890
201182478
201207272
201208025
201208630
201208807
201209407
201214175
201222674
201226509
201233776
201240307
201242920
201290090
201296598
201300746
201307578
201307593
201307647
201307678
201307691
201307705
201307707
201307712
201307718
201307720
201307729
201309400
201355991
201356077
201356240
201356397
201356639
201356716
201357029
201357175
201357177
201357197
201357493
201357505
201357689
201357720
201381671
201381703
201384706
201385008
201422960
201423015
201423069
201423094
201428516
201436706
201436736
201436858
201436907
201436952
201436965
201439852
201477421
201477475
201477500
201477501
201483454
201487141
201508780
201515217
201515220
201515238
201515245
201515255
201515258
201515259
201515289
201515291
201515292
201515295
201515304
201515319
201515324
201515326
201515328
201515338
201515359
201515360
201515380
201515389
201515391
201515411
201515424
201515427
201515430
201515476
201515479
201515490
201515492
201515495
201515515
201515516
201515520
201515524
201515554
201515557
201515559
201515575
201515577
201515584
201515601
201515611
201515613
201515615
201515617
201515628
201515635
201515636
201515637
201515638
201515639
201515656
201515661
201515668
201515678
201515679
201515683
201515693
201515702
201515710
201515712
201515726
201515737
201515744
201515749
201515753
201515756
201515763
201515766
201515800
201515804
201515806
201515827
201515842
201515850
201515871
201515876
201515878
201515884
201515956
201515967
201515975
201515982
201515986
201515992
201515995
201516015
201516023
201516042
201516056
201516104
201516106
201516122
201516129
201516147
201516148
201516152
201516155
201516164
201516171
201516173
201516174
201516205
201516207
201516217
201516219
201516220
201516225
201516239
201516244
201516259
201516282
201516299
201516304
201516322
201516340
201516343
201516347
201516348
201516350
201516358
201516361
201516373
201516382
201516391
201516394
201516420
201516429
201516432
201516487
201516488
201516489
201516490
201516492
201516515
201516525
201516528
201516537
201516542
201516562
201516566
201516571
201516587
201516593
201516600
201516605
201516608
201516631
201516653
201516670
201516671
201516672
201516680
201516694
201516701
201516704
201516707
201516710
201516711
201516739
201516742
201516750
201516756
201516765
201516801
201516832
201516837
201516841
201516845
201516847
201516857
201516869
201516872
201516874
201516883
201516885
201516896
201516903
201516921
201516925
201516931
201516947
201516971
201516978
201516983
201516999
201517006
201517009
201517015
201517049
201517051
201517054
201517056
201517079
201517088
201517095
201517106
201517119
201517143
201517156
201517160
201517161
201517168
201517170
201517189
201517201
201517214
201517235
201517238
201517251
201517266
201517268
201517271
201517302
201517306
201517322
201517348
201517349
201517360
201517382
201517410
201517431
201517433
201517437
201517444
201517462
201517465
201517495
201517511
201517512
201517518
201517541
201517542
201517546
201517553
201517558
201517566
201517579
201517625
201517631
201517650
201517664
201517669
201517671
201517693
201517696
201517702
201517722
201517730
201517731
201517739
201517746
201517747
201517748
201517752
201517753
201517761
201517762
201517775
201517779
201517786
201517788
201517795
201517796
201517812
201517815
201517817
201517828
201517840
201517841
201517842
201517851
201517857
201517862
201517870
201517871
201517872
201517881
201517885
201517886
201517888
201517893
201517896
201517915
201517916
201517918
201518095
201518138
201518221
201518389
201522698
201522779
201522946
201522961
201523051
201523166
201525454
201549140
201549220
201549490
201550005
201550444
201568101
201568304
201568604
201568762
201575950
201576142
201576169
201576782
201576955
201577369
201577760
201577849
201577981
201578153
201578172
201578221
201579063
201579074
201579177
201579599
201579853
201579883
201579923
201592429
201592559
201592621
201592625
201592630
201592659
201592762
201592853
201592909
201592916
201592962
201593022
201593266
201597028
201598258
201600372
201602041
201602063
201604225
201606819
201607614
201610117
201610178
201610280
201610324
201610378
201613753
201614861
201619717
201622328
201623294
201624084
201624114
201624177
201624566
201624905
201625944
201626013
201626521
201627304
201627634
201628849
201628974
201629171
201629418
201629741
201629942
201629963
201629983
201630559
201638283
201638340
201638798
201639401
201648175
201648250
201648369
201648374
201650009
201653226
201657225
201657342
201657643
201657678
201657699
201672871
201672926
201672962
201672964
201673024
201677943
201678525
201678526
201678583
201678624
201678648
201678727
201678750
201678793
201692716
201693320
201699448
201699641
201700250
201700606
201700675
201701362
201701447
201701495
201701496
201701556
201701584
201701586
201708744
201712324
201712346
201712806
201766721
201769995
201770104
201770146
201770286
201775155
201775241
201775287
201775488
201790954
201791637
201791647
201791651
201791660
201791662
201795111
201795339
201796580
201798433
201802645
201802676
201802715
201802788
201802823
201803535
201803550
201803633
201803690
201804456
201808682
201808889
201808969
201809195
201809314
201809482
201809634
201820426
201820532
201820575
201820586
201820636
201820771
201821045
201821052
201821135
201821419
201822892
201832222
201833224
201833590
201835044
201841007
201841053
201841184
201841204
201841854
201841918
201842003
201842244
201843515
201844762
201844791
201844845
201844877
201844928
201844941
201844949
201844953
201844982
201845029
201845427
201846136
201849735
201849957
201850081
201850518
201851027
201851903
201852859
201855731
201861058
201861208
201861559
201861617
201861671
201861688
201861797
201862140
201862144
201862619
201862653
201862723
201863299
201863383
201863544
201863652
201863736
201863824
201863960
201864114
201864301
201864352
201864992
201865751
201865836
201865975
201866025
201866169
201866182
201866216
201866326
201866419
201866600
201866697
201866950
201866979
201867019
201867046
201867195
201867380
201867818
201867864
201867906
201868040
201868501
201868520
201869176
201869781
201874733
201874760
201877528
201877622
201877645
201877801
201877974
201878141
201878350
201878454
201878537
201878860
201879027
201879052
201879139
201879153
201879401
201879508
201879628
201879662
201879683
201879822
201879880
201880057
201880142
201880285
201880425
201880529
201881317
201881388
201881866
201881922
201881965
201882047
201882124
201882232
201882247
201882758
201882770
201882771
201882807
201882898
201882915
201882952
201883011
201883122
201883514
201883591
201883823
201883826
201883842
201883869
201884088
201884093
201884105
201884203
201884230
201884293
201884410
201884610
201884746
201884755
201884877
201884918
201884959
201885000
201885083
201885105
201885162
201885206
201885216
201885289
201885501
201885644
201885646
201885761
201885898
201885940
201885996
201886053
201886175
201886179
201886263
201886309
201886396
201886402
201886506
201886600
201886650
201886829
201886898
201886939
201886972
201887050
201887178
201887288
201887295
201887437
201887459
201887528
201887613
201887683
201887759
201887936
201887939
201887940
201888124
201888140
201888152
201888173
201888194
201888196
201888292
201888300
201888314
201888341
201888362
201888386
201888407
201888459
201888508
201888514
201888643
201888891
201889026
201889075
201889086
201889276
201889299
201889338
201889666
201889862
201889948
201889974
201890249
201890283
201890337
201890450
201890495
201890972
201891064
201891144
201891292
201891327
201891528
201891529
201891562
201891800
201892935
201910067
201911229
201913904
201926533
201927563
201927856
201928016
201928186
201928258
201928372
201928833
201931419
201931623
201932311
201941731
201951724
201967002
201967818
201967876
201967926
201968040
201999528
202003352
202003596
202006141
202007907
202012762
202012916
202013799
202014068
202014108
202014788
202015119
202037787
202037962
202040648
202040650
202040725
202040751
202040901
202040983
202041057
202041097
202041298
202041411
202041445
202041463
202041566
202042735
202043989
202044414
202046064
202046268
202046310
202047011
202047285
202052096
202059573
202062529
202062668
202063641
202179733
202217380
202222735
202223571
202223610
202223724
202223798
202223801
202223912
202224508
202224515
202224754
202225933
202226030
202229575
202230017
202231707
202231731
202232672
202232725
202232727
202232861
202233868
202233898
202233905
202233937
202238178
202243815
202245775
202246241
202272194
202277133
202278278
202281174
202282358
202283336
202283786
202284046
202330343
202330354
202330632
202330725
202330829
202330866
202331000
202331072
202331291
202331422
202331670
202331683
202331769
202331774
202331783
202331801
202331804
202331809
202331842
202331846
202331860
202331863
202331869
202331876
202331913
202331919
202332384
202332444
202332582
202332852
202333047
202333476
202334417
202334544
202338695
202339703
202342677
202343025
202343686
202345062
202345644
202345758
202345767
202345802
202345864
202346222
202346370
202346790
202346811
202346841
202347477
202347509
202347886
202383692
202384323
202384530
202384613
202388277
202395372
202404609
202410341
202411975
202411999
202412038
202412124
202412147
202412262
202412303
202413387
202413767
202414127
202414229
202417254
202428813
202431457
202431518
202438944
202461596
202465575
202465602
202478567
202483892
202484910
202485012
202485867
202485942
202487059
202491909
202492120
202492229
202492301
202492444
202492569
202492866
202493883
202495013
202495019
202495059
202495081
202495103
202495132
202495133
202495137
202495152
202495176
202495554
202495665
202508613
202509069
202509764
202512502
202516244
202517671
202518846
202521595
202525908
202525924
202525944
202526361
202526377
202526578
202526613
202526726
202528182
202528201
202528418
202558230
202558315
202558613
202559077
202559097
202559134
202559199
202560083
202596064
202598941
202598946
202599088
202603261
202611207
202611381
202613945
202613954
202617281
202622802
202638060
202639865
202640699
202641372
202641494
202641520
202641602
202641608
202643124
202644020
202645999
202646459
202647613
202650627
202650632
202657110
202657262
202657272
202657384
202657539
202657888
202658036
202658110
202658213
202658392
202658527
202658576
202658619
202658707
202658869
202658871
202658896
202664234
202703107
202705883
202706409
202708846
202708954
202709775
202710344
202710800
202712796
202715119
202715453
202716882
202716921
202716943
202719601
202724634
202729257
202733553
202760782
202762478
202762628
202763403
202763404
202763463
202763468
202763501
202763586
202768168
202769702
202769897
202769899
202769903
202769904
202769907
202769909
202769915
202769918
202770303
202770436
202771624
202781763
202782564
202784141
202784158
202784196
202784216
202784229
202784240
202784251
202785989
202786108
202787474
202788110
202788159
202797203
202797358
202798804
202799211
202800371
202802190
202804078
202804188
202804193
202804220
202804226
202804250
202804255
202804266
202804273
202804285
202804294
202804306
202804349
202804427
202804765
202805649
202807510
202812527
202815204
202834956
202849203
202851654
202852743
202854046
202854286
202854558
202855162
202857042
202859238
202861550
202862903
202862934
202863028
202864118
202865342
202866495
202875401
202877114
202877564
202878677
202880288
202880503
202880614
202880622
202880697
202880786
202880865
202880933
202880950
202881018
202881202
202881204
202881214
202881272
202881299
202881729
202883403
202885951
202890710
202896024
202896999
202898611
202899254
202956779
202956990
202957415
202957464
202957538
202957554
202957572
202957681
202958321
202959101
202959749
202963760
202996336
203000869
203004149
203006079
203013213
203013400
203021160
203023749
203039697
203039787
203040021
203049844
203055650
203069226
203075750
203083832
203084737
203084792
203085054
203085068
203085186
203086751
203086771
203087271
203092035
203092418
203092529
203110088
203114844
203115009
203115338
203122610
203122781
203126081
203128205
203136213
203144126
203145341
203146469
203147334
203149871
203150468
203150686
203155628
203156197
203156621
203157218
203176863
203177350
203177417
203183679
203184158
203184233
203186737
203187774
203190215
203190468
203196671
203200707
203200763
203201395
203202133
203202972
203204759
203204846
203207296
203208383
203210750
203213219
203213297
203213369
203213448
203222203
203222236
203222571
203222582
203222755
203222765
203230040
203231125
203244477
203260465
203278103
203284760
203288852
203291445
203293435
203293826
203293851
203294462
203294955
203317262
203317357
203317459
203318392
203320324
203321329
203386954
203393112
203393220
203393273
203396547
203396554
203396667
203396722
203396898
203397032
203397120
203397174
203397560
203397618
203401441
203402114
203422937
203432802
203432887
203433298
203435711
203435858
203462949
203463219
203467807
203468597
203468612
203468628
203471436
203472352
203498038
203498133
203500013
203505612
203506239
203506361
203506367
203508379
203534985
203539034
203539922
203553777
203572443
203575669
203579737
203584138
203585223
203585617
203585900
203586963
203696676
203703280
203703327
203703351
203703461
203703583
203704047
203710581
203730958
203730972
203731026
203746652
203763214
203770526
203770738
203784455
203784461
203784567
203784783
203785132
203790506
203803264
203803330
203803353
203803371
203803499
203803541
203803585
203803749
203803762
203810430
203810530
203810574
203810584
203810593
203810615
203810617
203810654
203810702
203810706
203810748
203810779
203810866
203810888
203814189
203831396
203834311
203834355
203834377
203834395
203834413
203834447
203834462
203834567
203834647
203834828
203841548
203843910
203848024
203850130
203850211
203851704
203851829
203852189
203852637
203853127
203856815
203859561
203859851
203859918
203860014
203860501
203860671
203860989
203863948
203863950
203866594
203869779
203869790
203869798
203869962
203870040
203872146
203875201
203875892
203889480
203890072
203890923
203890931
203909388
203909988
203912259
203913255
203920204
203920586
203920754
203920822
203921280
203921288
203921369
203921387
203921394
203921478
203922826
203924432
203927556
203927591
203929778
203929912
203929942
203933707
203936655
203936662
203937133
203937388
203943999
203944149
203953832
203957835
203958028
203958134
203958901
203958937
203959010
203960475
203960517
203960596
203960672
203960697
203960707
203960840
203960841
203960845
203960851
203960855
203960862
203960914
203960916
203960952
203960964
203960975
203961026
203961052
203961125
203961147
203961169
203961872
203961894
203964861
203965696
203967502
203968562
203970423
203982877
203992149
203992243
203992258
203992328
203992378
203992392
203994503
203994747
203995711
203996892
203998281
203998899
203998915
203999042
203999080
203999095
203999128
204003081
204003636
204005339
204009240
204009513
204009583
204009636
204009739
204009907
204009975
204010167
204010447
204010556
204010736
204010870
204010873
204010959
204011033
204011134
204011244
204011277
204011435
204011582
204011658
204011747
204012170
204012415
204012685
204013065
204013435
204013446
204013474
204014785
204015088
204015223
204015242
204015784
204015841
204016164
204016203
204017612
204018378
204018513
204018866
204019375
204019588
204019867
204019986
204020561
204020585
204020851
204020874
204020957
204021481
204021651
204021761
204022458
204022880
204023243
204024095
204024320
204024460
204024609
204024930
204025940
204026040
204026467
204026556
204026630
204026735
204026963
204037726
204043682
204044482
204044686
204049373
204049817
204050169
204050271
204052181
204057227
204064320
204064369
204064371
204064409
204064447
204064467
204064488
204064542
204064746
204064755
204064846
204064868
204064908
204064916
204065025
204065053
204065056
204065101
204065506
204065648
204066261
204066701
204066771
204066809
204066882
204066889
204066943
204066981
204066989
204067081
204068352
204068488
204068882
204069112
204069369
204069616
204076774
204077200
204077202
204077220
204081413
204081426
204081620
204081956
204082014
204082161
204082202
204083667
204122834
204123236
204130354
204170431
204209776
204215751
204229170
204229177
204229201
204237209
204249929
204250564
204252594
204253211
204254398
204255553
204268129
204268334
204269209
204280498
204282184
204282598
204283125
204283274
204285488
204286422
204289315
204289901
204289905
204290064
204290112
204291222
204291415
204301390
204309104
204309405
204309406
204309414
204309417
204309551
204309593
204309620
204310645
204317196
204318168
204318174
204318207
204318264
204318266
204318297
204318343
204318414
204318541
204318552
204318554
204318630
204318695
204318716
204318773
204318871
204320135
204320373
204320382
204321265
204321638
204324863
204324984
204325658
204332682
204332761
204332944
204337454
204337465
204337504
204338386
204345215
204367044
204374101
204374321
204376998
204379057
204380974
204382653
204383473
204387159
204388416
204388657
204388830
204392587
204392631
204392722
204399056
204399255
204404261
204404532
204404632
204404757
204411026
204411091
204411099
204413151
204413180
204414756
204414775
204421012
204421028
204424799
204428466
204429541
204430928
204431202
204431210
204431234
204431240
204431242
204431246
204431250
204431270
204431276
204431278
204431624
204433152
204433653
204435275
204437406
204437685
204437733
204437759
204440612
204441092
204442584
204443930
204444310
204444405
204444423
204444425
204444429
204444433
204449460
204449662
204449881
204450798
204452766
204452811
204452814
204452841
204452887
204452990
204453026
204453032
204453043
204453340
204453344
204453367
204453432
204453535
204453640
204453647
204461258
204461354
204463692
204464127
204464439
204470079
204472854
204536086
204536164
204536252
204537569
204537595
204537632
204538538
204560922
204560949
204561010
204561067
204561098
204561272
204562927
204562990
204607187
204609962
204610166
204610216
204610492
204610871
204610882
204610894
204610898
204610904
204610939
204611262
204615156
204615204
204615337
204615396
204615401
204615430
204616478
204621182
204622144
204624113
204624352
204625323
204625382
204626949
204627116
204627429
204629806
204630551
204635265
204635631
204639290
204639403
204640406
204643025
204643037
204643045
204643047
204643049
204643055
204643057
204643077
204643904
204645780
204645890
204650196
204658727
204658871
204658924
204660057
204660506
204660941
204662735
204663296
204663442
204665766
204666565
204667145
204667671
204668399
204668487
204668621
204669063
204669325
204669385
204669397
204669598
204669671
204669689
204669755
204670104
204673117
204712086
204714684
204765981
204765988
204766141
204766154
204766269
204768061
204768412
204768419
204768463
204768464
204768468
204768490
204768495
204768526
204768527
204768540
204768553
204768560
204768563
204768585
204768586
204768590
204768610
204768616
204768618
204768620
204768622
204768638
204768641
204768670
204768671
204768703
204768739
204768752
204768777
204768788
204768792
204768808
204768809
204768812
204768820
204768821
204768836
204768842
204768850
204768856
204768867
204768876
204768881
204768884
204768885
204768890
204768892
204768896
204768903
204768907
204768916
204768936
204768937
204768946
204768948
204768956
204768968
204768975
204768979
204768990
204769012
204769023
204769056
204769058
204769060
204769061
204769081
204769090
204769091
204769172
204769196
204769201
204769202
204769204
204769214
204769244
204769401
204771157
204802925
204802988
204803002
204803340
204803681
204806150
204807904
204820876
204820936
204821176
204821197
204837352
204847986
204847987
204847992
204847994
204848002
204848013
204848027
204848029
204848036
204848054
204848058
204848068
204848073
204848097
204848104
204848108
204848117
204848128
204848137
204848139
204848142
204848146
204848165
204848183
204848202
204848251
204848268
204848275
204848305
204848341
204848354
204848355
204848367
204848373
204848384
204848393
204848395
204848425
204848432
204848447
204848450
204848471
204848478
204848482
204848567
204848594
204848602
204848606
204848608
204848640
204868868
204871775
204871880
204872433
204872859
204874887
204877301
204878779
204879162
204881146
204882431
204883495
204883518
204897079
204898073
204899794
204899857
204907634
204911107
204913793
204914138
204914171
204914379
204915615
204915623
204915625
204915637
204915643
204915646
204915653
204915654
204915657
204915659
204915667
204915668
204915672
204915674
204915675
204915679
204915732
204915751
204915756
204915758
204915791
204915852
204915869
204915880
204915910
204915911
204915983
204916007
204916009
204916028
204916044
204916046
204916056
204916116
204916162
204916178
204916201
204916218
204916221
204916224
204916234
204916247
204916256
204916269
204916276
204916290
204916291
204916301
204916303
204916319
204916326
204916328
204916329
204916333
204916335
204916367
204916368
204916382
204916414
204916415
204916423
204916427
204916450
204916454
204916457
204916465
204916467
204916486
204916497
204916500
204916527
204916542
204916545
204916550
204916557
204916588
204916607
204916688
204916701
204916728
204916755
204916759
204923282
204923831
204925265
204925889
204926041
204926050
204926567
204926749
204927721
204928711
204928929
204929179
204929495
204929816
204930133
204942164
204942178
204942562
204954840
204955014
204955034
204955041
204955124
204955431
204955555
204955809
204956287
204956474
204956500
204957876
204957885
204958616
204958702
204961839
204961965
204962115
204962151
204985168
204985228
204985867
204986699
204987040
204987150
204987742
204988474
204988834
204989404
204989470
205001702
205001919
205003365
205004609
205007827
205007937
205008003
205008075
205008088
205008089
205008134
205008210
205008320
205008472
205008701
205008755
205008775
205008942
205009662
205010234
205018109
205018141
205018163
205018178
205018213
205018335
205018343
205018349
205018443
205018497
205018498
205018537
205018561
205018600
205018663
205018685
205018688
205021637
205027727
205027951
205028373
205028491
205028578
205028618
205028646
205028886
205031631
205031689
205031692
205031705
205031706
205031710
205031733
205031738
205031783
205031784
205031798
205031835
205031946
205031964
205031965
205039914
205040075
205040178
205047775
205049126
205049364
205050079
205050494
205050496
205050520
205050539
205050547
205050561
205050576
205050588
205050622
205050671
205050949
205051233
205051631
205059345
205069892
205070049
205070177
205071274
205072067
205072796
205074049
205074616
205075492
205080613
205080890
205080891
205081038
205081112
205081143
205081164
205081374
205081380
205081826
205081833
205081847
205083559
205083718
205083767
205083819
205083892
205083906
205083944
205084000
205084055
205084262
205084365
205084382
205101995
205102039
205102058
205102217
205102466
205102498
205102509
205102510
205109201
205109232
205109442
205110818
205110926
205110972
205111133
205111150
205111166
205111199
205111209
205111230
205111247
205111443
205113157
205115266
205116805
205116826
205128467
205128561
205145867
205145907
205146921
205148087
205153015
205160041
205161194
205161439
205161781
205162158
205162376
205162438
205162680
205162765
205162962
205163021
205163079
205163218
205169492
205172565
205173049
205173510
205178143
205178342
205178395
205178728
205179135
205179143
205179288
205179600
205179756
205179844
205180063
205180369
205180370
205180405
205180830
205181510
205184117
205189206
205189960
205190335
205205603
205206022
205207043
205209267
205216346
205216390
205217847
205218234
205218258
205218500
205220122
205220160
205220166
205220253
205223446
205225930
205228623
205229278
205229390
205229666
205231582
205231826
205232742
205232963
205233133
205233490
205233501
205233508
205233510
205233768
205234310
205234392
205236415
205239601
205239663
205239741
205239771
205239832
205239905
205239968
205240020
205240170
205242472
205243296
205244948
205245417
205245883
205246095
205246237
205246262
205246272
205246334
205246472
205246710
205254649
205254880
205254919
205255175
205262547
205262633
205262650
205262662
205262682
205262860
205263404
205263419
205263436
205263480
205263670
205263793
205263992
205264500
205264936
205270289
205271475
205272270
205274096
205274228
205275383
205275661
205276056
205276177
205276389
205276424
205276584
205276682
205276729
205276802
205276824
205276854
205276874
205276975
205276983
205277242
205277288
205277455
205277522
205277832
205277917
205278043
205278609
205278632
205278683
205279032
205279043
205279133
205279476
205279502
205280605
205280846
205281163
205284641
205285722
205285726
205285734
205285791
205286057
205287011
205287144
205287410
205287457
205287578
205287580
205287593
205287607
205287788
205287889
205288058
205288700
205289179
205289233
205289279
205292754
205295033
205297523
205297964
205297973
205298136
205298840
205299296
205302132
205302756
205303241
205303508
205305067
205324717
205326142
205326956
205327002
205327037
205327089
205327166
205327671
205328632
205328640
205335423
205335954
205336327
205346040
205372397
205372812
205379650
205383668
205384729
205385790
205387388
205387396
205387418
205387996
205388006
205388037
205388042
205388108
205388111
205388486
205396422
205396437
205396444
205408729
205408785
205410650
205412371
205412416
205412472
205417842
205419680
205420615
205422991
205423210
205426836
205473190
205473257
205473946
205474109
205474374
205474942
205475794
205478139
205478921
205478934
205478957
205479181
205486470
205487039
205487476
205487679
205494446
205494457
205495607
205498997
205498999
205499037
205499310
205499337
205499387
205503265
205505669
205505679
205507126
205507574
205507650
205507655
205508013
205508057
205508238
205508507
205509313
205509322
205509397
205509559
205509634
205509742
205509744
205509792
205509982
205510358
205510362
205510389
205510492
205510496
205510729
205510743
205511582
205511756
205511855
205511875
205511878
205511913
205512028
205512216
205512926
205513081
205513263
205514971
205515120
205515786
205516559
205516732
205517756
205518574
205519160
205519258
205519284
205519346
205519496
205519503
205519630
205519632
205519686
205519701
205519707
205519723
205519787
205519789
205519793
205519865
205519898
205520009
205520011
205520039
205520182
205520190
205520230
205520321
205520489
205520598
205520655
205520838
205521538
205522160
205523899
205525201
205525566
205525883
205525944
205526099
205526186
205526670
205526821
205527110
205527194
205527474
205527683
205529304
205530486
205530558
205530620
205531226
205531541
205533026
205533047
205533050
205533056
205533062
205533079
205533086
205533087
205533135
205533140
205537626
205537735
205538914
205538922
205539556
205539561
205539564
205539571
205539575
205539576
205539586
205539591
205539600
205539604
205539606
205539610
205539623
205539631
205539635
205539636
205539658
205539667
205539677
205539680
205539684
205539695
205539896
205540012
205540196
205540653
205542338
205548204
205550976
205553933
205554408
205554852
205561982
205563409
205567510
205567602
205571804
205572771
205576888
205582973
205584164
205585867
205591202
205591232
205591304
205591318
205591357
205591419
205591426
205591444
205591520
205591644
205591660
205591695
205591741
205594289
205602882
205603014
205603016
205603118
205603123
205603154
205603179
205603233
205603250
205603297
205603378
205603421
205603422
205603436
205603571
205603691
205603785
205603844
205603946
205604010
205604027
205604106
205604138
205604262
205604315
205604341
205604404
205604747
205604807
205604847
205605054
205605066
205605067
205605138
205605150
205605265
205605414
205605498
205605769
205605773
205605850
205606093
205606099
205606317
205609125
205609249
205609343
205609487
205609525
205610036
205610724
205611746
205614029
205614452
205614973
205614998
205615082
205615116
205615681
205620225
205643317
205643427
205643757
205644125
205644209
205666051
205673393
205673512
205673551
205674162
205684447
205684727
205684736
205685290
205685397
205685411
205685450
205685551
205687373
205687406
205687891
205688298
205688358
205690661
205691097
205691354
205691512
205691936
205692556
205692600
205696383
205696781
205697423
205704157
205710761
205711709
205711863
205712015
205712740
205713009
205714099
205714109
205714703
205715832
205716323
205718877
205721684
205723085
205725968
205728036
205729504
205729591
205729989
205730018
205730095
205730264
205730488
205730565
205730632
205730774
205743884
205743906
205743912
205743977
205744493
205756315
205792568
205793001
205793519
205799503
205800749
205802132
205802298
205804926
205805784
205810478
205812290
205816315
205816375
205819208
205819453
205820654
205820675
205820679
205820749
205820753
205820755
205820795
205820804
205820808
205823033
205823054
205823806
205828209
205828214
205828269
205828836
205829210
205829304
205829661
205829698
205829900
205829904
205829906
205830535
205830536
205831135
205831151
205831172
205831217
205831433
205838950
205841077
205841080
205846312
205846701
205846731
205847191
205847262
205847286
205847288
205847384
205847528
205847534
205847619
205848723
205849028
205849069
205850675
205850693
205855493
205857240
205863246
205863253
205863257
205863270
205863598
205863672
205868397
205884141
205885382
205885392
205885406
205885452
205885503
205885537
205886057
205886131
205886170
205889379
205889559
205889604
205889631
205890466
205890626
205891720
205891750
205891977
205891987
205892064
205892589
205892614
205892990
205893301
205893565
205893751
205894767
205894829
205897444
205897551
205897820
205898054
205899244
205905419
205905594
205914805
205914894
205915204
205915660
205915737
205915923
205916045
205916129
205916348
205916557
205932172
205932717
205942000
205942218
205942285
205942621
205942744
205943005
205943114
205943566
205943617
205943708
205943858
205944791
205945543
205955175
205955193
205955206
205955212
205955256
205955261
205960462
205960494
205966421
205971537
205977423
205983851
205983853
205987458
205987980
205988450
205988741
205989564
205989720
205991005
205991142
205996184
205996955
206001213
206052015
206053712
206064224
206065240
206084105
206085734
206086032
206087059
206092258
206106851
206107423
206107584
206107753
206107755
206107796
206107944
206108062
206108133
206108301
206108510
206112599
206117768
206117988
206118115
206123740
206125931
206129157
206129294
206131025
206131103
206134390
206134499
206134741
206134891
206135073
206135075
206135086
206135177
206141399
206144564
206145042
206145048
206147376
206147399
206147543
206147748
206147860
206165881
206169377
206197403
206202402
206203079
206203759
206204153
206218163
206218174
206218363
206218474
206227715
206228380
206231105
206231587
206232418
206233502
206235816
206236992
206237160
206237457
206240360
206242641
206243336
206243401
206243777
206244059
206244306
206244672
206244691
206246426
206250115
206250326
206250452
206252988
206253192
206255047
206255265
206265226
206265423
206265658
206270001
206270584
206270627
206289431
206294785
206295174
206295231
206295269
206295322
206295348
206295353
206295919
206303714
206303784
206303845
206303877
206303895
206304007
206304253
206304273
206304488
206304550
206304660
206304718
206304784
206304864
206305369
206305420
206305588
206306040
206306272
206306311
206306325
206306361
206306572
206306722
206306896
206307102
206307278
206307452
206307551
206307598
206308239
206308263
206308313
206308345
206308351
206308367
206308378
206308383
206308398
206308409
206308496
206308516
206316494
206319832
206319885
206319921
206319927
206319928
206319989
206320015
206320017
206320068
206320086
206320087
206320098
206320111
206320133
206320146
206320217
206320253
206320851
206320855
206325462
206325820
206330686
206330688
206335266
206335296
206335546
206335584
206360468
206363424
206364113
206364498
206364993
206365394
206367354
206367824
206368166
206368678
206369003
206369875
206370233
206372520
206372699
206372883
206373207
206373214
206373419
206374251
206374360
206388520
206389058
206389059
206390066
206390224
206390575
206390920
206391050
206392156
206392275
206392482
206392789
206393726
206393767
206393896
206394447
206394457
206395843
206395972
206397089
206397320
206398892
206399889
206400951
206401476
206401840
206402276
206402565
206402619
206402895
206403183
206403212
206404647
206405311
206405460
206405569
206405882
206406143
206407187
206407215
206407230
206407233
206407274
206408105
206408279
206408389
206408512
206408775
206409359
206410128
206410607
206410729
206410907
206411794
206412647
206413865
206414066
206414107
206415395
206415639
206415844
206416067
206416084
206416616
206416773
206416950
206417198
206417673
206417752
206417900
206418736
206418807
206419087
206419167
206419398
206419484
206420764
206420889
206421196
206422310
206422348
206422719
206423014
206423675
206423802
206424103
206424187
206425273
206425455
206425602
206425749
206426073
206426083
206426115
206426166
206426558
206427164
206427282
206427396
206427665
206427669
206428747
206429447
206429778
206430280
206430647
206430698
206430945
206431499
206431705
206432334
206432938
206432940
206433138
206433229
206433484
206434039
206434201
206434825
206434830
206435151
206435410
206435726
206435820
206435872
206435893
206436041
206437815
206438699
206438705
206438742
206439018
206439883
206440436
206440857
206441795
206441868
206442402
206442437
206442597
206443055
206443288
206443647
206443808
206443910
206444831
206444972
206445025
206445477
206445755
206446011
206446943
206446982
206447712
206448020
206448595
206449236
206450269
206450850
206451999
206452377
206452517
206452541
206452623
206452932
206453310
206454281
206454374
206454847
206455156
206455253
206455441
206455663
206456090
206456550
206456892
206456979
206457579
206457618
206457744
206457943
206457970
206458290
206458465
206458791
206459237
206459625
206461656
206462534
206462711
206462864
206463204
206463646
206464528
206464861
206466551
206466714
206466856
206468047
206468118
206468203
206468260
206468716
206468976
206469126
206469204
206469489
206469568
206469649
206470210
206470218
206470796
206472110
206473412
206473560
206473572
206473684
206474313
206478810
206481121
206483434
206483461
206483474
206483489
206483497
206483514
206483517
206483527
206483561
206483564
206483592
206483876
206483933
206485977
206486360
206487795
206488185
206488305
206488538
206490247
206491553
206491835
206493716
206493798
206493954
206494154
206494321
206494323
206494330
206495056
206495497
206495609
206496026
206496068
206496111
206496129
206496178
206496305
206496505
206496562
206496627
206496781
206496790
206496911
206496920
206497037
206497046
206497328
206497480
206497514
206497564
206497586
206497692
206497966
206498181
206498306
206498317
206502763
206502954
206503169
206503287
206503354
206503569
206503862
206503967
206503980
206504103
206504343
206504613
206504617
206505400
206505904
206505905
206506186
206506244
206506247
206506265
206506746
206506818
206507146
206507672
206508762
206508933
206510079
206510083
206510752
206511663
206512213
206512737
206512751
206513561
206514229
206514689
206514852
206515083
206515173
206515184
206515775
206516004
206516384
206516931
206517238
206520252
206520303
206520416
206521586
206521623
206521668
206522423
206522711
206525594
206525928
206526281
206526783
206526807
206526837
206526838
206526860
206527023
206527252
206527287
206527579
206527634
206527662
206527779
206527834
206527922
206528224
206528398
206528547
206528607
206528682
206528715
206528853
206529039
206529048
206529245
206529478
206529582
206529867
206530803
206531615
206532350
206533161
206536630
206537624
206553261
206553272
206553302
206553308
206553412
206553432
206553450
206553941
206553948
206553965
206553980
206554011
206554046
206554056
206554060
206561628
206562079
206562117
206562563
206562719
206562878
206562915
206562924
206562948
206563037
206563308
206563399
206563466
206563549
206563572
206563582
206563615
206563714
206563716
206563732
206563878
206563891
206564002
206564034
206564054
206564160
206564208
206564223
206564228
206564533
206564546
206564643
206564672
206564815
206564849
206565135
206565360
206565434
206565439
206565611
206565706
206566191
206587264
206587680
206622232
206628900
206640796
206640984
206641138
206643790
206648743
206649451
206651062
206651733
206658457
206658934
206659654
206662292
206663143
206664436
206665048
206665505
206667900
206667907
206667935
206667972
206668025
206668094
206668140
206668218
206668251
206668391
206668421
206668433
206668538
206668557
206668599
206673635
206673684
206674296
206677009
206679271
206681520
206681557
206687835
206693974
206709932
206709982
206710026
206710033
206710038
206710043
206710104
206710132
206710183
206710216
206710265
206710271
206710299
206710380
206710424
206710504
206710526
206710529
206710569
206710665
206710711
206710769
206710805
206710874
206710922
206710935
206710948
206710957
206710996
206711043
206711150
206711219
206711237
206711295
206711346
206711398
206711400
206711467
206711473
206711495
206711529
206711606
206711612
206711651
206711697
206711703
206711713
206711772
206711781
206711804
206711825
206711833
206711931
206711951
206711968
206712074
206712088
206712091
206712092
206712171
206712217
206712278
206712307
206712408
206712416
206712490
206712506
206712602
206712619
206712679
206712707
206712735
206712766
206712769
206712791
206712792
206712839
206712876
206712892
206712995
206713034
206713085
206713087
206713154
206713209
206713259
206713292
206713368
206713585
206713838
206715936
206717292
206781402
206781406
206781415
206781422
206794885
206817980
206832229
206832458
206832574
206832613
206832805
206832821
206832828
206833452
206833528
206833611
206834472
206835104
206835136
206835150
206835164
206835279
206835335
206835715
206835853
206835876
206835949
206836026
206836055
206836167
206836317
206836526
206836543
206836559
206836968
206837084
206837120
206837125
206837131
206837296
206837323
206837418
206837561
206837643
206841002
206841165
206841211
206841246
206841281
206841383
206841401
206841430
206841443
206841465
206841488
206841512
206841603
206841832
206841864
206841989
206842016
206842223
206842503
206842536
206842579
206842703
206862087
206862149
206862150
206862157
206862241
206862302
206872949
206873012
206885224
206904453
206906148
206907488
206908414
206908701
206908735
206914169
206919197
206946362
206952772
206984985
206987457
206987459
206987830
206999037
207002034
207005185
207011178
207011432
207011692
207012149
207012194
207012961
207014783
207016546
207016701
207016910
207017044
207017050
207017093
207017146
207017173
207017177
207017434
207017578
207017669
207017684
207017714
207017795
207017843
207017846
207017904
207018939
207019178
207023556
207034409
207034984
207035082
207035194
207035360
207035395
207035459
207035637
207035863
207036141
207036176
207036177
207036945
207037151
207037161
207037213
207037245
207037339
207037469
207037924
207037928
207037997
207038004
207038122
207038184
207038247
207038712
207038720
207038859
207039082
207039153
207039399
207039406
207039577
207039964
207039974
207040001
207040270
207040292
207040601
207040729
207040872
207040888
207040920
207041033
207042297
207042341
207042477
207067802
207068178
207160014
207162503
207176649
207176894
207181663
207181817
207181822
207181877
207181907
207182013
207190428
207192218
207192607
207193056
207193148
207194970
207196489
207196927
207200079
207200963
207205803
207205916
207207434
207207554
207207563
207208758
207208760
207208806
207208809
207208920
207208943
207208946
207208989
207208998
207209008
207209089
207209127
207209146
207209214
207209219
207209254
207209267
207209323
207209336
207209350
207209366
207209367
207209473
207209557
207209605
207209634
207209646
207209707
207209751
207209777
207210792
207211338
207211682
207211683
207211944
207212006
207212303
207212518
207212730
207212805
207213571
207213600
207213921
207213959
207214450
207214630
207214801
207215088
207215164
207215355
207215526
207216034
207216062
207216416
207217165
207217211
207217463
207217664
207220581
207225619
207227109
207228829
207228833
207229797
207230169
207236932
207236977
207238438
207238523
207238929
207239894
207243702
207245105
207252327
207252370
207252372
207252381
207252443
207252448
207252453
207252477
207252479
207252485
207252559
207252580
207252603
207252683
207252984
207255015
207255107
207256146
207256180
207256277
207256349
207256565
207256868
207268453
207268740
207268757
207268872
207268938
207268983
207271258
207271372
207271668
207277953
207278313
207278374
207278497
207278644
207281463
207281745
207281794
207282945
207282976
207283011
207285065
207288290
207289508
207290377
207293717
207294427
207299029
207299276
207301739
207301809
207301883
207302076
207302510
207303608
207303637
207303640
207303845
207304253
207304447
207304767
207304815
207305420
207305430
207305432
207305472
207305509
207305577
207305654
207306316
207306529
207307048
207308002
207308245
207308507
207308928
207308946
207308987
207309071
207309282
207314165
207314195
207324455
207324533
207325645
207326079
207326859
207327143
207328049
207328625
207328995
207329215
207329414
207330186
207331162
207331346
207331430
207331536
207331539
207331543
207331653
207331757
207335434
207336174
207336693
207336748
207336841
207341537
207342560
207342592
207342608
207342678
207342853
207343001
207343357
207354965
207357356
207357457
207357757
207357789
207357805
207357923
207357949
207357967
207358029
207358467
207360036
207360885
207363998
207375564
207375664
207375758
207377986
207379423
207379499
207379548
207379586
207379770
207379858
207379902
207379965
207380022
207380136
207380821
207381127
207381504
207381595
207381597
207381651
207383007
207383210
207383829
207383832
207384158
207384203
207384333
207385187
207385232
207385578
207385620
207385731
207385742
207385756
207385814
207385919
207385974
207385992
207386002
207386086
207386569
207388216
207388241
207388301
207388374
207388547
207388660
207388837
207388892
207389775
207395160
207395169
207395214
207395235
207395247
207395324
207395362
207395637
207395681
207395808
207395830
207396980
207397535
207407200
207407964
207408030
207408481
207408728
207408760
207408826
207408886
207408962
207409165
207409432
207409442
207409466
207409514
207409600
207410153
207410632
207410962
207410975
207411190
207411382
207411432
207411594
207411866
207411886
207412024
207412148
207412624
207412908
207413194
207414484
207414745
207415038
207415422
207415886
207416027
207416477
207416840
207418284
207418416
207418889
207419013
207419104
207419112
207419205
207420245
207420745
207428988
207439060
207439068
207439121
207439152
207450987
207459063
207459074
207459132
207461203
207479634
207479983
207489990
207492179
207492191
207492214
207492219
207492224
207492266
207492309
207492328
207492331
207492347
207492394
207492458
207492530
207492574
207492585
207492591
207492605
207492690
207493409
207494267
207495051
207496657
207496795
207496801
207496825
207496845
207496856
207496908
207496984
207497009
207497056
207497185
207497211
207497232
207497239
207497406
207497415
207497556
207497759
207497765
207497860
207498027
207498032
207498143
207498385
207498387
207502623
207506966
207507186
207507454
207507533
207507610
207507637
207507661
207507774
207507812
207507892
207507893
207507913
207507919
207507934
207507953
207507983
207508036
207508042
207508152
207508160
207508171
207508278
207508292
207508396
207508440
207508443
207508481
207508522
207508595
207508697
207508741
207508803
207508814
207508841
207508847
207508858
207508906
207508907
207508911
207508990
207509040
207509067
207509099
207509105
207509137
207509244
207509346
207509371
207509378
207509382
207509400
207509417
207509542
207509556
207509666
207509680
207509684
207509723
207509757
207509797
207509801
207509892
207509922
207509930
207509975
207510047
207510099
207510139
207510231
207510254
207510359
207510391
207510460
207510465
207510570
207510793
207510823
207510873
207510978
207511067
207511079
207511092
207511111
207511354
207511878
207511957
207512437
207512770
207522011
207552065
207552549
207552553
207552896
207553722
207555215
207556442
207557347
207558011
207558545
207558886
207559699
207562927
207564364
207564428
207564430
207564499
207564508
207564511
207564585
207564597
207564604
207564620
207564688
207564718
207564783
207564796
207564803
207564807
207564817
207564818
207564908
207564950
207565139
207565183
207565185
207565215
207565216
207565242
207565244
207565264
207565268
207565292
207565326
207565387
207565393
207565433
207565534
207567547
207639653
207640833
207640932
207640937
207640979
207641028
207641030
207641032
207641034
207642768
207643154
207645308
207657855
207658468
207658520
207658541
207658545
207658546
207658670
207658674
207658788
207681787
207684314
207699292
207705885
207709123
207709582
207709845
207709866
207709879
207709950
207709966
207710040
207718612
207718758
207718823
207718898
207719042
207719322
207719353
207719663
207719783
207721942
207722025
207723636
207723647
207723652
207726129
207729432
207730056
207730236
207735299
207737196
207746470
207746705
207747748
207749479
207749482
207749486
207749488
207749641
207751123
207752670
207753372
207753381
207755666
207758449
207761932
207767263
207767783
207767788
207772300
207773961
207774346
207774469
207775017
207775674
207778016
207780439
207781232
207781306
207782111
207783779
207793056
207794266
207794275
207794286
207796392
207802157
207802231
207802303
207802410
207802436
207802622
207809809
207813817
207815232
207815319
207815574
207818299
207818607
207828265
207828313
207830445
207830935
207831478
207841036
207841418
207842318
207852492
207852493
207852871
207853577
207860407
207860854
207861298
207861458
207862085
207866396
207869836
207876075
207878700
207882064
207884939
207885040
207888664
207891138
207891250
207891524
207892844
207896681
207896826
207896987
207899921
207899963
207901441
207903354
207908942
207911445
207911454
207911479
207911552
207911685
207911833
207911932
207912113
207912258
207912541
207912875
207912911
207912998
207913014
207913046
207913067
207913122
207913233
207913327
207913437
207913553
207913589
207913604
207913655
207913672
207913850
207913869
207913918
207913993
207914003
207914311
207914761
207916356
207916583
207916804
207916807
207916822
207917048
207917113
207917582
207917583
207917602
207917651
207917697
207917730
207917879
207918011
207918028
207918049
207918073
207918088
207918467
207918592
207918804
207918981
207918982
207918985
207919162
207919504
207919584
207919896
207919956
207920292
207922676
207922914
207924050
207933437
207935616
207936611
207936638
207936954
207938940
207939057
207946143
207946640
207946683
207946810
207947416
207948279
207951759
207958333
207960373
207960431
207974516
207982634
207984237
207984252
207986249
207987834
207988813
207989468
207990670
207991466
207997152
207997494
207998567
207998708
207999643
208017154
208017306
208017415
208017486
208017505
208018982
208019029
208026266
208026413
208028209
208037464
208051572
208051630
208056222
208061859
208062183
208062285
208062347
208062361
208062765
208065369
208065376
208065476
208065517
208065536
208068280
208068490
208070305
208071217
208074884
208076710
208077448
208093815
208094470
208099805
208099908
208103526
208105028
208105698
208105715
208106127
208106982
208107896
208108623
208110410
208111833
208111870
208113469
208113593
208113594
208115048
208118630
208120165
208122526
208122757
208123208
208123259
208123266
208123280
208123405
208123417
208123578
208126088
208126617
208126965
208129557
208134565
208134583
208134584
208134610
208134644
208134918
208134970
208134987
208135098
208135106
208135109
208135629
208135951
208137119
208169780
208169825
208169894
208169902
208169904
208170549
208174025
208174612
208176126
208178903
208179393
208179538
208179543
208179649
208179660
208179746
208184222
208187346
208187784
208188119
208188895
208189100
208189716
208192724
208194042
208194328
208195087
208195177
208201778
208201953
208206986
208206990
208206999
208207017
208207019
208207080
208207108
208207121
208207176
208207193
208207268
208208091
208210761
208212489
208213560
208213604
208214748
208215238
208215500
208216090
208216658
208217599
208217926
208217967
208219757
208223051
208224627
208224810
208227871
208228157
208234811
208235450
208255708
208260207
208260280
208260491
208260978
208264961
208269589
208269607
208269630
208269651
208269653
208269703
208269721
208269725
208269727
208269746
208269759
208269789
208269804
208269842
208271957
208274096
208286733
208288789
208289200
208289268
208290396
208290838
208291066
208291215
208295203
208295272
208295342
208295343
208295395
208295534
208295733
208296109
208296171
208296336
208296465
208296515
208296693
208297146
208297335
208297680
208297820
208298155
208298227
208298491
208298596
208298629
208298735
208299266
208299560
208303170
208303174
208303256
208304342
208305172
208307697
208307884
208307940
208308038
208309798
208311811
208317291
208319405
208320237
208320355
208321266
208321856
208322712
208322910
208323070
208323236
208323716
208323840
208358822
208358908
208358919
208373645
208376561
208376570
208376616
208378484
208379161
208379808
208381695
208387646
208388469
208388789
208389087
208389098
208390786
208395865
208401641
208401663
208402268
208402540
208402745
208403959
208404730
208405528
208405556
208405609
208406043
208406232
208408289
208408305
208408326
208408331
208409239
208409549
208410039
208410343
208411131
208412259
208412261
208413351
208413421
208413488
208413497
208413582
208413698
208414540
208414654
208416458
208417716
208418116
208418121
208418418
208419571
208419625
208422417
208423109
208423126
208423167
208423183
208423213
208423249
208423256
208423279
208423284
208423337
208430218
208430313
208430724
208431528
208432554
208432569
208433183
208436482
208439559
208439888
208440167
208441904
208444239
208445503
208446753
208446772
208446813
208446869
208446910
208447103
208447162
208447165
208447263
208449798
208473432
208474450
208493744
208496303
208497450
208499905
208507375
208525173
208525205
208525867
208525879
208526077
208526173
208526281
208526288
208526329
208526331
208526346
208526365
208526467
208526490
208526524
208526528
208526599
208526704
208526749
208526819
208526903
208526990
208527046
208527050
208527069
208527096
208527100
208527167
208527172
208527180
208527203
208527236
208527280
208527300
208527354
208527485
208527559
208527645
208527687
208527693
208527728
208527749
208527772
208527940
208527983
208528003
208528023
208528310
208528755
208548578
208555190
208565150
208565603
208569194
208569239
208569284
208588415
208591723
208599474
208600273
208600344
208600356
208600423
208600445
208600458
208600521
208600572
208600594
208600629
208600671
208600740
208600756
208600765
208600837
208603077
208603451
208608521
208613149
208613163
208613572
208613641
208615357
208615429
208617168
208617311
208617539
208617579
208617588
208617970
208618947
208623002
208623451
208628781
208629582
208629787
208631389
208631949
208632918
208633784
208634224
208634255
208641576
208641713
208641757
208642471
208643167
208645955
208648710
208650078
208657422
208658112
208658117
208658147
208660651
208661686
208661943
208661970
208662265
208662391
208662505
208662618
208662650
208662660
208662691
208662718
208667213
208673018
208673262
208675943
208676127
208676204
208676640
208678888
208678943
208679010
208679973
208680100
208680110
208680272
208680551
208680570
208680660
208680817
208680954
208681068
208681233
208681333
208681400
208681466
208681540
208681909
208681919
208683551
208683752
208683802
208683846
208683956
208684101
208684143
208684228
208684257
208684277
208684388
208684436
208684726
208685661
208686327
208686537
208686565
208738362
208738604
208739711
208740864
208741214
208741316
208741376
208741624
208742543
208743128
208744381
208745554
208745582
208747978
208748014
208748025
208751552
208752524
208752536
208752662
208752741
208753250
208754826
208755376
208755774
208756219
208756584
208758327
208760933
208761035
208761752
208761862
208763246
208764392
208765270
208765639
208765664
208765786
208769364
208770649
208771906
208772609
208779720
208780786
208780978
208781061
208781236
208781307
208781448
208781589
208781663
208781796
208781860
208781978
208782010
208782204
208782207
208782328
208782371
208782487
208782560
208782741
208782768
208782801
208782937
208782983
208783676
208784147
208785771
208797626
208797634
208797698
208797746
208797766
208797780
208797830
208797929
208797942
208797960
208798019
208798040
208798053
208798060
208889825
208904719
208905641
208905909
208907392
208907933
208907971
208907974
208908006
208908101
208908102
208908137
208908154
208908339
208908341
208908417
208908443
208908451
208908558
208908600
208908630
208908960
208909008
208909019
208909226
208909301
208909419
208909499
208909714
208909891
208910022
208910030
208910049
208910079
208910154
208910248
208910323
208910477
208910654
208910900
208911109
208911117
208911228
208911288
208911289
208911315
208911489
208911536
208911603
208911774
208911876
208912053
208912112
208912369
208912507
208912518
208912548
208912735
208912820
208912871
208912878
208912946
208912979
208913104
208913206
208913316
208913406
208913612
208914553
208914606
208916661
208916720
208916875
208916880
208916888
208917068
208917240
209089345
209095521
209095578
209103995
209108548
209109649
209129463
209133486
209133517
209133528
209133591
209133696
209158043
209158117
209158282
209160886
209160950
209162106
209162110
209163500
209163563
209164874
209165145
209165158
209165308
209165654
209166020
209166023
209166034
209170915
209171557
209171565
209171577
209171592
209171614
209171630
209171636
209171648
209177676
209257026
209257729
209258224
209258225
209262972
209265587
209266313
209273032
209275666
209299866
209300237
209300556
209303815
209304245
209304306
209304452
209305246
209305338
209305513
209306464
209319803
209321987
209331252
209332150
209332204
209332778
209334583
209334954
209349215
209350847
209350858
209350967
209350993
209350994
209351014
209351079
209351081
209351098
209351149
209351160
209351173
209351194
209351292
209351319
209351334
209351343
209351355
209351386
209351390
209351409
209351434
209351445
209351446
209351451
209351501
209351529
209351560
209351596
209351612
209351660
209351696
209351703
209351727
209351737
209351751
209351847
209366043
209375937
209376003
209377015
209377538
209378581
209378613
209378834
209387294
209387428
209387448
209387491
209387568
209387590
209387644
209388149
209388158
209391533
209393143
209396682
209396716
209398686
209400961
209401199
209401201
209401204
209401235
209401263
209402132
209402616
209407739
209407817
209407836
209407857
209407858
209407864
209407905
209407928
209407931
209407942
209407950
209407981
209408000
209408008
209408016
209408022
209408028
209408085
209408099
209408106
209408135
209408150
209408152
209408170
209408172
209408173
209408189
209408199
209408235
209408243
209408251
209408311
209408360
209408439
209408444
209408446
209408452
209408541
209408560
209408566
209409762
209411097
209411720
209412501
209414063
209414065
209414088
209414170
209414233
209414323
209414424
209414480
209414491
209414588
209414658
209414665
209414681
209414697
209465691
209551713
209603000
209603049
209603347
209604006
209604053
209604792
209604799
209604814
209605737
209606097
209607982
209608247
209610914
209610964
209611033
209613140
209613600
209613770
209613965
209644474
209644583
209644626
209644649
209644679
209644851
209656319
209753532
209840455
209840544
209847802
209848837
209849084
209851379
209851539
209852180
209852190
209852526
209852704
209854699
209857250
209857404
209858883
209863343
209863402
209864130
209864133
209864177
209864183
209865150
209867534
209867945
209867993
209875333
209875371
209875405
209875507
209875700
209876465
209877352
209882950
209885890
209887194
209888733
209889845
209892909
209894906
209896417
209906203
209906274
209906321
209906356
209906368
209906468
209906548
209906594
209906599
209906877
209906935
209906936
209906985
209907012
209907056
209907176
209907219
209907228
209907234
209907267
209907345
209907381
209907382
209907398
209907427
209907466
209907468
209907499
209907511
209907538
209907717
209907821
209907827
209907943
209907945
209908007
209908058
209908138
209908187
209908195
209908200
209908219
209908281
209908298
209908309
209908324
209908371
209908391
209908416
209908445
209908511
209908522
209908533
209908633
209908980
209909019
209909023
209909045
209909083
209909110
209916078
209916316
209918765
209926927
209934141
209935308
209935413
209944120
209952685
209955486
209958178
209959263
209959595
209959927
209963328
209965305
209967406
209967812
209968333
209970222
209970677
209977131
209982846
209982976
209983476
209983579
209986207
209986779
209988934
209989006
209990247
209992831
209994557
210000580
210001448
210004112
210004357
210006914
210007028
210113761
210114505
210118484
210132074
210133061
210133451
210134126
210137758
210138093
210145992
210147188
210155147
210155190
210155228
210155282
210155426
210156389
210156555
210156612
210156684
210156707
210156804
210156828
210156841
210156849
210156885
210156960
210157047
210157077
210157240
210157550
210157617
210157977
210158053
210158054
210158105
210158135
210158172
210158501
210158618
210158762
210158789
210158824
210158880
210158933
210159177
210159301
210159388
210159441
210159506
210159513
210159582
210160044
210160131
210160155
210160759
210160832
210160988
210161012
210161170
210161183
210161385
210161403
210161582
210161679
210161846
210161889
210162025
210162082
210162294
210162368
210162435
210162570
210162573
210162843
210162965
210163032
210163086
210163293
210163357
210163940
210164235
210164644
210165030
210165058
210165147
210274596
210274995
210276664
210276967
210277237
210277471
210278015
210278214
210278452
210278471
210278477
210278948
210279112
210279181
210279196
210279490
210279841
210279892
210280121
210280335
210280499
210281063
210281606
210281653
210282225
210282322
210282591
210283291
210283380
210398867
210399006
210399171
210399257
210399559
210400364
210400768
210403044
210404076
210407129
210413608
210413722
210414136
210414149
210414156
210414218
210414223
210414245
210414274
210414291
210414312
210414345
210414347
210416002
210424564
210424649
210424654
210424695
210425269
210425505
210425536
210425665
210425668
210425699
210425722
210425723
210425727
210425754
210426536
210432719
210435923
210436043
210436307
210436310
210436325
210436419
210436445
210436469
210436497
210436619
210436661
210436722
210436739
210436743
210437260
210437680
210438335
210438497
210439080
210439098
210440668
210441614
210458977
210459889
210508139
210508444
210509351
210510128
210513068
210516451
210745695
210746062
210757803
210758473
210761027
210762119
210762201
210765596
210765836
210878532
210878557
210878845
210878952
210882617
210882699
210882736
210882772
210882794
210882909
210882920
210883187
210883441
210883606
210883615
210883681
210884142
210938711
210943219
210943469
210943523
210943580
210943581
210943721
210943923
210943930
210943947
210944187
210944203
210944204
210944213
210944230
210944305
210944380
210944492
210946549
210946788
210946815
210946923
210947060
210947215
210947367
210947394
210947615
210947630
210947873
210947976
210948389
210948606
210948665
210948998
210949218
210949224
210949274
210949293
210949417
210949510
210949612
210949778
210949834
210949910
210950317
210950326
210950658
210951494
210952974
210959846
210959895
210959943
210959944
210959964
210965778
210965900
210968270
211025179
211025951
211026109
211026115
211026306
211026472
211026537
211026575
211026712
211026718
211026792
211026927
211026978
211027094
211027095
211027182
211027372
211027374
211027483
211027748
211027761
211027811
211027908
211028110
211214695
211247307
211262503
211262524
211262548
211262704
211263135
211264487
211264788
211265416
211265730
211266105
211267319
211268591
211269478
211269692
211270235
211270484
211270699
211270969
211271076
211271389
211271663
211271724
211271797
211271803
211272022
211272068
211272117
211272236
211272538
211273108
211273222
211273635
211273902
211274439
211274578
211274631
211274808
211275028
211275040
211275064
211275535
211275965
211276812
211277606
211277703
211277746
211277944
211277965
211278134
211278413
211280544
211284160
211299627
211299648
211299666
211299869
211308715
211309504
211309514
211310585
211310617
211311048
211311064
211311097
211311752
211312136
211925022
211926252
211937002
211945922
211948462
211948970
211949061
211949442
212014008
212020347
212032175
212032269
212033142
212033195
212033701
212036358
212036502
212036643
212037676
212038013
212039300
212040981
212041516
212041534
212042659
212048623
212048737
212048961
212050509
212050539
212051237
212053643
212054438
212054492
212074796
212074808
212081727
212086709
212087568
212088223
212109211
212109221
212109243
212114550
212211880
212211917
212211925
212211956
212212133
212212409
212213279
212219464
212231327
212231511
212231598
212231617
212231624
212231698
212231707
212231853
212231876
212232372
212232604
212235729
212237065
212237393
212237395
212237685
212240819
212241100
212249867
212250165
212251149
212251150
212251163
212251171
212251182
212251207
212251212
212251228
212251240
212251244
212251277
212251327
212251357
212251375
212251398
212251399
212251431
212251459
212251487
212251503
212251504
212251509
212251511
212251573
212251586
212251599
212251654
212251671
212251678
212251717
212251719
212251725
212251743
212251749
212251807
212251822
212251829
212251845
212251852
212251857
212251863
212251867
212251927
212251981
212251999
212252046
212252059
212252086
212252105
212252129
212252157
212252170
212252173
212252183
212252202
212252257
212252274
212252294
212252302
212252314
212252335
212252426
212252467
212255345
212256797
212256952
212257066
212257200
212257345
212260370
212263747
212266604
212269263
212283061
212284823
212284832
212285169
212285612
212287419
212287430
212287886
212287904
212316941
212317402
212317461
212317519
212318605
212318744
212319097
212319942
212321697
212332827
212332857
212332865
212333890
212351195
212351688
212352387
212352755
212352896
212352904
212353473
212354098
212354111
212354353
212354511
212358337
212381549
212426329
212427026
212437626
212437677
212453219
212454666
212455113
212455601
212455752
212456041
212456225
212456320
212456658
212456845
212457310
212457543
212457880
212462827
212463306
212465716
212467648
212467789
212469140
212471176
212471245
212471480
212474716
212475398
212478531
212479704
212479743
212479745
212479746
212479761
212485694
212499686
212515298
212546709
212551852
212552429
212553035
212554339
212554527
212556018
212557060
212558082
212558995
212559403
212559956
212559985
212562380
212562404
212563088
212564376
212564758
212564764
212564943
212566518
212568349
212568493
212578885
212581513
212581571
212581623
212582135
212582930
212583320
212600534
212600624
212600969
212601089
212601198
212602631
212602736
212602752
212602826
212603008
212603064
212605683
212605729
212609331
212920877
212921083
212921299
212922248
212922507
212922523
212924060
212924155
212924628
212924725
212927345
212934020
212935928
212935984
212936022
212936804
212937140
212937196
212937201
212942978
212943003
212943065
212943082
212943536
212944528
212950603
212951096
212951831
212956450
212957094
212957123
212957356
212958759
212961071
212967140
212969950
212970110
212971260
212974671
212974719
212976716
212977273
212983306
212986213
212991721
212992954
213011614
213100557
213298484
213428457
213469573
213488161
213490249
213490958
213490968
213490976
213490982
213490999
213491014
213491482
213491485
213491488
213491489
213491492
213491494
213491498
213491500
213491501
213491504
213491507
213491509
213491513
213491515
213491519
213491521
213491523
213491525
213491533
213491535
213491537
213491539
213491541
213491543
213491545
213491547
213491551
213491552
213491555
213491556
213491558
213491565
213491567
213491569
213491571
213491575
213491581
213491583
213491587
213491589
213491591
213491595
213491599
213491605
213491611
213491613
213491615
213491619
213491621
213491625
213491627
213491629
213491631
213491635
213491638
213491641
213491645
213491649
213491651
213491655
213491661
213491665
213491669
213491671
213491673
213491675
213491677
213491679
213491685
213491687
213491693
213494190
213498198
213498927
213499605
213515112
213515231
213517057
213517418
213517833
213521783
213521819
213522503
213522728
213523283
213523298
213523931
213524169
213524878
213525608
213532296
213534455
213535453
213535804
213535858
213536843
213536867
213536887
213537603
213553562
213553930
213553931
213554043
213554090
213558062
213558660
213558724
213558754
213558843
213558891
213559026
213559129
213559666
213559848
213559856
213559860
213560025
213560042
213560277
213560310
213560384
213560486
213561185
213561286
213561549
213562651
213562802
213563433
213563464
213565017
213565666
213565860
213565988
213566651
213567285
213568286
213568431
213571570
213571644
213571754
213572147
213572212
213572231
213572252
213572320
213572457
213572561
213572612
213572732
213572734
213572747
213572766
213572812
213572858
213572870
213572872
213572917
213572933
213572955
213573046
213573151
213573196
213573241
213573257
213573289
213573304
213573305
213573310
213573404
213573418
213573486
213573496
213573511
213587524
213587743
213587984
213588836
213588900
213588955
213589071
213589073
213589495
213617734
213670766
213671028
213671310
213672359
213672384
213672407
213672409
213672414
213672440
213672495
213673370
213673565
213673815
213676478
213676888
213676970
213677119
213677585
213678233
213678554
213678696
213678750
213680385
213681412
213688319
213688620
213689662
213690871
213691501
213692269
213702227
213702372
213703680
213703687
213703936
213704156
213704455
213704704
213705162
213705785
213706050
213706323
213706383
213706502
213706729
213707983
213708252
213708294
213708692
213711314
213711593
213712703
213713207
213713256
213713347
213713663
213713933
213717438
213720306
213721523
213721786
213721883
213721916
213730422
213741569
213741605
213749169
213751525
213751647
213755826
213756929
213758137
213767976
213775034
213777004
213780278
213795918
213798882
213801504
213801611
213802032
213806211
213808890
213808968
213811589
213812761
213813469
213813940
213814321
213821761
213824868
213825669
213832232
213832941
213833019
213833712
213833820
213842106
213842276
213845334
213846454
213846737
213850435
213851779
213851858
213852001
213852059
213854830
213855067
213855102
213855675
213855801
213856991
213858087
213858341
213858396
213858419
213858695
213858801
213858850
213860055
213861006
213861228
213862291
213862838
213863302
213868928
213873175
213876513
213876564
213876578
213876644
213876800
213881557
213883702
213887967
213889675
213889730
213889752
213889793
213889876
213889946
213889973
213890195
213890304
213891398
213894289
213894849
213894850
213894911
213912897
213913504
213914140
213914382
213914647
213915285
213919825
213921058
213921251
213921257
213921262
213921312
213921363
213921365
213921367
213921427
213921501
213921527
213921558
213921578
213921666
213921671
213921672
213922048
213927528
213927575
213927661
213927735
213927778
213927818
213927824
213927842
213927868
213927900
213927901
213928090
213931000
213935018
213935274
213935594
213935953
213936676
213936912
213942399
213942605
213943000
213949321
213949894
213950156
213950212
213950593
213951219
213951955
213956185
213956707
213963000
213963898
213966844
213966982
213967307
213967980
213968863
213969077
213969319
213969881
213969882
213969939
213970172
213972958
213973950
213976125
213997205
213997240
213997282
213997284
213999349
213999588
213999649
214005747
214009616
214010617
214010676
214046683
214046694
214049182
214050094
214064767
214066470
214066472
214067055
214067616
214067714
214067715
214075012
214075068
214076188
214076694
214076727
214076760
214076776
214076795
214076831
214076841
214077003
214077130
214077139
214077185
214077343
214077350
214077396
214077436
214077526
214078131
214086230
214088102
214088693
214089059
214091053
214092752
214095044
214097403
214097428
214097514
214097872
214097987
214098185
214098428
214098941
214099532
214099695
214099708
214100181
214100304
214100334
214100351
214100734
214100942
214100977
214101114
214106893
214113408
214114165
214114204
214116169
214132254
214132258
214132290
214132342
214132356
214132362
214132439
214132473
214132509
214132541
214132545
214132547
214132607
214132739
214132843
214132883
214132961
214132972
214132976
214132993
214133024
214133056
214133069
214133098
214133250
214133266
214133343
214133383
214133425
214133484
214133519
214133536
214134612
214151909
214152131
214153630
214154751
214154800
214154911
214155505
214155712
214156080
214156091
214156100
214156149
214156167
214156215
214156218
214156252
214156298
214156311
214156401
214156412
214156417
214156463
214156497
214156685
214156742
214156745
214156773
214156824
214156841
214156937
214156974
214157033
214157080
214157111
214157112
214157167
214157244
214157320
214157335
214157384
214157421
214157577
214157739
214157742
214157807
214157958
214157988
214158044
214158072
214158170
214158192
214158338
214158555
214158572
214158622
214158687
214158750
214158753
214158860
214158919
214159056
214159087
214159128
214159212
214159231
214159270
214159298
214159420
214159447
214159521
214159535
214159999
214160063
214160539
214160913
214162147
214162387
214163193
214167188
214168360
214168416
214169283
214169296
214188115
214189632
214191640
214194478
214195809
214195951
214199730
214200274
214200537
214202853
214203558
214205605
214205647
214208036
214208068
214208077
214208265
214208577
214208737
214208826
214209135
214209222
214209331
214209495
214209733
214210086
214210229
214210467
214210848
214211593
214212101
214212217
214212645
214234034
214236432
214236461
214237554
214242928
214242975
214245461
214254855
214254865
214257177
214354823
214402487
214488075
214491018
214491285
214497022
214498020
214498024
214498097
214499157
214499230
214499490
214499796
214499802
214499961
214500045
214500236
214500421
214501127
214501160
214501189
214501202
214501229
214501238
214501257
214501262
214503329
214503780
214503913
214505233
214505412
214505594
214506794
214506800
214506926
214507250
214508693
214512297
214517734
214519187
214577775
214578715
214578938
214579489
214580076
214580156
214584434
214584461
214585407
214585663
214588242
214588300
214588365
214588383
214588444
214590892
214591015
214591027
214591096
214591634
214591711
214591795
214591812
214591861
214592720
214592967
214592970
214592986
214593017
214593085
214593477
214593663
214593695
214593738
214593741
214593747
214593764
214593766
214594784
214594785
214594786
214594789
214594793
214594798
214594824
214594953
214594961
214594977
214594978
214595306
214595736
214599377
214599698
214599971
214600140
214600319
214600486
214600605
214600662
214602278
214602322
214602328
214602436
214602440
214602462
214602534
214602648
214603044
214603172
214603173
214603349
214603466
214603487
214603493
214603525
214603617
214603706
214603914
214603988
214604109
214604926
214605783
214605813
214605911
214606661
214606735
214606907
214607099
214607975
214608026
214608783
214610373
214610906
214611077
214613467
214614296
214614335
214614653
214614670
214614720
214614843
214614870
214614876
214615484
214615860
214615895
214615909
214617687
214617799
214617862
214617915
214618052
214618681
214618692
214618696
214618995
214619055
214619067
214619223
214619229
214619314
214619564
214619614
214619887
214619916
214620455
214627123
214627979
214628232
214636487
214637205
214637264
214637331
214637378
214637381
214637615
214654611
214654619
214655083
214655162
214655296
214655345
214655483
214655598
214655669
214655747
214655797
214655877
214656350
214656362
214656573
214656628
214656636
214656844
214657748
214657780
214657815
214657896
214657943
214658635
214658641
214658851
214658926
214658959
214659009
214659033
214659089
214659223
214659943
214660878
214660910
214660984
214661056
214661301
214661770
214662301
214662493
214662519
214662647
214665620
214665681
214665737
214665877
214665916
214666193
214666493
214666577
214666761
214666962
214667445
214667554
214667653
214667931
214671042
214671126
214671151
214671168
214688418
214688428
214690310
214690360
214690373
214690375
214690387
214690868
214690883
214690961
214691076
214691085
214691201
214691261
214692068
214692199
214692301
214692379
214692622
214692944
214694570
214702998
214705059
214705348
214706190
214706419
214707248
214707252
214732624
214732646
214732866
214737397
214737540
214739610
214744475
214744694
214752592
214754125
214754679
214754798
214755028
214755065
214755084
214755085
214755090
214755205
214755978
214756103
214756115
214756285
214756351
214756582
214756607
214756610
214757478
214758678
214759243
214759502
214760217
214760307
214760395
214760456
214761024
214761038
214761140
214761161
214761577
214762239
214762263
214762310
214762368
214762406
214762439
214762465
214762520
214762529
214767205
214767819
214768230
214768250
214769508
214769904
214769995
214770031
214770071
214772154
214772424
214772546
214773859
214774801
214775270
214777026
214777828
214778336
214781386
214781747
214784190
214785216
214787467
214788129
214788143
214788740
214792264
214792736
214792904
214792919
214793297
214793876
214794253
214794297
214794302
214794380
214795018
214795232
214795395
214798971
214802814
214805211
214805328
214805462
214805959
214806117
214806219
214806225
214806300
214806669
214806933
214810223
214813028
214813181
214813426
214815448
214815650
214815768
214815842
214815929
214816349
214816374
214816572
214816820
214816937
214816991
214817100
214817120
214817582
214818593
214818825
214818934
214819382
214819427
214822502
214822980
214823071
214823191
214823823
214824270
214824959
214827516
214827785
214827919
214828767
214831580
214831727
214831774
214831831
214831987
214832141
214832242
214832392
214832393
214832679
214832890
214833547
214833673
214833723
214834068
214834097
214834522
214834882
214835306
214835382
214835394
214835494
214836180
214837129
214837161
214837486
214837783
214838243
214838251
214838252
214838275
214838300
214838304
214838320
214838339
214838376
214838403
214838404
214838415
214838442
214838443
214838459
214838502
214838574
214838639
214838670
214838728
214838730
214838813
214838941
214838974
214839050
214839389
214839415
214839418
214839430
214839511
214839548
214839632
214839743
214839911
214839938
214839947
214839969
214840045
214840065
214840088
214840173
214840254
214840289
214840292
214840323
214840360
214840384
214840389
214840416
214840500
214840669
214841089
214841295
214841680
214848668
214848702
214848731
214850303
214850406
214850495
214853459
214856661
214856754
214856758
214856759
214863183
214863209
214863217
214863248
214866926
214866950
214868592
214868658
214882721
214882829
214882916
214883065
214883183
214883412
214883611
214884167
214884229
214884645
214893544
214908570
214908583
214908605
214908732
214909091
214909179
214909181
214909432
214909511
214909659
214909891
214910124
214910208
214910315
214910446
214910540
214910558
214910618
214910758
214910786
214910896
214910928
214911043
214911130
214911200
214911202
214911242
214911438
214911646
214911763
214911822
214911840
214912126
214912161
214912251
214912273
214912499
214912757
214912836
214915279
214915598
214915648
214915930
214916010
214916054
214916106
214916209
214916230
214916297
214916348
214916648
214916832
214916870
214918277
214918289
214918326
214918350
214918378
214918914
214919794
214919796
214919860
214920255
214920384
214920501
214920563
214921093
214921226
214921230
214921234
214921256
214921277
214921529
214921698
214921897
214921953
214921961
214924232
214924403
214924552
214925859
214927087
214927446
214927497
214927545
214927567
214927681
214927898
214927969
214927998
214931006
214931079
214931084
214933317
214933332
214933559
214933634
214933660
214933690
214933704
214933787
214934120
214934189
214934199
214934318
214934402
214934416
214934433
214935001
214935248
214935267
214935490
214935654
214936065
214936317
214936816
214936853
214936905
214936939
214936945
214936953
214936987
214937708
214938964
214939002
214939004
214939234
214939542
214939550
214941496
214941626
214941652
214941745
214941748
214941770
214941835
214942491
214943753
214943925
214944303
214945316
214945376
214946382
214948720
214948730
214948817
214948857
214948861
214948884
214959691
214961402
214961565
214969478
214969508
214970232
214970881
214983878
214995194
215024451
215040436
215040465
215045921
215045958
215068943
215069804
215072200
215072282
215075270
215082620
215082822
215082884
215082988
215083084
215083091
215083111
215083176
215083217
215083388
215083539
215083896
215084082
215084218
215084386
215084475
215090003
215094959
215095148
215099098
215099152
215099568
215100189
215100208
215100268
215101129
215101272
215101555
215101772
215101944
215102003
215102023
215102037
215102092
215102101
215102135
215102294
215104307
215104974
215105098
215105164
215105334
215105430
215110865
215110867
215110975
215111043
215111107
215116385
215116386
215118337
215118349
215118413
215118467
215119092
215119121
215119269
215119304
215119315
215119378
215120019
215120050
215120057
215121243
215121253
215121303
215121310
215121323
215121333
215121335
215121376
215121586
215121926
215122013
215122093
215122436
215122707
215122736
215123125
215124169
215124838
215124843
215126083
215128767
215129170
215129241
215129246
215129265
215129295
215129302
215129303
215129312
215129351
215129353
215129358
215129371
215129375
215129393
215129437
215129440
215129445
215129469
215129477
215129479
215129516
215129524
215129534
215129541
215129548
215129560
215129592
215129611
215129617
215129627
215129629
215129641
215129650
215137205
215137467
215137910
215137964
215138051
215138137
215138256
215138488
215138507
215138577
215138611
215138971
215139043
215139059
215139571
215140152
215141552
215146555
215151184
215151204
215151226
215151246
215151709
215151834
215152097
215152812
215160807
215160886
215160902
215160986
215161005
215161070
215161520
215161589
215161591
215162021
215162028
215162132
215162333
215162339
215162355
215162431
215162451
215162473
215162855
215162868
215167893
215168517
215170195
215182722
215183756
215183758
215184025
215184176
215184317
215184807
215184896
215185039
215187104
215187145
215187305
215187453
215187556
215187558
215189782
215189903
215190135
215190321
215190406
215191293
215191517
215191697
215191936
215191959
215192053
215192439
215192672
215192685
215192969
215193029
215193189
215193223
215193286
215193501
215193788
215194115
215194306
215194437
215194514
215194985
215195272
215195520
215195557
215195566
215195614
215196845
215196904
215196949
215197421
215197480
215197552
215197586
215197624
215197634
215197636
215199164
215199259
215199419
215199624
215199762
215199796
215203220
215203348
215203388
215203442
215203720
215203746
215203861
215206459
215207083
215217320
215224548
215230174
215230301
215230315
215231424
215234139
215234171
215242506
215251405
215253485
215254081
215255885
215293871
215293874
215300545
215300980
215305266
215306101
215307530
215362532
215362553
215362564
215362645
215377697
215386274
215432795
215465643
215492438
215492465
215492468
215492592
215492655
215492732
215492765
215492795
215492801
215540803
215545045
215546056
215546061
215555534
215558705
215558886
215558969
215558995
215589023
215589064
215589124
215590500
215592711
215592743
215592835
215592844
215592984
215592986
215593240
215593317
215593380
215593515
215593562
215593583
215594075
215605197
215606494
215606818
215607215
215610645
215610647
215610659
215610698
215610735
215610739
215610787
215610791
215610862
215610865
215610867
215610869
215610871
215610881
215610895
215622946
215630526
215632449
215633790
215705393
215716751
215717948
215717957
215723322
215726370
215726439
215737169
215738858
215739676
215739819
215741558
215741566
215741571
215741576
215741577
215741596
215741602
215741604
215741609
215741614
215741620
215741622
215741627
215741634
215741636
215741637
215741649
215741650
215741660
215741668
215741670
215741681
215741684
215741687
215741697
215741706
215741714
215741718
215742756
215743479
215743513
215744001
215744108
215744171
215744723
215745930
215746106
215746128
215748589
215798189
215799988
215800084
215819968
215820026
215820225
215820549
215822573
215822584
215822586
215823495
215836458
215841426
215841428
215841448
215841541
215841555
215841657
215841682
215854870
215855990
215874261
215878052
215879101
215881061
215883636
215885054
215885214
215886021
215887031
215891831
215891836
215891936
215891968
215891974
215892049
215892138
215892200
215892208
215892228
215892624
215892648
215892676
215892722
215892739
215892765
215893001
215893123
215893463
215893465
215893628
215893754
215893779
215893785
215893807
215896383
215896453
215896462
215896488
215896627
215896746
215896782
215896803
215896840
215896842
215897017
215897018
215897020
215897029
215897071
215897092
215897095
215897117
215897133
215897136
215897138
215897245
215897287
215897303
215897305
215897312
215897313
215897333
215897337
215897412
215897590
215897934
215898256
215898338
215903717
215903738
215903755
215904746
215911105
215911368
215911994
215912130
215912220
215912237
215912246
215912305
215912374
215912394
215912448
215912592
215912675
215915676
215948144
215978128
215985772
215989755
215989837
215989962
215990106
215999706
216004825
216004828
216004833
216006504
216007585
216007620
216007901
216007902
216007941
216007960
216008017
216008029
216008052
216008063
216008134
216008150
216008202
216008247
216008266
216008313
216008333
216008371
216008378
216008397
216008432
216008433
216008450
216014208
216018623
216022484
216023196
216030037
216030133
216075968
216076250
216076393
216076523
216076866
216077148
216077746
216078161
216078766
216078784
216080102
216080398
216081772
216084712
216097129
216099376
216104398
216107950
216109628
216110332
216110800
216110991
216111220
216111467
216112057
216112364
216114431
216118008
216118112
216120095
216120556
216120998
216121184
216124905
216128928
216128979
216130483
216130760
216135893
216135902
216135928
216135930
216135931
216135997
216136000
216136002
216136024
216136044
216136081
216136094
216136103
216136112
216136202
216136269
216136297
216136323
216136404
216136408
216136473
216136496
216136538
216136541
216136608
216136643
216136695
216136757
216136772
216136793
216136838
216138751
216138908
216138913
216138914
216138917
216138936
216138947
216138958
216138964
216138970
216138971
216138993
216138994
216139007
216139009
216139013
216139021
216139025
216139027
216139030
216139046
216139047
216139065
216139066
216139086
216139090
216139127
216139129
216147502
216149787
216149925
216156293
216156792
216157421
216157877
216158101
216159842
216170127
216170173
216184210
216184213
216184220
216189419
216193729
216194606
216195009
216195473
216195523
216198189
216199856
216201127
216202403
216202937
216203230
216203298
216203660
216205519
216206368
216206439
216212022
216212121
216213756
216213787
216213799
216215086
216217683
216217810
216227970
216228318
216228342
216230237
216231973
216232226
216232275
216232355
216232422
216232428
216232438
216232719
216232852
216232900
216232967
216233046
216233122
216233150
216235407
216235421
216235440
216235495
216235583
216235665
216235670
216235699
216235707
216236015
216236123
216236165
216236418
216236420
216236558
216236805
216236908
216236945
216236993
216237004
216237686
216237762
216237786
216237797
216237961
216237963
216238088
216238102
216238236
216238241
216238272
216238455
216238531
216238548
216238582
216238689
216238981
216239013
216239131
216239189
216239267
216239366
216239449
216239577
216239604
216243925
216248798
216248919
216249192
216249412
216249414
216249766
216249779
216249806
216249808
216250090
216250288
216250588
216250804
216250816
216250870
216251059
216251196
216251674
216252018
216252045
216252382
216252458
216252748
216252959
216252986
216253237
216253315
216253480
216253600
216253611
216253799
216253901
216255126
216258944
216261063
216264887
216264999
216265120
216265459
216265576
216265873
216274912
216277602
216279845
216280057
216280406
216286227
216286337
216287363
216287380
216288126
216327087
216332757
216332789
216333221
216343257
216343258
216343289
216350186
216351020
216352882
216353725
216357353
216359379
216360613
216365761
216365855
216368683
216368736
216369176
216369268
216369545
216369970
216371037
216372164
216372789
216380492
216382346
216385150
216388104
216389046
216397201
216401308
216401314
216401340
216401688
216401703
216401721
216404666
216404845
216405091
216407170
216407402
216408332
216409373
216409652
216410000
216410022
216410214
216410267
216410926
216410978
216410989
216411092
216411174
216411240
216411254
216411437
216411549
216411830
216411864
216412042
216412051
216412336
216412365
216412640
216412708
216412748
216412948
216413086
216413092
216413243
216413357
216413557
216413683
216413812
216413894
216413990
216414238
216414480
216414544
216414683
216414690
216414807
216414928
216415060
216415387
216415403
216415695
216415738
216415793
216415975
216416056
216416366
216416420
216416472
216416540
216416843
216416910
216416981
216417203
216417325
216417398
216417483
216417689
216417703
216417736
216417748
216417926
216418255
216418312
216418381
216418722
216418817
216418932
216418956
216419529
216419531
216419588
216419691
216420333
216420365
216420694
216420783
216421064
216421089
216421264
216421305
216421754
216422054
216422107
216422609
216423318
216423557
216423823
216424446
216424477
216424846
216425266
216434250
216434627
216435246
216435289
216435644
216435872
216436415
216436543
216437140
216437692
216438568
216439153
216439199
216449604
216450197
216450200
216450201
216450204
216450206
216450236
216450973
216450993
216450995
216452282
216459816
216460067
216460138
216460263
216460278
216460299
216460502
216460581
216460675
216460680
216460851
216461063
216461435
216462852
216463182
216463316
216463692
216463833
216464166
216464203
216464338
216465773
216465914
216472572
216472747
216473223
216473261
216473371
216475410
216475768
216475884
216475948
216476507
216476629
216476865
216476913
216505526
216559218
216713331
216866925
216867383
216867509
216867615
216867967
216870408
216870418
216870471
216870507
216870596
216870922
216899596
216900039
216900519
216902071
216902287
216903076
216903089
216903120
216903146
216903168
216903202
216903242
216903258
216903259
216903271
216903284
216903301
216906781
216907790
216910008
216910462
216910531
216911018
216911350
216911625
216911678
216911876
216912116
216912585
216914598
216915995
216916776
216918068
216918393
216918462
216919228
216919952
216919954
216920090
216921548
216921854
216922171
216923619
216923958
216923978
216926402
216927506
216927897
216933552
216933760
216933810
216934271
216934401
216934679
216934815
216935525
216935527
216935560
216935800
216935998
216936080
216936573
216936732
216936806
216936856
216936959
216938035
216938826
216939992
216946631
216951535
216955352
216974767
216975043
216975100
216975346
216975367
216975672
216975807
216975820
216975899
216976167
216976179
216976371
216976851
216976930
216977350
217084978
217085116
217085232
217087770
217089704
217094847
217094947
217103007
217103123
217103194
217103649
217103779
217104756
217131016
217131120
217131140
217131313
217131412
217131523
217131616
217131759
217132324
217132325
217132365
217138538
217140827
217140920
217140950
217141094
217141108
217141112
217141139
217141201
217141273
217141399
217141484
217145347
217145411
217146356
217146489
217146619
217146648
217148679
217148992
217149092
217149481
217150100
217150240
217150300
217154270
217154739
217154922
217154924
217154927
217154997
217155028
217155111
217155132
217155235
217155276
217155346
217158630
217158772
217158876
217159134
217163324
217163646
217163927
217164053
217165053
217166519
217167120
217167672
217167784
217168099
217168229
217168289
217168481
217168807
217168973
217169056
217169189
217169343
217169361
217169402
217169450
217169534
217169692
217169758
217169829
217169991
217170011
217170114
217170132
217170550
217170695
217170846
217170899
217171364
217171406
217171460
217171476
217171478
217171624
217171845
217171880
217176548
217176677
217176815
217177473
217178993
217179095
217179125
217179266
217181098
217182586
217183004
217183207
217183264
217183500
217183506
217183543
217183648
217183665
217183772
217184057
217184174
217184395
217184498
217185554
217186857
217186877
217187020
217187022
217187495
217188510
217189892
217192618
217192684
217192720
217192727
217192801
217192805
217192883
217192951
217192979
217192981
217195211
217195888
217195909
217196106
217196650
217199828
217200287
217201609
217201698
217202169
217202185
217202517
217228388
217228559
217230773
217233596
217234643
217234726
217258384
217259933
217259949
217259963
217263431
217265655
217266056
217266826
217270396
217270398
217270404
217270427
217271415
217274194
217274703
217275639
217276268
217287482
217288987
217290629
217290937
217292459
217321182
217321304
217322641
217322642
217322652
217322704
217322738
217322741
217322757
217322770
217322814
217322817
217322897
217323234
217323308
217323465
217323467
217323503
217323672
217323734
217323800
217323861
217324359
217326668
217327875
217331502
217332235
217332319
217332420
217335679
217335702
217335708
217336441
217340403
217341397
217350826
217351094
217352857
217357279
217360078
217360366
217362903
217371391
217371426
217371617
217371824
217371883
217377484
217384510
217385204
217385285
217385330
217385644
217386027
217386095
217386420
217386578
217386604
217386641
217386697
217386795
217386875
217387044
217387052
217411504
217412797
217419829
217420211
217420218
217420397
217420468
217420557
217420591
217420797
217420971
217421333
217421334
217421353
217421457
217421591
217421715
217421802
217421970
217421975
217422783
217423328
217423778
217424793
217426253
217426369
217426746
217439255
217439368
217439397
217439483
217439595
217439670
217440872
217441176
217441563
217442865
217443074
217443305
217443482
217443490
217443533
217443648
217443778
217443993
217444043
217444247
217444253
217444344
217444466
217444470
217444600
217444932
217445127
217445204
217445294
217445494
217445884
217446040
217452711
217462181
217462318
217462524
217462744
217462781
217462782
217462791
217462859
217462877
217463006
217463050
217463093
217463178
217463582
217463700
217464000
217464652
217464923
217465081
217465082
217465180
217465429
217465486
217465540
217465656
217465924
217465995
217466107
217466114
217466217
217466677
217466681
217466915
217467116
217467392
217467426
217467451
217467560
217467834
217467974
217468250
217468544
217468747
217468862
217469726
217470487
217470488
217470588
217471242
217474177
217474253
217474452
217474475
217474855
217475524
217475601
217475602
217475807
217475959
217475961
217476117
217476726
217477228
217477553
217478017
217478161
217478219
217478258
217478622
217479199
217479223
217479258
217479305
217479313
217479395
217479491
217479501
217479685
217479933
217479994
217480121
217480123
217480233
217480796
217481102
217481317
217481600
217481800
217482353
217482509
217482530
217482669
217482802
217482823
217482988
217483057
217483442
217485363
217486162
217486746
217487674
217487983
217488247
217488344
217488959
217489090
217494731
217496999
217498217
217499538
217499544
217499547
217499559
217499639
217499643
217499694
217499704
217499823
217499848
217500181
217500330
217500442
217500717
217503025
217503263
217506984
217510951
217511383
217511621
217511972
217512001
217512298
217513137
217513358
217513410
217513489
217515086
217515619
217516573
217516594
217517680
217518889
217519218
217519647
217520202
217520228
217520338
217520478
217520508
217520516
217520519
217521224
217521448
217521522
217521544
217521797
217522027
217522445
217524065
217524778
217526719
217526941
217527394
217528573
217528661
217528693
217528963
217531301
217535037
217535972
217535994
217536094
217539940
217548777
217548869
217563111
217563236
217564024
217566994
217567388
217568380
217568384
217568388
217568516
217568590
217568635
217568864
217569032
217569095
217569225
217569289
217569342
217569527
217569642
217569714
217569758
217569939
217569983
217570338
217570400
217570501
217570570
217570767
217570841
217574606
217574617
217574738
217574810
217576303
217577507
217577731
217578036
217578575
217610704
217610722
217610765
217612097
217613058
217613580
217628259
217638719
217638804
217638876
217638965
217639242
217639331
217639342
217639373
217639426
217639447
217639479
217641676
217641680
217641712
217641763
217641784
217641828
217641949
217641976
217642018
217642062
217643202
217645903
217646022
217646036
217646197
217646252
217646329
217646392
217646477
217646995
217647004
217647039
217647200
217647408
217647440
217647444
217647445
217647601
217647673
217647710
217647809
217647827
217648080
217648339
217648443
217648462
217648485
217648506
217648527
217648548
217648569
217648652
217648673
217649838
217649924
217650109
217650273
217650308
217650691
217651534
217652163
217653744
217653995
217658161
217661261
217661493
217682494
217682698
217685142
217685356
217687303
217689079
217690404
217690931
217691999
217692507
217694518
217694519
217694522
217694527
217694554
217694622
217694634
217694677
217694693
217694729
217694753
217694761
217694774
217694819
217694823
217694829
217694843
217694858
217694876
217694910
217694912
217694913
217694916
217694936
217694938
217694949
217695067
217695095
217695114
217695127
217695130
217695151
217695178
217695203
217695299
217695302
217695323
217695369
217695681
217695696
217695724
217695736
217695741
217695746
217695747
217695780
217695791
217695804
217695839
217695910
217695913
217695915
217695932
217695944
217695953
217695971
217695973
217695989
217695992
217696004
217696006
217696013
217696017
217696107
217696116
217696129
217696155
217696166
217696200
217696244
217696370
217696381
217696430
217696440
217696454
217696460
217696466
217696479
217696493
217696496
217696503
217696508
217696512
217696532
217696533
217696593
217696645
217696663
217702047
217702072
217702766
217702793
217705663
217706100
217706149
217706409
217706504
217706640
217706650
217707045
217707058
217707070
217707080
217707088
217707090
217707105
217707109
217707114
217707137
217707149
217707174
217707206
217707220
217707222
217707234
217707248
217707250
217707367
217707369
217707402
217707421
217707428
217707432
217707452
217707465
217707513
217707539
217707543
217707575
217707582
217707583
217707584
217707588
217707622
217707623
217707624
217707646
217707665
217707676
217707708
217707729
217707759
217707763
217707791
217707813
217707855
217707871
217707873
217707875
217707890
217707904
217707939
217707999
217708000
217708017
217708018
217708047
217708055
217708063
217708072
217708083
217708107
217708137
217708760
217709083
217709217
217709236
217709238
217709284
217714038
217719011
217719193
217719243
217719253
217719260
217719261
217719265
217719285
217719298
217719303
217719323
217719325
217719329
217719335
217719359
217719363
217719371
217719383
217719417
217719422
217719449
217719487
217719910
217720545
217720599
217720677
217720770
217720814
217720989
217721058
217721064
217721117
217721352
217721396
217722135
217722184
217722993
217723014
217723076
217723175
217723236
217723571
217723577
217723626
217723655
217723689
217723741
217723813
217723846
217725143
217725365
217725557
217725578
217725584
217725608
217725611
217725635
217725636
217725649
217725650
217725666
217725667
217725673
217725687
217725694
217725696
217725700
217725736
217725737
217725740
217725752
217725763
217725781
217725791
217725797
217725806
217725807
217725829
217725871
217725878
217725880
217725921
217725967
217725968
217725973
217726006
217726025
217726031
217726033
217726047
217726048
217726050
217726054
217726080
217726092
217726101
217726112
217726115
217726145
217726157
217726163
217726166
217726185
217726188
217726198
217726201
217726501
217726712
217727071
217727085
217727092
217727097
217727150
217727170
217727213
217727272
217727401
217727682
217728214
217728283
217728414
217729453
217729458
217729486
217729500
217729521
217729575
217729656
217729672
217729713
217729994
217730364
217730629
217730650
217730667
217730674
217730721
217730723
217730734
217730754
217730767
217730822
217730870
217730878
217730880
217730883
217730886
217730969
217730993
217731148
217731222
217731224
217733115
217733358
217733448
217733452
217733468
217733505
217733521
217733547
217733550
217733582
217733584
217733599
217733609
217733627
217733632
217733666
217733686
217733721
217733822
217733877
217733887
217733933
217733964
217734017
217734094
217734551
217735024
217735052
217735087
217735105
217735108
217735131
217735139
217735158
217735185
217735219
217735230
217735255
217735263
217735287
217735295
217735313
217735359
217735365
217735373
217735408
217735411
217735433
217735444
217735470
217735495
217735511
217735536
217735607
217735620
217735680
217735708
217735796
217735805
217735845
217735864
217735898
217735936
217736595
217742068
217742690
217742790
217742797
217742801
217750467
217750513
217750668
217751746
217752509
217760265
217760570
217760687
217760767
217763386
217764916
217764958
217766949
217773056
217774933
217775742
217775805
217776818
217777129
217778053
217778378
217779346
217779392
217779394
217779406
217779410
217779433
217779434
217779440
217779446
217779449
217779461
217779473
217779474
217779485
217779498
217779517
217779536
217779571
217779604
217779612
217779615
217779623
217779651
217779654
217779655
217779658
217779674
217779687
217779688
217779689
217779708
217779715
217779722
217779723
217779728
217779734
217779736
217779784
217779789
217779803
217779813
217779819
217779824
217779825
217779857
217779858
217779872
217779880
217779881
217779884
217779909
217779910
217779911
217779912
217779913
217779919
217779934
217779935
217779940
217779961
217779988
217779992
217779999
217780022
217780024
217780028
217780043
217780050
217780704
217781211
217781279
217781357
217781492
217781501
217781558
217782004
217782036
217782277
217782367
217782455
217782502
217782644
217782728
217783056
217814496
217832208
217843910
217851236
217890133
217890678
217914910
217991392
218735031
218736012
218736033
218736054
218736105
218736112
218736361
218736370
218736402
218736873
218736982
218736986
218737019
218737051
218737074
218737179
218737235
218737256
218738512
218739008
218739031
218739048
218739049
218739050
218739078
218739096
218739113
218739136
218739157
218739249
218739253
218739285
218739302
218739354
218739357
218739405
218739446
218739547
218739554
218739635
218739676
218739682
218739717
218739763
218739777
218739791
218739829
218740031
218740038
218740049
218740107
218740120
218740171
218740212
218740299
218740310
218740347
218740384
218740421
218740509
218740529
218740535
218740594
218740599
218740636
218740708
218740764
218740768
218740808
218740885
218740887
218740919
218741059
218741309
218741402
218741584
218741587
218741598
218741669
218741745
218741766
218741813
218741996
218742021
218742083
218742103
218742129
218742141
218742149
218742183
218742185
218742282
218742286
218742316
218742343
218742473
218742495
218742556
218742582
218742609
218742631
218742668
218742749
218742815
218742846
218742913
218742966
218743230
218743261
218743390
218743520
218743669
218743783
218743821
218743898
218743975
218744064
218744076
218744129
218744219
218744227
218744418
218744419
218744425
218744442
218744595
218744603
218744604
218744612
218744646
218744674
218744716
218744726
218744804
218744806
218744835
218744976
218745001
218748295
218748310
218750303
218750307
218750393
218750573
218750574
218750634
218750676
218750681
218750916
218751063
218754686
218755010
218755329
218755354
218755491
218755533
218755736
218759153
218762353
218762382
218762422
218762722
218762820
219133104
219133359
219133445
219133880
219135920
219136325
219136350
219136673
219137339
219137378
219138417
219138627
219139160
219139205
219139227
219139236
219139515
219139591
219139697
219139735
219139801
219140028
219140544
219144657
219144821
219145538
219145603
219146790
219147298
219147923
219148240
219148245
219148275
219148304
219148321
219148341
219148352
219148970
219149025
219149067
219149088
219149121
219149650
219150509
219150554
219152305
219155754
219156953
219158170
219158327
219158484
219159375
219160912
219161219
219161332
219163486
219164586
219182384
219193584
219224027
219255979
219344351
219369225
219390265
219390393
219406421
219410014
219410632
219410663
219453426
219453496
219456252
219456811
219456870
219457646
219457742
219458253
219458366
219459745
219461957
219461980
219461989
219462069
219462332
219462380
220662212
220662545
220664282
220664288
220664342
220664507
220664598
220664712
220664877
220664932
220665170
220665214
220665221
220665238
220666874
220667214
220667287
220667315
220667338
220667373
220667375
220667527
220667620
220667669
220667772
220667925
220668484
220668497
220668539
220669510
220669688
220669845
220670868
220670920
220670941
220672176
220672427
220677375
220677437
220677670
220677936
220678277
220678626
220678868
220679891
220680192
220680203
220680283
220680344
220680351
220680453
220680494
220680769
220680779
220680793
220680966
220681048
220682899
220683251
220683262
220683295
220683299
220683303
220683311
220683335
220683336
220683338
220683346
220683347
220683364
220683371
220683372
220683384
220683405
220683425
220683426
220683434
220683447
220683493
220683496
220683497
220683505
220683510
220683515
220683556
220683570
220683582
220683593
220683617
220683621
220683625
220683632
220683641
220683676
220683699
220683724
220683726
220683740
220683748
220683750
220683760
220683771
220683776
220683810
220683811
220683822
220683829
220684683
220713700
220741858
220766927
220771308
220812196
220819201
220819314
220819440
220819518
220819998
220823398
220823456
220823589
220823866
220823944
220824391
220824439
220824808
220824967
220825018
220880996
221040879
221215594
221215607
221215627
221223111
221223535
221225092
221225180
221225651
221225676
221225764
221226056
221226460
221226866
221231015
221231507
221233837
221234319
221237887
221238129
221239260
221239902
221245795
221248874
221251656
221251688
221251712
221252799
221253057
221253072
221253088
221253110
221253308
221253373
221253432
221253807
221253826
221253910
221253955
221253973
221253985
221254009
221254076
221254243
221254256
221254264
221254277
221254326
221254344
221254353
221254364
221254407
221254418
221254427
221255334
221255490
221257058
221258027
221258748
221260109
221261013
221261468
221262229
221263257
221265260
221266211
221267254
221268286
221269640
221269754
221269877
221269959
221270136
221270171
221270304
221271043
221271336
221271551
221272135
221273516
221273545
221275103
221275545
221275598
221275790
221276744
221284422
221287964
221288229
221289669
221295505
221337679
221405738
221405856
221510661
221510837
221515631
221517275
221517436
221517442
221517453
221517740
221517744
221517749
221517754
221517954
221518080
221518091
221518095
221518142
221518391
221518531
221518748
221518847
221518849
221518853
221518855
221518943
221518945
221518962
221518967
221518969
221518973
221519085
221519087
221519093
221519095
221519101
221519103
221519620
221519622
221519626
221519628
221519731
221519733
221519737
221519739
221523226
221527237
221534019
221540250
221543355
221546904
221549669
221553773
221556422
221558023
221560018
221562357
221563340
221564207
221565074
221604708
221607187
221609869
221614508
221616139
221620664
221624668
221626182
221627683
221692672
221701756
221701876
221702872
221703581
221703582
221703622
221703648
221703687
221703720
221703744
221703765
221712293
221712569
221784591
221786730
221791140
221804252
221804705
221804819
221804828
221805011
221805318
221805365
221805629
221805736
221805844
221806160
221806225
221806335
221810786
221810986
221811008
221811315
221811537
221811622
221811642
221811675
221811812
221812063
221812110
221812223
221812308
221812497
221813707
221813897
221813926
221814063
221814090
221814504
221814572
221814765
221820266
221844470
221844519
221844856
221853112
221853319
221853429
221853448
221853513
221853540
221853547
221853663
221853756
221853764
221853800
221853853
221857945
221870838
221935043
221935197
221935330
221935500
221936544
221936843
221937492
221943415
221977932
221988793
222042330
222042371
222042445
222042623
222043427
222043852
222044778
222045371
222045521
222045610
222045825
222045925
222046776
222047215
222047322
222049390
222049487
222049705
222049923
222050397
222050612
222051166
222051178
222051720
222051946
222052542
222053088
222054083
222054294
222054953
222055072
222055668
222057022
222057058
222057713
222057808
222058944
222059009
222059404
222059775
222060069
222060156
222060923
222061232
222061323
222063328
222065420
222066031
222067704
222067766
222067822
222176461
222186103
222266146
222288739
222292921
222311012
222327509
222327582
222327873
222327982
222327994
222328044
222328249
222328262
222328505
222347660
222371846
222383705
222386220
222386604
222388771
222389849
222390686
222392759
222394927
222397931
222399117
222399161
222399204
222399232
222401549
222402727
222403836
222403926
222405861
222408293
222411148
222413349
222417293
222417691
222420504
222423115
222425192
222427121
222429273
222432389
222435204
222436353
222436394
222440055
222440297
222440959
222441700
222441998
222442194
222451406
222452056
222452089
222452133
222470056
222470175
222476824
222480752
222484692
222490929
222493586
222496238
222498403
222504029
222506312
222513400
222514896
222515893
222518363
222521305
222523702
222526259
222527222
222529272
222531798
222536248
222542660
222544010
222545222
222546142
222566744
222570719
222570894
222570902
222577936
222583386
222587802
222588191
222603985
222607989
222608830
222608848
222610493
222621770
222622465
222622507
222622962
222623436
222623725
222624143
222624814
222625040
222625551
222625799
222626172
222629785
222638134
222638172
222642673
222655805
222658026
222658133
222658145
222658147
222658157
222658165
222658190
222658207
222658374
222659296
222659326
222659355
222660024
222660274
222660393
222660624
222660687
222661172
222661445
222661509
222661576
222662308
222662530
222662708
222662963
222663116
222663158
222665351
222665464
222665742
222666114
222666179
222666200
222666221
222666242
222666267
222666270
222666692
222672979
222676421
222676758
222676783
222677199
222677279
222677787
222677809
222677831
222678734
222678924
222679126
222679311
222679385
222679504
222679535
222679577
222679601
222680929
222681226
222681524
222681545
222681568
222681579
222682283
222683145
222683189
222683710
222683865
222683886
222683907
222684622
222684970
222685029
222685050
222686058
222686201
222688065
222688092
222688113
222688472
222688618
222688648
222688708
222688989
222689024
222689273
222689480
222689481
222689536
222689565
222689627
222689667
222689699
222689761
222689847
222689886
222689967
222693755
222694880
222694956
222695183
222696053
222696072
222696153
222696287
222696312
222696325
222696344
222696346
222696480
222696500
222696528
222696530
222696614
222696644
222696716
222696726
222696822
222696992
222697055
222697061
222697129
222697181
222697225
222697279
222697339
222703338
222703755
222703881
222704330
222704385
222704679
222713805
222715953
222716067
222723255
222723268
222723278
222723291
223893995
224073292
224079876
224111757
224123757
224161742
224173934
224196667
224354934
224507059
224569632
224720553
224732438
224765276
224872417
224990054
225112461
225112572
225112576
225112584
225112616
225112632
225112661
225112665
225112723
225112747
225112750
225112755
225112796
225112871
225112875
225112963
225113085
225113198
225113209
225113250
225113256
225113267
225113406
225127729
225173245
225173354
225187161
225188534
225188890
225188910
225189455
225191206
225194850
225195324
225195349
225195362
225195438
225195728
225197237
225200036
225200149
225200950
225200990
225203055
225205188
225205397
225205416
225205439
225205578
225207057
225207120
225207189
225207752
225207779
225207817
225207827
225207828
225207886
225207940
225207957
225207977
225207980
225207994
225208021
225208526
225208620
225209000
225209032
225209117
225209167
225209236
225209672
225209974
225210590
225210603
225210940
225211095
225211648
225214405
225214789
225220576
225228845
225248637
225249714
225263759
225263812
225265030
225268456
225269708
225272797
225273039
225274190
225289378
225289380
225289381
225300766
225300771
225304088
225314670
225380731
225385641
225386012
225386021
225906527
225906724
225906727
225906783
225906814
225906897
225906974
225907006
225907070
225908312
225908609
225908658
225908775
225909267
225909324
225909654
225909691
225909934
225912175
225912235
225912309
225912337
225913549
225914834
225915459
225915573
225915740
225917033
225917102
225917105
225917765
225917832
225918579
225918682
225918847
225918969
225919568
225920204
225920948
225921783
225921893
225924023
225924276
225925905
225925987
225925988
225937204
225949000
225949049
225949313
225949581
225949613
225950107
225950246
225950326
225950714
225950783
225951084
225951164
225951221
225951232
225951426
225951490
225951546
225951659
225951691
225951737
225951748
225954268
225954543
225954726
225956348
225956638
225957391
225957586
225959981
225960226
225961689
225961866
225961968
225961970
225962289
225970432
225970837
225992275
226023659
226047827
226084795
226094829
226141988
226167870
226245787
226249527
226261280
226282682
226374594
226374633
226398805
226399680
226562217
226591173
226638432
226667827
226671126
226671161
226671207
226671218
226671226
226671338
226679762
226742956
226757028
226855580
226903973
226943509
227009609
227009776
227135024
227254575
227255333
227260579
227287036
227316919
227326291
227326580
227409475
227411706
227412388
227412674
227414424
227564285
227756422
227768026
227807997
227940974
227979664
227985899
227985952
227986161
228494170
228887047
228930728
228950565
228987720
228988486
228989781
228992567
228997569
228997639
228999835
229696202
229698492
229698883
229698897
229699237
229700880
229701959
229703022
229703240
229703462
229703855
229704087
229707150
229714602
229717226
229720087
229722345
229725539
229726171
229726389
229726561
229726818
229726935
229731965
229732041
229732489
229733063
229733962
229734873
229735477
229735673
229735935
229743946
229747995
229761747
229764828
229770132
229772324
229779236
229782731
229790735
229792224
229792868
229795315
229795498
229801877
229803422
229803816
229803837
229804575
229804947
229805285
229805345
229805393
229805444
229805452
229805610
229805660
229806506
229806693
229806761
229808482
229808513
229809453
229809592
229810558
229810628
229810759
229810794
229952259
229961563
229967065
229972656
229972686
229984796
229996390
230002931
230004351
230004385
230004864
230005869
230009574
230010557
230010580
230011181
230013827
230015160
230019089
230023659
230032278
230038304
230038470
230038557
230038919
230039609
230039748
230039909
230039961
230040562
230041919
230041958
230041987
230043298
230043475
230043596
230043662
230043715
230043758
230048774
230049845
230050045
230050097
230050877
230053368
230053952
230054626
230057771
230057828
230057841
230057854
230057857
230057920
230057928
230058014
230058317
230058894
230059214
230059936
230060164
230060309
230060334
230060468
230060601
230060631
230060757
230060761
230060920
230060982
230061002
230080991
230082569
230083656
230083746
230084355
230084437
230084440
230084638
230084758
230086252
230086523
230086855
230087032
230098513
230125687
230126079
230126318
230126398
230126747
230126754
230139212
230141369
230146049
230164820
230200144
230200236
230200817
230201046
230201248
230201278
230201510
230201591
230201806
230201992
230202427
230202431
230202438
230202722
230202934
230203553
230203671
230203759
230204867
230207840
230210867
230215701
230217459
230217541
230220472
230222127
230222417
230222917
230242265
230243455
230246351
230267111
230273285
230284734
230296210
230301552
230301628
230301635
230301650
230301652
230301686
230307280
230313802
230314035
230322326
230364948
230368786
230542646
230865767
231269465
232248322
232329395
232482598
232946457
232946543
233090978
234026265
234026471
234026788
234026929
234027090
234027139
234027339
234027648
234028185
234029419
234029590
234030028
234030190
234030318
234030762
234030881
234031558
234031820
234032098
234032486
234032618
234032646
234033176
234033328
234033363
234033671
234034213
234034324
234037901
235344119
235359887
235389820
235414630
235535786
235539917
235604186
235604565
235635237
235691813
235705765
235720286
235728529
235728728
235732065
235734771
235739364
235740177
235740339
235764841
235856294
235857864
235878278
235878767
235879286
235879497
235879652
235880192
235882889
235882973
235885050
235885469
235885777
235891166
235896806
235896844
235896935
235897268
235897384
235897448
235897558
235897605
235897958
236124285
236413710
236428271
236428451
236508234
236788563
236999324
237027821
237819237
238139039
238139066
238139188
238139385
238139391
238139423
238139651
238139658
238139666
238140183
239142025
239142056
239170276
239178180
239194164
239294065
239337172
239385622
239477353
239548432
239580587
239661142
239661324
239667161
239735246
239804469
239831453
239862239
240088709
240395267
240454015
240474468
240474578
240474640
240474641
240474643
240474667
240474680
240488168
240518787
240535174
240573238
240583055
240590945
240590953
240591665
240591754
240626479
240627000
240649659
240685844
240777908
240852659
240852678
240852876
240978568
241082735
241102663
241246155
241582274
241582331
241582418
241599125
241599141
241599277
241601081
241601110
241607665
241607687
241607698
241607718
241607720
241608628
241608634
241608635
241608649
241608656
241608660
241608667
241608686
241608712
241616758
241620886
241636208
241636250
241659748
241670374
241671367
241673230
241675027
241675141
241742675
241744022
241746681
241748446
241767311
241774969
241777370
241781729
241783441
241784339
241787487
241788480
241788705
241788748
241788758
241788857
241790402
241791924
241791976
241832723
241883102
241889398
241889496
241892048
241892062
241892103
241892147
241897023
241902722
241903705
241903924
241938574
241969951
241971678
241972119
241980927
241983342
241983358
241991473
241992335
241992346
241992468
241992528
241992551
241992553
241992578
241992724
241996851
241999583
242000594
242003421
242006847
242006914
242007261
242007475
242007623
242007804
242008089
242008149
242008244
242008421
242008688
242008789
242008958
242009004
242027493
242028858
242061589
242062050
242062279
242063048
242065292
242065930
242066567
242066767
242073137
242075718
242075759
242075879
242076036
242077856
242077914
242078371
242078585
242083874
242083878
242084196
242084436
242086505
242090944
242091062
242094380
242096501
242099951
242100206
242102470
242102710
242105460
242106041
242130910
242153406
242153408
242153410
242153412
242153424
242153426
242153427
242153438
242153444
242153451
242153457
242153465
242153478
242153481
242153484
242153766
242162024
242162549
242166790
242180088
242185975
242186427
242186519
242190997
242197725
242200601
242200678
242202207
242203195
242206210
242207588
242214156
242216901
242225426
242225636
242225648
242229190
242264566
242275492
242282492
242284405
242292935
242294168
242308272
242391973
242420967
242424871
242430610
242432151
242432371
242432555
242432599
242432840
242433109
242433550
242435256
242435315
242435323
242441510
242441706
242443117
242443241
242446928
242446976
242447016
242447218
242447298
242447443
242447454
242447506
242447591
242451196
242453123
242454836
242457208
242457594
242457660
242457926
242458149
242458298
242459611
242459939
242460051
242460699
242460978
242462160
242462920
242463458
242464146
242464648
242465789
242469293
242469665
242469874
242470304
242471130
242472543
242474607
242474990
242475288
242476336
242476406
242477241
242478542
242478619
242478695
242479179
242482756
242482787
242483151
242483171
242483278
242483287
242483302
242483320
242483381
242483452
242483459
242483518
242483533
242483549
242483639
242483764
242483771
242483784
242483827
242483867
242483878
242483893
242483913
242483965
242485141
242485319
242485415
242485607
242485614
242485671
242485754
242485762
242486091
242486319
242491868
242493901
242493906
242494027
242494079
242494118
242494156
242494263
242494278
242495245
242495253
242495265
242497058
242497064
242497076
242497184
242497219
242499634
242501835
242502755
242502865
242504261
242524985
242525083
242525156
242525241
242525357
242525775
242525831
242526534
242527776
242527928
242528421
242528445
242528673
242529133
242530143
242530286
242530713
242531189
242616643
242616672
242616673
242616697
242618669
242618829
242620088
242620474
242620507
242620791
242621061
242622260
242622300
242622310
242622325
242625589
242625599
242625637
242625648
242625659
242625739
242625776
242625814
242625821
242626885
242630436
242634039
242635874
242635904
242636388
242636937
242636969
242645918
242645983
242647792
242651339
242652604
242654400
242657133
242658002
242658036
242658253
242658742
242658838
242659115
242659291
242663045
242663053
242663058
242663071
242663083
242663086
242663092
242663099
242663105
242663128
242663139
242663161
242663204
242663209
242663215
242663221
242663228
242663237
242663261
242663863
242664899
242665637
242678197
242689298
242691203
242691992
242692403
242692892
242693384
242693390
242696204
242696828
242699273
242702860
242703403
242703451
242703543
242703584
242703676
242703693
242703903
242704041
242704052
242704113
242704197
242704307
242704331
242704383
242704448
242704559
242704673
242704770
242705207
242705242
242705747
242706336
242706549
242710543
242710746
242710791
242710932
242711256
242711597
242712795
242714005
242714412
242714602
242714672
242714705
242714708
242714912
242715851
242715852
242715919
242715990
242716008
242716017
242716046
242716047
242716068
242716199
242716498
242716505
242716704
242717078
242717243
242717244
242717246
242717399
242717427
242717437
242717536
242717545
242717610
242717704
242717741
242717981
242719253
242719255
242719256
242719297
242719318
242719337
242719341
242719353
242719355
242719367
242719395
242719407
242719420
242719473
242719491
242719498
242719509
242719517
242719598
242719603
242719619
242722909
242723639
242724791
242724842
242724899
242725060
242725500
242725502
242725850
242726556
242726967
242729326
242730766
242738762
242738783
242738792
242738799
242739137
242741142
242741144
242741150
242741183
242742821
242746111
242746159
242746163
242747751
242755388
242755609
242756168
242756553
242756762
242756856
242756918
242756923
242757137
242757154
242757206
242757256
242758540
242758899
242760289
242760770
242761204
242761434
242761494
242761525
242761787
242761889
242761930
242761955
242761982
242762751
242762768
242762778
242763152
242763212
242763439
242763848
242763857
242764005
242764009
242764053
242764113
242764284
242764660
242764913
242764965
242765802
242766993
242766995
242767930
242767972
242770111
242770850
242772737
242774241
242774711
242774729
242775153
242775341
242775446
242775714
242776015
242776107
242776178
242776345
242776361
242776649
242776661
242777159
242777259
242777272
242777527
242777714
242777822
242785568
242785776
242787779
242788842
242789107
242793968
242793997
242794021
242794107
242794222
242795742
242795870
242796777
242796847
242799165
242799513
242799643
242799686
242799720
242799728
242807055
242814165
242820959
242820968
242820970
242820979
242821004
242841242
242842512
242842521
242859748
242866154
242866697
242867378
242871663
242872041
242874123
242875813
242877289
242881295
242882260
242890981
242891080
242976485
242979583
242981208
242983817
242983883
242987177
242993492
242993511
242995153
242998980
242999577
243002923
243006580
243006612
243006624
243006640
243006649
243006667
243006731
243006759
243006803
243011121
243015984
243017139
243023574
243024438
243024878
243025626
243025642
243030944
243033786
243034043
243034111
243034117
243034780
243035094
243036212
243037389
243037527
243037657
243037699
243037869
243038281
243038686
243043446
243043987
243044246
243044596
243045274
243046200
243052044
243053862
243054111
243054642
243054687
243054806
243054964
243057976
243060023
243060559
243060597
243060607
243060621
243060643
243060651
243060657
243060671
243060675
243079429
243080235
243080678
243080845
243082353
243084390
243084656
243084989
243087360
243087600
243088067
243091915
243092557
243092972
243093071
243093907
243093918
243094119
243094587
243094657
243094970
243097228
243098170
243098969
243101676
243223165
243239727
243245446
243245471
243249506
243251560
243252215
243252412
243252467
243252548
243299915
243300134
243300456
243300468
243300516
243300557
243422067
243708243
243742912
243805402
243808165
244108369
244109179
244109642
244109673
244110123
244110844
244110920
244111330
244111829
244111846
244112737
244113529
244114383
244114628
244114634
244114878
244115242
244115294
244115344
244115567
244115658
244116154
244116282
244116394
244116483
244116551
244118042
244118090
244118735
244118755
244118960
244119155
244119170
244119457
244131852
244132027
244132583
244132588
244167141
244167195
244167197
244167199
244167201
244169268
244172091
244174232
244176397
244176444
244176618
244176687
244289790
244296612
244300050
244300579
244300645
244301449
244303694
244304043
244304895
244304951
244305378
244306095
244306630
244307672
244314052
244316489
244316498
244316523
244316549
244316614
244316628
244316661
244316732
244317952
244328221
244332108
244332158
244332167
244332849
244508929
244690356
244701100
244981816
244982047
244982054
245074492
245074508
245074925
245074964
245075241
245218785
245239171
245328609
245328968
245329042
245329184
245329245
245329355
245764685
245767475
245769808
245769811
245769830
245769955
245771361
245771464
245771496
245773229
245773362
245773668
245784317
245787203
245790341
245889367
245900784
245949446
246136752
246161448
246162480
246162569
246162823
246162959
246163263
246163426
246164309
246164491
246168611
246168621
246208632
246209066
246432064
246538031
246623943
246656968
246685696
246685994
246701890
246724021
246729670
246731116
246755238
246766305
246770161
246770166
246770228
246770441
246770551
246772432
246773025
246850600
246850772
246850985
246850991
246851092
246851142
246851340
246851567
246851682
246851897
246851899
246852034
246852209
246852455
246852873
246853057
246853444
246853559
246853706
246854265
246854411
246855092
246855249
246856167
246856195
246856375
246856721
246856779
246856891
246885178
246885202
246885261
246891718
246915979
246931309
246931930
246946549
246960313
246961971
246971528
246971749
246971930
246979284
246979293
246979296
247007197
247007281
247007666
247008005
247008017
247008204
247008241
247008272
247008687
247008840
247013228
247014361
247014894
247015104
247015110
247015149
247015165
247015184
247015233
247015273
247015373
247015401
247015412
247015493
247015957
247016242
247016360
247016774
247016945
247017050
247017078
247017118
247017145
247019480
247020867
247058312
247059419
247059574
247059652
247061575
247063253
247063279
247199110
247199484
247219516
247238464
247238593
247238807
247241529
247241554
247241632
247244177
247244448
247244541
247244559
247244575
247247956
247249283
247249639
247249753
247249847
247249868
247249878
247249966
247250004
247250048
247250220
247250261
247250280
247250346
247250401
247250450
247250517
247250683
247250920
247250963
247251114
247251191
247251288
247251315
247251391
247251447
247251556
247251565
247251603
247251648
247251725
247251735
247251853
247251959
247252145
247252207
247252228
247252249
247252311
247252481
247252516
247252550
247252791
247252812
247252886
247252954
247252998
247253219
247253323
247261009
247261230
247261858
247262429
247262714
247263467
247263904
247263983
247266801
247270716
247272038
247272111
247272115
247273745
247275270
247277647
247285512
247285722
247286526
247288733
247294850
247294855
247295608
247295712
247295812
247296225
247297376
247297416
247298466
247299094
247299623
247302772
247303896
247309357
247311516
247315914
247320366
247320869
247321416
247321761
247321816
247327255
247337126
247341579
247341959
247342427
247344083
247344528
247345016
247356318
247357430
247357436
247357453
247357512
247360619
247371071
247375640
247379364
247379384
247379394
247380568
247392575
247393327
247399961
247400013
247400021
247400093
247400136
247400166
247401364
247402222
247402447
247402521
247402762
247402842
247402975
247403033
247403264
247403330
247403389
247403486
247403828
247404065
247404139
247404190
247404221
247404365
247406166
247406174
247406292
247406654
247406677
247406764
247407266
247412527
247412623
247413386
247414675
247415368
247415813
247416077
247418525
247418579
247418591
247418961
247419106
247419708
247420349
247421148
247424389
247426736
247426750
247426823
247437269
247437307
247439714
247444652
247444773
247444804
247444988
247448027
247448083
247448308
247448456
247448498
247449409
247450019
247461032
247461230
247463388
247463409
247463419
247463441
247463452
247465760
247466555
247466587
247470498
247499090
247500640
247510325
247517616
247518720
247529148
247539496
247554519
247555062
247572179
247577953
247599332
247599741
247654486
247654920
247655535
247657235
247657421
247657423
247657823
247657955
247658160
247658241
247658245
247658301
247658353
247658356
247658472
247658575
247658665
247659654
247659784
247659824
247659940
247661082
247661309
247661519
247661661
247661761
247661844
247661847
247661871
247662056
247662270
247662358
247662421
247662509
247666178
247666472
247667707
247667720
247668191
247668357
247668506
247669108
247677223
247678744
247679180
247679201
247679844
247680556
247680584
247680699
247680879
247683598
247686376
247706088
247717109
247717524
247719355
247719486
247720872
247721915
247722151
247726857
247728245
247741586
247742837
247755098
247755330
247762000
247766685
247767080
247767109
247787917
247787999
247788039
247788114
247788129
247788167
247788285
247788306
247788319
247788323
247788420
247788435
247788437
247788454
247788487
247788539
247788589
247788591
247788608
247788638
247788646
247788674
247788683
247788699
247788755
247788758
247788759
247788789
247788923
247788952
247788977
247789034
247789099
247793660
247793771
247795370
247795372
247796064
247796239
247798984
247799318
247804191
247806197
247806410
247806413
247806525
247806665
247808488
247811681
247811700
247811956
247813841
247813855
247816204
247817005
247820305
247821368
247821925
247823448
247823547
247829487
247829978
247829987
247830033
247831258
247838684
247840051
247840114
247840826
247841075
247841761
247841893
247841920
247842436
247842710
247842844
247853685
247855986
247856144
247858672
247859652
247859672
247861062
247862539
247862604
247862686
247863452
247869513
247871188
247874316
247876811
247878360
247879693
247883679
247884218
247884221
247885139
247887834
247891671
247891685
247894315
247896305
247897056
247897287
247899245
247900414
247900451
247900457
247900495
247900617
247900649
247900719
247900746
247900758
247900775
247900885
247901343
247901358
247901389
247901411
247901815
247904083
247904626
247906419
247906547
247906612
247906644
247906742
247906860
247906878
247906960
247907112
247907119
247907146
247907175
247907230
247907267
247907319
247921331
247922159
247935235
247939651
247940655
247942366
247943326
247945786
247949976
247950409
247951015
247953239
247953388
247956430
247958214
247958221
247963600
247972678
247972682
247972688
247985541
247995016
247999452
248000097
248000743
248003579
248011391
248011600
248012855
248057625
248057697
248057745
248063316
248065664
248067226
248067353
248067698
248067882
248068798
248069003
248069220
248069754
248077259
248079997
248084359
248084373
248084389
248084392
248084400
248084461
248084561
248084585
248090586
248113986
248114238
248118590
248128332
248134025
248154660
248159428
248161548
248162623
248165821
248173422
248177527
248178060
248178105
248179166
248179300
248179519
248180013
248180456
248181417
248182630
248195198
248207074
248215260
248215972
248221469
248221794
248221835
248222158
248223200
248223707
248225465
248225806
248234792
248234821
248234982
248234997
248238034
248238173
248260075
248260614
248261186
248261472
248261478
248261654
248261672
248261689
248262231
248262329
248262479
248262593
248262695
248263016
248263112
248263237
248263483
248263541
248263572
248263586
248266954
248267557
248271592
248285929
248292604
248293207
248293225
248302968
248304336
248309261
248317237
248319250
248319255
248319268
248322062
248326443
248326470
248326963
248327638
248328066
248334433
248342327
248342846
248342856
248348362
248348695
248348751
248348763
248348817
248348858
248348892
248348956
248349052
248349201
248349258
248349286
248349316
248349509
248349512
248349526
248349578
248349642
248349665
248349678
248349695
248349715
248349774
248349789
248349891
248351412
248351970
248353725
248360179
248361222
248361767
248362455
248362585
248362593
248362612
248367064
248368347
248368445
248369639
248369829
248373499
248374904
248375046
248375198
248378115
248383119
248383295
248383433
248386284
248386688
248387242
248387377
248387661
248391043
248391699
248393120
248394839
248395364
248395508
248396512
248396521
248396815
248398840
248405787
248407303
248409017
248411423
248411853
248411956
248411966
248415342
248415348
248417102
248422302
248424890
248428333
248428426
248428843
248429564
248432039
248432999
248439477
248442355
248445865
248455484
248464920
248464922
248465194
248465356
248465530
248465561
248465726
248465838
248465896
248466284
248466285
248466300
248466341
248466415
248466417
248467216
248467373
248467378
248467467
248467643
248467767
248470698
248481215
248482374
248482376
248484094
248491736
248491779
248492481
248493276
248494132
248494625
248494657
248495222
248495488
248496424
248496686
248498436
248498972
248499404
248499444
248499523
248520260
248528772
248533099
248536176
248537480
248539316
248540527
248540530
248540589
248541314
248541397
248542235
248543433
248544314
248544964
248546018
248546077
248546101
248546109
248546124
248546137
248546143
248546595
248546688
248546693
248546714
248559578
248559596
248559597
248559655
248559661
248559663
248559674
248559726
248562053
248572114
248573997
248575087
248575218
248575438
248583433
248587140
248587402
248587450
248587526
248590825
248591604
248591890
248592587
248593254
248593965
248594747
248595409
248595703
248596059
248596496
248596700
248597063
248600158
248600635
248601003
248601177
248601816
248602050
248602085
248602817
248603478
248608938
248609223
248609978
248611494
248611596
248611641
248611814
248612062
248612188
248612220
248612295
248612509
248612613
248612746
248614437
248619617
248624939
248627325
248633927
248635047
248635633
248635712
248636040
248636402
248638668
248638676
248639120
248639566
248641362
248641413
248641455
248641486
248641505
248642415
248642430
248642478
248642494
248642509
248644380
248645586
248645642
248648093
248648289
248648343
248648408
248651327
248651863
248651871
248651880
248651883
248651892
248654187
248654242
248656197
248656225
248666635
248666703
248667348
248667588
248675427
248675629
248677978
248679115
248679313
248680830
248681130
248681281
248682248
248682313
248682385
248683480
248683766
248684109
248684280
248684944
248685908
248686750
248687908
248689384
248696642
248696768
248697955
248703527
248703749
248703832
248723544
248727240
248743801
248746103
248747273
248747863
248748340
248749596
248749696
248749979
248750377
248755302
248756800
248757739
248757786
248757798
248758684
248758824
248759575
248761139
248761142
248761169
248761171
248761185
248761196
248761200
248761204
248761205
248761213
248761219
248761223
248761224
248761234
248761235
248761243
248761244
248761250
248761265
248761267
248761269
248761274
248761282
248761356
248761466
248761628
248761632
248761635
248761647
248762006
248762412
248764419
248764439
248767333
248768964
248769031
248770139
248772325
248774633
248775101
248777643
248777837
248777924
248777941
248782400
248782417
248783003
248783134
248784364
248784413
248786283
248786520
248788000
248788008
248788906
248789004
248789372
248791965
248793695
248797115
248797823
248799193
248799457
248799638
248799767
248800075
248801922
248803572
248814511
248821273
248821764
248821839
248822867
248827935
248832521
248842676
248843453
248849156
248858613
248859898
248865886
248868294
248868561
248880120
248880509
248881001
248881838
248883417
248884068
248884175
248886895
248886987
248887585
248887699
248887887
248888748
248889055
248891443
248891458
248894541
248900056
248900235
248900272
248900335
248900600
248903818
248904521
248906948
248909074
248909806
248914293
248915816
248916220
248921624
248921774
248923311
248928295
248929026
248929270
248929364
248931733
248931780
248931881
248932361
248933486
248935185
248935640
248935672
248935860
248937094
248939110
248939146
248939184
248939345
248939519
248940756
248941138
248941863
248942177
248942193
248942528
248942621
248942651
248943821
248943872
248944040
248944190
248944198
248944279
248956883
248957314
248977614
248978250
248982339
248982914
248986141
248986292
248986520
248986554
248989765
248989822
248994457
248994506
248995110
248995764
248996431
248996614
248998126
249000342
249001087
249005241
249005551
249005593
249005832
249005975
249006245
249006589
249007687
249007980
249008015
249008234
249008298
249008723
249009931
249010160
249010463
249012061
249016971
249016995
249017003
249017091
249017750
249017752
249021227
249021293
249022476
249023540
249023812
249024148
249024874
249026719
249026817
249026882
249026943
249027329
249027379
249027673
249027942
249028222
249028374
249028668
249029162
249029702
249030128
249032903
249035511
249037372
249040750
249043166
249050880
249051931
249051940
249052178
249052518
249052988
249053989
249053992
249054645
249054745
249055697
249058750
249077332
249082672
249083742
249083838
249085241
249085362
249085494
249086053
249086457
249087013
249091958
249092043
249092055
249092100
249092958
249092995
249093056
249093123
249093147
249093205
249114143
249136355
249141852
249142166
249143185
249143581
249143660
249143662
249143802
249143924
249143955
249144744
249145890
249146389
249146668
249151812
249152096
249152259
249153017
249153067
249153187
249153357
249153474
249153599
249154668
249156183
249156816
249161512
249162156
249162360
249162439
249162458
249162461
249162543
249162826
249162842
249163020
249163409
249163855
249163868
249163915
249163956
249164047
249164175
249164572
249164622
249164756
249164809
249164993
249165054
249165407
249165526
249165540
249165601
249165837
249165893
249166150
249166228
249166564
249166894
249167440
249167537
249167555
249167836
249167845
249167852
249169185
249169620
249169858
249170217
249170386
249173735
249173836
249173901
249173932
249174104
249176026
249176595
249176597
249176601
249177487
249181942
249183095
249183203
249183278
249183891
249183993
249184068
249184786
249185330
249185519
249185624
249186242
249186751
249187060
249187175
249187699
249187856
249188158
249188240
249188274
249188320
249189171
249189707
249189739
249190036
249191254
249191568
249191678
249192003
249192222
249192379
249192516
249192959
249193121
249193162
249193606
249193745
249194183
249194489
249194621
249194918
249195165
249195527
249196024
249196284
249196605
249196683
249196943
249197314
249197596
249197631
249197666
249197691
249199282
249200325
249200364
249200376
249203251
249204571
249204603
249205110
249205145
249205694
249205867
249205976
249206006
249206007
249206083
249206086
249206510
249206583
249208176
249208238
249208259
249208380
249212411
249213940
249215786
249216270
249216422
249217074
249217151
249217275
249217787
249217819
249217823
249217906
249219922
249220211
249220701
249220943
249221040
249221074
249221107
249221303
249221393
249221409
249221426
249221481
249221511
249221522
249221627
249221667
249221698
249221719
249221787
249221819
249221942
249222027
249222087
249222477
249226925
249226994
249227001
249228392
249228415
249228706
249228743
249228952
249229581
249229683
249229889
249230414
249230811
249231908
249232009
249232263
249232302
249232411
249234259
249234539
249234753
249235416
249236108
249236559
249237419
249238899
249239831
249240869
249242009
249242817
249244633
249244939
249245581
249247080
249247118
249247267
249248082
249248970
249251665
249252332
249253323
249253363
249253534
249254405
249254452
249254474
249254561
249254767
249255155
249255716
249255985
249256051
249257293
249258166
249259618
249262865
249268520
249268641
249268676
249268723
249268780
249268933
249269203
249269235
249270002
249271162
249272664
249285308
249285915
249287196
249287600
249287605
249288056
249288571
249288688
249288815
249288823
249288825
249288829
249289031
249289072
249289245
249289379
249289397
249290729
249291225
249291319
249291354
249293605
249293987
249294106
249294192
249294868
249295680
249304667
249347455
249347773
249347986
249348823
249373512
249381175
249382102
249382497
249383792
249384540
249384598
249385012
249385170
249387463
249388079
249388184
249388493
249389457
249389599
249389732
249390641
249390959
249391787
249397842
249398560
249425884
249464754
249465298
249465702
249466219
249467096
249467571
249467651
249468665
249469968
249490702
249491274
249491497
249492414
249492949
249494212
249494258
249494316
249502008
249526968
249528409
249531506
249531558
249531624
249531689
249531837
249531859
249531880
249532917
249534974
249535166
249564299
249570080
249570090
249570124
249570138
249570155
249570192
249570917
249570935
249573806
249573848
249576513
249576931
249577017
249577019
249577860
249578588
249578925
249579381
249580025
249580115
249580129
249580149
249580520
249580636
249580687
249581134
249581249
249581499
249581591
249581700
249581801
249581812
249581911
249581968
249582078
249582270
249582383
249582471
249582594
249582787
249582887
249582935
249582941
249582977
249583013
249583072
249583210
249583720
249583851
249584135
249584457
249584503
249584566
249585364
249585781
249586424
249590131
249590236
249590301
249591034
249591076
249599970
249600827
249601277
249601462
249601697
249602001
249602361
249602668
249602833
249607405
249609345
249610513
249610710
249621160
249621708
249621756
249634844
249644056
249645217
249646089
249646122
249646326
249646744
249650010
249651962
249652429
249655415
249657398
249657407
249657851
249657957
249657975
249657977
249658046
249660528
249661302
249662613
249663064
249663379
249666058
249666197
249667105
249667823
249668031
249668366
249668530
249670702
249671892
249677219
249681460
249682012
249682541
249683118
249684012
249684503
249684515
249684519
249684521
249684535
249684540
249684546
249684549
249684557
249684571
249684602
249684617
249684620
249684628
249684638
249686138
249686171
249686521
249687628
249687643
249693938
249693953
249693962
249693972
249699095
249700424
249712023
249717895
249718375
249718407
249718635
249718801
249718839
249718841
249718859
249718876
249719045
249719085
249721251
249729822
249730177
249730698
249737540
249738274
249738474
249738476
249738479
249738492
249738556
249738560
249738570
249738573
249738603
249743336
249743370
249743393
249743442
249744851
249746214
249747443
249747979
249764645
249766752
249767030
249767376
249774392
249774956
249774967
249775188
249776373
249776536
249776541
249776547
249776550
249776554
249776556
249776559
249776579
249776590
249776638
249776640
249776642
249776646
249777210
249778262
249780029
249784704
249785064
249785069
249785429
249785468
249785695
249796180
249797460
249797473
249808631
249813976
249815909
249815972
249816064
249816187
249816450
249816534
249816613
249816689
249816769
249816820
249817189
249817243
249817373
249817442
249817568
249817882
249817970
249818117
249819146
249820249
249821160
249823029
249825506
249828479
249828484
249828508
249828513
249828525
249828530
249833549
249835117
249851875
249851910
249851918
249852027
249852028
249852047
249852054
249855067
249855138
249857368
249857535
249857745
249858221
249859812
249861526
249861782
249867436
249867664
249867722
249867821
249867896
249867907
249868005
249868021
249868391
249868394
249868540
249868574
249868629
249869285
249869409
249871800
249872262
249872264
249872266
249872597
249872599
249874952
249875766
249875812
249876167
249877513
249882572
249883330
249884876
249885728
249892308
249892911
249893380
249893406
249893408
249893458
249896745
249896786
249907831
249910780
249915864
249919886
249923557
249923576
249923608
249927250
249928708
249935597
249935600
249937298
249938442
249938610
249938612
249938743
249940637
249941077
249941136
249941138
249941143
249941262
249941746
249941760
249941931
249942028
249942401
249942494
249942505
249944437
249944729
249945219
249946716
249947003
249947435
249947441
249947454
249947462
249947466
249947467
249947475
249947480
249947481
249947528
249947537
249947539
249947697
249948323
249948331
249948353
249948425
249948440
249948454
249948558
249948782
249948932
249949068
249949096
249949321
249953340
249958366
249958433
249959773
249960604
249960639
249964486
249964537
249965148
249965514
249966357
249966361
249968400
249968425
249968613
249978706
249978905
249982422
249990729
249990738
249990786
249990791
249996532
249997814
249998178
249998628
250000543
250000569
250000572
250000588
250000591
250000599
250000651
250000661
250000747
250000756
250000765
250000970
250000983
250001123
250001496
250001498
250001500
250002707
250002724
250002725
250002754
250002775
250002784
250002785
250002803
250002815
250002876
250002892
250002894
250002956
250002965
250002971
250003024
250003026
250003030
250003067
250003092
250003095
250003138
250003147
250003165
250003199
250003224
250003427
250003428
250003452
250003453
250003473
250003494
250003509
250003520
250003538
250003548
250003566
250003578
250003582
250003585
250003619
250003642
250003683
250003694
250003695
250003702
250003725
250003726
250003813
250003814
250003815
250003821
250003846
250003903
250003924
250003977
250003993
250004013
250004035
250004038
250004067
250004112
250004122
250004182
250004191
250004200
250004509
250004514
250004521
250004526
250004558
250004560
250005633
250005673
250005697
250005699
250005730
250007017
250007086
250007229
250010817
250011636
250018849
250029135
250050369
250056254
250058881
250058882
250058886
250058892
250058906
250058912
250058934
250059407
250059680
250060602
250062885
250064172
250067413
250068647
250070500
250071242
250076245
250076524
250076560
250079895
250086235
250088006
250088622
250088697
250088777
250088799
250093514
250093739
250094795
250095089
250096499
250098909
250099568
250099753
250099857
250099921
250100139
250101191
250101238
250101540
250102021
250102146
250102180
250102410
250102930
250103523
250103944
250104645
250104669
250105880
250106342
250107216
250108730
250109799
250112986
250113326
250117849
250118258
250118260
250118468
250124385
250124532
250127206
250130714
250130967
250142875
250188733
250198218
250214616
250224606
250251933
250256578
250334804
250335298
250335317
250335445
250335787
250336347
250337588
250338106
250338730
250338739
250340909
250347539
250364062
250364403
250443911
250461373
250462501
250462573
250488134
250488143
250488282
250493007
250493016
250493685
250549182
250558540
250560902
250562318
250567671
250567673
250567685
250692203
250731523
250735124
250742586
250756836
250768098
250928958
250960356
250960364
251008632
251013815
251013827
251014152
251014184
251014293
251014412
251014886
251015074
251015091
251015531
251015540
251015547
251015650
251015667
251015706
251015845
251020920
251020937
251021252
251021381
251022085
251022149
251022378
251022437
251022589
251022887
251023155
251023225
251023332
251023615
251051064
251055259
251058453
251068544
251072859
251074058
251102827
251253220
251253493
251256542
251256930
251257202
251262713
251262906
251262923
251262945
251264413
251265261
251265271
251265281
251265307
251265309
251265337
251265341
251265358
251265400
251265401
251265412
251265414
251265476
251265495
251265500
251265507
251265773
251265810
251265858
251265930
251265955
251266647
251266730
251267028
251267032
251267048
251267802
251274486
251274493
251274931
251274942
251275023
251279433
251284037
251322126
251322409
251323489
251323521
251323534
251324120
251324543
251378606
251382290
251383937
251393317
251393904
251394890
251395194
251396253
251401852
251402404
251402425
251403343
251403728
251405916
251406242
251406474
251406862
251420297
251442282
251442306
251442307
251442439
251445154
251445333
251448720
251451131
251452613
251460017
251466517
251502527
251508855
251515413
251515573
251515591
251515791
251517964
251518066
251520073
251520330
251520504
251531761
251531803
251532491
251532552
251532555
251532754
251533855
251534270
251534318
251536162
251536661
251536679
251536700
251536707
251536737
251536923
251536925
251536952
251536998
251537022
251537980
251540710
251545237
251547392
251547979
251549935
251550541
251551406
251551437
251563221
251566575
251566955
251573204
251573241
251573414
251575395
251575691
251576218
251576384
251583430
251583530
251585658
251588200
251588259
251589082
251589448
251590785
251590836
251590995
251591044
251591070
251591108
251633120
251656035
251744038
251748109
251749105
251749317
251751008
251753714
251755620
251755724
251756230
251756399
251762445
251769612
251770063
251772801
251772917
251772966
251773193
251773322
251789468
251870952
251875830
251890570
251899599
251921456
251925998
251929207
251929851
251969812
251980171
251980426
251981489
251983203
251983244
251983620
251984483
251997533
251999962
252004034
252004394
252004564
252005760
252006231
252006470
252006712
252011716
252011822
252012549
252012616
252012643
252012755
252012797
252012876
252015107
252015108
252015155
252015189
252015247
252015392
252015419
252015440
252015468
252015479
252015484
252015487
252015534
252015542
252015544
252015621
252015626
252015642
252015657
252015673
252015700
252024202
252024614
252036448
252036846
252036868
252036879
252036940
252037005
252037016
252037110
252037220
252037291
252038433
252041338
252041731
252044321
252044442
252050171
252050353
252050573
252051740
252051876
252052268
252052432
252054111
252054153
252054230
252054286
252054414
252054421
252054504
252054588
252054599
252054621
252054647
252054654
252060845
252061614
252061746
252061819
252061875
252062125
252063960
252064110
252064753
252066633
252068638
252069086
252069706
252070591
252070634
252070804
252070890
252071137
252071285
252071450
252071481
252071633
252071778
252071802
252072015
252072192
252072196
252072221
252072301
252072492
252072850
252073296
252073650
252075019
252077803
252083980
252084047
252084135
252084170
252084396
252084542
252089986
252090053
252090084
252090095
252090385
252090507
252090599
252091257
252092615
252099889
252100814
252103291
252103356
252103841
252103955
252106485
252106517
252106554
252123746
252124029
252125669
252128719
252128800
252128825
252128846
252128918
252128926
252128944
252128954
252128961
252129098
252129239
252129252
252129294
252129295
252129369
252130255
252130609
252130768
252131296
252132288
252132322
252132359
252132585
252132804
252132915
252136316
252137756
252137826
252137989
252144242
252156788
252157196
252157387
252157598
252161832
252166989
252167859
252167878
252167933
252167964
252170083
252170143
252170289
252173927
252174523
252177965
252178150
252178760
252179167
252197822
252200955
252204112
252211869
252220936
252233884
252237878
252238407
252252885
252261397
252261830
252262060
252262174
252262178
252262236
252262258
252262360
252262468
252262488
252262625
252262688
252262753
252262767
252262834
252263521
252263614
252263741
252263780
252264248
252264438
252264697
252264751
252264781
252265103
252265118
252265216
252265354
252265461
252265512
252265734
252266518
252266633
252270324
252279274
252284791
252291210
252292824
252292830
252292845
252295466
252296379
252305293
252305297
252311776
252316944
252341177
252354214
252355388
252355562
252355970
252355998
252356032
252356056
252356069
252356615
252357193
252357906
252357919
252357985
252358014
252358057
252358726
252382264
252382301
252383050
252383052
252383054
252383086
252383098
252387234
252387273
252387699
252387950
252388246
252388298
252388988
252389789
252389803
252390111
252390319
252390744
252390934
252390936
252391037
252392986
252394813
252394968
252395319
252398747
252400358
252401523
252401609
252401950
252404015
252410977
252413892
252418702
252420715
252427444
252428093
252429698
252429718
252438272
252439716
252439723
252440491
252441731
252442863
252443219
252443561
252443940
252444911
252447360
252447792
252448122
252449967
252450041
252450367
252451403
252456084
252457075
252464260
252464298
252464520
252529612
252534224
252543497
252543498
252543503
252543507
252543510
252543521
252543544
252543567
252543588
252556313
252556837
252556865
252556874
252558978
252559024
252559262
252559272
252559302
252559306
252559360
252559379
252561526
252562200
252562201
252562439
252562557
252562562
252562625
252562906
252563226
252563302
252563307
252563309
252563320
252563329
252563330
252563337
252563349
252563350
252563362
252563394
252563475
252563576
252564060
252564553
252565875
252567538
252567587
252567635
252567716
252567740
252567853
252567908
252568021
252568328
252568726
252568782
252568885
252570778
252571692
252575230
252575233
252575562
252578928
252579163
252579346
252579389
252579549
252579623
252579658
252579670
252582173
252582182
252582711
252583086
252583188
252586238
252589971
252590048
252591458
252591676
252591775
252592176
252592746
252592751
252595383
252595693
252596731
252596972
252597412
252600128
252600271
252600277
252600279
252600281
252600283
252600292
252600301
252600303
252600309
252600311
252600312
252600317
252600318
252600320
252600324
252600326
252600328
252600332
252600337
252600349
252600351
252600355
252600358
252600360
252600362
252600365
252600374
252600377
252600381
252600383
252600396
252600410
252600431
252600433
252600750
252600894
252601623
252601625
252601733
252604531
252606724
252608316
252609304
252609408
252609520
252610275
252611458
252611593
252612298
252612444
252612853
252612910
252612983
252613035
252613964
252614089
252614442
252614724
252614727
252614787
252622109
252622153
252622381
252622675
252622829
252623096
252623144
252623256
252623265
252623775
252624102
252624173
252624365
252624500
252624563
252624613
252624670
252625215
252625430
252625482
252625509
252625544
252625616
252625635
252625783
252626302
252626368
252626379
252626425
252626801
252626964
252626996
252627422
252627489
252627558
252627572
252627766
252628187
252628251
252628362
252628461
252628471
252628527
252628558
252628716
252628793
252628825
252629045
252629118
252630381
252631734
252632017
252632234
252632985
252633249
252633617
252633831
252634036
252634150
252634784
252635007
252635088
252635112
252635313
252636148
252636612
252636648
252637097
252637131
252639628
252639637
252639639
252639640
252639660
252639673
252639680
252639737
252639757
252639758
252639760
252639785
252639882
252639936
252639966
252639980
252640001
252640010
252640030
252640055
252640309
252640927
252644337
252645155
252648347
252648780
252651207
252653634
252656707
252657302
252657497
252657958
252658579
252658948
252659275
252660809
252660960
252660992
252661540
252661574
252661715
252662283
252662895
252662903
252663439
252663441
252664374
252664385
252665807
252666326
252672664
252672694
252672733
252672773
252672800
252672812
252672923
252673049
252673084
252673469
252674395
252675110
252675845
252675897
252676248
252676395
252678761
252683600
252693971
252694473
252695021
252698986
252699230
252710344
252710359
252710378
252710394
252710400
252710401
252710440
252710474
252710489
252710510
252710536
252710637
252710656
252710675
252710684
252710711
252710717
252710720
252710726
252710759
252710772
252710779
252710817
252710831
252710844
252710879
252711277
252711765
252712095
252712770
252713899
252714000
252714128
252714356
252714383
252714513
252714526
252714800
252714814
252714845
252714857
252714873
252714894
252714921
252714944
252715025
252715035
252715038
252715045
252715058
252715099
252715116
252715168
252715287
252715491
252715492
252715698
252715749
252716063
252716078
252716187
252716342
252716344
252716572
252716620
252716705
252716706
252716783
252716890
252716901
252716982
252717391
252717395
252717960
252718003
252719176
252720457
252720483
252720497
252720515
252720697
252720767
252720807
252720828
252720925
252720932
252720992
252721024
252721104
252721233
252721249
252721399
252721421
252721533
252721654
252721693
252721932
252723023
252723584
252724134
252724836
252725384
252725750
252725883
252726024
252726722
252727259
252727965
252728645
252728779
252728788
252728859
252728897
252729266
252729509
252729591
252729782
252730424
252730801
252730832
252731048
252731479
252731538
252732314
252732663
252732738
252732850
252732981
252733221
252733343
252733364
252733471
252733783
252734110
252735799
252740649
252753781
252753983
252753995
252754061
252754136
252754445
252754448
252754452
252754672
252754675
252754690
252754780
252754924
252755097
252755216
252756869
252756987
252757029
252757905
252758081
252758336
252759991
252760101
252760134
252760206
252760214
252760625
252762190
252762863
252762865
252762906
252763004
252763710
252764091
252765486
252765534
252766795
252767038
252767736
252767999
252768297
252768623
252777336
252780874
252783033
252784079
252784157
252784249
252784727
252789354
252790781
252792135
252792522
252793052
252794964
252795189
252798868
252819175
252819182
252820827
252823323
252823882
252824033
252827733
252832356
252842166
252849578
252850570
252850810
252851312
252853680
252854929
252855007
252857146
252857936
252858177
252861204
252861955
252862044
252862640
252863697
252865311
252866600
252866700
252870118
252870511
252871693
252874702
252876280
252878235
252882582
252882714
252882906
252887336
252887790
252888071
252888425
252888460
252888803
252889623
252889851
252890418
252891637
252892260
252902004
252902624
252903142
252903482
252903890
252904762
252905614
252908154
252908706
252908716
252908726
252912036
252912064
252912173
252913638
252919768
252919793
252920225
252933908
252938041
252938058
252941870
252941901
252941926
252941959
252942031
252942416
252950686
252951888
252959944
252959964
252960756
252970324
252978327
252979251
253036596
253037210
253039540
253039562
253039731
253040501
253041020
253041266
253041275
253041300
253041301
253041312
253041324
253041327
253041337
253042684
253043060
253043474
253043772
253043812
253043920
253044152
253044247
253044248
253044251
253044253
253044680
253045062
253045187
253046033
253047037
253047444
253047622
253047948
253048264
253048405
253048626
253048733
253049172
253049437
253049693
253051041
253052081
253056564
253058894
253059883
253060519
253062862
253063600
253063948
253066563
253066795
253069322
253071584
253071602
253071665
253071713
253071813
253071891
253071947
253071959
253072058
253072064
253072174
253072175
253072190
253072261
253072265
253072294
253072386
253072445
253072559
253072618
253072620
253072674
253072687
253072740
253072809
253072830
253072852
253073045
253073099
253073180
253073199
253073231
253073237
253073394
253073420
253073509
253073562
253073566
253073720
253073918
253073923
253073942
253074019
253074055
253074056
253074116
253074205
253074211
253074328
253074460
253074561
253074630
253074686
253074696
253074698
253074761
253074870
253075060
253075195
253075204
253075241
253075507
253075557
253075594
253075600
253075676
253075682
253075695
253075857
253075940
253076013
253076089
253076099
253076214
253076290
253076380
253076399
253076408
253076470
253076574
253076682
253076981
253077001
253077067
253077132
253077134
253077144
253077357
253077423
253077466
253077483
253077515
253077682
253077741
253077761
253077914
253077974
253078028
253078096
253078296
253078472
253078664
253078754
253078828
253078856
253078924
253078960
253079034
253079443
253084038
253085965
253086879
253087154
253087495
253088712
253088961
253088981
253089074
253089440
253089443
253090093
253091089
253091105
253091372
253091449
253091612
253091613
253091620
253091645
253093341
253095736
253096111
253096284
253096671
253096691
253097440
253097584
253099337
253099398
253099441
253099459
253100207
253100885
253101243
253101525
253101937
253102209
253102535
253103141
253103576
253103858
253105046
253105048
253105049
253105167
253105199
253105240
253106554
253106986
253107247
253110853
253111249
253111307
253111510
253111730
253116073
253119310
253119363
253120259
253120369
253120817
253121026
253121126
253121365
253121419
253121826
253121932
253122312
253122500
253122607
253122677
253122908
253123278
253123529
253123545
253123690
253124385
253124487
253124681
253124785
253124848
253124872
253124942
253124975
253125751
253125950
253126628
253127062
253127539
253127941
253128424
253128798
253129083
253134796
253135449
253135455
253135681
253136328
253139811
253139845
253139949
253139965
253140015
253140063
253140070
253140324
253140433
253140521
253141327
253142403
253142415
253142524
253142564
253142580
253142611
253142689
253142690
253142733
253142823
253143054
253143055
253143056
253143220
253143231
253143302
253145642
253145997
253146566
253146625
253146662
253146684
253147300
253147390
253147397
253147437
253147451
253147488
253147511
253147513
253147534
253147562
253147589
253147612
253147637
253147664
253147666
253147677
253147686
253147741
253147745
253147804
253147806
253147876
253147886
253147900
253147907
253147966
253148948
253150233
253151392
253151424
253151443
253152339
253152831
253152844
253160403
253161749
253161863
253161927
253161976
253162081
253162268
253162307
253162356
253162612
253162677
253162714
253162815
253163032
253163090
253163130
253163140
253163414
253163456
253163566
253163663
253163876
253164105
253164187
253164194
253164563
253164576
253164803
253165200
253165943
253166340
253166418
253169968
253172072
253172095
253172097
253173485
253175990
253177967
253178654
253179117
253179449
253179560
253182054
253182272
253182274
253182287
253183291
253184129
253184152
253185710
253186947
253188920
253189323
253189396
253193479
253193548
253193933
253196436
253196793
253196891
253198140
253199372
253202998
253203182
253203302
253203733
253205498
253205593
253206403
253213506
253215605
253215914
253217169
253217328
253218014
253218219
253218616
253219250
253219416
253219526
253219569
253219651
253219661
253219727
253221421
253221438
253221651
253221734
253221828
253221877
253221886
253222335
253222370
253222435
253222438
253222646
253222679
253222904
253223014
253223137
253223165
253223188
253223197
253223317
253223334
253223443
253223478
253223596
253223953
253224022
253224311
253224487
253224494
253224557
253224761
253224799
253224812
253224861
253224876
253227305
253227336
253227607
253227694
253227713
253228135
253232419
253232970
253232971
253233083
253233096
253233341
253237396
253241355
253241915
253242209
253242559
253242597
253242609
253242662
253242867
253242882
253242977
253243524
253243579
253243724
253243898
253243990
253244019
253244267
253244425
253244687
253244860
253244938
253244946
253245026
253245101
253245961
253246953
253247679
253247714
253247735
253247760
253247793
253247817
253247822
253247832
253248102
253249187
253253483
253253734
253254047
253254488
253258508
253258729
253261210
253262398
253263123
253263124
253263524
253263545
253263665
253263805
253264297
253264386
253264622
253265243
253265491
253266793
253268426
253268428
253268441
253268460
253268508
253268776
253268944
253269195
253269259
253269349
253269363
253269464
253269562
253269684
253269754
253269755
253269830
253269834
253269871
253269956
253269988
253270149
253270197
253270210
253270252
253270288
253270320
253270377
253270584
253270585
253270603
253270685
253270732
253270807
253270845
253270912
253271078
253271118
253271172
253271210
253272249
253272274
253272659
253273230
253274814
253275207
253277122
253277219
253277260
253277658
253277659
253277662
253277667
253277670
253277673
253277675
253277692
253277694
253277727
253277733
253277737
253277741
253277744
253277745
253277746
253277747
253277754
253277765
253277772
253277775
253277784
253277819
253277820
253277824
253277829
253277832
253277835
253277836
253277843
253277867
253277877
253277885
253277887
253277890
253277891
253277897
253277898
253277899
253277904
253277922
253277924
253277935
253277936
253277946
253277956
253277963
253277965
253277973
253277988
253277993
253277996
253278009
253278010
253278011
253278026
253278032
253278045
253278046
253278049
253278050
253278057
253278059
253278064
253278069
253278080
253278085
253278087
253278093
253278095
253278096
253278109
253278132
253278133
253278134
253278135
253278137
253278147
253278159
253278169
253278171
253278172
253278189
253278190
253278196
253278198
253278250
253278260
253278261
253278263
253278272
253278273
253278281
253278309
253278312
253278320
253278324
253278335
253278341
253278346
253278371
253278379
253278386
253278390
253278391
253278392
253278400
253278406
253278409
253278412
253278415
253278428
253278450
253278453
253278471
253278475
253278476
253278484
253278491
253278516
253278520
253278544
253278547
253278566
253278603
253278604
253278606
253278608
253278609
253278612
253278615
253278619
253278625
253278627
253278629
253278631
253278637
253278649
253278656
253278676
253278677
253278678
253278680
253278683
253278684
253278689
253278701
253278702
253278704
253278730
253278745
253278746
253278780
253278784
253278787
253278790
253278791
253278800
253278836
253278843
253278854
253278857
253278860
253278861
253278864
253278865
253278866
253278867
253278884
253278887
253278889
253278894
253278896
253278911
253278913
253278943
253278946
253278953
253278977
253278978
253278982
253278984
253278987
253278999
253279006
253279009
253279027
253279028
253279032
253279044
253279046
253279060
253279061
253279065
253279066
253279072
253279080
253279082
253279091
253279111
253279117
253279126
253279149
253279159
253279180
253279190
253279192
253279214
253279225
253279244
253279253
253279260
253279266
253279300
253279314
253279337
253279347
253279350
253279351
253279367
253279405
253279455
253279460
253279464
253279469
253279478
253279479
253279483
253279489
253279498
253279499
253279502
253279531
253279536
253279538
253279539
253279540
253279558
253279565
253279575
253279580
253279598
253279602
253279605
253279609
253279619
253279622
253279640
253279643
253279660
253279662
253279668
253279696
253279702
253279705
253279717
253279720
253279722
253279737
253279741
253279777
253279781
253279784
253279797
253279805
253279815
253279841
253279845
253279847
253279848
253279849
253279853
253279876
253279935
253279937
253279941
253279951
253279954
253279969
253279970
253279982
253279986
253279987
253279997
253280022
253280034
253280039
253280061
253280069
253280076
253280118
253280119
253280136
253280139
253280140
253280143
253280144
253280145
253280146
253280158
253280159
253280162
253280165
253280166
253280167
253280183
253280218
253280231
253280241
253280251
253280269
253280284
253280289
253280292
253280294
253280301
253280305
253280308
253280310
253280315
253280326
253280333
253280352
253280375
253280377
253280378
253280400
253280403
253280406
253280415
253280421
253280430
253280438
253280456
253280469
253280476
253280477
253280486
253280488
253280490
253280496
253280502
253280529
253280584
253280585
253280588
253280594
253280598
253280610
253280611
253280614
253280616
253280619
253280621
253280626
253280649
253280660
253280664
253280673
253280676
253280684
253280690
253280703
253280715
253280718
253280733
253280747
253280767
253280772
253280776
253280779
253280780
253280781
253280790
253280808
253280841
253280845
253280868
253280883
253280890
253280893
253280925
253280933
253280960
253280961
253280983
253281013
253281020
253281038
253281040
253281044
253281047
253281052
253281053
253281055
253281106
253281110
253281224
253281453
253281492
253281496
253281506
253281552
253281569
253284681
253285110
253285298
253285352
253285360
253285490
253285645
253285652
253285686
253285694
253285815
253290669
253292316
253293779
253295391
253295406
253295422
253295446
253295455
253295460
253295568
253295569
253295674
253295683
253295740
253295753
253296012
253296123
253296144
253296212
253296288
253296293
253296322
253296344
253296507
253296554
253296640
253296789
253296814
253296843
253296983
253297001
253297009
253297271
253299702
253300433
253303471
253305212
253306130
253306325
253306859
253306921
253307791
253307844
253307848
253307935
253309474
253309630
253309750
253309923
253310136
253310279
253310360
253310779
253310990
253311070
253311255
253311396
253311683
253312961
253313515
253314248
253317448
253317469
253317523
253318322
253318371
253318565
253318585
253318590
253318763
253318805
253318817
253318855
253318882
253318891
253318893
253318895
253318932
253318934
253319075
253319161
253319406
253320891
253321299
253327981
253328312
253330756
253331427
253331434
253331543
253331576
253331597
253331611
253331625
253334437
253334480
253340464
253344305
253347436
253347446
253347580
253347727
253347765
253347794
253347848
253347883
253347925
253348061
253348076
253348107
253348166
253348223
253348245
253348257
253348319
253348324
253348544
253348603
253348610
253348628
253348683
253348720
253348769
253348777
253348946
253348948
253349010
253349018
253349269
253350227
253351442
253351513
253351569
253351929
253351944
253352010
253352018
253352051
253352059
253352185
253352312
253352399
253353080
253353141
253353147
253354682
253354814
253355648
253356678
253356700
253357339
253357749
253358415
253358831
253360680
253360757
253361055
253361388
253361994
253362012
253362095
253362313
253363372
253364072
253364083
253364100
253364102
253364109
253364113
253364114
253364142
253364999
253365461
253365474
253366061
253367721
253367722
253367729
253367730
253367740
253367746
253367747
253367748
253367751
253367765
253367767
253367769
253367772
253367782
253367884
253376128
253376130
253376132
253376133
253376138
253376144
253376164
253376167
253376176
253376449
253376937
253377062
253378231
253387711
253387921
253387943
253387948
253388037
253388044
253388084
253388136
253388143
253388154
253388256
253388405
253388500
253388512
253388543
253388553
253388745
253388850
253388983
253390135
253390152
253390357
253390372
253390378
253391164
253391255
253392856
253393277
253393451
253393560
253393978
253394665
253394862
253395787
253395809
253396080
253396159
253396261
253396406
253396520
253396595
253399866
253399878
253400152
253400427
253402494
253402515
253403236
253403351
253403361
253403526
253404272
253404682
253405070
253405210
253405396
253405666
253405792
253406093
253406822
253407206
253407254
253407427
253407509
253407550
253407586
253407617
253407638
253407702
253407772
253407864
253408104
253408128
253408138
253408281
253408335
253408394
253408515
253408605
253408632
253408776
253408992
253408997
253409069
253409112
253409128
253409203
253409235
253409494
253409619
253409692
253409953
253409989
253410011
253410059
253410066
253410099
253410174
253410544
253410550
253410556
253410559
253410562
253410571
253410633
253410660
253410681
253410684
253410687
253410690
253410694
253410697
253410712
253410737
253410741
253410832
253410839
253410861
253410863
253411078
253411139
253411215
253411221
253412169
253412813
253413327
253414705
253414730
253414743
253421133
253422260
253425953
253426015
253443724
253443753
253446474
253462090
253468090
253469863
253473999
253491998
253493116
253495133
253498463
253500130
253517553
253526094
253526215
253527531
253530809
253530850
253535380
253535920
253540064
253541351
253542890
253543742
253547011
253547688
253556152
253561376
253563047
253563113
253568075
253568470
253572361
253572587
253572812
253573545
253573814
253574150
253575769
253577692
253582166
253583981
253585027
253587979
253591416
253600796
253604162
253614654
253614911
253616684
253616782
253616834
253617115
253617724
253617832
253618589
253618975
253619402
253619409
253619422
253619438
253619447
253619454
253619489
253619524
253619535
253619562
253619571
253619572
253619576
253619600
253619606
253619607
253619623
253619647
253619660
253619689
253619739
253619760
253619823
253619918
253620040
253620054
253620109
253620146
253620170
253620414
253620784
253620786
253620927
253620976
253621101
253621649
253627741
253628814
253629265
253629314
253629989
253630398
253632543
253640053
253654995
253655030
253655061
253655098
253656211
253656226
253656536
253659936
253662102
253662436
253662761
253662824
253662905
253662929
253662933
253662957
253662963
253663050
253663078
253663104
253663229
253663418
253663478
253663572
253663580
253663612
253663700
253663751
253663792
253663815
253663859
253663868
253664020
253664093
253664114
253664559
253664633
253664707
253664841
253664960
253665042
253665089
253665866
253665999
253666140
253666147
253685210
253685221
253685354
253685763
253685818
253685852
253686276
253686673
253686816
253689101
253689498
253691081
253706396
253720931
253722180
253722362
253731303
253766907
253766925
253785663
253891961
253891971
253892229
254002911
254006203
254016536
254017163
254018959
254018965
254018976
254018984
254018985
254019006
254019007
254019008
254019024
254019026
254019036
254019056
254019081
254019102
254031370
254037201
254037816
254074047
254074906
254077303
254077362
254078442
254078458
254078973
254079002
254079130
254080701
254080781
254082526
254082962
254085285
254085675
254086042
254086108
254086112
254088166
254088178
254089007
254089389
254089458
254090497
254090842
254091186
254094672
254113817
254113942
254114655
254117797
254117982
254118010
254124238
254124373
254124392
254125128
254125414
254125423
254125523
254125633
254129072
254139881
254141643
254146172
254146407
254147440
254147800
254181075
254181532
254186343
254186639
254186955
254187075
254188416
254188429
254188430
254189125
254206970
254207234
254410967
254629945
254859326
254859653
254871744
254871760
254871792
254896369
254896440
254896486
254896507
254896526
254896768
254896794
254896809
254896832
254896847
254896890
254896904
254896992
254897050
254897350
254897358
254897400
254898262
254898347
254898730
254898761
254898970
254900628
254901036
254903173
254903193
254903278
254903279
254903282
254903318
254903326
254903356
254903378
254903416
254903420
254903471
254903478
254903494
254903505
254903783
254903879
254903900
254903981
254904059
254904089
255010523
255077251
255173741
255173768
255173778
255175642
255175667
255175695
255175696
255175758
255175768
255176807
255179486
255255386
255255445
255255773
255255804
255263380
255263690
255297935
255317174
255317207
255317276
255320729
255324174
255336365
255339136
255344591
255344621
255344767
255349653
255349658
255349698
255349730
255352521
255352530
255395216
255407011
255407013
255407017
255407055
255408995
255438829
255454183
255455101
255455361
255455401
255455450
255459827
255475398
255497386
255601911
255749016
255758553
255758750
255759299
255759508
255759537
255759571
255759755
255760153
255760182
255761188
255761327
255763299
255764334
256834899
256834930
257290666
257290829
257291166
257291232
257373286
257439242
257454423
257454542
257454562
257532632
257534758
257536610
257537312
257537474
257537499
257537627
257537636
257551855
257551997
257552272
257552462
257552520
257552689
257553035
257553337
257553519
257553608
257553670
257610512
257610532
257683333
257683351
257683361
257683363
257683431
257683478
257683516
257757823
257758482
257759633
257763733
257766566
257766623
257766636
257766647
257766724
257767532
257767642
257767703
257767756
257767804
257767811
257767833
257768261
257770279
257770440
257771021
257771138
257771194
257771196
257771490
257774757
257776700
257780350
257780376
257780384
257780386
257780387
257780388
257781352
257787098
257787201
257835158
257835370
257835390
257835852
257835956
257835981
257836031
257843720
257843746
257843750
257844077
257844230
257844394
257844525
257844916
257846848
257846862
257847362
257855897
257857363
257859891
257863126
257864018
257865163
257865294
257865784
257866017
257866509
257866819
257867834
257868051
257869243
257886975
257910239
257914939
257915370
257916223
257925316
257925319
257987343
258037203
258044613
258054279
258127684
258184282
258215728
258231254
258231336
258231523
258243959
258284906
258307088
258328367
258341946
258341951
258350456
258367966
258368909
258403673
258403694
258476106
258497464
258509165
258509206
258509342
258509439
258510056
258607205
258610145
258668262
258668703
258805882
258820518
258863150
258897507
258897672
258903474
259317080
259317125
259317797
259317802
259317871
259317884
259317947
259317982
259318028
259318030
259318094
259318180
259318191
259318300
259318615
259318651
259318653
259318734
259318773
259318811
259318928
259318962
259318988
259319025
259319122
259321205
259445953
259455619
259455672
259459412
259479507
259479689
259480175
259480295
259480345
259480453
259480636
259480726
259480746
259481081
259481170
259481254
259481280
259481401
259482454
259484873
259485005
259485105
259485155
259485168
259485226
259485309
259485470
259485635
259485677
259485734
259485799
259485826
259485900
259485919
259486183
259486248
259486266
259486613
259486725
259487202
259487271
259487351
259487531
259487541
259487626
259487803
259487935
259488305
259488375
259488535
259488606
259488822
259507760
259510942
259511075
259511209
259511247
259511250
259511359
259511533
259511560
259511608
259511612
259513520
259514222
259515530
259523981
259534226
259535625
259536325
259536574
259537969
259538095
259538196
259538310
259538513
259538578
259538739
259539008
259539038
259539145
259539159
259539189
259539544
259539617
259539811
259539812
259539819
259539877
259539889
259539907
259539910
259539926
259540111
259540296
259540731
259540758
259540803
259540837
259540846
259540934
259541085
259541150
259541152
259541163
259541326
259541334
259541413
259541597
259541675
259541806
259541948
259541967
259542001
259542031
259543093
259543153
259543313
259543395
259543611
259543776
259543973
259544034
259544059
259544155
259544245
259544522
259544638
259544911
259545496
259545651
259545686
259545820
259545905
259546073
259546222
259546773
259547351
259547384
259547416
259549600
259549753
259551561
259552691
259553856
259563010
259563054
259563638
259563675
259564060
259564225
259565218
259565245
259567952
259574863
259585905
259589122
259636317
259637576
259642079
259770645
259770860
259770913
259770961
259770998
259771005
259771216
259894621
260042024
260042732
260047602
260050885
260053926
260054656
260054878
260056625
260057268
260066451
260070056
260070503
260072861
260075282
260076557
260077893
260081916
260082429
260086844
260088341
260093248
260107939
260107941
260107943
260107945
260108046
260108047
260108050
260108052
260108448
260108467
260108545
260110663
260110765
260110784
260110800
260111274
260113261
260113393
260113609
260114026
260115022
260116135
260128575
260130535
260189293
260202512
260210263
260222479
260222649
260236953
260237117
260294514
260431274
260451149
260640339
260640558
260640691
260644096
260644098
260668042
260669327
260673153
260679774
260682155
260682430
260685476
260685530
260685571
260685595
260685679
260686257
260686278
260686349
260686358
260741579
260741592
260794049
260797622
260797623
260797680
260797689
260797720
260797731
260797782
260797819
260797901
260797947
260799803
260799847
260799930
260800116
260800529
260800771
260800905
260801021
260801067
260801836
260802399
260802429
260802470
260802655
260802869
260803006
260803218
260803672
260803698
260803740
260804531
260805654
260805713
260806675
260807322
260807619
260808323
260809763
260810317
260811854
260812108
260812129
260812786
260814036
260815361
260815564
260817041
260818239
260818369
260818397
260818503
260818542
260818572
260819060
260819134
260819722
260819978
260820107
260828341
260891948
260891968
260892589
260914620
260918725
260918768
260923296
260923383
260923401
260923486
260923544
260923563
260923655
260923666
260923706
260923761
260923776
260925402
260926036
260927337
260928449
260928451
260928456
260930147
260930205
260932130
260932245
260932279
260932492
260932570
260933048
260934179
260935734
260936069
260940008
260940408
260940441
260940504
260940681
260940814
260940821
260940825
260940831
260941384
260982409
261005680
261005681
261005725
261005730
261005735
261005776
261005817
261005859
261005864
261005883
261005904
261005920
261005927
261005934
261005939
261020729
261020812
261020817
261021086
261021208
261021405
261024807
261025027
261025169
261025384
261026059
261034687
261072979
261075506
261098439
261113324
261113420
261114978
261115007
261115058
261134556
261160375
261161918
261798479
261799091
261799766
261799770
261799772
261799802
261799817
261799820
261799857
261799866
261799921
261802741
261803300
261803757
261807681
261808687
261809065
261809283
261809286
261809287
261809288
261809292
261809317
261809318
261809327
261809332
261809358
261809360
261809364
261809368
261809384
261809388
261809425
261809435
261809437
261809442
261809454
261810364
261810922
261812403
261813071
261813249
261813402
261814030
261815158
261815789
261816121
261816143
261816408
261816980
261817095
261817305
261817414
261817952
261818208
261818359
261818869
261818927
261819187
261819281
261819325
261819431
261819644
261820077
261820183
261820434
261822566
261823314
261823420
261824709
261825571
261832820
261834996
261839476
261840200
261840213
261840243
261841136
261843573
261846139
261850504
261850782
261851111
261851237
261851693
261851920
261852446
261852661
261853432
261855081
261856563
261856908
261860276
261861879
261861922
261862007
261862188
261863126
261864403
261865047
261866056
261866416
261869000
261875845
261878246
261878934
261879874
261879894
261880114
261881299
261881899
261882050
261882921
261884432
261900101
261900102
261900105
261900119
261900127
261900154
261900155
261900156
261900157
261900158
261900159
261900168
261900182
261900194
261900233
261900246
261900253
261900254
261900303
261900306
261900316
261900336
261900338
261900344
261900346
261900406
261900407
261900416
261900417
261900453
261900461
261900468
261900475
261900509
261900517
261900534
261900537
261900548
261900551
261900587
261900596
261900601
261900630
261900631
261900632
261900639
261900653
261900670
261900676
261900687
261900699
261900700
261900711
261900718
261900721
261900723
261900738
261900750
261900760
261900773
261900796
261900808
261900826
261900848
261900853
261900863
261900875
261900892
261900945
261900946
261900951
261900962
261900981
261900989
261900990
261900991
261901000
261901006
261901050
261901053
261901056
261901086
261901087
261901139
261901147
261901165
261901169
261901170
261901188
261901219
261901221
261901241
261901263
261901264
261901265
261901281
261901299
261901312
261901319
261901320
261901354
261901361
261901374
261901380
261901400
261901410
261901426
261901435
261901436
261901461
261901472
261901487
261901501
261901502
261901509
261901541
261901548
261941330
261942445
261943304
261944421
261945714
261945733
261946909
261947464
261949461
261952590
261953104
261957827
261957930
261961817
261962095
261964663
261965633
261965688
261965753
261970126
261970166
261970231
261970318
261970345
261971206
261971458
261971900
261972535
261972653
261973003
261973179
261974195
261974951
261978801
261978823
261978831
261978845
261978851
261978931
261978932
261978937
261978979
261979001
261979037
261979052
261979067
261979084
261979142
261979157
261982979
261982993
261984086
261984369
261984777
261988228
261988261
261988402
261990178
261990824
261995759
261996601
261999640
262010243
262010382
262016128
262016480
262017306
262017641
262017700
262017836
262017919
262017959
262018499
262019295
262019891
262022606
262023021
262023147
262023817
262023851
262024407
262026168
262026737
262026746
262026893
262029688
262029785
262030467
262031242
262036955
262043971
262044201
262045674
262047098
262048997
262049001
262049020
262049036
262049056
262049529
262049556
262049567
262051130
262051840
262051853
262051856
262051937
262051968
262051972
262052013
262052034
262052172
262052187
262052199
262052345
262052377
262052625
262052661
262052706
262052744
262053056
262053960
262053971
262053987
262054007
262054011
262054132
262054240
262056547
262056972
262057185
262057250
262057323
262058041
262058252
262058265
262058495
262058971
262059055
262059160
262061101
262061515
262061618
262065342
262065485
262066151
262067010
262067647
262067665
262068021
262068191
262068303
262068344
262068486
262068626
262072017
262072063
262072123
262072206
262072358
262073350
262073563
262073802
262073847
262075004
262075288
262075355
262076298
262076482
262076638
262077131
262077577
262077999
262078083
262078649
262078701
262078801
262078803
262079790
262082309
262082390
262082575
262082680
262085392
262085855
262086085
262086197
262088119
262088319
262088323
262088333
262088337
262088349
262088365
262088500
262088520
262088529
262088735
262088948
262088977
262089028
262089081
262089082
262089098
262089164
262089229
262089232
262089238
262089258
262089309
262089315
262089359
262089393
262089450
262089453
262089455
262089963
262090088
262090110
262090116
262090171
262090172
262090244
262090331
262090466
262090473
262090514
262090541
262090553
262090659
262090700
262090786
262090790
262090931
262091000
262091020
262091052
262091062
262091073
262091100
262091120
262091202
262091222
262091366
262091369
262091377
262091383
262091528
262091553
262091555
262091577
262091598
262091608
262091641
262091848
262091857
262091862
262091942
262091945
262091953
262092012
262092039
262092191
262092325
262092351
262092415
262092468
262092482
262092590
262092621
262092653
262092830
262092891
262092909
262092938
262093005
262093076
262093077
262093078
262093109
262093162
262093199
262093222
262093226
262093299
262093300
262093344
262093352
262093537
262093610
262093707
262093917
262093918
262093946
262093973
262093979
262094020
262094110
262094111
262094158
262094196
262094313
262094334
262094347
262094350
262094374
262094471
262094513
262094514
262094666
262094827
262094829
262094911
262095005
262095055
262095114
262095139
262095145
262095285
262095294
262095376
262095409
262095435
262095454
262095609
262095614
262095630
262095634
262095776
262095943
262096083
262096088
262096156
262096183
262096301
262096315
262096408
262096415
262096441
262096661
262096685
262096696
262096729
262096766
262096768
262096852
262096869
262096873
262096881
262096890
262097019
262097090
262097103
262097152
262097240
262097255
262097396
262097403
262097583
262097625
262097627
262097629
262097658
262097665
262097710
262097880
262097896
262097912
262097938
262097972
262098019
262098033
262098251
262098414
262098478
262098479
262098722
262098814
262098893
262099080
262099083
262099128
262099175
262099212
262099252
262099299
262099309
262099403
262099498
262099502
262099526
262099582
262099608
262099634
262099653
262099674
262099715
262099821
262099828
262099860
262099886
262099926
262100046
262100051
262100154
262100236
262100255
262100271
262100275
262100408
262100454
262100550
262100572
262100603
262100679
262100693
262100813
262100859
262100937
262100945
262100955
262100976
262100990
262101043
262101123
262101216
262101321
262101338
262101339
262101356
262101447
262101492
262101616
262101628
262101630
262101693
262101757
262101811
262101819
262101889
262101898
262101915
262101934
262102003
262102034
262102077
262102150
262102193
262102233
262102244
262102411
262102416
262102429
262102449
262102504
262102516
262102541
262102618
262102628
262102740
262102778
262102894
262102997
262103096
262103221
262103225
262103262
262103303
262103323
262103328
262103418
262103468
262103488
262103592
262103634
262103762
262103763
262103789
262103832
262103858
262104006
262104047
262104077
262104174
262104180
262104192
262104287
262104389
262104402
262104409
262104414
262104568
262104750
262104810
262104876
262104889
262104910
262105001
262105068
262105109
262105200
262105216
262105218
262105497
262105556
262105650
262105651
262105653
262105680
262105957
262106055
262106098
262106192
262106286
262106291
262106300
262106321
262106445
262106503
262106515
262106558
262106560
262106673
262106700
262106851
262107007
262107073
262107103
262107118
262107283
262107285
262107367
262107451
262107518
262107609
262107692
262107785
262107800
262107876
262107891
262107901
262107924
262107962
262108155
262108211
262108214
262108348
262108428
262108430
262108434
262108524
262108682
262108923
262108949
262109132
262109244
262109252
262109307
262109821
262111109
262111361
262111678
262112341
262114704
262115724
262115904
262118577
262120034
262121064
262121923
262123485
262123649
262125152
262126057
262128795
262128924
262129243
262129415
262129575
262129914
262131196
262131996
262132086
262132433
262132500
262132873
262132874
262132935
262132959
262133019
262133706
262134220
262134670
262134708
262135100
262135186
262135213
262135323
262135326
262135546
262135550
262135590
262135738
262135937
262136205
262136347
262136470
262136554
262136574
262136608
262136651
262136670
262136734
262137016
262137252
262137303
262137331
262137457
262137476
262137513
262137576
262137699
262137728
262137747
262137751
262137923
262137931
262138015
262138156
262138248
262138276
262138310
262138519
262138675
262138771
262138779
262138876
262138881
262138946
262139240
262139372
262139647
262139665
262139954
262140057
262140229
262140294
262140298
262140380
262140686
262140738
262140801
262140857
262140991
262141066
262141147
262141218
262141228
262141427
262141594
262141595
262141604
262141611
262141650
262141714
262141729
262141850
262141960
262141984
262142015
262142048
262142201
262142424
262142978
262143075
262143080
262143157
262143182
262143280
262143448
262143455
262143486
262143872
262143989
262144082
262144110
262144219
262144459
262144580
262144613
262144627
262144690
262144850
262144875
262144911
262144944
262144957
262145357
262145694
262145893
262146204
262146323
262146429
262146505
262146588
262146639
262146789
262147010
262147483
262147519
262148072
262148084
262148204
262148622
262148633
262148740
262148941
262149034
262149089
262149147
262149246
262149247
262149576
262149951
262150161
262150352
262151443
262151568
262154664
262155736
262157374
262157700
262157714
262157933
262160871
262161497
262162884
262165961
262167238
262167307
262169117
262170300
262173066
262173993
262174025
262174968
262179969
262182492
262183062
262184074
262189117
262189154
262189244
262189380
262190120
262192800
262192980
262193537
262194902
262195416
262197148
262198965
262200655
262202083
262202664
262206974
262207005
262208531
262209244
262209303
262210058
262210572
262211184
262211361
262211923
262212117
262212580
262213318
262213330
262213337
262213380
262213883
262213942
262214993
262215223
262216702
262216704
262216720
262216724
262216844
262217054
262217253
262217268
262217434
262217537
262217622
262217707
262217858
262218439
262218489
262218777
262219022
262219040
262219164
262219834
262220752
262220999
262221258
262221271
262221305
262221754
262221944
262223037
262223413
262223471
262223656
262223658
262223687
262224014
262224128
262224292
262225018
262225188
262225348
262225692
262225913
262225930
262226268
262226301
262226933
262226942
262227070
262227178
262227596
262227659
262227882
262228155
262228896
262228913
262229227
262229580
262229612
262229658
262229756
262229768
262229877
262229968
262230097
262230106
262230314
262230364
262230376
262230558
262230650
262230679
262230750
262230812
262230881
262231332
262231447
262231496
262231676
262231730
262231786
262231810
262232259
262232271
262232279
262232327
262232348
262232375
262232432
262232458
262232470
262232480
262232561
262232716
262232844
262232865
262232945
262232991
262233173
262233201
262233357
262233389
262233588
262233671
262233868
262234034
262234155
262234209
262234343
262234401
262234495
262234542
262234685
262234703
262234718
262234726
262234776
262234794
262234798
262234844
262234894
262234970
262234986
262235016
262235051
262235053
262235071
262235083
262235086
262235158
262235188
262235209
262235312
262235407
262235437
262235468
262235489
262235574
262235592
262235659
262235674
262235729
262235775
262236170
262236213
262236281
262236318
262236649
262236658
262236722
262236797
262236862
262236894
262236913
262236934
262236966
262237071
262237092
262237133
262237170
262237241
262237282
262237338
262237379
262237384
262237666
262237672
262237787
262237827
262237842
262238109
262238124
262238216
262238350
262238401
262238421
262238453
262238559
262238659
262239080
262239087
262239363
262239476
262239484
262239566
262239618
262239725
262239768
262239904
262239907
262239914
262239959
262239964
262240120
262240227
262240312
262240386
262240622
262240776
262240778
262240827
262240921
262240923
262241044
262241079
262241155
262241223
262241311
262241631
262241840
262241997
262242011
262242024
262242029
262242048
262242059
262242063
262242065
262242084
262242149
262242195
262242217
262242233
262242250
262242431
262242478
262242617
262242640
262242814
262242976
262243059
262243060
262243158
262243163
262243181
262243210
262243236
262243256
262243327
262243428
262243445
262243742
262243872
262243891
262244403
262244478
262244504
262244540
262244618
262244808
262244874
262244876
262244881
262244882
262244887
262245112
262245119
262245142
262245154
262245264
262245459
262245543
262245551
262245564
262245643
262245678
262245689
262245701
262245757
262246624
262246650
262246681
262246698
262246709
262246733
262246738
262246739
262246764
262246777
262246826
262246834
262246839
262246856
262246860
262246868
262246879
262246897
262246903
262246946
262246974
262246996
262247013
262247031
262247085
262247114
262247117
262247119
262247131
262247143
262247152
262247165
262247217
262247228
262247230
262247239
262247257
262247263
262247362
262247373
262247505
262247599
262247652
262247653
262247718
262247772
262247914
262247954
262248420
262248463
262248559
262248642
262248671
262248726
262248733
262248776
262248902
262248931
262248935
262249074
262249101
262249210
262249220
262249249
262249409
262249460
262249504
262249672
262249751
262249820
262249950
262249961
262250229
262250484
262250503
262250546
262250577
262250638
262250704
262250726
262250731
262250978
262251026
262251035
262251149
262251153
262251169
262251222
262251292
262251324
262251437
262251608
262251609
262251701
262251754
262251880
262252069
262252204
262252263
262252277
262252351
262252396
262252411
262252482
262252502
262252646
262252656
262252710
262252737
262252867
262252932
262253014
262253085
262253257
262253630
262254020
262254435
262254684
262254858
262255037
262255096
262255199
262255255
262255316
262255383
262255389
262255415
262255424
262255649
262255679
262255706
262255720
262255745
262255982
262256195
262256282
262256364
262256370
262256372
262256414
262256421
262256431
262256483
262256530
262256569
262256575
262256582
262256694
262256704
262256785
262256854
262256890
262256937
262256969
262256986
262257048
262257073
262257090
262257447
262257539
262257584
262257705
262257715
262257749
262257754
262257833
262257880
262257910
262257918
262257994
262258048
262258073
262258081
262258112
262258137
262258161
262258212
262258226
262258348
262258446
262258544
262258566
262258573
262258594
262258691
262258711
262258785
262258881
262258885
262259019
262259063
262259085
262259123
262259210
262259252
262259254
262259265
262259286
262259394
262259404
262259444
262259447
262259525
262259539
262259563
262259600
262259649
262259719
262259735
262259819
262259821
262259926
262259943
262259976
262260021
262260050
262260081
262260111
262260125
262260152
262260156
262260231
262260244
262260246
262260247
262260275
262260279
262260302
262260360
262260393
262260413
262260422
262260460
262260506
262260565
262260566
262260571
262260642
262260703
262260773
262260785
262260790
262260800
262260882
262260885
262260900
262261021
262261095
262261127
262261150
262261162
262261183
262261320
262261389
262261504
262261544
262261585
262261588
262261609
262261644
262261662
262261663
262261678
262261712
262261715
262261728
262261757
262261791
262261798
262261888
262261920
262261933
262261956
262261964
262261991
262262009
262262010
262262043
262262057
262262086
262262131
262262160
262262206
262262235
262262245
262262255
262262329
262262339
262262364
262262380
262262387
262262416
262262497
262262513
262262606
262262618
262262648
262262658
262262755
262262816
262262835
262262934
262262943
262262953
262263066
262263151
262263173
262263204
262263205
262263221
262263310
262263316
262263391
262263410
262263414
262263509
262263524
262263645
262263651
262263658
262263880
262263891
262263893
262263952
262264024
262264026
262264103
262264108
262264118
262264156
262264356
262264364
262264472
262264481
262264517
262264546
262264552
262264590
262264643
262264646
262264666
262264679
262264727
262264770
262264772
262264810
262264837
262264881
262264886
262264890
262264913
262264914
262264951
262264992
262265011
262265032
262265036
262265074
262265107
262265111
262265112
262265130
262265136
262265191
262265222
262265232
262265237
262265245
262265302
262265305
262265335
262265370
262265373
262265379
262265406
262265480
262265499
262265522
262265570
262265574
262265578
262265587
262265598
262265606
262265641
262265660
262265662
262265666
262265668
262265682
262265692
262265695
262265779
262265791
262265804
262265821
262265846
262265862
262265880
262265886
262265908
262265945
262265956
262265969
262265981
262266032
262266047
262266048
262266049
262266105
262266126
262266150
262266280
262266289
262266294
262266296
262266354
262266357
262266359
262266379
262266402
262266415
262266437
262266538
262266555
262266576
262266593
262266595
262266597
262266598
262266618
262266641
262266652
262266664
262266671
262266687
262266695
262266698
262266708
262266731
262266756
262266758
262266861
262266864
262266878
262266888
262266927
262267065
262267116
262267141
262267144
262267194
262267201
262267223
262267233
262267237
262267243
262267258
262267292
262267394
262267403
262267427
262267428
262267430
262267444
262267451
262267478
262267515
262267534
262267581
262267615
262267633
262267647
262267658
262267689
262267703
262267719
262267722
262267724
262267731
262267756
262267762
262267764
262267797
262267798
262267800
262267808
262267826
262267829
262267881
262267891
262267900
262267904
262267906
262267915
262267986
262267993
262268031
262268032
262268043
262268074
262268085
262268095
262268097
262268183
262268195
262268199
262268221
262268272
262268281
262268304
262268305
262268310
262268312
262268328
262268347
262268350
262268366
262268465
262268491
262268512
262268516
262268550
262268614
262268633
262268647
262268661
262268677
262268684
262268790
262268802
262268810
262268815
262268822
262268829
262268831
262268892
262268900
262268915
262268918
262268930
262268934
262268953
262268960
262268967
262268971
262268973
262268990
262268999
262269059
262269093
262269111
262269114
262269121
262269123
262269124
262269134
262269160
262269161
262269165
262269173
262269194
262269195
262269228
262269270
262269310
262269315
262269316
262269330
262269333
262269334
262269339
262269342
262269345
262269382
262269421
262269446
262269518
262269578
262269587
262269610
262269635
262269640
262269653
262269663
262269687
262269692
262269696
262269720
262269777
262269783
262269795
262269849
262269901
262269904
262269906
262269911
262269912
262269931
262270019
262270043
262270130
262270137
262270258
262270365
262270413
262270446
262270519
262270640
262270720
262270722
262270727
262270739
262270790
262270793
262270852
262270874
262270878
262270912
262270957
262270984
262270987
262271022
262271032
262271058
262271078
262271083
262271162
262271166
262271204
262271218
262271220
262271224
262271229
262271250
262271258
262271277
262271337
262271365
262271386
262271405
262271445
262271454
262271467
262271468
262271491
262271496
262271554
262271580
262271591
262271599
262271600
262271606
262271633
262271719
262271748
262271764
262271768
262271780
262271826
262271831
262271837
262271858
262271895
262271913
262271919
262271934
262271950
262271973
262272016
262272018
262272155
262272374
262272390
262272450
262272534
262272555
262272565
262272586
262272603
262272607
262272649
262272676
262272750
262272802
262272812
262272924
262272931
262272943
262272946
262272971
262272983
262272996
262273003
262273023
262273030
262273131
262273173
262273175
262273176
262273215
262273251
262273327
262273329
262273367
262273424
262273465
262273478
262273513
262273528
262273542
262273568
262273622
262273717
262273755
262273782
262273817
262273857
262273859
262273962
262273973
262274032
262274054
262274093
262274226
262274248
262274262
262274285
262274295
262274315
262274498
262274545
262274650
262274674
262274693
262274698
262274802
262274821
262274822
262274847
262274886
262274939
262274961
262274982
262275020
262275115
262275183
262275214
262275278
262275452
262275491
262275517
262275526
262275529
262275597
262275605
262275612
262275621
262275633
262275687
262275713
262275746
262275808
262275839
262275850
262275896
262276003
262276041
262276092
262276103
262276202
262276224
262276226
262276368
262276512
262276601
262276609
262276652
262276761
262276765
262276791
262276872
262276878
262276891
262276905
262276955
262276962
262276972
262277017
262277048
262277103
262277114
262277281
262277401
262277431
262277575
262277683
262277778
262277903
262277936
262278070
262278123
262278160
262278230
262278242
262278350
262278363
262278512
262278654
262278917
262278919
262278933
262279008
262279050
262279065
262279066
262279071
262279073
262279097
262279193
262279259
262279318
262279374
262279421
262279479
262279487
262279657
262279670
262279672
262279800
262280343
262280367
262280402
262280448
262280449
262280513
262280531
262280560
262280673
262280707
262280724
262280752
262280764
262280855
262280960
262281010
262281078
262281206
262281257
262281300
262281408
262281441
262281585
262281588
262281593
262281729
262282013
262282375
262282622
262282767
262282838
262282887
262282942
262283043
262283049
262283177
262283369
262283404
262283418
262283559
262283594
262283596
262283633
262283649
262283687
262283778
262283805
262283815
262283847
262283863
262283908
262283938
262283957
262283963
262283985
262284026
262284063
262284064
262284113
262284121
262284122
262284472
262284636
262284722
262284846
262284852
262284855
262284904
262284910
262284943
262284988
262285146
262285174
262285258
262285314
262285348
262285421
262285527
262285533
262285548
262285664
262285675
262285753
262285805
262285808
262285823
262285850
262285911
262285992
262286173
262286283
262286312
262286330
262286343
262286383
262286422
262286573
262286623
262286635
262286663
262286730
262286741
262286747
262286782
262286842
262286861
262286908
262287018
262287072
262287140
262287141
262287353
262287473
262287482
262287518
262287528
262287617
262287740
262287775
262287831
262287845
262287884
262287900
262287922
262287930
262287941
262288003
262288242
262288248
262288259
262288264
262288374
262288406
262288416
262288428
262288431
262288500
262288527
262288599
262288622
262288629
262288631
262288640
262288643
262288680
262288687
262288716
262288762
262288822
262288849
262288857
262288860
262288890
262288932
262288939
262288959
262288969
262288980
262288984
262288985
262288986
262289004
262289029
262289030
262289092
262289101
262289112
262289133
262289150
262289226
262289236
262289252
262289257
262289258
262289268
262289293
262289310
262289335
262289345
262289353
262289354
262289393
262289428
262289434
262289441
262289468
262289497
262289501
262289530
262289536
262289585
262289624
262289646
262289718
262289721
262289752
262289765
262289801
262290169
262290296
262290723
262290728
262290858
262290982
262291129
262291206
262291253
262293004
262293010
262293039
262293070
262293088
262293433
262293531
262294414
262294742
262294889
262294949
262295222
262295308
262295471
262295663
262295665
262295789
262299934
262300390
262301764
262302197
262302880
262303408
262303638
262303676
262303702
262303748
262304280
262304509
262304717
262305448
262344765
262344773
262344780
262345049
262345318
262346337
262346475
262346636
262362990
262366920
262381583
262381985
262382457
262382650
262382797
262382976
262382989
262383526
262383677
262386095
262386266
262386273
262386479
262386812
262388595
262389042
262389393
262389486
262390843
262392430
262392469
262393825
262393839
262394556
262394568
262403855
262405240
262406196
262406205
262412259
262414712
262416363
262417808
262418879
262420157
262423604
262450623
262451443
262451633
262451659
262451929
262452045
262452316
262452808
262453917
262453972
262454040
262454095
262454347
262454572
262456226
262456293
262456304
262456725
262458103
262461222
262461243
262461245
262461269
262461304
262461308
262461339
262461341
262463100
262464358
262464749
262465521
262466522
262469432
262470190
262478147
262478258
262478443
262478466
262478492
262478550
262479251
262479328
262479750
262480127
262480408
262481486
262482056
262482349
262482615
262482662
262482871
262482994
262482999
262483264
262483917
262483955
262484382
262484737
262485528
262485848
262486450
262486516
262487304
262487336
262487341
262487366
262487483
262488122
262488196
262489285
262489906
262490617
262490648
262490825
262490889
262491596
262491692
262492090
262492387
262492528
262492583
262492756
262493077
262493410
262493452
262493672
262493746
262493921
262493989
262494049
262494279
262494282
262494327
262494424
262494454
262494498
262494595
262494981
262495187
262495269
262495465
262495650
262495744
262495811
262496428
262496574
262496706
262497208
262497363
262498166
262503968
262504242
262504729
262504947
262504981
262504983
262505038
262505070
262505115
262505128
262505137
262505168
262505224
262505237
262505251
262505273
262505281
262505289
262505304
262505396
262506201
262506261
262506520
262506717
262506867
262509369
262512547
262512627
262513095
262514431
262515849
262517251
262517833
262517877
262517950
262518017
262518057
262518210
262518326
262518536
262519235
262519352
262519460
262519647
262519648
262520809
262521435
262522180
262522534
262522678
262522728
262522986
262523346
262523538
262524204
262524223
262524255
262524297
262524347
262524364
262524385
262524401
262524426
262524441
262524468
262524503
262524539
262524547
262524563
262524618
262524633
262524658
262524753
262524871
262525068
262525085
262525089
262525091
262525098
262525109
262525181
262525349
262525407
262525454
262525550
262525971
262527134
262527215
262527236
262533668
262550258
262550997
262551645
262551678
262552123
262566488
262567643
262568654
262568683
262568821
262568843
262568873
262568944
262569004
262569773
262570827
262581919
262584565
262584719
262584898
262584918
262585429
262586237
262589855
262597903
262598030
262598208
262598496
262598554
262599198
262599238
262599399
262599881
262600001
262600011
262600059
262600142
262600281
262600544
262600646
262600744
262600771
262600830
262601061
262601159
262601358
262601722
262601886
262601990
262602228
262602327
262602598
262602811
262602969
262602992
262603098
262603304
262605049
262605240
262605299
262636464
262636552
262636599
262636958
262637805
262639870
262640860
262643398
262643608
262646337
262652406
262654574
262655118
262657609
262657736
262663567
262663987
262670908
262670990
262671776
262672115
262672439
262673016
262673035
262673273
262673968
262675117
262675494
262676135
262677081
262678079
262678334
262678695
262679234
262679502
262679684
262680722
262681205
262681239
262681370
262684128
262687041
262687062
262687287
262687350
262687363
262687645
262687736
262689010
262689014
262689180
262689370
262689391
262689711
262689865
262690289
262690298
262690313
262692733
262693032
262694531
262694738
262694782
262695057
262695181
262696427
262696579
262696707
262697804
262698773
262700036
262700055
262700420
262700592
262700748
262700861
262701359
262701811
262701814
262701887
262701901
262701910
262701967
262702044
262702045
262702059
262702085
262702140
262702168
262702231
262702239
262702277
262702416
262702495
262702585
262702602
262702749
262702773
262702792
262702847
262702910
262702917
262702945
262703016
262703062
262703140
262703153
262703163
262703208
262703266
262703267
262703332
262703359
262703493
262703506
262703733
262703741
262703769
262703835
262703875
262703903
262703912
262703920
262704131
262704134
262704175
262704584
262705155
262705276
262705647
262706466
262706650
262706662
262706749
262706910
262707426
262707459
262707748
262708169
262709167
262709371
262709373
262709407
262709436
262709437
262709465
262710478
262710479
262710497
262710599
262710646
262710670
262710770
262710781
262710831
262710838
262710869
262710956
262710957
262710979
262710981
262710983
262710998
262711027
262711053
262711066
262711075
262711094
262711096
262711105
262711109
262711164
262711197
262711233
262711248
262711268
262711299
262711316
262711329
262711337
262711346
262711388
262711456
262711462
262711463
262711466
262711476
262711500
262711514
262711521
262711550
262711559
262711568
262711611
262711651
262714871
262718387
262718481
262718709
262718820
262718832
262719089
262719259
262719346
262719623
262720035
262720086
262720228
262720400
262720444
262720446
262720569
262720736
262720906
262720948
262726757
262726857
262727215
262727395
262728574
262728643
262729659
262732174
262732286
262733811
262734151
262745009
262746091
262746145
262746399
262747022
262748318
262749042
262749116
262749133
262749508
262749764
262749945
262754809
262758778
262759219
262766932
262771889
262775450
262778195
262779234
262779574
262779985
262780355
262780647
262780967
262781075
262782739
262783261
262784396
262784881
262785535
262786544
262786630
262787462
262787489
262787502
262789408
262789640
262790331
262790576
262790661
262790729
262791144
262791721
262791728
262791760
262793276
262793606
262794996
262795334
262795775
262797626
262799841
262799945
262800671
262800935
262801852
262802683
262803101
262803454
262803483
262804083
262806522
262811657
262813325
262813833
262814283
262814680
262814814
262816053
262816218
262816266
262816415
262816483
262816596
262816632
262816638
262816673
262816705
262816757
262816925
262817935
262818198
262818779
262819195
262819680
262819870
262820010
262820458
262820592
262820684
262820747
262820960
262821393
262825756
262825867
262825874
262826453
262830165
262833305
262833399
262835627
262837119
262837629
262838501
262838603
262839177
262839195
262839267
262839280
262843892
262844173
262844200
262844335
262844480
262844776
262845891
262845989
262846068
262846136
262846146
262846190
262846791
262846796
262848320
262848344
262848376
262848393
262848807
262848835
262848874
262850881
262851821
262851860
262852651
262853303
262853695
262853717
262853819
262859995
262860468
262861156
262861625
262862247
262862509
262862627
262862721
262862941
262863312
262865649
262866130
262877552
262878004
262878204
262878911
262883582
262889973
262890091
262890466
262891277
262891296
262891321
262891711
262891847
262891906
262892004
262892254
262892486
262892564
262895803
262895948
262896049
262896076
262896337
262896368
262896411
262896424
262896565
262896621
262896920
262896959
262896993
262897230
262901960
262901972
262902207
262902686
262903068
262903087
262903957
262904332
262904366
262904737
262904760
262904948
262908158
262908563
262908675
262911789
262914955
262914993
262915203
262915252
262932077
262936470
262972325
262972555
262972744
262972815
262973079
262973239
262973528
262974163
262974167
262974187
262974199
262974552
262974725
262975435
262975455
262975686
262975734
262976049
262976456
262976607
262977398
262977670
262977890
262979515
262979686
262980048
262980193
262986532
262987179
262989620
262991291
262991471
262991906
262993276
262993288
262998706
263012137
263019881
263020033
263020045
263020085
263020170
263021255
263021275
263021284
263021288
263021300
263021359
263021373
263021380
263021389
263021391
263021393
263021412
263021449
263021482
263021495
263021509
263021520
263021567
263021591
263021596
263021603
263021609
263021626
263021628
263021839
263023188
263025023
263025414
263025431
263025463
263025494
263025497
263025508
263025509
263025545
263025546
263025554
263025573
263025592
263025596
263025616
263025627
263025645
263025647
263025657
263025787
263025790
263025792
263025793
263025806
263025820
263025840
263025850
263025908
263025950
263025952
263025984
263026028
263026045
263026046
263026047
263026053
263026118
263026150
263026176
263026182
263026183
263026227
263026255
263026349
263026390
263026464
263026577
263026579
263026809
263026820
263026830
263026858
263026861
263026891
263026934
263026947
263027016
263027045
263027054
263027057
263027059
263027167
263027179
263027250
263027357
263027362
263027370
263027379
263027422
263027438
263027440
263027445
263027450
263027990
263030268
263030550
263030554
263030590
263030604
263030782
263031002
263031652
263032240
263032347
263032579
263032719
263033437
263034952
263035718
263035799
263036362
263038530
263038654
263038730
263040117
263040533
263040959
263040990
263042533
263045065
263045806
263047165
263047430
263047479
263047591
263047699
263047704
263048540
263048807
263049744
263052752
263052885
263053533
263053776
263053817
263054282
263055035
263055148
263055218
263056164
263058000
263058588
263059846
263060084
263060102
263060774
263062106
263062171
263062255
263062993
263065761
263066423
263067064
263067133
263067265
263067277
263067474
263069102
263071421
263072087
263072326
263072416
263072603
263073125
263073371
263074643
263075611
263075666
263077187
263077646
263077726
263078435
263081502
263083523
263084295
263084960
263087695
263089536
263089545
263089548
263089550
263089554
263089564
263089566
263089580
263089597
263089601
263089613
263089615
263089617
263089619
263089622
263089624
263089630
263089723
263089731
263091475
263093120
263096731
263096746
263096766
263096777
263096784
263099547
263099604
263099701
263099820
263100070
263100202
263100221
263100250
263100270
263100334
263100343
263100349
263100357
263100387
263100389
263100408
263100423
263100437
263100439
263100449
263101176
263102257
263102889
263102891
263102913
263102917
263107433
263107453
263107480
263107546
263107561
263107604
263107645
263107676
263107721
263110063
263113326
263113497
263113591
263113729
263113741
263113821
263114223
263114767
263114807
263117368
263117597
263118492
263118534
263118680
263119121
263119243
263119569
263119595
263119621
263119857
263120610
263120645
263123444
263123476
263138882
263167030
263167866
263168048
263168237
263168888
263170245
263170631
263171059
263171561
263179304
263179331
263179369
263183359
263184656
263188519
263190124
263190180
263190638
263191287
263193213
263193386
263195768
263196473
263198899
263202441
263202474
263202560
263202779
263202950
263206948
263210324
263239540
263239770
263241762
263246326
263246895
263246931
263247277
263247326
263248668
263252637
263253171
263260807
263264891
263271979
263272372
263272410
263272970
263273877
263274032
263275265
263275319
263275401
263275432
263275433
263275534
263276118
263276563
263277141
263277209
263277304
263277669
263277898
263277948
263277977
263278025
263278566
263278960
263287917
263289400
263289993
263293148
263293171
263293176
263293514
263293564
263293662
263293713
263293754
263293759
263293784
263293843
263293844
263294017
263294035
263294124
263294183
263294393
263294462
263294834
263295145
263295228
263295253
263295401
263295432
263295476
263295505
263295515
263295520
263297321
263297361
263297625
263297635
263297871
263300061
263300117
263300537
263300684
263300847
263300899
263301022
263304064
263304229
263304313
263304708
263304723
263304767
263304787
263305582
263305654
263306780
263308956
263309008
263309217
263309285
263309367
263310350
263310505
263310511
263310522
263310546
263310574
263310707
263311466
263311859
263311915
263312171
263312343
263312417
263312682
263312993
263313113
263313144
263313280
263313554
263313757
263313773
263314050
263314097
263314128
263314218
263314348
263314368
263314906
263315006
263315089
263315137
263315166
263315489
263315499
263315898
263315972
263315999
263316724
263318365
263318544
263318562
263318753
263318827
263318887
263318921
263320855
263321020
263322665
263326292
263327357
263327899
263328189
263328934
263329546
263330699
263330980
263331106
263331159
263331303
263331541
263331726
263331819
263331941
263332554
263333426
263333447
263333515
263335534
263335882
263336160
263336601
263338011
263338428
263338534
263338986
263341028
263341049
263341065
263341984
263342000
263342933
263347663
263347699
263347810
263348033
263348089
263348226
263348330
263348863
263348867
263348875
263348883
263348889
263348895
263348905
263348909
263348911
263348913
263348915
263348919
263348925
263348933
263348939
263348941
263348943
263348953
263348957
263348977
263348981
263348988
263348990
263348992
263348999
263349006
263349012
263349015
263349017
263349020
263349022
263349024
263349044
263349046
263349050
263349062
263349066
263349072
263349074
263349080
263349090
263349094
263349098
263349112
263349116
263349118
263349120
263349122
263349124
263349128
263349130
263349132
263349313
263349350
263349418
263349497
263349537
263349603
263349730
263349937
263349987
263350024
263350217
263350398
263350587
263350601
263350769
263350838
263350890
263351020
263351077
263351544
263351646
263351671
263351690
263357565
263358225
263358358
263365493
263366991
263368443
263368528
263370187
263370196
263370219
263370342
263370441
263370520
263370559
263371082
263371087
263371240
263372078
263372762
263373389
263383582
263383584
263383585
263383610
263383628
263383630
263383908
263384702
263385556
263385826
263386428
263386695
263387348
263387413
263388495
263388820
263390205
263393176
263393977
263395512
263395514
263396161
263401984
263402478
263402499
263402957
263403014
263403288
263403786
263403803
263403811
263403925
263404042
263404047
263404053
263404071
263405261
263406574
263406677
263406743
263406752
263406879
263407052
263407114
263407238
263407249
263407381
263407480
263407573
263407972
263408015
263408036
263408106
263408120
263408139
263408145
263408273
263408540
263408543
263408595
263408672
263408834
263409142
263409212
263409448
263409470
263409642
263409888
263410158
263410159
263410464
263410496
263410713
263411084
263411629
263411939
263412384
263413333
263413484
263413684
263415740
263419829
263436665
263436675
263436687
263436691
263436693
263436735
263436770
263436774
263436814
263436824
263436852
263436860
263436864
263436894
263436924
263436944
263436997
263437007
263437027
263437033
263438074
263439996
263440123
263440207
263442219
263442736
263443591
263444683
263444842
263445272
263449812
263449850
263449900
263451395
263451585
263454723
263455742
263455996
263456182
263456223
263456513
263456617
263459264
263460030
263463507
263465958
263466247
263466368
263466425
263466463
263479793
263480002
263481941
263482170
263482363
263483084
263484043
263484403
263485780
263485949
263486071
263486168
263487096
263487574
263487766
263488683
263489513
263490742
263492360
263492458
263492859
263493079
263493095
263493508
263493583
263493717
263494283
263494688
263496493
263496513
263496531
263496638
263496859
263496860
263496954
263496965
263497057
263497369
263497542
263497555
263498016
263498098
263498271
263498274
263498343
263498419
263498431
263498459
263501080
263506488
263507417
263510123
263510363
263510513
263510554
263513055
263515005
263515260
263515272
263517357
263518789
263539058
263557221
263557365
263558318
263558441
263558675
263559712
263560477
263560920
263562714
263562796
263563734
263569868
263569906
263570052
263570428
263571241
263571300
263571472
263572209
263572463
263573501
263573515
263573516
263573576
263573578
263573581
263573593
263573693
263573701
263573803
263573936
263575823
263575999
263577360
263580169
263580368
263580895
263581870
263581912
263582248
263582480
263582512
263582613
263582730
263582968
263583110
263583247
263583531
263583580
263584023
263584204
263584434
263584869
263584896
263584951
263586783
263586785
263586951
263586990
263587374
263587445
263588704
263588750
263588919
263588968
263589282
263589474
263589623
263589666
263590065
263591571
263591584
263592074
263592709
263593243
263593869
263594558
263597221
263600156
263604829
263605174
263605473
263625428
263625488
263625495
263625580
263625677
263625738
263627579
263627627
263628717
263629021
263629147
263630176
263630192
263630961
263639008
263639267
263639307
263639319
263639477
263643622
263643698
263644089
263645476
263646032
263646120
263646183
263647699
263655131
263655143
263655166
263655215
263655528
263668789
263668800
263668806
263668811
263668890
263677051
