1391347
74897599
154155413
253117062
130978358
214009046
171618108
179970479
139457837
197334787
214008432
213678661
138083218
75331097
139457787
146457002
178596691
191463903
167750518
170337343
58510250
214006984
75378756
215101707
184319033
205930779
152738111
103637219
67029245
154530234
157943579
168663152
184669779
160814241
225385243
36376636
140420532
206303845
138838287
74892021
164361837
179805786
213678732
174287389
75378750
213678772
176464521
178092987
143061027
225255034
79709163
216178735
158210295
156644981
214008289
855162
216382694
139457475
196015143
245323425
204037726
51844790
203862292
2758623
235732186
253116803
145562720
174280494
133005345
168004956
214008668
166405895
252069617
103545051
174342096
135390778
43755849
145673600
106870100
150509493
167387981
214008360
153413535
201509082
192692807
123441327
167513137
181770298
139460205
203202280
251546916
75378593
214690892
201525471
88993037
178083976
99834160
253881297
212054460
212054372
67029322
191463934
214006896
194212256
190608158
43084631
222322077
150509465
214007120
235728525
213678621
173419596
213527833
164379838
144756298
178319679
214008786
125244519
184589216
174163144
34423196
56420137
214008201
253266713
158409197
77679596
215101775
193513488
193124408
177994992
214006797
198933052
136154121
163022779
108092449
213705539
222309908
186886481
64731425
152738106
75381117
215101820
195284121
73464882
158709609
192850997
106604822
146479789
59173682
154530205
154529527
136350432
139460159
2758335
48115056
76600311
73378458
24780272
52462077
179156244
113047674
252356385
192683653
121248640
214007708
214007535
143921372
214006547
214007670
19775670
252069974
247718784
217577518
64730476
13766282
214008464
74907796
225255048
214008168
148696419
214008271
191463839
191463893
125735532
214007259
148626090
202719601
197070050
214007196
221276744
117385260
195709473
252850501
208404109
165984298
247933359
208784147
191463912
55885915
186254941
78509906
121709444
50735384
8078800
212318886
192714411
252177965
134939548
204050271
155354676
214007514
156300041
68737121
74844985
150509441
205996226
134657361
164796699
208916888
214006905
167952395
214007566
214232152
140992632
49862886
208413351
193124366
153981210
186967546
173425043
168230747
87960221
150376825
252354757
203944149
215101742
183930504
213678623
213678750
167359953
54876380
174258673
199124927
213678736
214008666
208264628
99834190
139461086
172936280
843695
154530131
214008675
252131553
130855255
217564392
171666530
252103741
104261356
199727753
196052014
118243361
127617839
171618083
188145788
152475834
212054436
214008862
174068192
214007309
147918402
155314490
139457936
139053107
214007136
213672339
127220655
215162868
170337341
216010481
57665756
54472523
252069964
2758737
202421267
167858009
200970149
202450686
155265712
213678629
213678714
201292086
205040003
213705531
214008387
139457802
183896516
181910579
149573995
116118554
140148551
188656078
192986184
208413497
214841295
52289591
139458720
248799588
183719033
142991120
194146920
150509443
213678696
246864834
214007139
213678716
212054408
139202711
167595071
150726093
214232539
189539430
201508999
148022129
248741536
182563542
54551661
139457570
191463822
155356297
203860849
214006540
148938772
23039871
158783421
252130255
214006819
214008194
162241636
35578116
62679247
214008049
151955095
68603107
184314995
213678610
253867378
184284278
188844340
139462110
117570799
214007069
146447981
158389754
181423334
152100326
209257026
208260577
138833658
148698969
53256949
214007679
179226799
200868045
139458946
203872103
208413380
183725687
59410596
72913355
214007106
99834180
87030386
195775702
250461090
52338722
174625382
89591425
177942319
99834150
250338769
150509381
35921775
213678631
213678734
184318147
167373688
150509485
68736658
150509449
248799730
212054444
164379824
214006893
150880890
179912730
159034489
20856534
214007114
173286273
214231494
155355923
144756294
214007749
139461598
47422932
252868819
181799629
179226404
167374798
225208484
150509433
221264409
133092790
212054360
139457454
149573999
214008016
229700880
179776464
144482818
173718207
184429752
1391361
253041020
25140597
253107164
208390656
20366405
41881443
140418988
46217325
100901845
191463867
199036749
113047701
48110607
213678619
248932361
213678724
171618090
235728954
193665986
169774145
1481125
262059064
212054438
216210108
182739320
155355804
148075259
147918683
208257303
34482975
136540050
214006486
146381260
169408811
214007871
214008228
196562199
104806750
47143913
14885441
192960848
208264969
159786708
184094104
17923768
214007574
254090497
173425092
214007752
249728381
253088712
167374531
58740581
181694703
219456867
212054418
182739383
134332490
143612839
180937092
156647323
155355799
217548869
133092343
199641287
110169464
8078866
25982780
49651898
19698324
105674695
48306752
180007171
179372092
214007611
133792426
115783623
214007484
152618982
247582177
201215320
48899139
252316811
141289973
252069341
56819130
948733
174283613
253134659
164379898
214006604
125500575
214008560
140148377
214007855
75378541
137417093
173540325
208413582
139458662
53628491
208603504
103525921
197674102
173889054
202664330
150509429
249206383
213705543
116117723
140148217
140148007
208413421
132812551
253247878
56866226
62760925
132995894
118209005
182739338
53041354
222621866
208062151
214008380
252069349
174310437
49651882
53598765
54609134
214007320
179712422
182739346
167387605
182739391
192851023
148680032
149195003
214007867
153981408
214008767
160447578
8078824
242172724
214008353
75378752
52387023
195987463
214007238
104309806
214008235
143468095
214008694
43183568
196146496
139456888
12237643
140418904
160221263
139564407
203991687
184318295
252069333
65390509
214007370
252103841
53522813
186435446
173015067
50597889
176711828
244177611
161218418
150711989
136713654
51074400
201089341
213678655
169774332
212054428
184836845
154530346
221264407
152738096
212054348
212054354
136839529
179493184
186630561
214008972
214006712
247960121
173540295
147004045
204421274
144342501
54919227
217498292
36329573
56440702
192714376
140628433
167551342
174172393
213678596
235599295
199621945
175422809
150509475
174029683
251921456
139461870
215129162
193334642
214006518
213796093
214006419
164249986
19757401
214147637
174198751
155354789
1391389
163162419
101455421
130031450
184294558
195991308
169716577
164379888
214008827
172158743
112460251
146479672
209318812
214008362
196562207
48224635
139459225
174427078
31708410
165182341
48508271
38450910
171073562
173424769
5750467
57927850
215101827
73509323
171618103
212054380
214008484
160435590
178319440
139460253
59315033
181219412
44273612
253117713
19407028
185400440
106869941
242665031
246857361
199243405
158224493
193124338
167578170
143227101
174301214
208255996
139457335
180938560
189387927
123441229
207957101
123956420
249828513
198245938
217780022
217726101
217719265
217719487
217726185
217779440
253400243
213927528
205189206
215589023
36582866
216139010
216135984
216136538
191298275
173401219
207957041
94726927
86406683
252892501
181809469
196051429
215217942
162520261
253044247
177545647
55579342
187644041
73575174
220683776
220683593
217719363
217779615
220683505
244300050
246770441
205162438
216136496
207956916
214584396
55738927
26348436
214766255
192952398
215217946
196051182
192952378
173428803
173428833
259317068
191268961
198692028
131392586
136293071
242717437
220683554
220683570
220683760
217779394
217719260
220683303
220683798
217719371
220683496
205162962
205173510
246729670
216903076
216903242
216903089
216473223
216136002
216136103
204669460
204942178
173401221
192952416
192952438
37796025
196051174
207956936
173401198
177545683
55578650
207719663
225207980
127599579
220683750
251744038
252052430
220683582
260644096
257773457
216903259
216139021
216136323
216138958
216138964
216136297
216136404
216138993
216903120
216473371
216138994
263098049
214760976
259316968
247780035
262605589
262699544
225207762
225207977
262030467
253331625
220683771
217719253
217725694
217780024
217726166
217719335
220683676
217726188
217779715
217779824
217725635
220683632
217726157
217779872
217726163
217725880
217779722
217719228
217725968
220683335
217725696
217779517
217725967
217779803
217779728
257773452
250096499
262388498
257773474
262891847
216138947
216136541
217720730
225207752
244307672
259317038
222682251
217720770
220683377
217725740
220683434
217779433
217779935
217779461
220683740
217780028
217726112
217779723
220683811
217726025
217779913
220683299
217779571
217725572
217725829
217779689
217779734
217779911
217779498
220683408
217779688
217725578
220683829
217721117
217779604
217726048
217726080
217779410
220683347
217779654
217779909
220683405
217779434
217779880
217725700
217719243
217719325
220683425
205330207
205327002
205327037
205327089
246623943
246766305
105676739
216139106
216136044
216135931
11107442
76298263
146569117
263098070
76298252
94727397
25985162
173428592
196051427
213887420
262605521
177545673
158720827
207956906
214584398
197828159
123962660
249828479
46203567
217719261
217719359
220683556
220683493
220683461
217719383
217779655
217726092
217719303
220683497
217719417
188446279
251929207
205328632
246770161
260644098
216139065
216138914
216473261
216136000
216135928
169265001
42839399
76298250
151708302
48013326
25984584
49379596
196051593
173429069
173428623
171659525
215217948
259317000
252401059
257773453
217719422
205850703
257773470
254085283
216138970
216139027
216139030
216136695
216136793
254088166
262605547
253089549
262605519
251442439
225207828
225207779
254080775
257773458
217195909
260237117
252061819
217779934
217725878
217725557
217720599
217725667
220683617
220683641
217725973
217779884
217779708
217779473
217725797
217725737
220683621
217779784
217779446
217725584
217725807
217720677
217779579
217779999
217719323
220683674
220683346
249488825
257773468
247238464
205829155
217725650
216138913
216136772
216139090
216139127
216136269
254085278
220683725
207957025
245776394
262605583
262605541
262605567
263098077
257773463
257773472
257773480
252178760
257773455
257773462
247261009
260809763
260222479
220683295
217779940
220683372
217779612
220683338
220683724
217725791
220683336
217725636
220683447
217780043
220683384
217779961
217725687
217725921
217779857
217726006
220683726
217779536
220683515
217779819
217779674
216135997
216136024
214767332
191298261
191443675
217726047
220683625
217779919
217779406
250067413
205189960
213928036
213927901
205327166
216136202
216138908
90341450
215217930
214584388
142349894
220683371
217779881
217779474
220683698
217719298
217779651
246770228
205169492
216136408
216136643
181183604
207957078
81367512
215217944
207956864
207957086
216136264
253331611
217719286
217725649
216903146
252866879
207957037
76187260
177545669
177545708
220683364
220683311
217719285
205850693
213927818
205190335
205173049
213927750
254088178
123992795
214584392
207956967
192952334
55738398
208658053
225207940
29347560
145555593
217720545
217779736
217725611
217719449
217779641
217779392
217779687
217779623
217725806
217725871
217779813
262424675
254080783
216139101
216138917
216139046
216136081
216136094
220683822
207957072
207957080
212559985
259316982
192952356
173428065
37736934
192952394
196051589
155352405
213928000
93553646
249663064
217780050
213927850
76298265
169265099
242214542
216136757
197828149
26486347
213927900
217725666
246685994
250251933
3998819
220683426
213927661
213927735
187618596
187618420
213849995
217725974
215588970
216135902
254080814
29347218
198691886
196888451
14813748
29347124
216135893
217779562
199575961
252061746
249818484
254080787
243245084
55741736
220683702
249828530
247237126
216903271
220683598
249964537
247231904
216139080
204942206
168854116
216139013
212555949
216138957
192952330
215589124
253305851
213927868
251535666
205162050
216903199
253044248
49025554
198691992
217726198
216903202
196057999
246638978
205850675
147431499
248128051
217720527
217778853
216136570
169265078
247996503
183930544
249958433
192952346
152555574
220683510
216139025
211308656
204669397
253307576
216135930
105603920
217719329
216903168
217779485
217726083
217725736
217779519
217779988
220683810
246724021
257773478
220683573
262980048
216139086
216138936
216139047
216139007
247706962
253089483
259316990
259316978
259317054
259317044
262605526
257773466
254080781
260640691
247261230
252061841
225207886
252061875
217726054
217720814
217725752
217779789
217779542
217779825
217779912
217725781
217726115
217725763
220683748
217725673
217779858
217779992
217725608
220683699
217779658
217726145
217779449
217726201
217779910
217726050
217726031
253394665
246701890
246731116
254085246
217726033
216139009
216136608
216139066
216136473
216139129
216136112
216903258
207957092
263560172
262605569
259316962
259316958
253089491
250124385
84732024
84597531
173913720
158011730
262786693
206248856
186615322
119324447
263084295
186237093
116722816
197746221
249766879
117787499
136364668
144250902
111614248
104802291
136367485
184589193
197746611
153468713
186630272
248769031
73887880
151818594
169777242
115779043
130104806
113888010
186553422
250470840
82912265
73881662
133914254
75618160
75515290
197369480
198672363
82866027
82473325
203945418
205561982
93712355
94278658
204923475
82482673
174051864
117787102
115778993
53302040
154225693
76827911
49710247
151818841
75641147
94305778
163162386
205530558
249764392
142316744
94346265
189181449
179795848
133073622
208189213
104396130
186191488
94348500
144462716
76029634
147975893
133071988
93831236
248635024
133071675
91450554
133071384
75630172
75619097
3974599
166461759
82482784
133071243
143612484
188006728
53922105
204923831
186606784
88204252
175654797
197746595
107011266
133071018
216213795
142316567
145608780
163579782
180939908
142555191
74491065
133772892
145608538
147671700
52911393
151818141
168668379
145620363
170126781
107312310
193859138
194595313
198326047
142317129
102159113
117836556
68342314
115982344
102872897
140148017
77767805
108825402
133071915
117788170
205894618
76827909
41015922
104396845
117786821
142316785
107305322
192276195
115778799
206295572
187952412
177617539
191956750
73887005
118586742
191093081
87159645
202715119
94365465
187966993
216333853
193450353
205540653
164376332
94280259
13745994
117835560
200984255
76201559
117478102
199705661
73751206
117784304
84695707
75620679
206249511
197749160
249780020
89968964
57046529
169545192
205540012
199730934
75665148
198195713
152567844
73727141
117295102
89206229
199008984
94304247
197544914
136884186
83937376
94389062
82866200
242649030
118959558
161844379
146380324
104395408
188136622
136367181
131817247
103046833
136367187
103046633
114975016
74511900
199032260
168387038
201643958
16718639
20585782
34281622
75634847
52248893
136367331
37941059
55499822
78924556
248567529
182463735
107310311
117478272
77718755
143827033
190319414
135734058
94345608
191429358
94292461
73717757
191909471
117836531
95063937
30040268
192874086
186531106
75977831
83193652
216369153
179533066
52489468
41767514
15608790
140938581
166502555
133071023
133914454
191909760
194584069
173914222
139458015
162476105
206135124
217728454
103046622
133070682
84270823
88785428
190702434
249551415
177325569
115778724
117787527
29933092
82482859
143888203
160634020
181447701
117835512
166461517
126507734
155113675
192879831
136335048
37941186
209396789
127220433
167857349
192802760
189464335
56651153
186271892
85366318
108391393
903310
117477875
75636643
191960056
216333061
114783526
160670660
151420912
142827339
75637945
204931560
136884167
125539978
107309360
163581489
215990142
252325686
73721488
177734907
133072526
59146368
23379518
136942183
82874229
205507126
167599229
133070632
45412675
133914382
116378683
191954500
165667809
142317169
90491084
190539188
179493372
74512643
104718168
105170786
195891070
142815538
182457512
117478215
197571115
180322899
152630110
171937416
115778871
27846356
104396375
82512706
136402609
82139772
217386352
32164521
205811803
181993596
145609555
68779137
142853259
115224639
191909539
212231511
76131829
247361843
204463692
187898976
134439917
191314038
176504510
114944025
59534853
164435754
117785509
82855776
74238175
190355367
126509072
149446711
106202443
160308315
199747359
117478400
201803472
149195037
151898019
142317199
173393995
191319748
117787724
145553882
151950959
107311264
117787690
177616251
126508372
195202333
193787575
205218500
158807899
206248839
171666751
117788128
82485968
128325212
191315790
144170679
162108887
145619977
49463870
208423279
46282427
171666549
80660499
146519122
186692163
142316795
144621400
193859184
103046747
147764859
54914739
118665955
120285334
100047937
186134782
82482615
92453985
59477321
107309821
96300737
195471200
90305030
102139724
197749161
79116304
21169245
140333616
177912433
106205641
191314459
80611807
262990543
53921614
146649999
183361252
149215750
186139751
109347953
153468782
74512947
42341315
39540007
117788039
146380938
148074707
205530486
193553731
162476414
192711660
82482847
903352
48897304
41601235
141658731
117477504
16601434
35410157
134438082
113919437
142316823
153468611
192880559
178836658
186237187
254085097
170927496
107311383
76076101
142316855
208916810
114929032
205539424
207228829
117477762
179424546
205812074
71487375
33653449
208917068
191820466
125426737
142834355
134775134
196837892
172676731
94283085
57746755
204769094
117788056
87532298
78629310
101598321
151898075
213556850
117788052
186070412
1063814
82862705
158709409
91218842
142317016
179971428
143228302
205530620
249645217
73921390
136884540
133091675
173912394
47171413
74512979
194393776
136884129
30037049
115012973
91779427
115224320
143863021
142317063
153468715
173856833
217778378
251460644
82855747
163792151
158802048
247806863
73911950
186237280
262980767
44623201
141290380
188130667
204930133
171944650
126508763
177558330
87642143
40369884
242696728
113400541
166500975
115778998
74793583
142316773
147105626
126509300
191575999
38122350
36587027
149217944
165807328
191320344
140938768
82484266
72575815
214666493
126510284
128325444
107310173
186191275
136414600
154241080
207192604
31597253
117478708
117787786
192884610
117787604
127204872
136367206
146234940
194082705
160139301
140148385
117835714
135291258
249570604
107321029
154207311
51943310
152629338
262301101
248634764
108566203
166461679
107305214
193099560
183361153
177735216
133069838
59146436
101003064
205838950
204916423
149448085
217265655
107320783
31322183
59146517
44661849
117786881
104689165
167857370
142316963
142316599
207750064
152629930
165643290
133072298
204957672
216360164
186134786
145620111
150890014
174051443
174216614
198584632
35460787
76116366
142316988
130944224
117787688
117787417
147105274
75630282
248482374
144176992
203190215
55003586
141291015
56575066
145620622
141290872
103046742
143826968
68237322
131817235
187593241
72497577
77771069
203847689
200619183
113400686
25705032
118665914
215206840
48418708
56575778
17035774
166500997
164864055
180322983
151585792
207386569
89206822
113400469
195482228
115779157
164435379
80611788
208591732
4071633
134222705
140938559
197746166
143613635
117788219
205512926
249818293
192711694
173912756
36230292
192133369
119644966
181994985
145971958
167595056
126509630
115778951
117478048
117477716
44623384
162476163
127220630
94225884
191319900
2783289
136835946
138848735
64376000
173393686
204848341
102139712
217386112
56516834
205234310
197329296
48860378
25108315
29830344
144756816
173912527
91218838
75640895
117477714
94306549
184314947
145620586
230023659
117787481
191093238
187626434
117787419
198040833
50064593
113400461
124088580
89178846
162109359
163876767
43059097
138195818
177518442
115778733
107308780
217184963
160904134
181993862
186435494
153468651
49129735
22389418
187955667
82482821
107305742
133069948
181994370
133070121
133005757
186285472
31144186
108566414
50347368
205893266
248757803
248254058
205831543
142316605
141290471
143613697
107314851
115105271
176094131
162089217
89206615
214935001
152629715
126509357
108965214
56654970
171035348
149221765
117787624
184061568
205379650
205302132
165804223
249796579
108965659
136367695
133914270
162116403
225268872
164435825
107312633
107316295
117477472
48135881
157244969
28623218
143612132
127120964
101000052
215377697
107310566
117787562
197746256
107311406
142316796
142833549
36320440
819292
819380
104396662
133070275
117478852
216337354
249596840
179409102
208189219
185439918
142317177
194088582
107360588
117786830
134439281
142316954
141290741
182558521
141290424
186090700
80611914
87532748
193859308
139460048
171520260
134225120
107315386
166123622
107365953
217386420
163582784
117963485
141258418
106063191
186611370
154155403
115778786
44296935
60408969
43006663
73730266
167756150
204927520
146380445
133072384
133071684
188560707
117788268
127220538
174856961
36560575
152100396
188560642
113400355
164428907
152629292
133776062
171118166
120170824
145620609
117784809
217728933
249051248
170719995
104337460
197373677
82874715
5449289
164428857
115224317
177735087
115223820
163876519
167382360
145620364
127207902
163876022
115224408
143613268
191314613
168145584
249570468
819304
252823882
17438135
31595125
147451705
194818607
205540196
15307799
44623960
117477980
147816706
89206692
174216961
201015614
164970955
85083985
138820716
2783273
16603464
163022714
140141215
50270231
197367915
254085462
95470496
53028880
94704260
146380670
186568707
89206446
115778756
135408184
163792144
126509881
183685646
89206463
153468639
57640830
152629380
142316768
49059500
153468822
59146507
131187245
25470679
82862300
74855789
45586029
68251070
29149197
55456221
171674138
62254229
107309615
133072650
132232319
127120481
133072191
163876559
89043405
104799970
136367150
178306795
39324647
108907960
145620260
182558608
82908309
160887505
87898560
217386027
185881808
168365808
164435387
108566776
58803811
118940215
905350
225268456
122871722
43927750
115657617
133071607
163876718
127220837
90116390
184768246
163876573
162109044
126508142
104844463
115222751
185067234
182558594
52889860
32968513
214604906
247790813
71973976
39721336
189080967
85885270
88048873
198902453
107311258
163876216
206248855
66674127
84879472
122873690
133073332
174537025
127220502
107308327
126509998
142316750
205893458
103046804
136402795
107313039
117478004
145609019
191080637
180323068
81988393
147764786
103046645
207749880
162476716
117788093
114251713
76447915
57520630
116250598
145608052
125072876
44843874
49236155
58850178
34286597
42341603
95922811
216335738
136884606
114907729
154240942
105027729
107307266
197746644
113400843
145248847
117788048
147764750
144482490
57866570
126509226
108965230
136816065
135444730
107361957
58407207
158582218
196286242
133071761
143613651
106202411
117477497
213573241
50239157
205513081
117787772
141290577
142317047
124520383
58209776
207828313
179493092
83857498
194301592
72577999
48418742
217843910
217188510
89206425
197746395
117788097
117478383
151420630
153468791
160903813
186629485
212036643
113400646
188560703
136461909
93830430
133071097
117786838
68341611
126508696
171222136
205505679
95511007
95536906
179372073
57632061
186434877
31595351
180015187
147764912
136367080
110194670
106204111
142317119
209332204
163876186
133071870
127120110
196471333
107307140
112052139
204928958
158812960
100505876
111704277
128671035
257925319
186237154
81991758
216369391
140930513
145761795
166561389
176466253
158709149
176691854
163898610
117477994
113171199
93830431
143227481
181995662
158456783
143863896
193373167
208916880
76755895
161425294
113400433
163935509
156671310
133073460
212232372
180952945
177273106
107305438
76796337
166461539
133071277
242650005
203157041
195653759
73453988
146134948
196784848
207014275
168365924
171625287
97842134
144758665
52268443
262412259
116378735
262046148
115779068
202641608
113919404
52491231
205831497
117787454
148075896
141290650
106204575
117478804
90835695
197746624
145620339
141290485
143694350
126507979
204769056
147764816
208917240
107305945
142317188
197746434
180322887
133072067
185633035
17037177
107320778
205372812
185149830
126508512
180049409
174051482
52133966
108566690
143827001
4534759
151818542
191354660
179425062
100165343
83931825
112825248
195471183
46250504
213795918
23261751
196374989
145620240
180322660
166563503
198956456
143612841
191123227
163876684
163876218
117786757
117787610
114923905
107313563
204768990
155781174
109850045
25283276
161462139
59146469
141290429
155110544
48929033
143613825
47171415
195979483
55709466
193263398
144757081
31595106
190607380
152460240
216335277
73785971
131176673
137123646
204928929
126509059
107312559
126509403
145608307
130969432
151222015
143226989
147764795
57044634
51239369
177546199
78950791
117786726
139225652
188658173
125535336
103046864
50933183
35469077
58671166
133070355
108965154
102446083
183482517
176791282
143826780
197746575
104396045
93830407
65030450
164939384
107308313
107310204
109740138
147725975
117787158
163876143
111498886
133072111
133072768
164806720
163875998
152629477
205893565
144607509
114856564
100975524
117494804
136816070
199996042
248884068
134775799
114688262
203432802
212582135
138893060
106212077
76695803
76120116
193859220
180015207
133072408
127120476
47103634
9417593
212582930
117788103
154029978
31253396
127785535
76088752
180323500
163876163
117477771
145930918
59146393
142815399
70508457
217276268
152629821
82483699
163876575
89206694
76089030
181995308
158709058
149193552
133072995
163876283
207017960
110060104
142311965
187019235
89206790
188176211
113400781
109421340
80611823
162476583
89207076
197746585
92765668
48897302
107993238
205225930
108965192
162024581
80975011
174219741
107306636
136632148
169127146
199021499
49104950
205893751
82482842
85099520
192433670
203086771
82484830
82485326
137719535
212036635
819184
136367170
903382
169312755
134440708
190635675
180322610
161498343
127220834
117787836
136367162
106204877
74198046
230215701
108956278
126508165
198412006
126509056
249573806
134015835
142317004
160759193
136367598
141291191
4444657
108566393
133072782
84685058
250364403
114970911
115009118
198426636
30883500
178282817
68107140
252291210
139924961
136656465
117784704
107492777
188484139
15307741
180015462
125452152
191732423
196051286
71507830
191726664
3974555
82478887
205967786
78290704
203945427
198575341
213572252
117787449
197545185
107308832
176241123
103759299
163876859
115224963
182558499
163875984
30156639
205893301
164539404
82484905
131817125
177518676
71892948
113400474
133900335
111498854
180935523
107314329
196337143
819334
48897285
252578818
133072322
158456929
173394042
59146196
144045727
147764861
142316735
113919365
86144800
45602393
205553933
193601279
73781379
49235190
208916404
99514613
25038169
7243139
8945699
136342641
205102532
82484341
135397551
199731711
43006657
77765187
195853933
117283302
139559779
107307087
48886169
107315195
143863207
117787543
115222949
89206491
41790766
153875892
174921804
147764838
138070971
171021955
141290908
89206226
136664338
208916875
152629860
208916720
148698184
149195267
903290
96771956
114982552
138189371
241996851
187329075
66672900
204413253
251275851
108965482
33738833
7002743
51989585
19481275
121179338
204433653
153987116
248757798
204769244
115223883
142317167
203189352
196354381
162024926
89206773
152629448
167857460
117835663
217266826
205550976
205548204
207749641
188991383
214257177
81794230
49641991
254086781
230139421
193859277
200940192
82483269
56693665
110947576
102807619
168786367
177722866
195536634
143054172
133546359
195335410
77771131
42253094
56699811
175785072
170337723
133812050
145207196
68604556
32395228
171613043
200002496
120859323
252762256
145234234
198933167
170154501
183895558
117688119
260402000
21878223
259565218
52339759
137890084
198932962
46192755
138011888
129644328
198933169
206861799
127993576
35965890
119642700
244318495
137642871
194132231
133811813
133811810
150178851
178588936
133005741
172158902
138820645
14958095
72056527
29255736
188492806
175582472
123353449
131473481
129644055
48914284
175142966
164568364
165701323
181423285
14330183
121963863
136933310
253722258
168791251
177734953
120859638
159391781
207735197
137719468
157234047
118201857
31633355
176896871
479480
25774922
113787739
143809203
257290647
170745961
43831686
135415364
50370291
146381074
52127729
117816247
137995371
119347983
195700300
37868241
55348823
52579462
118314970
152053685
165701378
17447130
129646080
136047536
139053722
136383578
247414512
132996266
139440388
144180695
144197597
133812170
147918986
113431152
137987538
157568330
169493858
114189039
46159593
144192981
103949807
120432010
168791011
176896859
119398198
148076180
178013890
58948827
142554733
182545467
169338015
129719374
132102909
135291031
171225055
176896861
66535563
173078435
147919015
17952360
108263217
116756060
120142008
129421690
133546259
102847591
151611805
123861616
136664310
168662865
55157478
183312621
182566221
106006188
185864572
105616199
164804856
153081456
126211728
130864312
125503533
93225449
20446924
16838994
181423299
118315066
133546502
137262961
36829051
136728035
157568657
129421221
119617268
109882424
147919165
37961462
133812310
178100318
149195635
45412668
115223508
209398686
147117699
51627319
135008745
133792612
142312033
45690262
137555622
38475667
177735404
123861903
21583359
173889056
157568492
133792323
16991910
209266313
182545676
31824431
53990561
115846802
139440508
136728602
185864712
179695037
86401516
128724489
143884202
122094513
141014897
103514058
147919176
129724732
22011628
120120010
150003502
185110697
119348103
53977446
37961414
189835546
119365890
51737828
176933620
173889062
140993631
217312906
148076979
31253516
133812056
198933202
119484478
165776248
207974029
44481725
196059173
212554527
75049790
143612058
129421202
49226985
35876304
117790601
150604635
52196851
138821251
34564200
132103080
44885577
134332672
48624102
132996126
157568107
139440366
159824783
141014492
127878787
133792570
23012978
214667964
37961184
132103296
57302889
176127275
119479463
153989802
117069215
164568421
121496487
208413698
26676535
40875116
133004908
262077486
23012400
171612932
205767075
130413107
157568270
133811364
166005814
209258225
116746273
185878015
41341384
48127039
117557991
143678607
168112858
51069173
133812511
159391769
118124857
51245237
61553939
149656652
199109677
145497067
22541923
118315034
53973143
114882702
119961071
217772552
132103118
177221942
116756236
203093650
247403294
136664763
188026340
43378826
120504264
167146245
122574782
147816866
15240669
172111686
19553245
136430531
132020642
83935636
17632871
182545971
166500902
122869512
31253513
116971579
151611660
104948580
138106799
128784356
140331563
207976952
133812076
117687071
155681332
175582523
17898151
137822497
182997417
37961302
166005851
129374873
167038582
253665739
55387649
215705393
148077141
208207017
147117497
137417153
119348022
143678949
35487570
16964175
73314358
199007868
120859830
32392383
117582485
174817928
186862853
119347989
110947248
152448371
193521760
25081283
142384734
217315485
83933313
168167995
118680721
118989202
114587430
23448647
168790882
148077153
212318744
117687350
176896863
134332554
47111323
147918693
137543740
50416355
199965222
163543866
150873374
144199921
16919743
113619618
178268285
7974511
108967811
171666815
102807553
37961423
34789842
74900409
164209334
14294285
150604626
46304689
103758710
136382097
129421979
72895955
199111733
181423384
216378848
58548080
2251229
82512260
56420320
111999267
59491262
145497054
143980635
143612354
182545461
193005934
147918301
147770655
135278367
133811444
192211242
209166023
123862198
16964469
107077754
133811477
207896492
143612330
17393617
31253501
204425799
43378311
50327665
59055111
135420749
161217788
67152538
194005035
113787765
105674655
19772771
133811396
112826503
133005792
157568832
67238668
212237065
23695343
133811979
135077788
37961210
116746230
114852429
23012472
19772691
56138907
213490958
119617486
177212422
154560979
147414370
127063418
55067759
203065024
133812479
119343818
101554904
158389910
132020502
143614030
118989135
45419902
50162739
58561715
75035243
185864059
160205636
114188716
22175715
16857264
90899243
151611792
28868798
152465196
173755133
119501529
185173977
136047538
52502658
119617385
182545784
123862234
136382909
114434778
118989169
48274627
249658120
216931432
158227403
139012170
121625865
161217824
185864341
137995504
57511974
206303897
133792201
127121287
106535701
51291391
137996198
120759147
52501101
178513110
52579018
119347965
143862793
70192341
132103488
16991882
141905884
116756140
133811542
132206123
136461676
136461952
37961399
194453230
5812813
119617368
133811693
207698410
152053449
177221978
185597949
158389843
137996384
143679006
68994659
129645777
148606495
136540086
129422185
16868708
109197283
242101631
118989295
128781905
146589376
122328477
181461627
148077580
206862280
143863128
182546211
116756388
116756243
51592216
162547701
87015419
119623091
259520277
82251385
198578923
212235729
51031401
149194715
159392018
127879149
35189132
113787682
129421911
127553846
56682243
15246487
115630173
48300864
69701181
103265678
119348095
207896812
144340350
215362564
134332755
212237452
151585845
42471529
120859726
134332503
114188765
199007863
135276498
143678648
136728675
260729032
137996398
149193041
139440532
121033221
177212406
182997288
206316494
185110886
195127434
37961479
56030957
148700015
13322262
143612387
37961231
154155215
144758525
102807484
148022679
15375790
207255113
170337661
132103136
150385793
115223994
46121152
41663466
137890198
34163578
132207286
120860198
185864129
249535175
118989173
157568045
191827331
253419864
34163575
143678875
132103010
143678315
178100352
19842186
17000396
133005945
206662292
146380107
146381027
150003467
125503508
44127266
191827935
145411873
37961132
158210465
118680654
133811540
147918717
113400857
133812519
198932929
82482148
133792451
193999522
127184506
139471421
120142448
24219546
137995487
177735180
204414756
137417045
157568439
37961118
139583081
186630664
193012782
193005898
159391816
161246240
133812083
117685936
142317087
137741557
216113813
152342023
136025101
55279217
207014277
52049609
71898345
117447370
54770984
118680525
208100296
45211424
56274139
147918828
115289899
153545766
74508530
147770755
36993551
161375783
127880259
154722233
92547891
148022142
130742958
144455386
83936175
133812017
115689014
182546209
212922819
147918141
180935467
50226799
44981729
133812610
172153494
132016991
13422771
132995256
52198470
249535161
137004434
24733392
127074680
180030305
2591277
3001353
156937473
153912980
114902311
112792854
119348061
209262972
149194477
156645106
143062648
180346930
154722664
121684131
87025696
133812376
144223612
133811932
34163518
91767163
116756256
161632759
116971568
149493766
144923455
68783166
171324142
44925646
17030054
154722151
77982986
19776171
113535088
17950835
214594648
11374896
113252001
137996442
101950853
214919860
173738844
182546077
119348099
215362645
133811851
206862150
144756721
17016875
139053816
50171092
21416493
116756269
119617413
164977369
87546632
114783407
132076381
133812034
133812521
200842388
143678756
64339770
42090634
7973684
143886238
166416678
143291529
143864013
206648708
176933552
164454953
34340065
42921712
163543628
166500959
214767205
73248259
146589487
51573210
161374221
199021477
133792380
123353420
36340831
114048864
209393143
17016340
67730250
36816937
137996230
117591731
38609210
143863365
133812129
216378878
119348043
45347837
198932972
177726951
119348105
119479502
139440534
200006776
207896681
123862022
158210254
113787667
204536086
161246300
207735299
52461729
51970486
146381142
138006841
116756184
171613080
48627025
131592234
182545891
136728331
119479490
45839250
130855321
46122611
479956
123353499
143678340
44788582
15375770
137996646
137996327
151611449
147918649
163543799
214767819
159016280
477523
128325416
177722988
164971357
181153592
212557060
175582536
151611581
156646485
151611753
52079487
133812557
57379970
22136192
37961000
117603751
118587964
178057059
133792674
123862087
104129568
133792532
36448288
137181346
26499571
72059709
113952264
156299692
89764520
7987841
134332558
249029882
144339998
65823914
242770850
121337150
152464936
138820932
106796033
143679135
240366368
171613220
184589157
57783087
215362533
136343470
144757898
43860410
133792585
142670664
35004586
35215689
129422251
116756252
146983647
118989260
137890265
198184184
136996217
167578203
253090505
199836644
108263069
157568410
133812230
199972276
143678748
209603070
55029114
140992784
201003219
133811893
144339540
182545298
142834770
182546062
136343427
139053607
61394041
68657394
55479343
37399050
118989335
173301688
199110388
146493260
479926
142312063
142315669
137004276
120167464
82366213
190782089
106006250
189182581
153545669
167928430
117817003
118989192
35188651
118532453
121495340
51041357
249220701
186862820
186863088
143862778
53974086
158709090
176933700
161633493
183312464
122094034
119364447
171613280
135290751
37961434
162167010
117773273
131816426
17014369
39762412
57244565
199618128
22165736
178100342
151048103
139582521
175143260
215062774
157568025
209603181
51596377
217159134
109525788
129647485
134332485
133812463
129719346
50337174
24253223
137417360
136540135
177722767
262784881
128700661
117414747
199020242
225200935
120860341
140161364
138820706
42828921
41873766
114783359
25629834
143678362
138006797
72577241
212218440
29174482
33145330
25178683
119451006
208916730
140843602
164794957
212318183
190242117
4757415
131194288
159391768
173393759
133812117
144341265
137239507
170814744
72626583
123862371
209396682
182546382
142555000
102409465
172840842
161375174
37961279
53991088
166005646
209257729
147771259
182980870
247294850
164422143
102502984
46120812
133792632
144923636
66747595
243044246
51583699
34340260
163871858
144757746
135290764
145717398
23012502
149056504
119069082
143679064
117103975
147918684
72686567
137986536
37919367
31838165
19783392
143678590
143678195
190691074
140843674
182980819
17000489
133811419
175143269
138820785
176896856
193005880
156645066
120760644
133812460
184304135
116756172
209603233
136996736
129727162
165690942
145497358
208418116
120491483
45446977
148940118
52670551
155559562
144758237
139472485
55292111
56320900
477558
133092196
133005748
156299912
247933424
212218485
42512452
119617263
122488524
59084277
123353470
136799370
118989314
119617598
118989216
122094036
133792291
169391539
31533144
29452808
158224798
55279526
16841807
37961501
21411355
135420912
115846614
34339978
29174290
42921778
55066891
146589383
107671045
167146193
136383311
147817016
111715456
52039184
134384232
136462612
28915750
33533045
261875845
137741376
181219289
182545381
117559211
19776616
136404775
38477062
153508744
21482330
32226049
32835698
118202419
117069468
160186167
143886706
119348039
158389751
133091787
146381816
132020589
133811605
120290983
158709338
156298798
109250053
66519655
139440457
139440480
177212577
180950868
134332473
129567115
182997299
130770639
144756970
25009074
23449701
35189419
26503876
213490976
23012476
40194195
63571567
203065012
144250844
135078105
19555966
16620910
114189375
116756429
69245401
178100383
21565061
253308966
118208166
13444014
181563338
161633545
143863990
142781806
128724418
208916661
144342264
214603172
34340186
128326057
161217676
70312630
183312147
133812233
112262707
119364515
190242230
161246241
162343055
169468080
137890216
52408230
228991828
247808702
193418821
170337450
103817429
248286653
42260130
114188635
116756231
128700831
108512329
64458181
178100310
178100365
113494050
119510760
247939501
161632730
121327649
210507571
44882924
110964364
121042731
177722944
148076091
59293396
43172003
133812617
133005777
35973690
34163563
17013474
166005571
36993560
57046508
45593552
46184469
171613206
132016826
137417390
173155665
193147666
205479980
136023121
208771338
201067995
72769943
155554265
87052359
175582399
193102175
146589450
203584138
117820000
210508444
146589354
37170783
158210239
132017116
149194771
21582528
69359489
120859954
139440398
157568511
21551370
61391160
172345896
198895542
209258224
146381587
102807625
134332614
135071984
212556018
177212412
42921788
180998984
154529587
136047502
105674682
136728039
116756100
115779065
180030181
206147869
248929270
106065714
172840217
245772805
170730241
482497
177212713
149194529
71076362
140162108
22713489
217767463
214654809
109780063
41888092
212218475
25716785
106912615
171328396
66644869
23012381
156645313
143863437
79786192
216184213
4757433
31263824
215362553
179747936
120760507
198932935
209408613
172148640
138013911
116746268
182980765
147423205
147423590
122872161
171666618
117070132
148698328
147770745
147918224
170999404
103758469
53972255
61394717
82371855
94848030
181974663
153989744
249763282
139457690
164766630
143399711
1473453
1073720
197897078
103103226
149447799
143227499
143171774
140938725
179493250
24730168
204748996
131138312
173393984
137730392
396961
173393682
173394038
164808568
164806472
83431474
53619419
155355603
159382195
88992937
158709057
172079630
171666663
139460109
142316671
22777685
164818062
140938626
44664911
172269135
149573974
242209195
19556741
2621955
143400098
158708649
196288038
55360823
139227867
127119997
242525083
144455299
134526873
145717324
164804813
2622107
248947134
77663954
166502550
143385842
165689852
175179589
215999820
2623601
214588444
143399945
188725311
74769756
174817930
140099669
181361148
159299253
172071654
143171758
143400175
108996967
168856182
143227021
55953629
235535786
166559606
66107132
242525058
197897083
25062273
5084781
182545449
159855589
161257360
40932701
164791501
234034213
140938720
167382484
59351467
139458099
176524724
167419273
135417511
142317009
167382386
212219458
19647220
161257341
173425062
134480390
136157059
69322144
167021119
176217273
143385846
139222915
181994157
173393924
173393965
44735965
248686727
136717749
136154663
143228160
140938633
143399678
158011757
13408618
183689077
194134542
177908935
171612946
195873395
248396007
136156050
225215049
150003469
248394998
174318701
399543
143228351
181995673
139491879
230366567
74849895
153506870
66027665
167382499
143400059
174817896
137636780
31844526
48014824
234033671
143400021
248254089
69699993
157824256
141349079
29829755
173495587
207387814
173393775
171877261
221697838
166500816
142317108
136154713
74845316
146513512
143613009
193386501
171702855
127351153
147105599
136154735
137732215
143399734
167596572
71120422
2623623
125684739
167928256
196250772
166500929
167580464
176024411
13408600
242432601
139053235
137732683
182556550
19647237
2621991
182545564
53606665
161257353
182546360
10983103
164794980
13408695
155021911
48300436
182545660
187155317
177908844
242524982
137524722
144199433
200920598
171702761
143612510
173425010
180030204
182546109
77663943
168925397
142840047
189180668
173394023
161257896
114135548
173393748
132211708
173424830
136154747
142316799
160842791
166461465
242528963
143400065
143399696
162148529
221235869
34741330
76407075
173539498
143296053
169936107
171702825
173393641
12007672
128724461
136728444
175180106
170385976
166500521
136154474
19830496
73764278
19556749
77664002
164808328
167382530
153981260
2621981
151818861
136465371
182545220
182556774
146622216
136154862
79269517
31840721
158709977
173394039
159684274
174817972
161520014
167382529
164797680
151585918
1473435
164761480
201120465
145573794
136465354
63682487
164804969
173425060
173393689
200820034
183691057
175177272
177908947
13408700
160842804
203998847
35795075
173394061
144629649
171861069
52502885
78291291
143227617
171702827
2623565
138765430
157823804
234026471
147919007
229763956
143226890
143385182
153506739
166461710
196373571
155356176
139491696
136462423
134592540
136154711
147816646
157823916
234037430
207388066
13408574
132339708
169935553
139012599
166461650
151491196
140127891
158708418
234026929
186435940
157823684
48291726
133092190
161257684
161217911
143612696
179492767
53606701
142555155
234030881
175179187
151585840
142781786
140938730
140938739
182545451
234032540
54631612
166461463
174830535
151818334
215593380
161257656
76063981
214488238
166502532
163883138
182546364
234030960
213670284
2086597
81227999
76265391
95873273
74689863
205927385
184878673
88826092
183067053
182545471
46486620
164764202
140938781
132096990
163569474
183692493
166500966
217714362
153368730
139461805
136095491
162167023
19556724
164804811
221275660
89373236
157824204
193524611
230365446
171702674
81228003
162142551
157426535
157824016
117281070
171702758
2623571
164811579
164810665
143284588
171673470
144523329
169935533
166500873
133092875
13408415
185001769
143678171
142317061
176146886
166461763
143171767
2623599
171669939
200794315
197568697
143863093
152448350
212219469
151818533
71497549
169625844
57449564
234032646
10783326
137718313
144511557
20905805
133091813
143399888
138820775
189574374
180015253
174326001
197828141
54630819
234029590
142311800
151818454
168662805
169936178
195853957
55763830
171702919
180030269
164811641
148075958
214067616
167594870
234031820
74178089
74012254
174199978
142317152
136156075
93413877
7351391
151497630
2623539
48756235
166549208
106870016
2621997
173955427
174199742
139458274
143399690
180030122
242525241
69699951
225381560
173232396
196559673
214584404
83857555
171949827
166500866
174817940
207723652
76673134
166391845
13408333
67272800
151818945
136154828
209164967
225921893
3678931
153898041
192713333
140938716
174817912
195854016
259317026
177908870
143227124
136155801
242529585
136462457
151817748
492496
248254075
91655008
108996763
166461564
169936056
164808862
136155867
176736510
153274173
174030232
76076707
72122303
151818332
136975310
173539494
142316743
168791192
139491647
150865973
172947396
95865657
73438721
153898838
48014253
147816934
145620295
201014321
142316716
136154966
1073676
139723587
60982831
85744193
176791279
202962198
48014789
183319621
155356155
160889593
13408683
192952384
249610513
118534504
174273120
224056137
109983196
161217685
41894672
148075790
212219478
242186427
1473437
235607269
252726484
74554202
208436606
61799817
2621951
177908856
166461567
150003477
174557436
181153465
151898022
234029419
242527776
37869660
69699573
2582201
152448406
23802912
174311902
226696557
248240107
170815942
88992933
127351199
168791089
127120025
148074653
136664325
138767540
39853520
242526674
168858483
151585811
169936457
166391908
153898176
224170318
173904665
197154164
250747493
176166990
259317028
112082703
179237637
52780672
164353068
177908926
242526654
139221739
2621959
117551026
84860672
138769526
2582185
143399958
131392665
209977131
72127222
214067716
260813834
25986647
74792468
176791296
54630307
174301378
429531
138952514
2622179
147105141
143171736
234034324
143399797
143400211
158012097
56806892
166461561
136465381
203998121
193789752
144887513
177947353
171673634
217521906
61989077
152567926
253149282
139461240
172274803
136157005
234026582
69699909
214067715
149447874
7351399
212240533
173425111
106869836
41300533
74380764
2152771
142316710
161257580
143863065
140843636
174051453
248421632
77663978
252465402
198295286
400349
23802884
167658912
136343626
173423792
9992700
65944802
157426132
217736000
152919663
202783238
169486806
157823944
166461728
133091715
161217681
197227681
13408541
2582177
74793404
196370140
153898065
234026788
207017684
139100441
147105605
154155218
214147685
155354850
141389612
153876693
234028185
241938478
69700005
91606608
181809439
190621552
83429982
139459986
154155285
168094374
146380442
168662767
161218216
186435466
69701578
77664021
200794301
190087694
2622129
234027507
234032098
133006062
140865745
143399913
133092678
13408504
209164961
140938776
181153486
88998734
225231556
252726436
166461516
214588383
148700515
144479765
147105414
164787552
174309129
174301694
174318376
169280300
143613727
143227917
175177836
147105395
13408545
206141381
145924908
183691521
174015381
207017050
212381549
174896958
127220507
143399679
136154551
2623651
242529431
84846243
34155128
171669775
201852706
197007712
242525831
168925513
2623543
193668713
48303201
144531320
148702407
158708914
140938700
155354921
136713468
169935749
133092314
133091537
167552383
255173778
74814983
54640860
86534419
57398213
143227559
155355513
151818340
152448547
142555157
167419531
164792175
158812818
235881533
192952446
142555077
167526174
234030318
58400401
166391974
242525357
143400024
173539534
230082569
203150146
182556933
174172079
564655
135548540
166658000
148703194
166500911
158012091
143227453
2623573
133811674
167382511
153898168
133091477
235882646
143612803
138952618
252060660
179553502
174346910
141349037
158210507
139275336
149655340
165650410
138771519
139053265
234027139
136465386
121736233
143400063
142245440
127357238
153416233
72123192
173907801
169331682
147105695
198292313
182545269
34356308
234030028
19730867
242528421
168495085
166001609
169936415
136465359
174198690
132776204
183690290
180029970
252387715
141267538
177703919
215987179
229984369
29829753
1552075
187593302
242529133
2623507
41877399
166461712
166461448
160186703
171666460
77664001
166391786
209983579
209935830
139491770
146784645
145389002
161217908
195229479
214873536
174426923
173910504
139491659
173393488
151818620
208890252
161218073
147816502
166461545
136155825
139491705
242527928
197859030
209958178
174318285
6943263
142386086
39644661
195229441
173538927
214840958
234026265
230284734
161257649
171702876
234031558
57705193
173393909
153897947
164796005
164787600
143399732
193789939
193787669
193789743
251929870
210001448
209983476
209990247
13408736
174336789
103265013
97823894
149766009
73372929
214584380
55169478
55360773
149193726
166461563
157824273
2582199
208099908
73769225
77755636
234028669
242527484
136156878
143399947
164796630
147816627
143612386
91606567
193787867
193789580
209968333
210000580
214503859
212949256
13409312
154707464
241985733
139492040
174249440
171673831
181153356
138853612
139461944
151818108
158011809
206481121
146380362
143399899
144349230
144917364
146380980
206330688
137608515
139491640
143612048
154155219
209944120
209955486
209959927
209970222
136728391
143678796
41351505
173760354
158227396
174326936
127351107
399492
57449705
148703204
166461493
140938643
153898866
179493147
161218173
242525156
172940323
141267303
136157067
166500379
166461729
234030190
3654451
172427362
166461536
13408668
144758882
193788897
193789728
209967812
209961253
210006914
153989686
174357738
174347526
174172511
259317020
248394432
171662462
168577711
242528853
144759194
139458432
148074712
146380402
158011849
151818751
161938871
173539516
158389632
143227083
242524985
146479580
133092639
234037901
161257316
13408592
209967406
209952685
133005496
142781755
74915591
97831166
252464260
179373465
174318815
189574378
196028154
173539375
204536252
174301313
13408459
222716429
171676381
174308527
125749988
253149297
148702419
164796000
145620271
1073514
208099805
158224476
242525775
147105925
117202786
179126517
242527461
154159112
143399921
207017093
149193817
167928250
143227632
153876567
77058810
242531189
234027090
144643743
91605578
193789030
206250452
161217657
205831537
248254079
248395942
199536788
253089523
208056472
7351401
31844547
183319617
183319627
142834762
160831106
169461914
202733553
143613031
155354694
158390588
173393934
159034658
143171716
157568908
76776189
142316829
139460123
176085957
158390331
143171773
83936402
171518883
66682654
172423195
169936099
2088247
69701597
77663974
143400117
136154662
143400230
143399702
143400074
158227338
193787780
193788136
209992831
209970677
67274218
144223606
133092261
229803688
12137335
156812551
248394891
90684004
90682703
90184749
12080528
200794321
55270364
19830486
197007873
96995985
131392556
166500876
151818578
167952564
143171766
161633037
158224335
234027648
154155420
164811103
144342633
137719101
174023685
133092109
48984605
164799851
171702768
59211427
167659098
154155199
136156899
136155923
136155773
143399737
242526346
153989954
207017846
217360078
204622144
193789574
209959263
163029675
153898943
234029070
242430382
171861070
216213789
90682749
214805952
74769752
251475312
122909750
19830504
181183570
200794285
166461740
158210186
2582179
143291666
168461811
171702741
148075336
164801850
169219564
234032618
166461488
140938676
2622009
148716707
174336962
143667862
131392535
158011720
161217955
139053843
177947326
143399995
136154865
2086743
169935846
193789193
193789415
242430399
209986266
77663948
25062271
209996636
162109303
248176524
90184691
248394592
212559335
203293824
203204707
201852743
71543367
399545
154155393
158224423
173393962
139294479
142316834
143400184
136154921
136155863
167928366
143227909
158708931
211306355
229803422
161257409
209935413
209988934
191909670
141349086
158709704
158227128
167419323
173393804
136155806
73639127
138771951
177735250
142781721
196287886
158390519
234033363
157782101
193788350
230366618
39534824
69701611
209982976
209982846
209965305
2086681
137719083
141394257
250373836
97850275
248254051
216372799
87533401
202802251
197007808
140938692
187622722
205040000
174066544
253276139
190087683
139491800
148077257
143171658
173393632
152448628
167952646
234033176
136343522
2622043
2623541
149193921
5078133
242528673
242530286
143400252
143400258
140939808
167382317
145619996
234027221
123861947
44580030
164762951
206335584
158227408
167146227
91606795
13408702
158390750
173760295
206335546
136467672
144923504
141015510
172938851
151702645
193788567
213927842
161218060
209963328
209973744
166502504
138382944
198112342
174318521
74845346
252726492
192952412
235856589
212555962
564671
75374851
195853997
193665994
194810978
119914773
159960550
148702570
143227811
174317711
169380528
234028040
158011937
252533177
167595050
153898890
177947318
77664070
106869727
253618888
31519885
192952368
196579761
78497267
174357874
248652802
203293803
114399311
169935609
173394004
155356154
158389712
175178076
144709832
2622057
228638351
173903234
59467984
136157060
136156952
136156925
41932993
214354823
140441489
202770436
193789096
209935307
209959595
158390371
182556500
137524787
96301080
173738370
184047119
119706989
252387303
13408620
169280299
57398117
57449762
164601609
139491960
139491856
168497651
140843639
177908920
22819127
214067714
242530143
136155114
136156728
143400158
143400212
146380160
150866059
161257290
160850400
234032486
148698018
169280290
166461560
140938691
193788071
193789384
197897089
209934141
209968776
209989006
174037372
54917614
3679393
74003149
169935568
176590469
158227075
143863055
177908827
181153300
173393960
242526534
234027339
133091643
2088885
143399926
234030762
164542295
143862730
77664040
193788304
69701571
210004112
209986779
208658147
133785436
158389557
145620209
168791130
136154840
136156804
152100209
165684456
207017146
167146208
143227191
143228189
2622007
147105189
143291846
161217729
143228007
139456679
77663976
209986207
210004357
169936127
198270918
77557174
131392588
202962228
179715897
75775647
190621603
199538254
213534455
25982645
197007877
242430416
59230517
188696829
153898545
158227066
174066534
399737
57449731
45322692
155354698
155356265
168498741
165790027
169467315
145620340
148076097
128724421
167928639
168566321
143227800
169338776
139106048
88191760
143400219
143399691
136154650
143400008
242530713
153273993
114887931
1342625
133005888
161217812
139460576
139461808
158709821
234033328
73810309
242526201
187154311
193788637
209994557
209935308
212255345
173760310
166448980
69699945
211306357
176791304
196051504
248619470
203293826
184056278
35460650
57487339
57398007
57485269
158389870
145620754
170994869
149193837
242528445
164797690
164797593
167952428
138765754
244331982
32283563
94727038
247657374
35612623
102050081
74880791
19750875
101552506
150173751
102379097
2450539
214856970
104807031
168077099
172565055
3525963
107574662
125603546
209609976
136540131
215928428
109343939
158226650
225970761
198932928
254127204
4065679
199684481
199236311
142782048
262066069
88992773
113400797
105220389
1197333
253125412
212922232
173428116
186863003
47100006
243032843
130327901
113170988
198934989
128724779
106806205
248394823
197953811
174248324
150003560
207640979
120336177
104134803
178779133
111515724
144198188
106869986
242105976
192881414
150145632
207640833
96437621
213573162
205515103
4789295
2420665
134332683
117970677
171613042
119537645
76796683
184578375
133091948
71079735
185877767
123862036
153989328
260805508
86406615
194130638
144241662
161968365
152709485
150174336
136462624
131392540
87890643
111607458
52251572
94306054
5466525
139149105
89823066
34644870
251513352
94306089
207641032
177212579
143863038
173955963
53747620
127015470
112729386
155785192
155785690
219134768
58734176
143678860
137981418
103259074
144637662
156298884
114203350
167594924
179717850
122425774
72225551
97925530
207640932
4110129
177735661
192560410
117833627
201917414
128724357
247249042
58736928
213765498
171612917
142081169
159765978
181183584
26313186
225915521
89612008
111607445
155785236
155785313
164601644
128325871
147918718
83933927
135370645
1215607
111607581
116756354
212257802
76904826
117318219
49652919
154313604
141996508
168662866
143921400
150179701
217708760
67909734
40924089
247792898
121099522
147918813
177212432
213572666
56844235
26216465
83933442
182545668
76793312
143863047
57956557
108971538
144199391
253889559
107325936
115530023
163543817
128326782
158095275
209300237
168663194
25687369
254181581
93413873
142555163
142391538
166502545
152046976
119324094
249035926
149688054
254022600
94728428
134332461
207896687
94652992
182545247
210284158
188568628
214856661
261975792
206307551
115096266
164353072
186435891
203261704
94305942
198933180
136462871
109193603
247017168
247017174
186253586
187578951
27598571
113459501
254138379
136463045
150178777
198933120
28624369
196480499
134019628
75401378
204645573
102378785
204309388
204897969
113170796
177212476
76819944
185877989
97044541
58888597
77654990
204645581
163543856
164601756
117046669
178100359
204063188
153254271
244331970
4822967
147389033
199962562
159035459
87214599
162825060
2267779
87214515
117048253
101465191
187593178
114203394
144757209
37869703
113400822
150179730
83931738
182546306
199541865
1360027
179796889
136959511
118680862
158390282
114783522
113170788
261975796
151437669
122417175
110575502
117688210
89693421
88999741
156299859
213527829
101253129
43888022
137208364
58719908
179216691
197852527
136462610
150173592
198930099
150178794
112729372
83936609
142030961
53221297
58957800
151585588
247813824
118315002
120047154
106869993
174423326
856807
103102873
119537667
144339678
3838991
44550233
112055024
205816375
106006186
191752565
49305929
196215232
102379076
148700030
150173633
143679056
207640973
91485000
248546942
143679168
247017160
164553743
190233605
171934768
131816542
113400809
144339392
800268
1360079
47100646
131817437
213573418
48900382
138481692
53918463
161532864
5466529
103259035
143915906
108773772
120047356
117070979
99886320
240626610
241911808
91642703
1013142
157481241
96660448
166461778
193685941
139053729
186630378
115223228
136462870
58799919
95550965
82496807
180963485
173889119
147918633
119364479
119537652
6300057
91323428
76825083
34340028
912403
118680613
247785100
1208973
36697359
156299104
74285590
94306069
136462643
106700498
136462915
208206990
155681096
188543353
119692221
136462647
143613280
207640930
182545334
182997313
147918919
136728788
76824443
136728095
37869991
94259446
242659111
137486448
55480910
50715701
252279274
188445966
191507198
211913275
197975148
106869749
217921304
242091559
94728152
150173427
80439294
186435668
178779135
192259000
83933569
143921599
136728732
17604307
83933279
134364082
250077739
239824348
155785410
155785238
155785330
479909
202664288
33457624
78494999
188428520
103103297
136540048
186435483
214604926
183312421
185024249
94306244
177236298
51593807
94306266
109772860
217728214
145031110
155785220
143864136
131816469
143612797
32226738
114203347
201692716
14003269
141343643
113203364
35931004
170915260
144758056
19781910
249035483
37893086
123861521
159884287
4783007
192952440
181183610
192952450
241913210
7976968
262757748
187621626
249252640
213527805
184637855
83935980
153545694
171666821
6299755
133091976
209300556
94306319
171666819
251749873
191412096
155785692
2089159
135754624
141343599
26771377
173737848
37736924
16052721
17635512
176509804
216093290
62336849
93404721
208436611
177275062
54063912
4135839
74285872
37550772
22258448
217613058
153545581
8834828
169493920
150003702
168663559
7772127
209299866
188168985
54033810
20021181
189151761
26218812
45832109
4137371
208100775
199236229
89054049
155785180
59306285
139053456
82469615
185598004
180922685
150003628
172907951
182545489
86152467
150179038
17603045
175781004
132020596
147918917
180322553
142555219
158210355
94306025
207729432
131816419
133661537
58687511
4782977
72456951
159897014
73094846
179796775
147919058
173519409
1208995
17636894
43313135
153861707
143906586
37413725
186435674
23811214
113968152
87982607
74308129
34737416
202664277
202664279
13637199
94728917
62885867
32226281
68124659
56048729
156299001
156299070
25689212
49306187
15091769
162167258
155356829
249966281
108970336
174537199
51594780
144341440
99886351
1197347
1215595
170337282
131816947
26480049
15359518
213672495
44572448
180322895
131817102
144757423
127881449
150178807
182545235
164568286
152817689
242502755
27644852
106806406
27634723
57913319
94305894
42869891
247249530
202957538
711146
193667666
28309787
143678642
111607499
196049573
143921430
262461396
214584384
106869855
173359759
25970149
4132997
156299235
242105303
56048519
3525977
205039962
99512786
182541798
108256550
887239
182997390
217613580
134332516
83933173
182546256
173392503
118989360
155150922
119479504
168663187
98738450
177221922
168088663
187578959
174537016
37870206
83936463
174537054
185877758
99202596
189341798
182111060
4065625
1215611
24366748
147918140
147919166
161968688
247017021
147970642
37870225
94306288
20282848
37869824
10028525
94305896
68124200
50090784
50091531
4065643
158013929
48102626
21860064
125603998
153545525
143679095
249484881
252757910
25617454
171515961
200631063
1084416
67205247
55657101
141343652
86213670
1360083
125394041
262757766
48602481
96421634
6088311
182820457
137995352
154250078
182997276
150173403
182545828
155924853
119479459
109853530
849958
86143382
19596736
177221834
23839058
94305897
160074354
1360077
172916174
173955667
138381881
247253372
121554665
212261446
182997394
119479477
7029353
136462899
147918712
131817130
113400495
99202433
144333580
250071242
183037755
257915766
50702968
139473507
108769398
42189154
152101075
161246127
192560391
105226671
182997386
170337580
170337521
175573298
6088309
155785256
136461619
171666709
111857890
129421829
195919438
121625859
118200354
152046990
48900070
155681147
119623067
116976383
163543671
68500720
94306018
131816515
96867628
43113244
31129660
126508499
33431663
44580675
181119230
143863926
164602143
144756316
203291445
127881530
83931722
147918852
150179707
177735412
174537416
127881572
177737439
147918989
77447431
173719125
196148528
74361818
166339222
168663016
172667575
125603939
125603645
158210456
254022587
136616441
10022234
136728273
26759731
76826639
9999546
2301451
10007378
58615020
94306117
119219211
94306100
138504834
53579266
47349277
28323577
99413792
46695792
67261339
58811615
87982609
78032591
31129260
51422041
83933904
57205898
147919078
973293
37736930
21553216
144200270
15021295
121980535
143897716
117592852
137995904
173030843
37869815
137979005
125603375
94306065
28305734
10022045
201074183
171612988
208430218
209175887
11667067
120860164
36386291
37869774
46188671
170311231
177722903
144756531
2089095
216125873
181454349
114197682
45213485
146362411
247790835
37869935
57680380
254022590
254022633
37684839
127167212
19780222
222386220
204645569
6088315
107325553
143678529
177500705
54363391
69845305
104135379
49016766
202664269
54062599
55335447
181183608
212051415
94728539
204069539
173428980
195478252
173911451
214889744
173914324
196049400
173428523
4134863
242090734
199631104
156299052
156298846
152803248
41430934
163476551
17358903
95295464
77443631
202664286
106869865
73573936
103076754
187622641
193665942
57639988
213527817
178043046
177736994
92555185
106700492
146992154
4065649
90461031
149574260
155681078
8832700
177736426
175168157
94305966
177735218
205868397
14180144
142031856
144757869
86841709
211303491
2420675
192560417
36326972
100032338
94584242
71754041
100128341
1208999
229769661
89706824
193771252
184589188
114048927
26745380
143678292
28057521
143678359
120476015
143884354
107325990
34741006
103265026
32226422
48015569
96414822
196832223
83773586
7935008
887207
150178783
250341539
137966649
140331451
155785190
155785344
155785474
155785623
155785173
155785203
155785334
28922806
247017145
15908702
155785702
196544984
94305992
4110127
88262140
251749474
150174213
143921683
150178809
181153498
150173529
213572212
164568307
212261321
182545844
91247438
28884543
107576070
145134784
168663263
156645981
114783556
142834360
143863965
83931542
91630645
149574496
76497409
251749105
3854567
168535613
136462914
10021956
83931891
199683784
131816875
187593135
207641028
121553902
150003459
800284
91323347
187579047
118989215
118989387
80368064
181423289
151708044
103264928
202664282
37551592
68124655
188383673
242091986
103264951
193665935
156299579
207956880
19776336
196480581
77241955
1080068
193665926
155351280
113400332
7578609
888381
183312590
185239188
213672359
113397427
849950
246772432
175168209
188940894
162385044
171612983
94582355
171199134
175103397
207896998
195714867
144960817
53918782
153545770
15099082
2089883
2089173
119220257
94306311
21929045
49302230
479908
144758057
107179227
54919212
94306091
23417912
7970016
216897569
17009277
162454348
114048366
151708921
204230534
176769908
188489017
50217960
41375331
125393757
94728513
32226697
32226353
147918932
144342889
182546356
122870375
39172369
131816824
113400533
146380643
89613164
102378441
182545790
177212428
57756415
73242058
207908942
8835562
47099841
50090117
136462902
849962
158095553
83932214
171613290
179376086
83937046
185751354
183312371
164568411
149968836
143884382
14810346
136350461
102797365
132206035
127167252
14132955
202664267
262526784
142031617
103578864
155681167
136462898
168663001
94306000
47100616
97488856
109343925
4065647
4065641
137948786
102379203
203999600
158883266
58341456
208432181
1197345
1457773
144341866
149656550
2089821
96437427
150178763
6088317
155785326
155785216
155785213
155785212
144936783
182133801
140331433
109772862
138513396
109890577
76794979
2089145
77706411
253312961
247249486
84211118
71753947
55201582
245771464
123861768
133886725
250565488
185990212
111579849
54635343
1084418
102378425
199236297
249821160
37156224
141343666
242647792
144756297
174652047
155785436
155785321
23306386
26772463
142386211
240627000
182546177
155510621
215160767
45261364
15722489
115105190
92553473
165701268
114037861
262295338
55159980
1360087
181183598
180963487
34738807
196480370
204069616
15668699
202664284
43112727
50217889
32225743
262757696
77155610
202664271
48014356
14953642
14953636
156298976
4168825
96416225
66468644
106869988
32226453
247775139
242101256
49306240
103264994
73278241
108256414
187622692
192246071
192246081
192246078
192246039
213527811
213527806
243002923
136463029
173889117
147918766
131816516
182545282
179064498
150173631
85553925
136462931
150003488
191826735
173955598
143863331
116598590
150174280
6300507
206862149
56063553
8001029
168662790
173889059
139491563
175143218
247017018
157567968
134300984
3525979
247017041
247017181
136462905
136463041
183312459
207641034
213672407
207640937
208431528
107482041
207641030
31525840
113400862
114203363
168663276
115096261
16173778
27651303
31129309
150174240
182997275
150178791
148698435
127881221
121625877
134332497
208207193
164541147
76481495
72715508
1457769
103259216
43673331
2089193
94306015
111509593
9992395
20996082
99200635
53035604
113952087
50097058
51420193
136616412
42869739
21931412
27639447
128823533
36638945
20596603
43673060
119446132
135388001
248880729
1084400
37736938
1084398
144522847
152919816
1311311
7581139
249820249
44912270
16174625
10399377
127190309
155785401
174652011
19779563
199709570
160074370
171666230
36434125
42688640
800286
58163231
87546717
113400844
52611421
213920197
117642022
143678616
93225400
214837783
89823793
54063847
262757746
206672774
254148799
151708587
119914765
181183573
107443143
106869739
173428988
253130304
253089501
213887418
25190031
195968464
37870228
103265010
53631874
49306310
14953622
54139520
193665974
1360029
14953640
7606649
156299595
217147040
215101460
201014776
187593163
217548850
150999250
206548604
137181996
216380452
175535000
158709846
182558547
182558706
156646181
203983950
201014255
146380722
249664457
213881935
115225006
171666381
252015414
203842987
198977423
158709934
138901482
142812845
119692822
252015516
159973413
145412235
193890425
205767763
145412497
193890496
137181971
198199447
148699263
137181928
225207690
158708693
133712785
145412097
204929179
137181919
112134776
201004320
143612173
193977629
141905867
200521814
201014218
198085498
142857446
143613749
137181973
225970837
175146971
201014510
139561681
203821409
198956568
171666240
182558708
53642517
202428813
142815404
208214666
252015257
172158794
209602991
115878237
216517524
137181998
207316724
254672306
149968698
254904236
182558601
140323715
195477322
169936170
215101722
192156633
183312521
172343173
145412219
206483461
143921358
142836064
134439788
149967872
201014204
180940463
170869923
186279193
172219578
174220871
184669676
193052787
142811280
204927672
91512638
167552411
206483608
145412281
112134926
255071757
198933025
178102257
192230455
215702851
212474716
189459040
170337634
248591890
140331471
145412320
198084597
200917386
149968565
144341263
204610915
225970758
215101555
202152452
213572747
187088369
213572869
171666335
188323383
133004913
247906878
174609775
149968361
214910758
143612419
162530283
55553460
158410004
216336133
57646916
182558703
136889517
158596237
200621459
213998400
175086533
204616374
180030148
147816477
156645197
199143928
144324271
198575294
25982626
207896987
206483497
171666823
138839526
142115663
201853417
172159002
248400618
206483460
206483432
252015168
186435682
24831788
169493864
207565264
149967909
149447362
145412028
147080149
191452612
225207887
216380414
167119597
259534005
187328833
144197658
173153312
209176573
145412371
201014168
214944303
172158957
140147976
148699672
212261614
247677317
189157762
207564783
155314599
148075678
217145509
176081025
217155162
208527621
225207725
148698665
182558216
157803656
141356405
149968898
213672429
246854160
145412434
208526819
198932992
115224651
214618995
187598487
186630377
215197624
196294993
166005637
148076437
202412376
196838284
208193856
160430915
214076694
204923757
261977271
205039972
207565183
201014746
174248364
139227184
142392394
142211588
201014692
160705570
184589042
207564950
177212624
116398070
207208306
133824729
149967882
148699491
150862453
147894219
115224476
184669712
142211954
186630634
206483602
83935441
153981540
212477339
210399744
199649289
170337277
136382030
169936561
193666562
148700023
207565326
205585867
152380424
252015130
207230233
197349596
148700607
143862840
142834606
142861034
207564604
134507582
136013094
145411450
186843041
199033998
199727961
205001702
198411883
175831665
198956427
150887319
188560737
149968487
145411644
137846966
216380437
149968524
222620209
164538468
206483535
144637658
202957534
208527133
209603049
205231475
149967780
142554824
173394033
215101466
55723457
252015513
207564807
144480157
149446933
253331597
57703206
115222518
204338386
164536616
213876800
207016596
208423358
186269038
36376692
196838125
225208014
174280667
143678241
247308122
243808117
196028140
177941389
168791114
115223077
140221711
143613779
208217967
149968931
148698971
145620466
144756846
163543664
145412426
207564562
209164874
188560778
165911153
145411479
206483489
201014076
149968956
247261588
143612226
149968043
170337827
186253535
181153319
206483470
215119269
215120050
247017076
177778826
252015338
138211591
206715941
252052829
149968228
181802647
106325600
206636473
247906742
143921270
201291073
201014473
206483599
137996572
172158982
172158906
167728194
201014432
188560719
143612337
149967993
219224027
148076784
206862241
52673690
156646258
196732494
190242146
117775015
207243702
149195519
214608783
206483517
128327534
143862516
158224599
143678955
143678274
136728504
202346811
251254622
139461671
250058881
173732427
145221845
214050504
158709744
129212267
197665163
207565242
193894367
177737178
206717292
204043823
206123820
185149670
149968392
215101490
181264533
143613660
206483450
215101721
262822076
187606322
156646791
193762867
164543315
156646149
146493524
259520457
163543888
205378300
225267311
199169468
179376555
207908948
149968121
166005678
146919809
145411765
151818921
206483468
142032221
204640406
139229836
214936945
208401270
247811700
255076109
204926961
137118583
225239036
149490983
259771038
252015151
143678794
252892521
203201395
247854186
196919581
145411951
214754798
148698950
145412473
137181921
170736920
206483514
259770860
247906612
221226531
204624352
206483564
249531514
149194507
145411597
149193139
145411983
250341513
158708449
230201046
171673541
172159016
117779313
204464127
147919122
202957532
136405078
45388376
215101576
217317491
247884808
142834423
206388520
158429933
145411970
213971833
145412369
133811382
208527172
149968914
206862063
189147093
198956379
153821020
168521924
172841130
57884471
198230170
147816903
143887041
182558697
34737255
208207002
139461217
206483474
230199931
208402268
204562927
149968200
156645813
139459352
177164058
145411973
208527772
198411960
133661545
427251
142316866
167659015
169936113
146491620
143678236
149968551
202712933
248395956
171660294
201291868
252015123
206145561
126917129
72510603
182545746
145412314
196838021
143713970
145412406
213572734
213672432
180938316
169936101
145411439
72763305
167146241
158390647
143613601
117778924
117764231
176849429
205816550
179748278
251383504
215633790
132356509
149968247
195853945
206145559
206145563
156299741
144758221
145412425
145658801
145412257
115222885
143612051
149969023
158709798
153584708
243084390
127880697
207565122
200843483
213572185
180935094
172159055
201014399
149193464
207564803
149194045
23348135
153368462
195434849
156645773
156644937
146622187
142834536
213672414
133005943
164805722
145643151
173012590
180953953
144759416
201014319
175978492
166005566
145412063
213713663
149969014
137182076
196005962
149968634
204461258
145412452
164537922
144756106
179404927
182558480
134021846
247706548
212318657
201014420
181799577
208077484
201014378
230199981
107016387
153368490
201014713
115224302
203553777
193890222
157567965
180722120
72686288
193977593
166500919
147105829
182558474
145412432
136942087
198396640
206483598
259770961
133431971
149968452
196047374
249531887
189867830
180940484
174601062
147817026
143613202
213572607
213572534
253363372
144467784
182558551
200771632
214910315
189618714
142790103
155314476
91512602
182558396
208118658
148698822
148078018
208449798
196058336
177169107
186630407
204660506
196021871
142031843
201249008
149968516
208526599
181423380
133546244
133545980
188189331
205231473
94878613
252892503
252015125
145412057
145411412
182545760
144757448
149968982
214819382
177737142
182558333
206862087
145412027
145411966
191751183
136728621
259771190
153407253
138603245
214810260
252316845
149968631
192246084
262082550
214602800
229732489
25986669
204437385
198956384
143678802
206303784
143678364
207257121
213573211
195844924
55553599
109372505
215101508
8002624
184698248
9435604
252892505
215631995
139223002
192714082
145412052
198956561
147816440
166502528
149968991
189509076
191081883
248760135
252015350
204464439
136728620
201014386
183312035
145411509
143612267
207565393
207734509
166005812
145412444
145412451
152448321
208527354
252015428
254903996
262076482
208123259
169936000
144196861
208916900
204413286
251971214
263304062
141905858
148699744
142554971
149968592
214931079
147105500
188560744
215122013
198029650
252054230
145412519
145412079
149968106
213573196
170736900
208401641
207564688
115225029
139458538
139460333
142834497
150173532
145412093
208413488
212261640
229726561
252015460
208526990
135816081
188486537
109372503
171667774
199734292
182111027
177941387
91512605
145411548
208631949
149968321
146094805
177726978
207564718
143862791
182558300
213572477
122271628
157568003
208423256
144053613
179492662
149968178
208207080
212319192
183312467
144481090
259514084
170337530
174304633
143678920
143678944
186862834
252563413
188560676
151575424
172680956
169269184
203207296
208526524
208527693
189618692
189618703
213573160
186387452
149968282
136462577
163029664
149055555
208123208
145428558
154722190
252316944
169298526
193762832
204310731
145412503
143678624
197644130
203213219
250188733
203293978
197645095
171009187
177941385
80535744
193665930
206112152
206111768
215101590
171676410
174038110
215101893
201941731
203393220
158408939
203155628
203905203
203110088
107016385
163907952
169801944
249596842
189574434
172841030
143863283
150889962
176474622
207565292
183361875
197778630
148699152
182558407
212261544
199681553
148699509
149967803
148699541
130948282
208227871
140843720
198412548
207564927
147105582
213573289
156645519
158708545
197684650
169280324
157568125
205951290
248224070
147919145
145411438
148699439
205620225
145412067
144227967
145411435
149968354
164048542
192156139
143863706
173393859
182558276
150178826
213572870
214933690
145411752
147817035
167600079
217570841
131817534
185751328
207564499
252678761
214916832
225207956
213573480
142317154
139459245
144467934
153981241
136728122
43665773
202703107
208527096
208526346
189941155
259513428
48314399
169553250
145671508
247906798
170287968
151548603
181223390
175086591
136873901
217480796
185808991
217778507
207017596
252876280
143678399
143678854
149968658
203293851
215101825
206111736
191298273
202492569
202495019
202492229
176081029
188383675
196051053
196050162
188383677
171670414
202495665
140580533
171661190
212555984
171670560
182545993
188299128
182109031
214199869
170282989
174173079
142555143
149448460
207564430
164808343
145412392
208207093
176463437
214656844
214936905
181153561
173034838
183361846
144379084
202419154
149195063
145412574
171666708
149968430
201014062
153545611
207903354
157568447
139458518
139459416
139460017
139458912
39230194
192737499
167552425
183040278
177911837
202957497
75184400
158708473
143614084
145411700
149446601
186862478
183312205
188560746
195339299
140094907
220667287
145411491
193977681
149968463
252891529
205829280
208527069
208527559
186383041
253193479
215632449
196226077
57666697
142840048
115876498
214916650
207564765
262597903
149968616
158409862
149967988
199169053
199196196
203862397
203145341
73436949
73436947
203092529
203147334
195853951
196051582
193665932
197644874
188383683
203149871
203184158
202640699
162117400
230474980
241892147
207332483
405025
181183594
195229469
193666568
181776489
183312361
147918532
207565387
207564818
145411623
149968564
214050094
6991117
149968348
171556645
143041214
149968629
149446893
208738604
145411869
145978309
148074638
207362757
206483448
57885273
136020832
143678928
101317468
208206927
169936323
207565534
247017118
190082311
152100798
213672440
206483561
196078503
139461507
142834709
213490982
186204272
151818310
144351920
206134576
212602738
213690871
149195159
182558259
216914598
145411512
207016701
144227853
206483434
172158970
245766174
145412341
169936070
208527167
173424934
135812721
259514017
196225110
199566298
179064471
191548267
207271360
41299134
181218562
178711467
188483846
259771005
259771013
92555170
201568604
203318392
210407113
171670980
242155814
202332384
204439371
210516451
48016391
38111190
198575316
221226056
252726424
86533595
115783606
177941393
189574387
91512615
205831533
197778612
144756466
195744945
198396382
145412132
146380968
212319041
149968791
186117645
143612404
143862787
212261437
150173594
127881368
143227187
143612345
189867428
150990880
208433183
144621353
124887142
207017907
213572917
189494606
214760307
148700468
214822980
145411711
193890542
147918850
166461522
115222577
149967827
168858443
182558370
144481669
145412032
148076892
181995697
148076688
158709076
164542448
139461393
157568562
145411785
248180013
195821428
198917055
143678242
252054421
249896820
247017004
213572872
246850991
214933660
217103007
252015392
158708481
201014223
249531558
251393904
250142875
158708435
203859851
208217599
117764205
252015215
248238034
225207957
217155111
262294414
262454040
208174612
253072175
252533914
215102092
215121926
251537980
207564585
207565268
248215972
252563307
262483264
262478492
250058906
139461339
250058882
262595388
253620784
262483955
262727215
208526365
208526281
208527300
253621101
262720948
208527180
253175851
249944729
217138662
248989822
248986141
252015229
249686521
263272970
162530182
263066143
201045801
248651892
260941390
198412463
263351786
263347810
247820219
263410464
263496954
201014952
263482363
217335708
249684635
263498419
113061754
259770973
249941138
249941131
249684503
249684515
249941143
249684581
263060346
208675714
217520478
208123417
217520519
254086112
186268448
249062489
199179163
263179741
248013076
215590290
248013067
215101743
249177573
196049859
196051824
248325951
215101463
216255126
202485867
111466119
158224535
117774992
145412282
149192939
139214618
139218211
143612587
169299840
213572576
186435486
145411764
145411955
149968109
194567446
143613281
170337478
139458707
193603321
187369363
141322941
206483589
136728413
168650163
207041903
198966611
143679174
206303714
42684734
19923709
178740249
149968427
55553611
49379530
193665922
201002333
252892507
201566196
171673654
262423923
156299853
203115338
201942078
145412153
156671453
107016389
252015255
252665783
214199863
195853953
6991397
189391000
6991363
143612249
186188777
149968401
29403623
144197371
149968157
143678528
196051055
196051826
70203102
134296065
186435539
146380083
144339724
149968671
193890448
182545550
136730979
177816436
152100368
143613639
143863404
139461974
137996196
144199700
188383685
193666000
139461461
142554847
164541606
139460801
168790893
143678509
190608005
149968680
156299886
122273579
144757764
149968843
149968152
146380343
185751381
156647064
139460779
139458748
144198764
203156197
203039697
263241762
203500013
252784394
252784186
225268343
263357565
185526831
247901815
263246326
263655143
263597221
214199849
252726520
154445628
206236992
251264413
213491014
214918350
249684557
249531689
252015155
251591108
252015472
252015079
252015468
117764362
145411847
201014576
204431624
249531624
213572933
206483592
117773989
214660984
208387646
213572732
252012616
117763595
144758991
214614670
215182722
206862018
202957554
117764175
213672409
207564796
213919825
198435315
195574045
158709721
204765988
145412272
169914055
208224627
213573046
188210780
177516974
250058886
250058892
115224765
204215751
198412272
213573257
214911646
249684638
249684617
248590987
149968455
174858066
213490999
249253323
207564508
117774449
117775127
252077803
158709492
206483876
213573511
206218163
145411749
204624102
117763753
137996373
249684602
186435869
213572147
207564597
185711234
6991511
247402975
213573486
213573496
213572858
201071358
207565244
117773944
252054504
252054654
213572561
248783549
206861808
213573305
139462189
214813028
215197634
115222541
172385836
241791976
198193471
240649659
214933332
214655296
207565215
145412155
214936853
210952974
249684571
249684628
207017177
205504869
249288825
249288823
199629840
242616673
206231587
213572457
115222729
145412001
216184220
205515120
214823071
117773869
225917102
197849859
207017843
187279329
143855034
142834746
203391375
149968880
189867798
158892876
150174365
207564908
145411405
143612581
200671437
180940065
145411954
149968212
153877097
197861819
149968950
128327724
143862926
139456945
205516732
207017795
169936128
252015225
171666715
188560723
207783779
149446729
205069892
208681068
146380838
34741305
149968293
192156281
147919151
125603657
164537519
142834810
145412422
144221678
207565185
144353478
147726533
252563329
214884645
252563320
252529612
252563302
249941136
249684562
252015247
249684519
249288829
198412143
213572623
252015108
252015487
252015479
249580636
158709209
117779244
257553035
217442579
262484737
253412169
253077001
253072174
253072294
253073562
247017050
247017028
247017078
197966779
253121419
253215605
253331543
259542031
262487366
139461772
252015095
252637097
208423337
262482056
262813325
262718387
249684620
263113326
263272372
252720457
263301022
252721104
242730766
253036748
249851875
208195222
262076503
250256578
262589855
263278383
263348033
263410496
262911789
251401852
263497555
249684535
254086108
202706409
190608043
259771157
250198218
249684540
249684546
263483084
261803300
242100523
203069226
255179311
137638679
248013069
206127731
200917488
262821731
202495589
200917306
203213297
202485942
203114844
263287409
253622035
215101864
213573310
263482406
245790406
230365422
263482634
263264626
207664558
252563309
231269129
214656573
195520167
149194722
169936303
148698721
149968174
143614015
139460548
149967875
182994543
144197394
144196939
143678308
139461236
147816968
149192916
149968625
148715199
149968262
142117016
149968604
135812326
117764653
149968611
249828525
214939004
249684549
213572766
117779301
214933634
117764303
201477421
231269465
158224584
213572231
213572553
139460620
117773996
242656617
207564817
214805211
213573404
206307598
213573151
117774265
213572612
115222516
249684592
144480217
158709074
252015107
207565139
213573304
209391533
200732919
252015157
213572320
249684521
158710022
117774492
208634224
115222511
206483527
213572812
206862302
252015544
203856815
207564511
252015440
252015542
252015419
252015221
252015484
252015202
252015189
252015534
208206986
198412052
252012876
158708489
185149721
207564620
252563394
248654242
225934065
109567905
194371371
252677485
262082390
249686138
253396261
195474412
195699009
213572955
252563475
259523981
259513112
247013228
253040501
207767263
133092677
208600445
183312332
119501534
190621545
20243161
193557546
149195222
216450264
240365582
52050337
248802755
36434606
182967945
191320845
167382604
184097820
208600521
253265334
184846327
7094965
217443305
133092350
144079595
249032881
151818047
217720805
259770909
68985192
248590142
77546328
204807904
182485598
36265515
215101539
143863100
215593504
52004605
133005952
252887336
215593583
190621616
150936593
208600273
206621415
151818250
217186823
217155287
77547867
140938616
74972987
58868537
242098990
85296312
208206928
77546533
159247172
90752473
109571686
141369210
213684409
215589116
15942222
208600629
146403842
136728773
206636497
205510484
212562604
217186844
190621578
168114420
255588595
162383881
180993333
148074818
206634441
209381817
66726209
143612047
164543146
214785210
217721058
56943663
216903339
123532387
122072350
186863602
208600344
123532755
251508855
133092165
195189836
192860826
204309414
252862044
58375198
23936775
213927918
169518586
176688382
216378896
113106349
28367527
148699189
52581779
16092633
169476189
160881403
164542152
764340
217475927
249010229
15128075
157568396
153981442
217150100
81514109
173877865
183312415
151818432
249828484
217720926
105302915
259568377
66409581
14999900
75740838
144663460
175193669
143887314
208423126
147010795
217720537
205850487
122642035
16738095
198340141
50240121
205850471
206640946
169514462
136209434
143847687
22967484
113400492
73236389
162818850
140938589
159270646
24900574
136094490
136717801
113400422
173614338
244133688
120833375
11990378
140843608
176120573
180718902
142032640
115222745
173871325
198283485
127878984
54057928
1814781
130829348
16258578
247238439
242871885
217154139
250137924
50240371
200828469
123533763
145374699
194024631
143106093
213927967
205841077
208422342
90852582
217154197
55356339
73227951
253276189
208100222
122072505
144342228
177273112
215593240
143921522
123533868
154155343
173393462
143861229
133092670
165956525
144321142
144469988
176125634
205829162
193625575
185864346
217183506
217184174
217475547
4168711
144250831
74403853
217150096
136616402
50240768
2098907
146926564
167382616
149194434
191825828
139013708
94583484
68293418
143083237
253052950
143867073
40724158
215101684
202460339
144469997
36827252
205829304
243742912
217443490
171663297
76778251
118235620
88001202
152644702
259770970
144171547
133005585
149658415
159270982
162752251
180993079
75327636
157398995
217154922
263060867
249962357
142834540
113623726
165747220
159270645
172126285
205829331
190455566
121488502
253107155
144039878
186288520
143077730
147105689
35300715
35350436
41823036
112947409
147105437
107100091
158208701
192258520
16518795
152357955
208600594
215593515
202341899
215593225
34158856
192643006
103474217
180016232
16858895
145620645
180993074
196515608
253192733
204309406
141322617
21559110
58698174
151818506
20809165
52028621
77037842
251453619
16775843
217187027
122072341
81513552
113799227
144470465
188316732
217476079
255588191
144470413
212236813
151818905
36306930
119023191
162521468
145376819
16553119
208600765
206640912
144296969
169936051
142031043
160392999
217475697
173614346
49306400
34139079
115224647
176120422
122363033
148804381
53026551
158208933
176121409
161498366
159270871
147411645
215593562
217475960
94064289
125406218
188623510
56272681
73578145
55137007
152358423
176946124
183119265
164454891
136664335
206996435
108364641
38062500
204923089
205829197
205829321
217150300
217475608
50561213
133005858
140938698
56084499
49306383
249577397
120170733
147105409
157491276
143921435
144470281
184787430
123531968
97925344
144470059
52599404
133780874
613061
208423183
197672881
113400501
36479874
119023366
202461442
76199379
159270595
108643863
113400531
171937246
183312349
133092610
75329779
167594883
144470009
15986152
14868480
217721064
215592981
45955948
142901099
217155235
205897595
160881604
164567913
127220619
144470384
213894107
215592976
119023776
144470164
144470083
215593001
55663012
199959033
113459347
62461867
144469976
176157116
169382700
114831492
253275589
117327199
41934561
215080742
110947226
214690963
133092198
148699660
129408690
259770913
49306348
249577386
35605866
112947413
144470316
98179288
217183665
89652008
83932634
143921274
208600426
123532770
156647102
252564797
16859308
217154924
217184261
217155028
140938683
45684987
181413801
417775
75357327
199536756
128328741
251254559
208600423
72518036
210428165
217475961
153873772
144250934
142901370
217183625
117512469
57024037
143921426
123533676
143921495
145394490
141658622
14996419
122286737
19841467
253276803
144470086
164767093
208422417
200932754
37522476
225207874
144470212
187593274
91613941
20882472
249650010
68152236
150873423
9839680
72511336
97106922
110729006
150936582
204309405
140938656
217720865
244690939
159271003
57492935
202860709
203862360
248521449
49306356
176145733
2074949
136484000
136616388
54466681
16829655
479375
169281011
123533469
103224179
110308694
119024373
160881642
176121808
215593317
10384602
217154997
217186877
201347409
38633761
199531975
115222540
145620520
116902680
214662647
1675811
217721081
119022802
66563698
217443482
53992948
25126523
164970527
110756523
81514428
178607628
206622232
119024347
113400536
22492897
145620293
193524118
97925617
173955019
125237223
113400360
189194603
205161781
205829268
90852716
109567722
202768048
15662939
58848653
140148388
147105148
54764142
133091849
164808296
208600741
152561816
74197793
122072448
262078083
122072547
144273740
50669611
187822054
207976128
185864186
123532187
204309417
176024416
242739282
113767896
140938791
159270569
208600740
184473285
217720636
143921777
160881615
143921257
14548866
217475700
193553106
14240246
96245621
202385213
253232073
201439779
190621549
162818927
169108838
58247908
147105490
143105929
55468514
125603382
198207811
167382536
127120321
182558654
164811964
123532927
186700981
215592986
246592939
133923149
217183648
217154921
217187022
149192935
293396
18549092
200039513
259568318
204374933
141906457
250347539
8342849
162217559
208600756
194066814
208423233
143613859
120047598
123532155
94585340
109949251
158604164
157978581
198879677
197189492
167419312
24970997
192156312
33651520
213927861
217475524
247288922
2029953
95149806
250201302
152630455
114788839
43855609
195983827
49306459
26211316
143921541
144470406
208600458
187726138
123533115
208600671
215160896
68152145
204309551
146381761
68108405
217720989
192155149
205841080
205829210
168925544
252357890
184295129
163029681
216903284
217187020
44184787
141629214
160435633
166037789
15206076
13287899
259568324
136988733
92448429
208600843
133005048
99690040
1992175
142834406
128301337
225207827
225207817
244691394
51726531
146492601
145411838
25024911
113912065
262812106
976546
199536726
213968034
96995898
113400419
1992213
176123086
165835028
186630554
208600356
187593113
213672448
52180224
163165274
138445451
248593965
54693001
16601489
216138971
129416141
36325069
149355901
200978519
202664234
192734489
172347153
104663790
162533483
123532946
162770565
188687959
143787471
144742593
126509415
154155414
196233920
106377849
90534975
217721285
72513106
251998006
173719341
249389987
26055135
143678232
113624100
180255797
262817678
170177641
16200019
76145613
145620228
147105389
57128509
146286419
162217485
195338550
167594943
160887501
147105907
75420157
138445328
122072670
122072668
159270642
123532592
141982380
123533924
153364443
68777095
109343962
24898687
23830837
159270752
102428662
52657325
90852601
181153509
208250987
10105245
58737346
203862335
78500411
253276824
21259194
255174176
153506736
105303037
185807774
244331984
255589219
113400615
151818478
127881364
208600572
164793814
147105478
143105841
166391962
140331413
74401717
193890265
83932494
55356353
136728371
182558274
123532410
142031670
135421294
144480952
180963563
262754809
247383699
200998257
217475283
217150240
217183772
192011762
253620414
259770998
14397844
111553286
191828819
49306437
184673182
88049307
199847037
159270819
160881504
148076105
120833618
144470415
115224826
28053882
183353118
115224584
208600837
144478887
52196838
184787109
149194445
217720590
108464502
149055727
217475981
217183500
138737170
181218863
53991294
217155819
246731266
15265706
144277002
126148010
253234020
205528571
215592984
198559052
34139035
85377195
216139122
146381507
3832627
144643726
112971225
95315740
23482278
103575879
202342059
185189909
253100393
250018366
200561097
127120700
212050509
216919952
116507382
57870655
91616636
204309620
181713270
183038528
121488476
28363307
55467236
123531876
186630533
128328823
197175974
136616418
215589064
23001487
155138768
217155276
217183539
217475807
217443533
217154270
217475959
184802845
162089203
152358097
16447067
139013761
89768858
200039260
162395829
217475304
129623991
174861427
115224851
108386085
123532618
204309593
35516039
128724342
142031245
896625
144366971
148699701
214214351
150351303
136872076
210762424
206713585
28631529
164552545
146380944
155785709
128783950
183271881
144470080
205162765
188785551
36798152
122189942
58220587
144470365
216903301
122189967
11990365
172427487
165701267
127881514
174051740
148075439
144756056
173393640
176024381
174304625
173393743
167382392
152636426
58978159
151818368
133091621
37869931
197788449
146919880
136540118
142834377
150547213
188318961
118694796
106913215
81499739
166501040
137995536
21199470
144339782
139053837
140843844
172208750
148700552
170490893
142554850
145912326
169936341
153545546
147918686
137996564
137126014
143862439
152548268
136343665
158224839
170141398
109344077
192008435
164435575
172802835
143226855
195912803
144480585
137994014
156299197
54096795
21373639
156299737
216380461
197751267
204824755
249865925
187913518
89882004
94728954
54028967
54028965
54008653
169129887
159259038
153411700
174051654
142834413
147816496
156644844
148695195
147816942
173393790
153876359
83937837
189671741
145620627
25622409
4065623
169936248
144757023
68420402
148076462
140843836
146380263
72511839
159692172
136728271
46267864
37870247
133005737
29624129
148699819
186276336
86063280
161217767
171931631
143226972
150713553
149193565
149195943
136717762
171666243
145412136
148698805
147918838
156646121
131816174
148698737
174639072
145411658
887209
146381086
170739032
153876635
168663282
148074841
154155358
169935840
147105191
166461447
37523811
94728616
166500512
141905525
175885418
150997154
165712839
148716038
148695965
144339527
188486656
144330107
143678353
138222930
136799321
143921333
143227880
173394021
147105613
57839612
166461543
139458625
133091636
148695097
190300328
160439875
254080777
173424812
209334954
145411442
141906444
158708906
148699917
143862640
133811564
181153246
133092321
154152706
165737931
139462620
139460772
151611524
144342758
72598635
143678647
148823408
7434685
54008651
171213061
158210265
142781813
148699569
142834647
131392541
133006012
158210343
166461524
147816657
148699198
138007354
54084855
149574419
158271238
185110639
151981323
153876924
168571816
176691974
160887745
158210512
133005892
133812440
179492529
167419379
158210187
158210257
161217664
141905720
167382318
161218285
54028969
148076341
166461765
142787289
141905221
259519112
146380562
148077253
148075700
173393464
136802830
167594962
180721234
166391790
167658941
148697004
142791350
158709748
230284812
142554865
213927778
134407560
144196920
166392090
53310863
94728451
148075601
198412509
159964945
86406630
192246059
144481927
148077562
173393839
173909540
151982063
212219464
151708007
193665960
143862638
216401672
131391466
204065451
186333418
155230903
166461699
144481421
156174663
169936604
172269332
142782090
133792298
80370581
148700418
159960523
74347959
169265092
143678423
7408929
197750439
139290249
145915038
147816612
199552551
151707958
107018280
170858472
145620778
158210293
143114492
170337699
148695336
169935806
23942131
71106694
217164102
143921587
169936095
171923956
171093939
54084850
73091443
158210200
145620464
204071165
140843850
181153632
155681204
158210317
156647325
151708326
144339426
149193610
169935548
106913274
54014700
54028973
54084866
54014710
153876996
143863133
166501038
167952504
143921521
162351224
173425027
163824864
143921481
139462588
146381370
151818251
182997339
133092792
148696090
169109299
172427432
169936339
140843775
139461493
136728284
136728248
136728332
131817170
37870000
139459348
174051483
167659085
147105858
181153221
152341894
145256356
72598873
15028281
146919701
83477847
153981538
143678793
54092285
53854063
94728057
197664926
153769220
107018284
151783580
176926488
140938704
143863422
149195233
133091834
166461701
166033849
166500891
143863895
181153239
139461550
148074544
189897061
158857142
145638784
12237656
158709051
175552822
155355830
147105143
142097636
10211977
139458978
134761477
132103450
173393680
143679067
144198903
146493467
133546377
4065637
206295790
205059939
94728051
209332778
196050746
156299323
54008643
54014704
166461572
139457839
139461436
147105660
166500883
151658759
193977590
142834689
151898005
158212716
133005953
133005287
193640737
175193876
12237674
176925360
137996391
133091974
169490885
146380233
182997359
144756568
166502518
145411910
161944759
162825054
3009057
137002716
55178316
103264978
222683511
249216912
54084852
54014706
54084845
54084854
137995375
126929347
133091711
170836967
169935906
143863311
146380202
143863269
161217630
188318967
156299793
167952332
172070062
143863912
143864043
146369490
156299717
139456894
140843758
139460558
133005723
148700402
149194455
169936205
161218117
12237663
148699483
140843722
146380864
143862825
164982096
139456881
198412001
158709475
158210444
149193288
198411951
205516559
199902261
216401688
198411996
142834682
172373358
155681297
198412520
253233341
262734151
188484617
253363364
249761463
151708062
250057587
248788306
198412416
253331576
143612553
243080845
216327087
249684012
143863929
170108530
146380056
253331427
198411892
198412407
168791267
262853819
263067198
206295917
249796180
198725000
212237685
249217074
167952598
172343223
149194852
216401703
174157055
139458379
138685438
198411914
158710010
185149814
249797460
246018684
222679698
248787824
209334583
216436415
249201462
217199828
257867504
255179313
253044253
216451148
149193469
146381838
169916853
148699758
172385981
198412345
191909400
144756893
212054492
140843848
198412478
167952633
254080784
249679104
205059360
222682791
249201707
262645826
262646332
262699851
140843686
146381368
158210499
253331434
172381477
136728382
198412059
139459071
262853821
257867522
249743300
250127206
204850093
171668221
48125016
203145382
121231535
143043630
128822606
169936148
219530795
32649374
215893726
23482299
249912886
202762647
193618793
202762435
121230399
201807510
121231176
131570945
214138455
217634683
208916435
201808600
199738658
222705252
73291754
157076771
161952168
142367542
137182026
175215073
173299847
214237119
197652764
202961559
150956681
207049997
4748469
194395767
208389075
204535824
58449023
173674484
153262233
173393954
58558883
198542353
193417504
250112854
208305845
203126096
173768941
162387293
137182025
164536652
196025309
32657261
163574350
148006536
182100343
65167422
208416773
152405683
206482194
94674238
200762173
204644687
148007133
217479654
65170529
214648710
191925662
249261917
148871790
214618681
208650202
200038477
121230065
163875831
242192641
246164609
184793884
221222665
141658105
202641602
215252931
1343555
152420969
152446991
143778816
201099335
212319944
56574824
147962114
201807784
193686645
4365301
205726682
208648710
213974927
198887022
52890255
163877340
169339535
72689903
210517406
246168159
22112340
196904708
182558638
205831217
53184817
205726658
201806126
144335822
128823161
121230362
121230427
127120605
217479935
206307960
207862339
98575166
206144564
242283454
213677585
130532991
144230661
130336269
185435269
121231222
51654836
65171433
205059901
203142138
106700960
121230974
201160897
201804114
242298588
6633503
202233556
207565433
208188030
65161647
53924415
205726663
201804976
121231202
201804464
57471208
57450431
208916799
121231468
128327040
206270103
130470302
169935884
158857140
146492734
181217310
169415739
199269664
206129294
202411975
200793398
201712806
169417303
163574242
215217928
48550522
137181980
243300268
15734726
172483031
121229559
48476154
198886804
109681177
165710921
206498306
75996947
32835143
87569390
205726659
242273180
171668242
201630559
169897729
215748598
116727227
170132968
162008074
147962186
53469001
30893647
206131531
3766347
189556403
242222420
217500680
227210246
3766343
253720384
144200172
217890348
205829836
143054792
182558570
205073226
249227181
193617575
204399056
206643215
3766345
57449487
252755808
208916785
182558534
208201165
65168979
242268223
189867623
217103651
36715257
206131400
250118258
137182012
51586045
207681787
8121968
129568074
170065852
250118259
242658229
143018638
46212502
65164906
121231307
253629314
169452838
220666005
94674271
217479546
249291732
205069739
221222678
87452602
162387332
215253485
52373201
215893788
205233688
172484088
195766734
149517508
186242875
122588618
10006588
137181982
198542286
112969206
252727394
137182043
162387375
172858579
193413732
204642981
191435985
137182051
57085574
163574256
198542003
147962142
187804289
129574529
70857839
205072067
205695503
70853747
194395777
204641144
36750914
153262597
125628724
54139540
208529092
198542327
121229628
247412820
143778826
28604727
53468219
25981957
54383797
25984350
149333880
208187930
186242715
194395782
204643999
208885959
204641756
203150416
145671676
3766331
217479360
215893615
53902790
57471422
121231115
30956747
208643448
137182027
169898009
210517396
247199025
147010678
179492490
147962008
121231313
133934654
54460128
214842623
214842621
172840953
87520083
200616540
248787441
204646147
196889091
163574218
198542302
137181985
181809483
51584782
193153369
212868402
32225783
242497760
96991243
208317272
115105362
170139786
212038013
67808108
121230625
217103669
208129557
191093345
143778822
248723449
242279144
218755125
52216898
155220187
185001799
150889976
205073984
172482985
217479807
144358624
57449702
242497219
129521201
142386566
162387431
215893715
52241384
249912832
215217938
212991721
242496326
30885563
143140400
32637323
260921808
247341475
178010708
199974176
212351185
200616571
204644988
57759338
67807645
206501249
121231067
244304217
130461582
63577954
121231075
194133588
100301466
172482945
206643623
143106191
163572792
161368216
52214261
206131239
201803991
201807912
181972710
199176135
217696347
57449230
204640676
169453020
249226789
174134277
182296134
67808202
67807598
150890000
121231162
46260972
213968036
86013055
195724357
32592866
169452100
172482362
130468256
239142033
207552549
206908701
195861440
208206879
57449586
25982160
205539187
121229859
121230980
217094947
206491437
242289686
166430234
253722362
57164145
198542018
242214156
143034751
137181924
46261110
215748604
242217609
213011614
165712531
38839077
217890397
128823115
192920422
76206938
191298277
205432504
207167128
207034984
51284146
194395759
207747275
32409677
57471077
121231473
57450280
248772787
217388253
186243072
87532495
164500975
73755248
110778546
163574272
170400381
121231337
121230767
170385882
244318242
32673039
32427709
160406951
207511878
205059345
197653800
72534776
208741214
215217956
48477018
239142025
253285961
136868130
189867614
143032345
217103649
217479994
242658036
163875939
205726651
152410465
6710703
68779875
51653815
217642574
36715202
263067265
217479767
249261921
172988194
121230450
249226967
252790527
121231381
192158588
197119661
149509533
186253355
206498337
57759342
215893607
204644040
32629470
189867893
209166020
3766333
53469173
205539298
206491559
141658123
177860871
121231043
149517534
3766341
76459117
195862822
215893669
153368512
242710822
169456411
109610886
199108582
121230912
221223108
48567207
48518776
206885224
29643179
146492208
206131025
252540035
170399260
205696055
204403303
121231449
196174991
170421834
170405918
185088493
147207156
217479685
147962172
151610953
57469632
130781041
161230871
205539508
206129157
253236016
163567387
171668187
169457450
249204603
169339530
204387665
205073048
164536644
215893677
213913504
198334758
57449291
57471214
35431775
102863230
46906219
57164838
242657965
121230896
163574221
207506406
162172150
214737400
130546380
209166137
48565891
48347215
143025446
142369147
53186115
208917091
142840054
48459763
30886942
121230105
202403546
235921231
253365150
139034127
169332880
121230909
172483724
172482377
194846001
215893628
128658007
217480233
217479933
205471400
213495274
250118260
207346154
159872154
159973330
121231521
48564009
155316015
205074049
196050267
32409965
221222703
199738545
143030728
87547305
212942978
217480240
48477064
48477483
51653752
125739784
100307674
170404492
212526894
30925712
178894840
48566009
217510740
121231395
243300516
121231249
242496587
121231118
170641212
169457361
26618260
205233825
121231386
243300299
197185839
129505519
198541884
215293874
212924725
174540089
57920897
176477410
202785989
129569086
48554398
128822899
136856578
229726179
128675614
205473011
48124938
205539449
141565483
57449729
48459061
205428463
193746104
121231517
186253357
121230299
182297764
248762006
169452872
170653859
259513410
121229614
163877752
169136347
202411999
171658612
149508745
121230950
202898611
206128729
235878767
41072121
207354905
128699749
98599439
75330748
187809185
215893724
57470419
196174938
137006426
57759364
53185541
64259511
205434069
206715394
170618500
121231262
193618633
215217954
121231246
242494263
201807281
207450987
189867785
212935984
215293871
225214500
199567563
205428725
250073130
48128099
169130740
242207588
192694482
215893807
87452655
52215988
51655424
32638474
217479945
46909273
51654719
57449663
48135836
170405352
163567528
172485895
202412262
170402562
149509505
209610964
121229782
202528201
171661221
121230797
242292935
205539329
86533353
156175128
200841210
172482298
253127031
181144691
129521253
217479778
197528947
146380209
151429301
205074962
193618719
249224326
196175015
217479395
48122917
249226994
25982512
172482887
76207272
219133294
143140463
248694911
201630555
194395771
57759200
205726660
121230321
121231103
121231483
121230880
169136397
206502305
121231460
48457673
86866060
250806168
176064266
94427093
170337612
57449329
32654776
240645124
129589443
121231368
229780344
144335838
51063698
32629764
130472928
136871341
52432304
87931090
205539397
38607244
235885552
121230964
121230999
121230607
36760211
30934790
169898227
129488811
148077998
170638672
169338692
162578035
207642768
195853900
144399696
48452553
29025539
128823036
29472364
242197725
205059600
193896776
207035082
65123158
151438519
6633531
244304043
121231216
121231203
248775152
121230097
178010725
236047150
169500185
48458928
208210914
199601820
169340467
143140344
48439374
242230745
170423688
219156257
170615851
163877747
208678888
193912007
176064227
151425695
137017730
217479501
201508951
206904453
48518794
100301086
217707017
220656449
252682078
98071131
207862730
53468095
207854659
242202207
172485686
170403298
235885469
206490908
209610914
38838654
248619472
212562404
215251405
127119890
205008755
207035194
207958333
147962034
195150058
144382245
147962061
208678249
249268297
217479938
136853802
225936089
107455035
109567900
29621482
215255885
143016666
213522023
100301849
253619683
217826661
36756788
32615725
146493747
199566761
196758118
206498317
169417285
242710776
206131103
172483155
169453008
170621560
170386590
121231136
249005661
170639608
215485875
171661391
171668125
25982278
202896999
198542249
244317952
121229967
121230936
202526578
121229766
189867776
87570798
217480123
217479305
198886907
29033567
213008477
213676888
198569552
53185705
87451353
32592987
52582324
205539057
57471176
44744886
48518834
202412303
242658002
193746990
121231529
121230778
149517430
205726642
121230386
193619092
163567553
170422511
121231364
247266677
205058648
205540628
217890337
196049242
48546739
195854423
130457965
134333348
142368293
48135743
148077568
143119060
129599162
147962081
48122893
29643927
51284550
65118474
38838596
57470021
130776903
205539801
131590262
57450246
132340002
46261905
144198027
199568764
181219344
132339718
217720165
128657510
36760019
205539357
57160967
48399517
121231140
121230275
204383473
193745671
263098927
243300900
121229796
205245883
169135842
207552553
163567481
121231506
121229980
121230890
121229536
202404609
193746671
144358632
171668712
202962208
202412038
202762599
202525985
163567344
169456409
169340715
169412176
121229819
121230468
121230815
121231223
121230364
193742999
170655642
205072988
202342677
144358609
242284405
170628950
143118224
189867574
162387393
207046762
51654240
88270371
29610832
118089674
207168210
144393268
213565860
217412797
153898933
52374582
32409483
57759299
32593184
53185626
229714566
217479270
57471358
48516548
36715273
48450512
205428006
221275922
137006774
57162621
48459049
48459761
48401145
164431673
46262089
57450479
128674432
207761932
250020588
205073618
147570502
121230408
121229846
121230688
121230877
121231016
242664899
170630516
121230591
169451724
121230282
205243988
57449752
170628518
202412124
121231220
169459383
160170073
121231475
121229784
163875761
170654356
169412137
163875736
139030792
207511957
121230319
169331377
121230437
121231175
121231502
121230338
169130617
169453397
121230310
159973334
203184233
242710746
169412190
29405973
196049742
213887412
236124285
170386711
32225934
169452831
169339418
171667802
121231268
121231509
121231002
203183679
248768964
205071017
121230982
248770139
262812100
212110931
25983846
197687804
163877766
204388830
214842631
142368982
189867528
180720159
212563088
163543828
57929760
130775943
188075818
165723353
253720931
46906926
52369571
253127062
225271335
137005282
206123411
57471112
125739693
38839402
75330536
253305397
152446156
160406981
205245417
235880192
169417312
205069490
244328221
170629442
170399702
121231096
121230821
205073165
242710932
169450933
121231251
205254891
172482996
32226011
243300468
121231054
206131495
121230945
6633599
197864207
206919197
127120684
144123248
196175284
208198221
215893744
143140061
29606465
214604899
48128043
169493945
65117413
46212488
166448978
52376930
57471135
128664691
217479507
63582832
48518900
63578871
209602984
46261466
206491125
121231519
121230955
121231003
202412147
235885050
193745617
242229190
121230115
121230869
251520073
121229858
121231215
170628867
121230791
163825372
169451157
212462928
170422157
178894901
217516870
235882973
217777435
184794231
144400304
142239185
54351967
214604234
189867584
207493409
207947416
169331387
25983123
121231499
235879497
203177417
121231111
121230819
169415765
170383566
170630087
184226430
169457282
169456787
250094795
169340724
172483762
193094989
197687802
192952261
25986092
25982162
29401891
213788731
121229749
121231197
204380974
198541758
121231157
235882889
121231056
207506966
121231108
202762419
142230368
225969814
207870511
159770902
229721841
152464722
207657855
213862838
217480121
217479491
52327370
29608545
48450167
48477059
98070936
207884939
207068178
208679010
143139533
46907027
143779287
199269529
204923282
128664450
128706695
100306547
130772857
187782734
130743730
161225900
136851292
130774799
165723219
100300953
136952650
225940861
223669413
217479632
63576491
38603818
46261970
53185654
57759256
129575460
30950442
4365307
112976275
46213160
51284573
48458794
54460620
57449675
48135694
53185906
38838965
32673538
181219984
219133370
198454430
48458877
227864193
130457321
36715229
146035446
53184910
48565918
30956685
213560208
147877845
129586479
252060845
242717981
151575935
52378005
112976264
57759332
46910526
3766335
52380784
53185160
132304687
52376490
38839437
63588595
32427548
36760094
199566892
172372660
181218126
205540712
205539483
32410614
203859561
48477016
146492539
46907658
46262136
121230469
89853978
170633374
242304434
193208234
205075492
207512600
205246334
242244974
242264566
169453022
170399799
163567393
242494278
169415747
169136462
193615907
152446257
121231234
121230731
121229613
193208152
163877394
121231092
202410341
160846677
121229832
169453276
159973336
121231134
121231121
121231295
94674261
121230883
205071274
202762478
121231238
205072796
172482096
170646764
262746091
244305378
202404467
202525908
121231212
199108529
121229767
169457733
170401547
204388416
193746712
206491553
242275492
172997781
121231038
235878278
215485869
171670468
179805831
25988101
248767348
121230533
243300557
152410393
204382653
169412139
163567539
205074616
121230539
225967254
205726676
121230431
121230807
169451700
170615120
169456789
121230344
121229852
169412206
169415737
169453445
169459395
172483642
169128288
163882532
163878369
121230913
121230940
121230363
121230790
121229848
144358593
121231373
205233768
202521595
158774693
121231254
163578600
204374101
121230910
121230898
205246573
202642848
193743050
242206970
207507186
121231476
205726643
163567453
206131583
94674232
170640147
171658642
31519871
203184141
215485877
215485883
193615359
206490247
204374321
121231515
170611397
121230872
198542205
121231032
121231102
121230789
54781635
144358709
263034195
121230968
242203766
170385974
121230716
121230346
184226446
38839115
163875866
262079790
75331180
35177099
203184169
181183575
107454959
207439060
244172091
144400395
143114364
197600782
214774801
103343494
215893779
187838198
253331582
151432352
134332814
134326075
130773652
100301300
247199110
212546709
136941037
207885423
205541195
187810153
214842633
143139791
148863310
187821894
96658808
121230759
170423695
184766700
205069674
170401716
121231431
121230347
121230589
121230711
48458959
202528182
204388657
220656840
48524050
262791144
262792599
161226135
193208269
138442072
143053900
6633563
214816572
207818607
213860055
207841418
215893785
182096642
207048335
207819052
48477046
132352687
217479258
143019111
130772708
128824741
192693973
186630427
195855206
144381738
217103656
217778280
128821238
75327970
98597931
51654772
57216188
51654187
57216165
48374467
130062088
48135998
207817318
223811647
128710123
130774373
151438762
160746393
130468194
217523660
217778099
65115753
57469786
128822954
137014250
47868786
180953001
57471152
63585019
30956430
57164735
57471165
57449809
57470752
253619579
207772652
48516664
192196496
144197669
32652715
170714754
53185524
48459822
153898854
57759360
53184770
133104433
57449430
53184944
57449691
57450312
38605480
207816910
205539720
163877324
121230435
169450854
169459356
121230417
202526377
121230773
121230764
199108572
170401582
204387159
193617287
121231530
121230905
163875840
169340039
121230916
121230429
242216901
31519911
171659128
163567400
169451134
252540031
121229845
193742901
242711256
149536995
243300134
121231233
121231258
94674262
121230768
121229686
121230983
121231226
121230608
242294168
170405427
170612945
170385949
121231086
121230432
178010721
121230958
121230361
121230862
202899254
199841482
242301958
169412188
163567508
169451098
169341325
169457725
204378534
205071155
121230806
169453374
170391071
170393830
171671032
169415416
193745756
170423219
207354610
121231224
204878485
48126069
75444870
207502623
202525944
11256815
217510169
149517462
250102180
205987980
206906148
193890412
193686599
247853685
48463820
212319942
199640619
202768168
129504984
225919237
48564395
130743837
29605453
32653811
32643793
29618155
29634298
48475965
212263747
207293717
142384783
127221002
29020876
217479265
98070879
165713439
225298436
247199167
205445370
128825217
136832101
120312920
192918448
120312929
139247884
13745749
95916449
95916607
89643366
202709203
144180915
46302064
192919931
49559479
252166659
171661126
41907525
44336625
48775082
20106619
58924132
137524480
57156787
46676897
133792282
207564364
59365721
90533444
57888007
54857165
204282178
202710344
109853970
146519467
70839639
125603811
202854212
90533431
113211042
36349281
130042803
120312923
82921344
41340859
117829117
198932567
122868873
15636731
165809296
128327388
242741613
124274256
150003742
196266763
73854854
47140324
91247647
207719805
87299617
198932761
249205694
15134826
162034086
107457718
97044609
36873727
136828039
202849379
115902709
44885346
205817105
65094109
66058852
74569586
173785312
213563445
153407057
57971581
120312947
120859870
56488344
202859238
202864776
46207661
133811606
136335746
47153712
122871652
128325472
115224173
169280073
153407028
120312926
55199967
187838195
48773664
202864493
75954529
120312938
108969995
249005917
198995638
109853921
248361780
160830879
144200186
211927539
249006094
29965663
181147309
120775547
207723656
89400449
147105102
146381739
167489453
193909744
156175130
253306804
198484161
69520813
213490597
193890260
171095801
165035885
42566419
143889110
174057086
205511931
75979392
153406986
127120899
54054845
173173606
43367629
150167169
136045808
115224479
153407049
25624835
213563433
84803620
127120732
156175175
48697685
177212561
202854099
217499848
41881568
55647274
191986062
148699862
45438035
259518968
136042207
148077037
115223237
149193873
73496228
77855562
99255383
127671374
59373967
252674088
181219135
217500686
197514263
164537886
146381849
257553670
6718307
117582490
253306891
74279754
158709566
107457499
150249162
129599964
194372843
10159663
64101110
177703767
51665722
156175123
87364410
108969939
7385567
108996954
50451468
78033284
208401663
120475765
148679897
206304432
205725960
83933405
19774474
32226231
212320568
75665125
157198657
143809243
7629942
11364509
117789022
150835740
8310358
102062658
160405972
155314471
74554678
113772689
253306765
127120431
201004301
42564011
5912371
67242991
59367589
115223451
51097462
120860074
22621633
55207071
242726289
160406910
136828056
16314265
167382586
195866961
7617330
156175147
47149578
212320202
83937388
128326039
188551032
205510496
131489445
41233756
65076947
58600318
107798729
59173690
129587640
175549904
173785294
173785327
136828085
249005345
47277087
171093225
219133979
136041843
189263531
242726220
202710800
55646876
198932644
46676786
125752517
164542568
144455415
114250465
155050154
102468218
158709745
123861758
72746675
113047758
213491367
188831714
158210503
148075737
190469587
43759226
56015020
186435805
143951842
43366020
122869045
36711404
144758252
249621158
755394
153368499
76447507
88771594
168675161
125749810
253306764
194128584
161633660
160875611
15358042
34741435
45606701
202849203
142619648
173785313
257552520
242724842
48116225
47268466
171667566
97489976
153407051
166500881
162089177
124273336
249005935
71025285
242726233
127671448
248557424
192919578
90533429
149193458
139247538
146380516
146381379
202858370
71520840
253306784
249004822
168660120
45879096
188528655
146492675
164542853
153407085
144180055
155314485
88796406
249005464
173394043
149195399
188831972
755476
129016795
217498987
50192382
146380760
171093370
148077665
202854286
144756963
242724899
197888966
31519610
215898338
125749791
98736984
176434848
755473
120475866
215121472
143000569
107479332
148698725
20890854
83935850
32405478
242722812
188858204
164454840
153407007
153407041
177703760
89293860
128327237
147918756
179735229
116756206
107762941
111978834
174248334
124274412
162148826
193768837
190819293
123862311
175526100
120138565
153407046
48046907
111953222
177221852
212318061
107459924
195781411
207395607
102481994
169515981
152618965
115784831
118089725
173785307
755392
125273502
249205477
171676440
217500684
262679525
163661653
125749782
160831653
139248137
206662329
113888211
164454772
128325868
148698630
156175135
124275139
249216886
150159776
44061510
147918772
149192872
127119929
41143331
99041633
7386479
52351482
171658713
208074853
183041534
115223931
116756487
117582859
166005641
153037769
78953761
180030394
192582213
125749787
146381177
148076499
133811791
127120649
153875656
193768982
201013962
192918483
249621717
259513732
206231105
56481451
198933013
148009287
54405379
34737686
5993465
922610
138457828
115224371
129284784
34741485
249005470
110457979
42560708
47891846
59566717
42264274
181430838
208599474
249004704
147010165
203910088
755384
212605683
206715936
83934750
43764913
122871513
133812112
117556166
153406981
149193548
169135988
143863378
143823476
108970003
160100155
224569632
130854978
174175744
249058750
173914310
128326757
188831875
153407108
123862080
183361710
52695594
193551350
185864553
100181872
55647096
183041228
179549776
144758962
179717799
187809205
160104490
128326974
202854046
201071426
47378666
174175630
34738912
144178930
213527264
253235958
213527063
247447011
230038124
249220482
147011709
146492638
203992392
219453426
249005471
147010153
172076023
202857042
157568255
197515302
122872083
249220582
182314302
20889256
144462343
212606196
192918521
37974458
117969867
250337652
213491737
48960718
252674136
4365293
143863969
129021812
206304007
127120683
168710245
115223373
176419865
125273506
158501272
111859708
193741716
193290105
250080815
212314920
217500678
13767948
154152718
202647613
147011952
143862947
193890245
147010973
113400366
107454069
84333050
209375937
127879202
146380543
117375733
244317152
102858626
20889889
222386191
171612925
171674088
249005931
124273602
191391270
87547052
112983979
128327752
125083510
129011359
117554780
212318795
184940604
171094539
193716644
127879166
139456862
205285726
206794885
108969900
149193483
197542025
158140573
201013906
162505997
188531507
252103356
23418228
249621756
197888970
755393
77544091
49182756
34738517
143808756
181804001
202643124
137524558
201111077
157422151
139248037
196283471
103922665
146380479
153407015
182545728
197506705
164536507
148076219
122869139
179207320
115784927
193890544
181783167
188526148
165631161
21079380
10685316
31693209
32226285
125749994
58271123
242726556
44606980
153407121
52375183
148076434
127881043
144758154
154152725
144181362
107459984
108996995
187809215
142244882
61020277
197543054
149194780
146380976
175526115
151452984
70118330
755383
75666086
253619535
108969903
42921608
181218416
71684347
249621708
247199153
133104345
204399066
52356861
209409784
49083351
205289214
123861816
110283880
163544064
206244379
97489745
97489026
108969907
149194830
755481
127878679
160143082
20872204
3110713
146493508
144197141
248676146
155565514
248262593
259519956
57487461
171661159
34738437
171668401
253300174
91773713
91773849
106685050
183039056
193890405
186862956
121625871
162481136
51280600
52376430
149194832
160406445
173789217
153407026
97489111
117688215
755474
157198686
154152715
201004577
127880000
169127373
160830747
197513184
180940472
143862733
144341583
127881229
139460394
58566031
253306746
102141120
139247615
110470952
102858743
147729078
94061740
146928709
143884172
144197976
146493851
129285096
157568318
133104338
10685168
191984564
213563464
212927703
213532539
34738830
34738565
175527385
171668276
171676644
46265756
7617226
177703898
139323061
57887447
166502520
198412180
153407123
195341234
197542014
143862875
197505731
176555087
97490116
177722845
107462441
107459814
755391
108969938
155314438
136330161
164536365
127881234
146380461
22814331
173785293
212318605
148075172
115223315
156175161
91533510
117556183
201033138
164542501
157568222
253306855
72868245
185864548
144759193
128328192
253617115
114789410
208274096
33337232
20889241
20889762
146491746
32226418
249885292
72927150
82921121
83934478
117556889
146381847
193686881
192948562
149193033
140148311
182558425
81758290
127879757
197515644
153406982
139247733
179735660
755382
761033
41188528
139460201
173393397
139460476
7629953
160404504
201648342
196186567
155565871
247272038
200720375
42620014
213527229
242726323
5945623
212314922
44136755
158382830
212319157
156175172
208608946
197507019
146380123
214939002
196056549
182558394
158708627
149194030
142386140
75591322
158709656
20889383
120475834
253663612
181217981
191985581
194127725
29963030
212927857
34738536
177703906
249005591
55646681
149194638
197541624
164542072
146380513
136043265
144341434
144481727
164540128
197506604
115225047
181976992
44344493
144758494
182558179
127220656
157198662
148074785
197506422
125083778
71098972
71098834
117556173
133811861
214752607
170437563
122869282
113400824
148075092
157568473
97490310
148075844
174304674
242100206
755483
136728749
225207057
139458571
134232102
122869279
173156798
127881525
107456544
197513800
133792557
10685335
198563982
124274668
252720905
146493913
153545798
204310645
201844928
10685236
130854987
230207526
182122860
213531645
249205867
196050054
171674239
33458960
177703916
6094729
154152711
175526164
187809186
130039682
196838006
173729637
127880554
144340997
197506499
166500870
148076066
149193219
144271488
173846059
157568772
183042186
122871962
183362018
183360954
128326029
153545578
141733711
175192159
107461412
107459181
155314406
108969971
108969947
134232344
205510472
198613866
108969977
205285810
139458572
37870111
253088981
152024115
124274661
253306835
253306951
253306771
158709043
107373643
198926878
163869431
108969962
162123492
20274065
35368353
146494178
144198413
181431414
143862966
188486043
140125837
188486037
205725968
191984125
118989266
10411310
114571895
205255175
253629631
44433656
82485782
253088961
213741605
156300086
217500688
7629940
145394236
71680379
74946535
41547214
249216396
216170173
217335679
188486020
252316943
253235991
249058281
263496859
249488878
215129170
190242142
167581674
254006203
255349658
158709067
201648250
230038166
253072809
259536060
248675427
252389789
253306825
253306779
253306755
225921783
263289993
253619647
253619562
253619402
253620054
184792464
129644023
199619348
247272111
242741602
249005260
253235983
249005172
263498098
252950686
190242173
214614335
214655483
247900457
196095761
172073057
246885261
253169968
242073137
262485848
215736471
253306823
128815480
253306756
253306864
263239545
212605729
212605687
242724791
253619623
253619447
253619607
201013991
262731682
247272115
251276317
249205976
242722909
202641498
202641372
91773577
263497057
44885351
125749942
185864097
20889218
115325417
128326877
19849646
115325583
104354902
101929934
192852054
173630089
133105073
193294536
31519642
145396822
41547550
160295908
160149105
160406790
182558581
158601899
34738470
144342077
114852316
157943617
81803590
153407014
107453314
20853858
183039542
181219167
144182123
20871985
148077155
168858521
176040008
129021542
144339827
152024202
108969924
145093531
154152722
152834233
181218162
148076190
155314456
164538318
174028547
208681909
187809184
206306272
206295269
215152097
251013813
252792522
252790781
249092055
146381399
215716751
262482615
262454976
253348544
253075507
255344621
255344591
255349653
262482349
106806108
149687714
262915778
262982246
207400739
247906960
253663572
253619739
253619760
247529148
250080718
205537922
225214880
262812098
248325987
247907112
214936939
215151834
248238173
197505440
193685814
254002911
254205860
247900451
161246304
215101944
248261654
216170127
253078664
253078754
252672694
246885202
261961763
259545973
255352530
252674237
185864302
185864358
262915964
262934050
262934892
253306759
253306830
253306723
253619600
253619489
212934020
181218608
199619628
244306251
202641494
202644020
248262231
215362532
183361112
183038761
201017248
133811363
255324174
253076089
253075857
253075906
253296322
158709136
247439714
187838432
249817568
165941920
203860501
208423284
259479607
257771138
174857470
262676135
247907146
214755227
253306809
253306857
229731965
252628825
201013994
253620170
253619576
253306859
249621160
253630304
263440123
163148437
196050030
242741830
225214585
249004807
244306630
263439996
252869990
224354934
230217541
249896745
222642673
217569642
214755026
183040228
253075195
253072491
215120019
249216270
259482672
253127941
253127539
246885178
253078096
252789354
225207189
183042525
199682450
247816204
255352521
173845155
204926749
262489906
262676164
253306735
253306872
253306921
253306849
263047661
263062255
259479862
252103291
253619438
253619499
253619660
25982202
215040465
76372988
1068650
104267815
179715884
202712917
27612552
29400699
48014442
62885875
36319304
54423254
37796066
125342062
125342060
202712925
747250
100251471
72089642
215540803
25041592
35453128
25982564
179715882
202712935
50724773
29400931
31519618
209165654
198961113
179715888
1068652
747258
1068648
251767381
235867835
104267827
179715885
37796143
40724132
165342559
34738362
25988331
54423234
31519894
247286526
202712919
41877587
1068628
86533351
125342064
76472949
261989925
157859954
53259078
249991381
202712921
25984321
26619126
31519795
37153582
207490396
147117466
201844762
52366559
58952251
242722863
212314941
34738631
33459052
202641520
91773892
34737380
78945506
182545781
170437595
122872273
183041667
163913484
147918562
173845394
187838541
192971442
118989122
173785291
146380971
155314474
155314346
204765581
153368504
82921390
164454920
148077302
127120674
148076088
755385
139460441
43352895
139461682
163871986
185864253
155139086
28727719
151585684
99885783
248398840
128700639
72299367
72520683
144197745
188485275
159894838
249004931
171668474
34737273
58798617
19774801
7621700
247823342
187824961
192975604
174248346
214593477
149194286
134091507
157421236
209265587
230057767
193769231
115224119
203863950
149194305
183041000
51028836
172075979
122871466
128325909
173394065
173393754
146381076
109602095
153406988
185001768
160830405
136045404
206295919
197514379
127880054
164541822
204645780
755482
160309177
179206454
7386743
127671453
155314400
108969972
155314304
153981766
55066208
214637615
78623250
215040436
827285
122427278
122413745
1068638
103047050
123532337
87053147
176245942
155326750
11224117
144095602
129719687
184787356
134408531
126514602
115494006
172936883
128790916
136378116
209403918
38602351
20959781
114678284
956115
172937502
138001470
103788992
143860454
170024374
124273473
31520531
85344965
164494450
207395362
138007096
169194451
229701041
143678268
134621372
206134499
115494235
117570530
195151339
21906125
19641268
136799179
175781995
85377438
122072679
225970263
113352203
22175223
13781682
143891252
153412916
115768324
129202054
101361520
170426195
165937559
123532072
163724133
170177492
127844913
163826624
109250555
128790274
123432436
138214441
141343737
247312277
69464488
14030401
165687217
58965693
126522977
138488367
35922541
215999510
170310840
128783457
174594827
126527575
116670036
183531445
162596200
151585878
172937500
145633872
2749115
117460900
170288051
147498578
158709698
183531548
131817343
145620379
170478210
52716554
76021060
220771308
67204412
148696390
119407964
186260817
142032740
28934249
157491271
213928090
23060362
145536234
199104658
171466559
184594034
164839257
115833007
33893818
140982910
144095520
13756033
162426910
110470934
196794426
161253697
172936897
23581320
164455660
219133234
132196552
196561763
205162376
221252990
177483946
104800084
140983120
14536883
168223581
13781795
122193836
206304253
170861151
128329703
25287204
165691351
243805402
170332857
63279920
147432958
10083193
119022845
168522991
177782624
117460904
128788709
121312204
110693465
206205174
146993812
139077247
146515081
17012816
126514702
89237692
129636235
89653631
249798999
130969065
167594955
126516891
183531411
35454289
161038498
38084652
145620651
52700337
23060204
128783561
126515923
103581385
126527415
10490186
19849661
216449604
189603590
144333509
107078090
199630649
111466145
129584815
14274211
126523477
7934227
123532979
177269931
113398438
161253919
123533332
74385991
13781813
136989125
123531920
129415966
163562543
123532220
65494331
168229169
140843650
52716568
107549695
138128528
122072425
205540418
123532935
127164484
248934364
46281118
33102890
248930460
16666955
14534547
138072867
183531405
215118363
229700257
143612542
119023113
174152632
23046230
120760335
16859514
129714616
171169127
128791256
131516728
96654470
123532902
194421569
35920714
106384385
248709065
215999360
229701447
53486389
52716528
89652036
123533075
126518435
136665452
153539236
173006917
185856359
119023223
122072594
63248454
205539896
148699408
23089347
217183543
135476289
115223222
144095858
215122093
73521500
138603020
126514875
177903828
137981609
121269032
172506806
119023313
169657213
123531978
110756414
110756408
5452335
126527461
32002631
128791524
198077392
163578429
176617360
140983859
107327443
127697971
161253972
136996878
220746996
144757322
82953574
126521529
164823070
79322432
249802058
32802833
193603287
3831187
114903522
169347182
169273951
138001435
111579702
110289994
43881607
53635488
89653638
49193343
43937628
107450726
129408660
159964884
162535418
133714296
119023986
84159614
140983017
171681321
123533087
87494650
219133104
38085783
52110442
117460913
168349602
143678823
120813690
181133523
115525290
157256530
108223312
129719713
168495910
163848873
201058986
177794652
144095514
144755199
138007680
176459535
131817421
155689983
136988782
155573025
128789846
196597598
192922676
90110104
116714310
128783463
129720077
8318091
94449491
13781676
128516248
147099457
159669438
119076216
107076531
139456769
167793855
125046536
59133367
16721886
24594862
83743229
71972984
2919995
168228136
9730316
135841984
154687888
55699318
129719983
171203079
136871565
171935885
76053747
119421943
56681175
35610300
41304442
13757060
34965272
75971297
129714629
162177606
115817043
115224599
165652833
186558730
126514531
121316362
145539094
172937346
171470177
172936959
119023579
55664911
129416602
122801565
206305588
137987294
157491634
123532961
137459346
188189063
170720142
170752245
142316683
126521196
162818003
110448218
126999167
186066433
248643730
138001608
197639244
141009700
170278440
136996321
205326142
174404056
74594876
116719928
22428881
26091484
13174800
129408816
96286564
13781674
145562310
214189632
13756132
131878215
89212800
39361663
122189928
163848904
217322770
143886537
133936149
138824275
128329461
202417323
189475744
172937552
207459132
172938098
143921321
172937712
145603713
146034170
196597642
221253308
99869529
83742219
129416501
167893723
153769747
161538069
89239652
129637742
128789647
83742086
144095396
110793483
37269398
164823109
7979854
128788463
26348851
128784824
19696631
92804779
135374087
145619823
76055819
158708822
171397202
169641752
126517746
172937265
136996631
136988896
140241959
115832472
170837952
16666803
162770187
214501238
100848821
116470705
110791008
138904554
138001505
13756205
106912918
74689359
195126455
74774860
121268666
143787252
169329166
193685809
119022922
183531549
76134305
162596017
181147787
114918115
129714627
128786177
157491255
164777894
10083191
202034596
153274268
119386651
172305553
52716539
220766927
56646743
25111743
52716385
117685194
208412261
108089342
16858650
134352209
128783208
19680225
152764615
162385461
127690324
126515407
134506988
126516187
144462349
143862914
143921475
159510178
121268485
140545080
159695527
115322695
172937067
83742498
119325390
137981298
138007413
119022900
110756487
14688948
157491415
126528157
136996982
136988766
72519384
205162794
205841072
168984286
31008961
119955066
25123561
20692806
116371011
20102731
115318237
138001323
11213119
152861288
13368901
2749117
84164184
138445284
170336080
193771962
113400678
98735746
164061730
119024482
103675386
141009604
170860779
84709942
146381697
123531898
141245546
144754327
128788435
126516840
176824455
186633086
158709875
124039193
139971894
260210263
146967067
45800439
117098284
23089447
21975637
14609630
107549562
144755030
146366826
14030388
7963091
214603839
214114204
169847013
169436804
129767146
171935807
195341546
158708801
151988374
73826987
170333013
181993916
172206471
168552095
119023819
132839723
164552896
84158538
90924509
183531614
35610065
198091751
177733041
171936430
129719977
169848121
75524289
133713681
163842675
172937537
171094176
149195610
155252455
110884185
155248876
164061799
75700936
191909346
14926645
168460083
157863304
25110070
138603167
85290852
126514493
138903572
127785386
172937611
157491339
153982511
140121673
181132914
138001490
138007116
138001410
138007667
141526092
203464485
23053511
138157599
136988862
136988926
128783956
155179036
160149661
205162158
35610291
150148422
75975097
48960726
151703213
94460737
129720083
138001444
54351444
43060150
126527597
89822608
128786073
21074601
39047930
126515937
170311438
146033685
165689497
110974433
14487554
83742904
73863788
129622329
1713403
97856916
242742812
6638583
7322587
22084957
84224286
13781703
14030397
14030385
129205626
14000023
14537227
40390728
135475765
212427026
115224750
141963581
168158381
70806194
168539370
119023182
126514634
193616113
192288186
118696343
150560909
206304660
75445503
129636501
137987410
183531454
144479570
129416165
137987270
956117
151988067
129714512
140983044
165652502
171439353
193685820
119023990
138445453
145620269
192288116
14087996
121246060
126521608
188493033
153770871
136996500
170154478
7101995
105161931
158095698
55994762
145620758
172937374
20884646
137987222
169194543
129714529
126260028
148698222
165960079
126518369
128785955
128784080
138001560
134507064
159779953
90945695
252595693
36978637
37133788
76293955
143114327
75955817
97842168
163029748
183907166
134863282
128783359
37861635
37133896
128788889
126514516
35865460
38103230
138830846
24596070
128328829
120338464
3998697
143678216
73384952
24499755
13734681
13781678
14030395
173377054
186304393
14170375
145539712
105232595
52716544
172937496
158709321
172937608
75530533
113964945
207395324
35610262
110915067
165674873
143888578
170727547
151585942
171451326
105232649
146043978
110151787
99337072
128783539
53825979
103677563
181202840
56099417
163843026
172937013
145620100
145620728
172937289
157058106
113168524
164494116
170836572
150145804
129714635
158709839
138900682
171157618
119369900
132082249
162143162
117570520
120170536
154405119
166591949
138445473
123533874
181993578
177495359
140986784
98738737
202558613
152730020
169909986
139699447
138007685
119023281
138001386
106386012
42837667
136875565
140983082
170404215
136996510
72518965
248991791
20834992
205161870
110473078
54749362
81358850
172817675
36981373
48065976
118010113
163029746
65110760
155558910
136118189
89243546
208077448
35966108
167893541
262862956
138001188
140983007
16990389
126522433
90852640
114901112
53790144
59240133
7980201
13992300
151708922
199537498
209321987
73939800
138006652
179196613
129636259
153981558
166944537
129719859
155493784
141009514
107980544
110460798
161038341
129636586
122189790
172937516
169413411
168518363
144477952
161038856
158709020
183531481
186558399
205287788
35610006
171066065
137981380
175783704
114359823
133806372
142030881
183531496
170187676
145620805
176752730
71973305
138001460
138001434
55986207
162590801
157568283
130767861
176082139
23317593
103573295
153547927
42643836
242742821
123532795
35610220
177772962
163029684
172243277
72520272
157491395
129408558
20639744
170398693
41333509
122801433
126527405
39361631
52112565
137114766
57893472
26271270
14030399
245776218
130969164
141990981
82439366
153273962
8318120
176618841
170346868
172937861
117693367
170720357
214937708
170755105
158815437
169393024
115223160
190125193
206134741
59133612
75441476
122801549
129637371
136006496
127785291
126515019
161930366
10083201
7101999
156725487
165938849
124040231
172373253
166944704
140991913
242186519
138001515
55522528
172353315
138603775
136996810
190502101
91741908
25886655
157491167
161031804
117570392
128783246
125931309
169068793
103400924
136049678
118997841
158709092
176508999
123353365
213927824
123226538
64265684
117460991
76103996
46177374
21947756
209377015
51372927
99339084
89212835
41794632
111230620
126514942
164785610
262914515
191826140
35458945
117570398
165601330
152024419
183531417
173078269
207395235
133929165
157044621
244982054
28624421
146515071
82953238
123531899
132017024
75996437
107681883
137852288
96128141
129813533
123532003
28254069
126528061
164823110
13288096
7322591
111230566
49989421
128330027
143678382
89822833
212237393
115817064
126529854
136988874
129408700
126529867
135109804
15226098
75976452
202712927
167612085
128785877
108036830
172937479
129408790
193246987
163824870
143886108
191828186
150146765
105175197
171891631
142032556
172937321
172343148
170160305
171185707
119076303
162433136
100429002
171579311
191814444
138934067
163843037
163545199
154406990
119024270
180940847
94585468
122189800
126973488
110906300
110580399
140222920
144779101
38103275
108707434
172937037
122189874
171949724
172937069
181994337
181994730
181994498
119023992
140221784
72076946
55985410
126514845
129714503
138001408
109281040
25109845
136988808
124702881
208527280
41334706
64306795
129636678
157491103
96069017
14311782
44067047
51109212
14602530
124484148
32150187
13673565
3088435
164823083
128786093
111438071
13755869
108956982
188318959
40385901
214504643
29013320
165011852
22175273
137114724
89821933
185288062
16562410
157101167
128788694
46211693
126515963
140614995
119024480
133792968
172937801
172026903
128783184
169347120
129636218
171654650
170404518
14926499
128327497
191814457
108909504
172242897
32986018
129622345
126517146
128329203
35457687
110946855
128791114
176620085
103598068
129714431
181994686
128786009
126522243
123531882
126515564
146993150
86143868
149381945
145620173
165853976
197500000
140615234
118338080
14927081
72032779
136988818
108909322
108890987
136080942
129639464
138562295
67856876
45810974
138001308
138007052
136988920
136981245
52716521
145620430
165854082
126517839
128789198
146033706
129415926
22428482
136988712
129622445
128789376
128783334
145540045
165780414
162819638
172385794
181377891
169274105
161953569
152024112
128783371
165854426
162167579
24344726
153467161
134761697
17408118
5452331
33029662
129622013
129719753
128783126
173078104
128786045
126529201
126528852
170737113
127377882
129636436
155592536
126521662
146991481
168277741
157045423
123782390
123787036
138006683
77733984
141960562
136988870
15957371
126523071
145620265
165789673
136988901
119023284
138899858
159730274
138007144
145620756
152367271
129416638
119023862
170405750
149659515
158890404
111998454
35610241
75974367
20839313
137987234
110785282
126515373
16257946
45800693
170870622
136996484
56371636
55506561
128789990
217646036
169395785
171151773
63467823
249867664
197499971
243252215
199630049
186558738
170093792
138152244
176463834
252105344
143115048
158810721
45811319
164803960
165910978
205280605
217322642
251015667
249583720
252596731
138007459
214614870
261856908
263193386
263188519
263171059
217475602
217154927
217476117
253619606
249535166
216451813
263107433
262865497
262860841
104102603
249114143
249935600
262082680
262906959
249584457
252622675
161254090
193686731
172378386
197500056
171152442
205963726
195636138
214941835
215090003
178339094
177492517
193669980
217322738
183531412
181995418
181994273
181995256
181994997
217647004
251022085
253244938
182156981
104015455
197410346
262602228
252622381
253244425
252612910
249817442
170858830
165910932
217323568
259485226
215185039
128789840
253242977
255173768
164048589
172406458
205018178
262602969
262720228
205326956
205328640
199171650
253163456
262598363
119925183
252596929
252721421
263309008
263310511
160214741
262862098
201844845
164823122
193895797
255179320
263587445
252672733
217200287
249142166
248788771
214503727
216332789
171318957
253320891
167907282
262495269
262862338
263645601
217323467
163826219
206304535
168499281
183531421
158709381
195150774
214941626
165691171
181995290
249828508
249868394
217141094
253242867
249917518
252613964
215101292
215101272
215102023
170403859
262487341
262480408
167146276
261882921
261851111
261881899
261865047
214501160
252628362
263318562
263171561
195876098
183927208
35610899
263051314
263060084
263496531
249144744
248788792
126516966
186073425
263645839
206305420
169375956
169340850
217171406
249867722
207363998
170752131
172378314
186558480
217322704
206304064
193686772
128790008
160212770
253277219
164048563
248491736
197077972
204803681
158708990
170737127
170312840
171104177
252626302
208681919
207395169
249817373
205031689
206304273
153509367
74791769
217568864
251022589
257552462
262481486
215102037
253121932
259485105
177903078
259488375
259486248
262482662
262729659
248520260
129408642
208528023
255763299
261878246
261850504
261850782
163908541
176676670
184062060
253198140
215102135
260804883
257553519
215102101
170403792
262600011
262598208
208526329
262600001
261878934
261851237
261851693
254901036
261880114
263057505
249221107
177003470
183235215
252628461
263190638
263168048
214603617
252721654
263107721
262861697
198223740
260644135
252694473
147388769
263627579
263627627
176629190
113963504
263646032
263646120
263107645
146966428
208680954
251023615
184062615
206714451
170311235
197499967
214916297
205287607
138479413
207236977
169083279
198453030
169356801
247403486
217646022
202560083
207395214
181994100
205080890
208680110
257771196
252625616
261816408
250052296
261134556
197409384
262017641
179581892
179581773
251323534
169655955
158709340
169413301
259486183
176712526
144173873
206304864
262486516
263168237
262720736
261851920
261863126
261852446
251014293
254904089
92567518
252629118
252720483
254898761
249868021
207017044
207395247
199630951
161254474
217323734
164812924
158709124
170332725
205499337
76277167
235739364
252614727
252623775
252625509
181994791
214941770
214614653
170729018
197499997
118997203
183531487
172937996
262488196
208681333
165652775
214912757
249582887
262601722
213927575
262720035
205184117
263193213
263190180
252628558
102735419
263167866
217186857
195477671
247244448
217475601
248386084
217647039
147433501
263072069
262863259
263498271
263498343
249056594
263586777
263586869
251015531
146584186
207557347
128784410
170433712
170463328
169642869
170177720
171132105
204926050
165911031
190843385
201770286
207395160
168494789
217570501
249816064
213777004
235740339
235740177
247403330
217570767
172385766
171199115
202044414
212317994
251014886
249816187
248362585
249867896
249867821
249868540
170727682
850002
103815663
72508279
103815465
98736193
118482535
119219400
412486
57405060
57405074
186276329
103815757
74282990
103815604
103815942
103815626
103815793
103815617
846586
119078650
103815373
176063218
56032853
55858186
216451244
214506059
412777
106913094
106913134
434924
103815595
119078719
119078720
67196061
4065621
135479293
186333391
186276298
153994316
26263130
13638541
212232604
55553748
212285169
162117207
106913051
143172419
146588295
119220336
156299571
470725
103816143
186333419
846582
749579
119078772
49656507
4110117
412403
119078747
118482285
109473342
103815454
119219943
186304418
3197733
103815932
83931541
83934220
153380954
72516496
55553603
252543497
263098064
253044251
249679099
253613830
213522900
250130967
196050804
248788517
220677936
252543507
252543522
263098024
263098051
214498253
216213787
196051731
248762421
248764594
191909345
252543510
252543503
252543544
263098080
220677437
216435246
213936912
196050627
248742285
216213799
209372166
263021565
252543521
252543588
249679095
206483843
213536843
214495894
220677670
196051718
210968270
213532296
212287886
263020029
216450102
262700920
263098129
263098037
156299896
222681748
196050621
67665634
119078682
103815357
120469174
103816103
412786
55857666
90852725
106913200
186333389
119078648
10211975
4065543
4065545
118482410
214508691
153913004
106912925
94306029
68078399
119078744
103816057
4065555
103815641
119219730
247422128
186304394
186276296
103815727
119078649
109443294
119078758
103815701
171794024
213536887
199538407
212299542
262904425
252543498
103815669
252543567
263098126
248743786
196051714
253235960
248744583
220678626
209349215
213523931
262704474
262904400
214502617
112251576
92157957
151609542
77032298
151609437
151611188
36175157
247906660
163661110
205531548
134735595
215101605
163523315
127120439
151611157
176474080
214759502
77035132
213855948
167928602
167928378
151610813
184134313
186629975
164075687
254124238
157432658
35155150
176474817
136717761
177734904
151609942
123346294
124273028
176474822
163523156
196280145
146380376
193777975
244176444
151609055
216244279
179805921
213558654
198932909
112251560
163523259
129521085
176474858
163514013
191751871
215101679
163523205
176474193
151610893
163523089
52129240
193535347
112251572
163523231
167551333
82994800
163523237
217322641
195825794
32265580
163523135
151611033
163523281
179493237
163523159
217516102
128326231
163523098
97541608
149636826
163523272
159095602
153876082
179805988
184240234
119623122
112251566
209603151
76292937
184240240
112251601
163714848
163523059
166530479
169936422
119623275
179757986
163523125
119623417
119623271
179492631
208496106
171613057
179757943
151609164
155475310
184639074
179492658
90834307
44269327
140930451
249872597
151610908
151610756
194856805
215748589
184134276
151611035
176474673
176474301
179921124
151608934
151608326
217536174
98598357
247907176
163523243
179805943
5756319
140572960
247906547
100161051
57822723
151609479
128516069
217548777
205509738
151610436
181754698
163523217
163523144
181754716
181754685
151610731
217708587
119623180
163523195
98598073
98599008
96578342
137996743
144199818
133104696
29829774
57981777
151609618
139816278
184240245
128724315
119623293
163523069
163523203
184237381
163523298
208401636
135753122
168066184
163523268
54447194
150547164
184134319
188483021
151611240
197828160
184240224
171208524
184134270
163523183
151609866
163523290
151611209
151609280
163523300
151611250
184134350
184240227
181754679
147816458
184134280
163523041
176473841
151610944
123861680
176473839
163523184
163523198
181754706
163523258
176474849
168496777
169935640
163523056
184237338
163661113
244176687
134241874
98590026
98589103
133091469
184134368
179757974
96578534
150977553
181217239
128805858
247907267
194105549
151610898
162590755
197828127
197828191
197828155
95159582
66568607
55002000
164071552
184240228
163523221
98598205
98599230
179757966
179757989
163523158
176474274
176474966
163523131
151610469
176473857
162590748
164071599
151610938
163523186
177727057
163523166
163523263
151610972
151611215
151611223
155486191
184134357
163523045
248697955
67254108
183320757
119623255
179757953
119623207
179547685
159034469
151610986
253619823
133091826
182485633
197828115
147979522
116255408
156639592
147360053
143703803
214909181
184237329
193536750
176473884
155486234
176474315
151611213
163523255
155291620
163523178
155286062
155287991
184134330
179757945
127879210
133005627
133092654
181754720
151611221
176473888
151610926
179919928
163523204
163522639
184134271
163523049
180950028
119623048
167594969
183311733
184240229
29829821
248263237
119623415
77691339
151608847
182565698
75996180
151610951
167928247
163523162
164352576
117046831
163523043
163523282
184134274
163523269
176474757
163523061
151609530
176473846
181754678
176474307
109130822
98596837
119623159
92157950
169936192
247199135
253193548
91332882
151608880
119623131
144196999
103458421
58924002
249912893
152318141
197828189
176380437
197828173
87532986
212568493
163523139
163523172
195826015
151611022
176474422
117057003
151611217
177727034
163714857
151610860
151608218
163523033
163523080
151609552
176474886
176474065
151611200
244176397
196190468
163522972
151608628
151608144
253720594
119623152
176474643
163523218
36173201
205773596
95864447
163523262
197828116
197828135
249005593
15364109
107311633
76779034
57823488
215101530
6528635
208207176
151613973
184240247
184134359
164071598
119623195
144481364
163661104
176474800
201648175
208183967
201648374
197855166
217321304
153407266
140148339
109568085
156175143
141740620
193977373
193536846
192259361
213522503
180847833
217569342
83937554
207016543
148074858
143863677
141996512
199140194
144893422
174817185
201648286
196837870
224528768
139460794
250140155
198412065
140148225
195474196
198412526
142834622
144906229
127120232
11303673
181217268
176436247
208423109
144637725
182558280
201045786
57380884
74613773
222529272
149193540
208408289
201045785
12063052
193977625
252563328
149192908
207017434
155314306
193977352
137655934
146381374
193977602
133431699
208423213
134332742
207016910
204286422
114048960
200001410
179372045
83933489
130467356
44080232
137181990
201648173
207722025
193890458
14321961
242452931
140333881
143612300
193977564
134332590
127120168
143612642
148863549
202957502
177735654
20624156
189341162
181218012
186906291
197347634
173009194
109568181
143613112
196360313
164552894
214910896
89822682
136728616
262846084
144893103
215198093
263498274
179492493
205070177
251545237
249872266
248697954
207896826
215162855
247572179
252888460
242130910
253072058
215116386
260107941
247813814
263419829
209166034
220667214
202596064
199629339
252759297
119623262
260108052
249872599
249872264
184237336
179757982
179806299
252420715
257553337
262731715
229007381
181754686
263496860
249005832
204003081
205509801
208207121
179930003
179757964
163523223
179757976
195825697
261799772
260108046
260107943
253122500
263415740
207896607
252866600
199537925
257771194
257552272
213967980
205509742
248263016
248883417
248682248
259482459
249170217
253700433
260917989
260108047
179921076
253161192
247907119
248536176
262883582
262883667
116617785
164071559
163523216
176474629
151611016
208207268
151610807
123861760
176474110
176474270
160887508
183494613
162521565
177735190
176474122
163523177
155288000
151611203
249923485
180387880
216434697
163523052
155606004
136616414
29829799
209603000
197828168
54948163
163523072
179764460
176474863
136462001
184240231
184240238
139053815
151611207
151610810
184237323
176473977
151611227
181754702
179921150
184134307
176473833
176474663
119623261
184134308
119623063
164075828
184240221
176473848
152870865
151609136
98598273
91333267
179757958
151611248
184237322
179757972
119623089
163523060
181754714
192935003
119623274
134242197
208916422
217647440
179757978
205531383
253131355
253096284
184238226
179805999
249872600
176474076
208207108
260107939
244176618
253071813
247906860
248528772
262138519
199916906
205531541
209916078
214658635
204765981
213672384
252429698
209165278
249868574
205531226
249008723
179921342
179805968
204911107
260108054
260107945
262386273
260891968
252959964
225211095
158708717
253246953
205263404
140148216
253242882
253073199
252563350
127120600
248682385
242626885
249868629
248682313
216401721
158210360
158710002
262602811
261879894
248651871
207936954
248439477
143083187
201844877
217520508
248651863
217138672
252870385
263655131
217322652
198412162
249466219
214921961
214086230
212351195
198412226
208388469
127120612
158709031
249896786
257857026
252562557
252563330
249915864
253296212
253073720
257537923
260804547
248362612
251022378
254184985
250341343
251591070
217520492
242645983
248651880
248309261
149638688
248317237
252627558
263655215
193568181
194861722
143095175
143862950
222383705
193977542
83937846
198291645
207002809
199553312
146381144
148699648
153989898
144756537
180939809
208113594
182558412
139459817
140148419
214813426
193686094
193977638
144758660
158348884
4757407
133431775
263122944
147360522
143386712
4600633
154155473
193977534
145717353
176476756
133431621
137995358
253075204
206295766
155314316
140148254
194443574
158709445
199045468
143863125
142835854
141955732
212609963
144679704
7977384
252633249
194860142
134355420
25313616
146380224
212320307
148698587
196373747
193977457
208423167
189697903
248602817
201045815
141960657
242645918
144912335
144915386
143097853
137995773
253350311
57694003
755487
201429078
183556759
127120226
138603695
148076862
199140162
127120631
59452306
221269877
149195580
242622300
192587694
193977406
195700299
141741179
158709437
2620893
146492363
192135389
143678869
49635293
213954003
143613429
144476780
150003541
14071586
194865819
207017714
158708787
145535737
193762787
144479713
132026389
179795474
173009512
242420967
172153882
192942822
190469868
201045808
200947838
146493081
143091578
127120465
155567835
20009577
191678954
199629267
212928020
146380646
127119618
194483931
144230484
217479313
194865887
161246307
158709925
193977653
193977458
148077029
176249469
146380267
202622901
216918462
148077156
136730983
156175137
32027135
206862157
139459419
201648239
144756419
109310911
192033976
193570314
202957574
143887433
127881481
152023560
214088102
202151934
215151226
193977404
214915518
164601939
168663266
195996432
195474141
109569071
137996554
196904307
150880490
198933015
199140064
133006052
193857064
191553142
198966665
163296061
143089888
482496
198112795
143612956
161246320
194827489
176435671
152023528
144906989
127120212
109792659
171674603
144757137
193890479
144908401
139461107
207564428
182485539
207723636
214918914
207017669
252036448
251925998
214912251
260803698
230039609
252562625
109569676
252563337
228997639
252623265
249582977
249923576
262778195
244169268
263278360
208408305
250340909
248533099
248304336
252577128
204927940
253261210
252563362
204428466
196838112
257866403
253203733
253085965
198411956
249817882
158710018
207564501
253076574
253347580
247299094
158710028
252563349
260803740
208423249
262478443
262483917
204282184
208408326
261856563
263278120
134556228
201844791
263655166
252626379
252842166
214933704
230039748
252562562
193778048
206240360
208388789
205101995
225207994
257866017
262386209
253051041
242691992
208680817
213914140
195698921
252570778
251013827
214908605
252637131
199271014
216923619
253620786
261860276
263191287
248322062
249851918
260941384
196157766
199976990
198350493
201648369
207758449
208376616
196838309
252401609
202957572
248261478
251591044
144480024
253075682
127120028
253072687
205263480
214918277
261990178
145411896
214916054
213490968
197855481
199552882
262598496
263167030
217520516
248455484
188486644
248651883
252612853
2155943
78633933
209164897
131170045
177784606
191620753
107561427
217648339
84839257
204915672
173030831
204768739
204848068
204848567
192679050
138156157
171666552
210142907
249057420
207252479
208917141
145767604
2591245
109448175
148734257
54364183
111582665
168586135
4138513
145767518
140148415
204768876
145766002
204768468
203052383
204769058
153861677
196977547
204768553
138157441
94391068
242735239
156647453
243096351
48897589
159767788
90588566
204768463
145767664
127220833
198956475
204768975
186268427
204916303
57704813
242079948
174304672
102735410
253113481
142660637
57708744
141905862
143166812
215101812
134628229
204768946
138157032
3665229
204768752
48927831
204848081
76372614
2151963
208304342
58559880
48891201
207551949
204916497
145765770
204768907
143678907
57705166
2680291
204916414
230054697
136462395
145766121
207896814
204768622
3242233
204915780
210143198
143291474
213561540
57870599
97677967
167952433
138194351
145767641
207252580
169936207
251322032
174151607
106869891
262305566
133615424
188543513
136849081
4387617
154234304
38062697
252800390
156644906
204848384
145766690
192156364
58014769
145539800
138157579
250356704
204848097
200002075
173987979
131170049
213848195
213561549
191017415
209603226
204915667
109568152
153580876
3676443
95564723
114843841
52137075
207196029
136664703
138157218
204916574
204848146
171049736
104717888
204915758
204915646
140370386
134568267
17936876
207201337
210142826
188831410
138157288
129567259
121096713
202781679
138156439
208405593
139481068
138157504
102495922
76372609
166502475
147771034
204916550
204769023
111242608
139507276
204915679
182558154
165665368
198933142
145767306
201565461
171949495
204279173
145766742
161633134
208207081
204769204
198271478
204915625
151437659
101459509
86024279
145765937
207210502
145766724
192675301
156299943
3970187
204768812
204915657
149194706
210141242
145765919
207207814
131392636
179493133
251588555
152529198
137846996
204768842
204916465
193890380
68194400
170337434
210143267
207896452
208916421
57796670
110798175
199551847
190087692
204768936
142554818
204915756
145767125
145766437
210143237
209888018
210143184
102261866
214823874
155702094
179493330
120213391
172336736
14885460
177626587
83489798
156299442
252327925
103264701
263047165
204916368
210143149
204848606
148074980
108997020
139459257
146403847
2603979
241788480
199010788
97343793
114363128
195969123
106600482
110798135
125749822
139394847
213923386
204769196
145766785
161218257
210143176
213920887
180935129
168662959
127119964
210142900
210142798
222679601
148715574
125603856
204988834
37525471
216184210
209603189
191717242
214916870
169084367
215622946
181423280
208603451
204916224
139564619
204915911
168495987
204768671
210143202
158709013
33530945
200947861
169054969
110798164
110798160
207341635
145766251
161257936
165668085
195125877
204848393
73781816
158210273
204768638
127120015
145767380
138156693
145767403
204916329
204768560
210143233
68918071
48893935
35366690
2620637
210143252
140331634
204768540
204768490
204848117
145767608
151454959
138385419
252327915
142316612
195851535
151611905
109567704
145765801
28447255
200841174
164792851
204915654
108996807
214614296
215101753
8509791
121259590
138156552
152919754
200841183
208916467
204769144
201565555
145767020
189474092
153981377
138156848
207252683
2605263
106869750
194420209
208436608
143171708
127220725
158390135
249911865
204916755
204915983
204915733
148077084
145766359
57792897
2595313
138157728
204848450
220662581
208404730
188560761
207735195
210143174
144178951
156299124
186189477
204916269
214147688
262977398
3256631
95873070
145766136
204916335
204768777
247821875
210142122
210143271
210141762
207565216
159034675
108996830
142317078
103788727
135290108
192851308
173674471
210143139
207565960
248994399
145767739
176402512
204915653
180940032
145766628
145767705
38590230
79653495
135812653
104861047
107308014
207252327
204404532
151452617
210142075
164454791
146380063
121264057
137996048
135149938
171613100
53513446
142834547
180947716
210143295
104293278
172341215
477564
106863145
149447116
165597592
204768419
183041230
152097847
5079941
48890123
102261994
199548583
53231777
204916046
183351028
204848139
204768464
151451012
207252485
143227472
156300023
156299515
179695255
209603146
252726416
210143153
210140631
172271632
204916670
192680240
2089063
187204924
135061342
49472667
156299398
215101560
196078820
186497040
158709914
204848142
202769702
170337484
210143108
210140645
164792186
207041222
214153630
173393953
182315629
114844769
251589147
195715264
173428774
8029359
145767150
204916326
185751334
204768788
210143265
210140704
204848165
171612912
170337822
120150357
100931950
4423719
100959592
257835798
164810612
162587425
193778028
204916427
204915791
210143281
165712535
119501374
210140686
139461391
145765939
145767160
52791785
215893570
2591337
147666269
192933443
5079007
207722776
132209270
204916276
204768780
176254906
163543638
204848002
142781828
204916116
204848478
164454837
52796364
180935288
5491301
166391683
2365893
204848104
204768916
198254613
204848354
207252603
207354762
138157006
139491148
58470639
204916256
204768680
204769081
204916588
204768884
207252372
204848367
145767663
58524030
208418691
242711202
136713675
204916701
135080091
207252370
191499983
204383175
191376617
204916162
139723381
48209870
214823818
145765803
187034783
204916247
175781304
57868991
140148565
151611562
158224780
165737683
204768892
145766215
213775191
161257706
204848073
210140691
204848395
169936172
193766127
249557295
204769060
221236814
252327917
204848275
197514073
103759219
20007949
208100029
151453588
57885509
2736479
2153237
2367057
204768641
8048667
207896514
133661524
49024809
132201095
209887971
105674641
172404217
107360732
145766920
111569709
201477664
139457780
179550014
195340442
204848425
204916450
185215510
113920139
139298677
133812356
47990045
111714386
59171814
199548522
204663942
253248102
106869908
172840240
208207175
142834637
136462217
145767158
210143187
210143094
207565813
204915861
80976154
204916382
204848176
166378527
151451972
204768412
140573756
250000970
98934309
169935899
169935878
201770224
47982137
2605035
110798152
209409762
197856330
47990118
250742586
204768526
197506301
169117410
204916178
204768979
145767068
210141930
210143241
133899602
194585919
207645308
204915643
204768856
92451625
161257834
167952295
212983306
193512235
222718621
194154996
2365911
48892061
253666035
8509756
208405556
188940898
151611778
204916319
185922556
136664344
142316665
149194219
201565544
204848027
158224111
204848058
132103482
204916301
151898016
192812132
152560821
126527684
189468917
93887396
50131218
59171527
192952390
215101567
145767662
145767609
138157508
204769214
150165380
210143165
210143299
210142962
204916218
207252352
204848355
210143182
210143218
142316586
204768867
113920153
145767596
113000845
158227339
200002537
204848373
138157439
252327919
173429067
204916007
165666720
139456981
204768850
154155334
135072262
138903871
204848054
205289233
166502489
133783095
151451447
204916467
207043635
109568780
204768586
192679542
147770794
137966359
111233440
217132324
108914387
106870097
145767242
162752314
186268412
158708445
204916542
145767678
52999276
143228153
199628908
204317196
156645014
192643878
204847986
204915751
151437681
133092111
108996929
204915732
165650506
181993786
192678407
225208021
210143192
210142983
139296794
145767598
114852877
145765842
145766066
142317038
262456842
186633070
173086408
2607203
97346300
252305293
173889129
49869939
206296187
96489793
156299815
156299767
4365305
179774756
8474451
143612536
138156883
151611697
214863183
154155372
158708684
186268476
154152732
191376433
204769172
210140697
181995636
145766584
207828265
180936948
156645332
174878554
109569618
204915852
204848029
210141922
210141498
139459244
145767731
197973042
140901341
204915927
133811393
209603345
138157662
242106456
242106322
57796165
201292227
156300039
156299957
247906419
37033422
142316662
113920164
200561801
202623847
145766557
163577997
108996758
207200945
186815062
161257981
127220892
134624244
145490006
221870838
107313178
171469688
161257958
145767282
143819614
136616431
179372101
213846454
97073398
199022177
208772602
133811699
216378870
77153818
3664377
108914341
83491565
141906574
204847992
204916221
143613758
138156868
204915675
145766943
188560763
145767728
204848594
148048393
204916728
138156762
162594922
109568248
210142949
204768820
145619893
194082747
204768590
156646755
206873675
204848013
143171743
140148356
140148454
145766559
145767714
141906505
140331767
19416864
28908040
208685661
190607331
209603094
262386479
52418307
100947408
103270809
247262714
48119879
177535160
20587802
171669943
173429049
177623492
53038145
108914315
156299361
108914347
156299406
190087704
247813841
253248042
149687207
214155488
183362089
204769091
149448145
204848432
199994146
207565791
145766574
151611471
150003461
140148417
109568495
210143216
145766507
205510492
210143214
180954069
165661344
150866023
204915623
143887058
204916688
204768956
180946920
145766639
57843514
139987631
172254228
136404949
172935358
172936239
208527305
160217865
97072606
97339479
136795269
135374244
48428410
244168216
221245817
25981864
48756358
156299237
157943535
143614058
173428884
95000810
192246040
168934079
205855493
140843796
145766514
152636279
204768821
167470040
204916328
180953284
214837352
193890475
177726976
162521589
204915762
228950565
210143196
210143168
154152707
167146203
204848640
146380804
204848062
207046585
145766528
36391967
111198888
210143210
253663091
151451642
53699805
153038466
2156185
97103045
163016840
144479980
17030028
8048682
137626748
156299363
182558646
204916415
204768948
207252347
142834567
135476787
204768616
168791440
204883495
183361078
138157731
167382349
204915713
197778712
180937311
206873162
194395769
204916056
214837486
125749894
127220544
127220394
204769012
207196799
207252453
204769061
204848036
180935016
200752735
171951399
162521587
141739741
210143275
210142207
173473935
207772300
212261601
180952730
207933437
207047632
69839285
149848328
144756875
156644907
204916290
204768620
145767640
204916486
158390691
207565695
176487982
208207019
143862651
208405528
145767247
156645675
152919637
145766757
214599377
200671972
172231731
151453149
151818556
148847040
210143112
209887995
210142265
124084559
148669643
133091467
113920143
252133959
161257461
145767524
207896461
172948239
172926789
145767299
145765742
204916020
204669510
5980679
109854496
100294556
97342016
99011520
142840107
97341829
146493694
140148252
2604013
159314174
166625940
103759202
150805888
131392542
217132325
77153814
262389393
254462110
92229350
252327921
103265039
96483132
2663711
2604535
167580462
145766533
149848336
127120882
154152747
8474458
204848602
133811528
145766418
183040092
143226959
180947614
182558457
180939234
145767147
207830445
204769202
142311868
158709467
2152113
138157611
127120725
182558641
184669738
204915869
204309104
132102807
217412454
204848482
179493270
57868624
196837995
185228176
207207863
208772609
210141254
210141273
210143257
157568942
185877790
198452334
180935665
204768792
159693987
189867943
208128984
180937000
153875896
136664568
139491687
210143277
210143137
167128861
214617915
153981180
14273071
110664703
114849050
172927119
145767422
249823387
127058320
145765941
213808835
10407367
197126840
106561708
10000071
219461980
145766842
208772598
249680328
206303877
2595057
195844944
173428825
13325731
208436602
202617281
108914336
156299330
156299404
156299221
156299258
173429090
173429081
173428617
49027735
215101772
203013213
203049844
192246075
186500972
190087714
152530415
68199546
204768563
148716057
137822485
8503438
172948713
108997046
145767186
149774752
136019773
186276548
3665289
204848268
133092725
247813851
135071865
24586955
217132365
259317125
74566573
98942128
156299229
156299867
117222554
173911553
171662550
106870082
207896658
252305297
201439445
35524539
80536036
140843809
143863716
207195403
145767132
145767148
180938380
207252559
208174025
204848128
67361030
145767126
179717829
167580497
183040025
193890263
147012197
205988450
180948258
145766356
204929816
194440596
215099098
113400869
97070876
137956475
134651911
131172654
210143129
209887991
210143297
162587262
161257321
204915668
197340087
158708925
209603089
136350437
157568600
127220782
138422841
199236373
57792055
210141534
210143142
147117209
164797668
145620813
145620246
204848447
137995340
8511772
207019178
151437658
208173991
204915880
164811971
212212133
145767466
108996811
109567893
139462002
201074074
204916454
151452641
181994076
153407018
140938702
180937703
151611628
170127604
204769068
106225730
140148250
150868796
245983971
171661252
199552160
202705883
202885951
156300015
156299376
156299906
156299167
156299561
110798132
110798126
182107868
190087702
138903504
10159166
148670584
151451751
190087712
80534277
107454276
147431299
145766500
204768885
165597601
151453021
67336509
208206999
204848471
204768968
188831671
204915910
136827128
136219909
162752337
204848137
204768618
180945202
180937061
207197376
187593326
207565719
167580741
160186163
161257729
161257749
127879771
207252381
183361025
144340121
204915615
204848305
163577960
193686736
204847994
44946606
137954520
209887981
210142961
157568806
204988822
184496070
139989656
139459489
136728598
136405618
118089793
108996988
140148468
154529897
207252477
204768808
207050717
204768670
204768881
146381416
204916457
127220963
134332668
134332690
136717775
89653860
250000981
150003482
182558291
145766076
202783847
182558659
158389721
204848251
182558165
217474452
145767009
210143283
168663154
207565745
139053216
145767166
145766536
133812069
193890281
204942562
207042468
151611570
204768903
207252443
161257610
145767560
109949385
192643719
204768809
207041179
164806492
204768527
127220536
181993394
127220964
139502549
145767772
183685353
145766911
145767692
143386060
145766529
136728031
139462138
205989720
204768836
207210139
128328051
204768896
167580504
251249638
209381784
145630672
185864410
97339591
242652604
173425013
247813855
208077481
111230110
50015732
103266264
181218394
193707552
57440151
249851908
146505946
208408331
96491708
59173337
82165706
77153822
156299088
8318089
103265009
94728381
202643623
173429104
261989933
199549833
73437957
73438060
156299283
156299396
156299484
188318973
96594746
173428831
164809515
214155774
204769090
173859996
192173041
204768703
145766866
204769201
204916044
167952299
68783463
177735775
204915659
204916545
161257728
133811468
160831191
2754317
103277974
207207907
164978356
243094119
157711975
140148271
172925964
2089041
103088356
133776082
140148055
186633665
8441522
208126617
109567736
171666244
15877437
193707577
121976475
204669549
208123280
176246821
208123405
208123266
143678206
209603280
262972107
250000983
110798177
2606595
8026978
110798173
171662542
156299890
156300027
156299841
203968562
110798194
261989992
262389042
156299359
156299904
156299690
203970423
201476148
3784415
209603347
249910780
192246057
100959292
181218475
136730997
216128979
113920175
204916367
204768890
145765848
204848183
204916028
176689148
138157465
147816943
147366324
193685925
182315711
113920190
196056201
133004976
169461739
8511970
157969362
214863217
204768495
204848108
204847987
159276846
154155210
103265956
103277816
208404754
169936631
189867451
140148283
109567679
210143303
209887972
210143106
210141535
57871239
87100111
138157760
204916201
164540987
149446726
204916527
210143058
210140937
142460756
145767115
143114509
181994711
204916759
149848488
215193788
204768585
204848608
185922623
169935667
145496456
157477537
210143305
210143097
210140952
186749696
249291305
140148505
140148171
154152357
204916333
152919705
148696236
204916607
180952289
145767374
179970663
148716733
135220908
210143259
210141942
210142479
180946794
217155132
189064335
140148507
103277370
145619861
145767103
145766503
140148190
109568068
210143206
143834306
36380738
98938839
206303895
205018460
140148358
2619733
249851910
193758473
169935644
169936623
144199849
146492174
27724065
190607464
204942188
156299384
2595273
108914353
250130714
36319319
96482126
216326831
203085186
156299975
156299351
156299513
117222556
203790506
203965281
217639730
132026387
192246073
166536973
144758648
182546280
158224156
180948545
145766791
145394339
57837376
173738831
114845959
8318085
156299137
173428606
145767211
145766282
165667232
147431416
139336843
139053914
162848034
180936997
131817053
132016823
180935039
180937029
181153497
51488516
105675472
110798128
77153820
103264984
110798184
156300013
139461538
145767681
182558553
87777422
195299543
161257954
133661471
177722885
139461377
156299663
156299519
77153816
2604727
173428084
139457934
193686267
164791598
109568079
133091835
36711430
110798206
156299851
156300030
77153824
28152933
157943574
156646160
51703769
140148110
196241525
141096899
164539776
182558532
139457389
138157431
183042376
139460191
114850722
151611555
146492237
186567999
156300019
156299955
196050153
173428069
145767606
8509211
132017120
164794866
161257631
157568861
108996915
182558247
145767580
132016805
156299245
156299219
249143581
204916500
207209848
216018623
207207827
208686327
207207988
204916234
210145992
204916291
207195877
204915674
204915637
204768937
198193492
242702860
193012587
217777129
212211880
204768610
214916230
249291225
249291418
249291354
214160063
207252448
204916557
218738512
212321697
204916009
216921854
249291319
252069706
34868419
192103960
110317630
202047547
192726535
174450200
155503344
73851398
37954728
104870156
183547273
132837898
40715521
208687073
208687028
208686851
44053518
57634875
45578900
126960957
122901583
40743883
252861085
41399725
263054032
196002983
204056924
204053432
204056426
125000706
199944197
199242680
125000621
71149807
215396586
199634868
76121711
1628961
199632036
191570361
131568105
36630083
204027859
44956753
121682515
150980178
34867394
136837119
262724228
8066188
14786718
136186248
4998131
196002017
8066250
98267540
40743897
5021373
40743595
41399694
182144174
161456327
192103966
81604779
194965450
136936556
251531470
157056952
157055181
206681557
47325814
216925550
45549433
199051739
202043989
203055566
124116339
40750353
41178385
104871454
104870628
51006308
31565405
53581887
152318110
134280807
126957316
235737716
201034657
181259363
196003210
189601574
188837175
53311628
36630057
8066299
435725
181485596
6522897
71289734
263645476
195105161
260917984
260918105
197537593
260326871
222693755
261988809
40750363
40750312
263401524
263390168
263389346
263390858
35193699
227560206
263580368
253274937
253403169
262450423
263035616
227716480
196048258
202490884
260918042
222704330
260222670
260918074
203176487
176070593
261988805
263390207
263359872
227672498
229698492
252398737
27889143
263054271
249717749
199737968
253179320
263644927
104881311
66250367
61970704
52588239
208686859
221839433
44104651
31566473
54688575
50486259
196423986
118081995
96287899
98267535
31083494
45551511
48858778
253274636
225932922
188835535
204027084
195505948
199216490
134349498
68459054
191364462
203290140
56320697
117405280
125753141
71210450
125577701
71203517
199941593
188694204
107102842
132837902
196004040
196161687
41578967
98267585
41264565
115980737
46219228
93513169
37254462
115980884
26454178
244173974
194807961
14786875
157057386
157057446
30691347
41579031
37105690
36624210
203064886
183284483
167155126
22432875
1001350
31563635
31567839
70553031
132837894
126973474
101960811
101947721
133822900
1582923
148551865
101365677
152317837
152458204
57998133
199022160
45580116
235736313
216406100
125577711
147047364
71301437
199638990
125000649
125000656
116930077
2034515
200616854
199738540
252861387
2034511
96637625
222425653
161553124
40875197
41579054
167155122
167549307
194966342
176713318
195896134
119617207
126962597
152387547
199553337
204052499
71198816
71304262
125577699
35819745
44956755
107102018
36630087
73577611
145093694
37260592
192121223
199530642
125000677
199527222
191567021
17613038
69252481
134562894
71205485
126358874
36622978
104870832
82166247
412861
161553247
41578972
161555695
174532190
88993405
31063295
132054798
41579027
195104309
42993084
98267561
104921467
73199724
46219241
160219833
195504920
47325817
202047536
207288035
155507648
155503923
41178381
3328857
107364745
96026197
155495579
40715505
5001787
53665467
111841806
227683318
502049
41844399
140424546
72893408
54044958
207202973
201034195
116931252
145699462
3710533
35191663
59167293
197608189
216406075
53976386
125000646
134278986
134349492
134283789
204611297
199592777
96644921
257759633
215396606
235878499
235882862
132837881
4615719
107394375
40743887
44956754
28110669
180247372
106628435
142996139
51465366
196024703
31027946
40743597
171814057
122474477
110382178
195509977
104921459
196158112
110383001
203176057
36052435
104183925
5844479
124161238
229699326
104192373
40750326
104871514
104871623
51955589
502056
37255600
7485105
11751434
161461576
41578973
56572142
36630163
140351494
126882495
56572101
102112558
134349499
192103956
8066213
104871255
104870960
145341331
260918102
214756332
260222697
222704679
263390296
263401421
263401710
263401676
263389273
249245105
31641214
257768261
235877787
252861204
253274840
249145890
212232555
262450397
199519344
199765009
192103976
260693830
193595860
247793256
222703755
227756422
41178387
262783691
263401395
227768481
199638739
262450336
249717859
216464066
201597144
247795184
247501014
260222683
260918056
202064591
229698917
263401878
263401559
263401412
263401386
252000133
235882827
263047411
235738346
204057112
253273893
204027951
249146389
249935597
246857091
204002768
204002765
235882913
227653737
124497920
201295920
216923978
260222492
260288850
222704385
260918044
217732910
198256748
202490866
203176678
202044014
222695183
221855802
229696534
263390004
263389388
263401603
263401575
229698063
248206869
227731924
161520019
5033069
34869662
98267550
102760795
122962063
176070603
176067596
203155660
110381786
110382723
84559373
104870705
5021735
14786747
117970419
118081996
145681353
181485580
202739495
101365728
127842705
199943768
262979515
199554077
159244066
107364780
121247937
37597298
262871830
41264555
165046945
196161456
36413238
41579024
161651500
55139089
216922171
174532189
34869814
174532315
502008
50485898
14786884
42993070
210153155
197185302
96026942
122489859
41432490
167154967
203150378
203175572
176065298
261839476
41178393
104871664
208687098
31566935
5001929
101976744
117970428
5039197
181456521
145696263
230053885
44959822
96806540
51443188
170283228
229727616
230039381
107101803
204027735
230041552
50465927
188507449
125000712
41264566
199631503
199531958
199941142
199526700
207272685
71293933
141338181
122911154
41579038
41579021
196004268
196005561
46202129
31328204
31061436
16085383
5021659
54732346
27798474
195277106
143103406
222704527
140424395
160138324
146361584
199198271
217267498
140423330
198618072
253062909
222662963
230006554
229999501
230009533
230009188
251531511
260729113
230007835
229996268
263066188
215396744
222666114
253479890
215396748
263066260
229701875
229703256
263646823
260715342
253063600
253062685
253063948
222662491
263564976
235528445
263564418
222662528
230000483
260729092
222666267
222662708
253499006
249149716
248542360
253483065
230013436
235520748
215396592
217267536
235555752
251532861
251531684
260701787
260730773
222716067
263564711
235540401
235534247
215396746
217267615
263643330
193232738
161974078
199177595
235728966
253495095
122489840
200724516
135578733
253234759
198822832
199124494
217267497
111851973
188059576
261798479
199019898
200719905
200720991
235705765
160092343
229997632
140436673
155110720
44922099
202064376
235851013
235691813
199058559
201035663
199109560
229701333
44922463
1341617
120461150
124764957
109575480
253268432
196092826
209403914
174442191
262469855
242194447
23304105
112064299
89664564
121243720
87052759
136038184
155112623
242077914
178320968
135284048
145981357
248554651
162778780
15264909
248554658
137593600
162832657
59526269
69836978
125273701
38153213
185862717
253268409
183244246
23303402
159382171
202495075
177145600
195960968
145701709
114357794
26047126
38240104
207814882
242078371
145838229
160211963
96292461
125273699
195523235
195125709
145495880
216406066
37968756
188492516
174448855
129233344
38240160
138340055
144507723
57910300
248554604
208886704
248370715
248378115
249484785
248395508
248641505
253263665
248559661
262800153
261988782
248715547
263336372
248380160
254125664
253268426
253265564
252597223
262010330
262473375
262473015
263506488
248370672
248367292
247926890
248386688
248386096
122386142
211295003
248554617
248641499
248554630
248641486
248554610
216476703
208783885
248559596
262908924
263336465
263562796
248428333
253268395
248393174
262023213
262469459
262467974
262469227
249669633
263567116
263605473
248375046
248393120
248387377
248395364
249277547
248641519
214829357
248559578
211218224
212219652
248387242
248391043
253268411
253268391
216406098
252906781
262469685
101289716
248554606
212231624
248641511
249470194
248384762
248387764
248387661
248367064
248373499
248386284
248641490
248641538
203090535
208789381
253299497
262783595
255010523
248391212
248392760
248369829
248368347
253268421
248428426
216406103
263022889
247307371
216406070
262476809
262473144
242186624
208235450
248554627
248391699
208783638
248641508
248554656
248554664
242075533
262908675
248369639
248367310
248380018
263463507
263571241
216406094
216406119
262475198
262475750
263630192
248554612
248554635
248641510
248554639
248641550
212231308
248641492
248374904
248641504
253275207
248641498
207830311
248666466
263309738
248379921
253268428
209414843
249149737
262010356
263577658
186558039
54060704
129228737
177077986
167951394
120499750
168055110
137156194
118689890
73222987
113634387
166561407
120047156
53097256
72306873
160534586
25716427
155111491
155114353
120387237
248389854
127811373
142112738
20333639
147532985
19917050
171740326
34346846
107724327
216354649
58819612
186071942
152448964
166643780
150736621
136041026
205480362
105085576
124333390
152527490
122489905
37536831
146086336
122489866
138336300
25146807
127076334
197418262
68236415
124764966
124764979
74766283
58465894
200779895
177092432
9723008
262010303
180380464
29601987
88191600
71978372
59522910
160425027
144231089
57899762
142108806
38237117
25147994
137552404
137228058
136033399
168224639
114008602
102019078
74616401
84574208
248375198
253268441
197891049
249149767
174450835
120495206
225272797
63509863
23299237
147575470
136040310
59287384
144230808
208885987
170741772
141356287
83561267
249237693
249208194
249181548
249198416
249199966
249206083
249243507
249211768
249237839
249238035
248651728
249253448
249238473
249206720
208780745
252105565
253268666
249204145
249199727
213873175
263583893
249244939
249206007
249206164
249244555
249252117
48312115
249766569
249206012
252131137
253215779
253268776
249203357
249204933
249200564
235569882
262046165
249244890
249211811
249206533
249242872
249185494
249205549
261826746
257865294
257863126
48311484
249208236
253272798
249211659
249206887
249208156
249251934
249202808
249205092
249205333
249203043
249200352
249206006
249762960
249238882
249205920
249763654
249237992
249206381
249244215
49403707
57349343
49498155
180238461
205004609
13345851
53468433
58228379
95548480
113568948
85364422
200728143
201034732
191570471
48311990
48312108
174864921
191576767
196059100
79545889
48107412
95495504
85273020
85272075
85289676
85280555
85096466
201036526
191453232
95035908
92912453
186232419
95035860
113961625
68397915
113958906
85102603
49664946
249201319
95492592
84884339
95541319
249252675
200723482
31096620
49444929
202723415
13345853
72752944
179198582
85085335
35245991
95540688
84884214
191573994
53442635
95035841
71018298
53442670
85305765
84884129
99417580
85368077
202055635
171039372
106243219
200719052
95035914
190109825
191500086
136025117
154148893
53468453
84884435
84884634
13345849
20558715
186236614
113960929
5515607
99413921
95515982
253268944
249205805
249200681
253362012
249244633
249246608
249208002
37120808
103847124
2224929
46275616
107158886
38039091
205037246
16295144
162213478
205717834
129742591
200787135
11953279
67090708
9884085
126191999
49234261
1694121
487238
59275182
121105670
27986816
26293576
143497923
4220495
107186514
112101977
19814091
217781189
175686300
252295224
217640027
77058897
33754142
23185123
217783056
36888999
16263519
28745826
25096231
936808
2129687
248623646
21726571
491406
177503816
175154526
76479072
491414
416003
1030417
24472091
217707305
11253469
135477867
217320753
201600441
143040633
23080586
223660765
13739249
45580505
117070340
13378870
111978281
35347529
162165614
491416
260819764
262979747
262082584
205709384
262681115
250517743
249149735
263596190
262656952
262889753
263294702
205718086
263594738
263668775
13894940
243248492
248675629
262659553
206669668
262687671
262891148
251551428
224809410
185713237
262655873
262337651
262657640
263294442
263296841
262677427
263297829
262336567
213705595
263515013
253043943
8490453
420849
213891725
57449672
8490473
76537785
58150675
8490463
221251870
58479378
76215732
46714876
86143965
111717001
52227362
76834015
20148843
221251651
221251860
86151373
221251633
221251692
221251712
191366514
76008941
76833641
221251880
221251701
221251645
221251640
221251695
221251707
221251819
221251752
221251874
221251829
221251706
221251878
221251667
221251671
221251797
253766310
221251697
221251835
221251688
221251805
221251637
221251740
221251884
221251677
221251664
253722192
221251787
221251831
221251666
221251686
221251736
221251876
221251656
221251768
221251728
262904366
262901972
262902061
262791760
217731222
34809989
252412365
262049056
262747262
251573414
216435799
216435825
188716875
116714620
101253324
1591343
113147197
79333884
95303571
89619593
107978025
87555477
42744761
1021759
201383132
171555760
56049008
250099236
81647335
172488524
172487794
101351146
129742612
94632099
146992982
103662391
38064111
38085330
101253253
116775630
120214084
199682877
54259672
43109011
24780635
12729909
107795188
116777015
120213894
1593323
188718000
107371189
94567664
108252946
119112487
49267310
79639302
89913972
136293807
50350899
47099735
100127545
120214557
129506617
95584085
185088961
33862880
38101878
135478259
89821913
119104310
119104452
84150045
45299846
56032795
90916735
91623126
101045432
59432197
143643426
106377276
90364637
170924222
93714003
31823493
54355873
165761001
89822499
11470900
195569656
87733028
105708365
54384992
89141361
32422419
21827292
87738748
32294791
42744858
92318827
34599685
32107961
14417859
202152666
116929872
77753336
54356019
204954515
101346821
170613265
249039212
57379134
48711439
145538706
146385962
121153822
124208878
57046317
119214297
95246861
245767475
93245238
52600283
252565462
100126294
90367520
217168757
262689865
262790729
204882713
208415660
263294834
262915783
57763402
110367431
1593265
253074630
253075060
205711863
184879353
248430264
248430340
262643398
253334437
263560920
253661109
201003709
252050573
252050353
243038263
206946544
120214440
1593257
206308313
105799535
253073180
89913906
173872065
248430342
242711597
14420401
262902686
34809055
205040866
262874289
263256145
205059595
263444894
202612802
262054023
248573997
247785125
55248864
201638340
199629870
120214027
248430198
248430187
249581700
249716399
89914572
247785118
196305611
89914517
192931526
260806760
262024407
262689014
262904332
262903957
262903087
262901960
263396342
249141852
249114275
205039861
251468777
249582383
247785172
252390353
201638410
205712745
199629977
249947481
247403389
249855138
201629963
15417595
248430180
201003726
253074696
203294462
194958632
217169533
262689711
100127037
100128690
15209326
34359233
59169883
118082329
99680247
16422672
216464338
24592437
89237537
32744949
6279331
83669171
108051080
253215289
35596216
12581757
13671191
83500482
80472047
101280434
43768941
19919809
53530378
21289081
108715413
101297943
172472795
108715334
109610994
217709135
8145278
120805779
20555077
1593263
6278727
108705642
150146416
120214208
94451115
120214469
53720945
36371256
101252744
95171306
100126737
100128294
116776406
140630552
34348029
113057835
119615473
56102288
19264768
22909395
13458350
188030994
155061886
89915261
155288556
188716793
121081030
205929633
106532477
89211077
94653437
87263480
163029783
110720439
119104441
90915847
142795857
128290462
13458384
90365327
35856051
98820610
96926357
114508199
34068345
76588524
155716148
118271050
96289519
92318928
20267467
232690173
74331745
14657275
157172994
20282051
14678633
200701246
44924072
44923527
16317553
216435847
24592446
38086050
13779382
107619661
90364921
92158459
116777167
114933052
102462583
114251023
107486086
116775668
105800384
120213786
89918018
84724138
31196523
127735034
87275358
108494169
1593259
93245804
87112669
93246416
179372078
44414457
34809421
96107103
112587542
89914691
80243172
135475419
24780681
120213780
114933572
112211648
44063020
49908528
19918973
52636252
100395857
70774237
114294590
171571287
120214394
81309336
171949700
120214378
98651843
15638945
124276022
24630262
4137121
116776502
116564544
20027154
8021687
116713341
118182948
107611493
90366237
105799706
19514914
89917114
110971656
106377421
44063240
34809191
247785259
171949543
117005949
100127053
203399195
94572065
247757648
205929561
93245589
38953504
206306311
207854715
192931486
213560277
253280045
262791728
253116591
13457912
252052268
252052432
263354306
259465254
262855791
247541277
216435872
210164516
97363406
205929975
95393088
249583072
253170741
253170756
217649806
207779211
262852651
148073928
207779213
44438877
207779357
207779153
207779451
252084189
118714671
173602969
149240031
146700732
127847357
20702232
242177391
98739573
108694993
184786978
207779208
109910847
198508967
104090445
57346046
57500406
261996356
168903243
90413631
108889724
168903958
205246128
158208526
129547107
251922272
207831290
32245923
119475232
37991139
94589852
49308326
56687343
33396475
6973335
12386844
48721321
184818255
164434552
3770279
25766895
219148923
58135136
41095254
207779217
57485843
20085926
252070510
116930965
57501067
252601371
54628157
54609374
13798271
58127610
59235907
20621391
108903341
126735199
186088862
171543704
171543725
184801368
108725452
205246069
242754731
217714005
263393774
253276117
219148955
250101406
254146240
260921428
242760299
263058736
263058691
171543709
260921422
260921414
146643933
252794674
263559343
219148928
249892308
171543698
260921441
260921417
34674149
260921421
250098909
249008193
252794688
148074197
247667749
253535323
263391203
58117558
260921418
260921427
247667626
252090940
248004477
34674143
242760381
262346358
263058986
242285492
252090484
249008188
249289031
249008192
254037337
58086018
252794669
253276859
253276981
260921433
252794678
248524435
87627521
87627499
78634571
1283011
17404791
257834548
17448678
202762467
188492897
68357153
196337392
3868161
169573260
207750843
157493359
157152602
59256222
173864258
195661631
93156487
73406879
191444213
199916172
71091505
106457550
241582230
197172995
3277393
1042496
825501
17490635
186271061
82525138
119718918
89482636
107931184
89482256
108957888
199999543
66940988
105725358
74765574
73228364
188513940
49600936
197658476
1283009
108472695
49537168
66104752
17455757
53980232
191446936
249723915
197666145
206820790
263309472
259822455
197412214
197410479
249738556
249738573
249153474
222680060
251550856
251466379
262525995
249570155
197410924
243025642
249738493
222680043
249738492
215161070
248592251
262456669
260920185
247951015
257835221
257834906
247879405
249738570
251456312
241582334
252139184
216277505
248593254
251466598
248591297
260733817
252602919
247296924
263437045
248595867
253100207
243025626
196562325
252606626
197410877
222680049
222680056
263584931
257834848
89482617
241582491
205573225
197660979
249205110
249738560
197411146
263058003
219143814
262745548
252138881
207193148
248641229
197665756
247296911
249738479
263057918
249738601
249738476
253099398
263300730
248853345
262748072
205246043
205245900
254074932
254074276
254074695
260920192
260920214
262382514
263021897
263021942
260920177
260920206
205246095
205246133
260920218
235732097
205246065
260920194
259767913
83197336
83209605
207914355
242328682
205246237
205245995
205246272
205246262
205246047
260920210
260920216
260920193
259520195
263021963
263297448
260805522
260920220
253384320
205246192
205246185
259802652
259520737
263590209
263504755
259520385
205246197
253384265
235732090
235732104
259790816
251457694
204207729
178228730
204428548
206135175
2681555
26710367
68298645
164435614
25147840
72786107
85288766
21182189
877436
160051933
25147856
382664
53918555
97821574
159828826
191381254
172836228
2626813
17930016
73724409
201592234
877480
21032603
17459930
2635171
52779807
191381265
207460937
100259203
191381271
174215238
110024266
111418836
2382907
210145114
7758364
191381261
229701220
185591377
186276734
9979086
142989960
72579891
204399255
2667741
185990528
130398064
37817755
42205389
210146716
201770265
161498019
143961941
2680661
134780124
199608105
155043322
113760835
75380765
145549128
84547464
206135179
198573010
68377224
2693771
76439186
91947719
85306901
11337617
38246030
203868037
100249835
196156285
124390704
72540402
26710798
684969
244304255
247869165
42966515
205514603
204871669
178240582
196724665
198735847
209876296
15795569
58857939
221229457
249273896
877336
63491825
173979756
61261826
17907641
35605423
58937454
9975818
263097680
179764511
163166162
217337722
82187886
134364770
54930050
1197177
14982347
187512954
101301425
146643110
36779600
151526502
107611744
167513126
194013249
112640074
144044260
9979127
59503493
100248439
77323514
112020306
73285763
20062339
19641419
176553867
129917092
25148011
16374841
205299369
178228296
193105021
159814287
198530113
495258
1042604
138040684
176553936
74349514
58799531
147787239
72953203
206781422
42892488
171680346
54760902
202045873
110248627
171447446
49369104
567339
174106069
19930743
16374885
38024592
105727238
129917278
247796541
248800431
174272372
212554510
39173785
217889965
16374839
203868046
138341987
205573776
155569767
63129677
7758307
56560179
16374827
203504821
44018646
57877027
877300
15708968
25145722
190863835
174181461
19696722
112757742
16374907
16375208
977131
11337619
68454578
58669215
176553856
205573734
187913535
174105632
85349574
74976487
1008562
262049001
58800418
171327374
162361116
56746552
100248545
174106103
125341097
34348230
173991804
247659984
7731018
210144872
21181301
14970237
20579696
153981712
88783871
38072388
41501112
76022985
75705807
68549378
877386
58801326
204435996
108807700
25147827
76227089
229726752
50364554
7731000
877322
52887246
173991813
251535477
32716663
176553830
169098695
1419767
155340765
46603839
24738363
49524899
1659081
65057235
35190128
96291641
66680513
16375214
173406460
55643727
103551423
192339839
38888289
81652546
125913773
177733029
208432760
203502738
48100675
12117682
74300489
109011595
134367721
174180286
6290341
4533183
4533195
48486981
58669968
174130850
108223328
23706144
263071970
205573748
205573768
126022386
217324230
25147943
56745764
139679913
129916726
107151651
81992967
203464496
2635187
100252598
131531040
103046932
74979064
253052077
1750835
85259381
183731773
183362286
102569715
199553494
16374836
77041952
14053089
76434021
477415
16037120
73178581
152096293
74991904
185591384
103258856
176553851
137228184
68850155
25147888
164575172
13762633
108402213
48098955
214594786
44661325
174181913
43662519
56821220
16239190
229701201
249638611
599066
48606990
183369830
15177061
75791518
723552
197696978
109015637
203317262
16374873
16375200
41191914
32133208
166090534
11337609
225935437
146642741
19641439
160186309
25099689
37120626
7677894
25421314
88933120
95138113
220681048
206783382
106780027
180852843
70771402
16374863
177350743
205573737
107443280
20678547
7722302
185756435
247953302
54623380
130396898
147429609
9979121
247309357
144456392
31523110
58637049
73808853
58666750
2373883
23079020
25881884
24998731
21287116
46607106
198857904
49465707
20028902
54766378
25965111
51853310
72537811
25148630
9979100
192710583
109491618
92481627
207952113
206781375
567331
13783829
11337623
26277979
191576290
142667267
9979125
25456484
247446032
129916675
76442544
91809876
205707469
100250690
147430577
100248608
7758278
15050278
157168571
44145234
174123309
52889854
174106407
173003327
42731340
174180506
7758274
53470136
76039372
19359143
41168105
176553844
113436009
11337621
91455607
207018799
101781543
188291989
203868091
247335617
28131425
208621356
43399322
244303571
35513308
7240255
158451040
87031957
57885567
204428565
242175632
21188992
72554689
13368451
25881885
53060394
25307115
819302
217548655
195521994
145274913
174105683
136984195
152094752
214594785
214594824
42250857
74853794
125342229
32425132
144584777
220681043
9976306
17464470
12117678
40717399
12725766
106707733
1910521
57364305
7747429
75551504
225937287
68507387
73205937
174015559
73175838
198583760
203716874
34080861
204822024
204207722
1601699
109010028
129917235
58170673
41277325
205573753
7957420
205573759
72821599
124644910
43239219
160622089
14980091
187934728
169843988
212329453
213751647
152095429
117512301
146643309
6552357
173419810
225915326
178566840
174106221
16374925
36302827
1194113
174107285
106990201
126009774
101824865
129348493
91815921
75283746
12725691
129917073
129917267
204207486
877444
176553829
97551751
44985664
9979098
68379442
2635189
129917022
201593083
52347336
29566926
127447919
102952104
32050950
174106915
25196396
173879014
32711680
95136266
177343024
131363806
70083591
16374865
16374923
177641379
85296503
185717461
221276950
106990497
129917105
210423585
205573712
164434576
477414
76441815
39154741
52574725
205116951
160621656
567330
107626970
20063575
174129887
174106021
16838066
205281009
187652858
156169210
91815974
70661647
76226696
49482829
163717164
71173605
29567470
7758264
106990534
192545649
248800499
51413998
411964
36852552
48077863
65465679
174180456
214594798
187930467
146635100
203464904
16374917
73165484
101109256
58852974
210425536
136754526
83047904
52266808
129917215
23084293
102577061
75407340
100248708
20125278
214594793
25404837
80626778
129668344
57678610
72934009
190241767
247954897
143996573
196965941
210946633
2386945
29566755
106990516
56453376
147815188
249387740
103300603
147431523
51599325
67817750
130397126
212553516
172001238
59259633
134800180
100248504
100248416
204065025
100248432
110884512
212462717
142260375
196015010
11337991
132834599
100248609
205527194
174107011
174072797
75666178
205281163
174066824
174107236
19676370
16366938
57678037
174106100
13868955
247342427
203960914
174105638
209896417
37553003
124272001
42611445
16374929
16374953
198334840
1194109
145629757
732970
51326065
29471629
137136195
199618143
2680189
166087821
192673872
58853882
167581723
90524813
178027472
142044477
129917015
129917050
205692556
176304087
74774966
72785087
43384569
169562177
49524363
177145566
59478795
86144679
9979115
25147946
128254326
174106532
170959822
204339727
129916891
58810216
19383901
140436526
141052314
169842008
48034656
7642584
152096283
207460892
224990054
13762619
168702049
52882873
77156391
152096022
199639161
110015115
212554925
197674134
115265765
20074344
206643277
52887959
107619316
198867940
187610157
2805347
68789923
38340072
10723852
1659079
244303857
251535344
36704679
179712434
53726660
19264683
57090131
20712055
112193432
174106034
2541667
82504196
64661647
100259247
25969354
146643281
76602137
9979113
10769649
19650045
844130
27599621
155048109
202610615
1194101
20072304
70416097
91815839
146515137
97553304
176553847
163028700
35508217
52213741
11861266
12280049
137430467
204339090
2680147
877368
43189216
100248424
54643154
25922001
68299428
73251332
214155218
252137809
50436455
193128433
203213602
23420733
199244057
178556432
67511460
54623370
73242543
2669639
129916645
13452498
249010503
15883821
1753555
110248810
113039145
35870866
166087807
2681947
125379971
2665669
210144557
244318144
34718944
107627143
129917129
877324
877314
36083942
174588110
39186894
49505394
247315914
200746422
159602685
72303420
20062764
153993247
174107252
178951964
13691967
16313712
9857098
58127873
17465243
170849009
86517596
221276946
193530080
180214436
73768468
147815110
106990526
68683481
177748943
16107344
58956601
110125441
97556502
204433617
9979084
164433069
98761951
164435031
7758309
25921897
50600278
57659226
244299699
85258476
129916723
129916995
170334822
13103905
146106160
108464062
197379949
206987491
43186286
107539359
146271473
98878621
21198173
160622041
52881228
11189558
44329843
50364614
46286273
44566008
12117661
249712298
68302628
77117298
206596693
212440879
100248707
27593758
67953193
174107474
174106911
172904821
174067732
196137994
58413366
74980018
192371880
66663688
197615006
173418642
16374984
16374889
1042610
141489556
74954209
26022296
7518119
8178545
56875406
129916807
54029571
106990576
101220715
36792913
7050305
36807843
240716713
101346969
73176252
188287083
169314069
205921428
129916898
97555119
221276966
2370851
76227087
253056730
32132030
128632981
177280826
176553831
12216818
176553938
145836034
181980381
207721589
100248533
112193433
25000131
14327980
213756929
158451216
225907360
25695982
152095652
51304166
131526328
56201196
166085428
174106535
174127888
174181321
174106005
174105955
179268202
56199965
45348663
12117680
26016312
76407849
47686534
2749315
7240083
183501086
179142038
183348317
19668776
58462352
67944759
19651357
103057560
19677993
16107203
15978851
77025704
113474540
74982509
70760626
16316743
191088389
203386950
204402083
203960841
16374857
16374935
16374921
2667181
12117652
8265605
57045086
195304580
1939729
204333371
202042718
4738133
9979147
10018223
9979102
80877962
241749361
74594518
50491402
71173063
100248422
13716559
115658310
37157151
204815989
106990559
14720826
76301804
106990580
73172089
136934040
262054005
106990527
203765137
819406
50203912
176553842
243300331
35585698
198723938
134330117
15793259
15794858
180225935
15941346
193533265
39176898
7727603
34719950
101199091
129916686
174107169
174105997
174106897
172904839
174107376
79409846
179520667
196725288
9979131
56836633
61402951
50736169
19656010
19654218
16129941
74866386
73135914
127537280
152096240
115499574
173184816
96305829
16374819
1818679
219146790
16374947
207475872
16374980
204331991
16374871
16374911
1042590
9979123
9979137
9979109
50304947
14147671
73244517
1935729
1194111
35423000
32702597
26020092
117676802
91284654
177960734
178475656
106990151
76265172
178228718
135282810
91296707
119963976
119412328
43045392
52214063
2800691
73174002
1360655
89294798
58798907
200852348
106898431
106990071
129916895
129917346
176553898
176553837
193515072
129917355
100947448
73172979
76264782
97553052
73166124
253107697
510933
10139541
16236034
59565563
155374922
204428562
12216655
244306175
119424966
247838684
173835981
90360265
111191998
147815114
77438172
124390550
77324885
176553908
200866935
135282942
142667114
204339089
101008271
58742240
142667259
17986866
196855417
186106001
176553884
106990582
135282811
126022558
204820802
160876357
207024298
262746003
9979090
217334122
20482580
217336441
25147821
25147897
43869012
179711894
129917320
204249375
171451557
115658724
180318068
13101808
877446
183329983
52083930
35392120
152094729
217267322
56836981
205709102
43216586
181979349
174106463
212320948
186358448
200850397
139706577
194489121
174107010
174105649
179520675
43861881
190828784
169844792
35720843
2749335
14053076
13715971
13687511
174105983
74978523
17459605
17465879
63578436
180855652
25421421
174516256
2667277
115496250
16375196
143867767
29567129
1042574
486592
178336828
109237763
56219905
109424816
16046515
76148612
73175118
129917209
73180267
141113846
117676662
76265202
204392464
52386350
135282807
180227939
129916858
7241323
101037461
243034053
161528080
2803415
68737836
210145408
90726396
166087814
132819454
54437209
75187069
19662871
72557813
74307093
129917255
108327597
262745100
2805603
129917126
25599322
204817068
135608100
114459231
106990523
86151371
205573719
72785786
207024296
176429789
58618685
134367799
46111863
221276929
126022453
205967016
45818588
26278462
106990530
58806931
10680552
13724258
75657180
26278038
244301980
4497787
247941823
217327555
229726776
176553871
48316770
25459960
85389530
86239288
72782098
164436368
206569857
25699168
44564022
181133251
179713107
25148014
25147987
96291268
129916749
154566302
176295328
129917163
129917074
170850517
13418790
20857100
36851440
11861324
172800233
2682499
155381922
183332221
157198761
448582
196293191
72929552
54632559
112193417
127448011
24998913
106316987
191316002
155350668
100248445
214594781
194040394
86795315
152095292
174107364
227807997
9979129
20023322
71934002
11492271
114613156
157850214
160620041
191315884
130397501
723511
159602614
72751981
148631137
169193065
160186322
125342269
92506407
11491883
160621426
221276906
68491764
126009776
124390798
58443905
250568746
21286970
25419506
381868
247818513
173126213
41537056
877370
2693743
32707711
58545954
184469048
160619948
136855312
100248421
212554289
110704313
110709550
146274139
71984863
112193335
43398478
7819060
196305953
203294855
209377024
210751987
248752937
9979111
153879345
174050612
176117506
106707158
109492825
194040824
212555744
100248562
191093217
77625987
16837702
174107277
202241987
75704956
27582363
201808166
174105980
202877167
1194157
21185079
19491102
111285225
91628908
2803163
129916766
7727627
129916943
76307827
106990561
199934479
221276915
147815145
176553841
128677248
262689682
192134723
75187756
44923388
176553920
229726751
25419241
42697579
44989551
129917288
129917124
204206576
43698770
2370319
10419416
877476
877366
204269454
1194099
877312
31879020
121377014
160893969
100256228
185656276
148747364
54480236
204064868
102572202
109491068
43124640
181981109
219149156
76266590
115658031
51329734
85294535
72540530
1218485
154493554
191413387
16233010
25147960
25461844
240276648
17462671
96291610
129917202
129917192
13335699
12725647
95569743
2383497
35575726
2688695
229701126
25313247
28078277
129916936
129917182
205281024
120376985
120380431
204658727
58472818
183348658
143769911
52396788
100251330
21160035
100248457
46326701
100248425
164848541
212441190
159947187
16837772
179549140
72684721
32145477
9979143
52883625
152096238
152096192
152095264
723516
44326334
169314343
174106220
183349799
34502564
100250763
204064908
174305462
11029444
57758832
109237753
43185952
78012863
114060052
180317865
243034117
170922522
36576106
72927746
205707939
36386590
3834133
174106711
174107115
174067449
174107224
174106904
174106008
174106748
202708788
19645908
19673514
77025645
19680237
19650692
74987195
73177305
73127751
174514794
31202219
176933288
201099332
199551890
15697671
16048852
202608772
205573758
154523235
221276901
160130492
140484015
19689723
26299425
25561272
59286128
2542297
164436574
217332319
45815048
7758276
31235859
25147837
25148000
25148006
262734494
160993092
199236047
43388673
12277479
12276906
181927740
16315621
99144964
155381533
129917206
201112719
25147997
37526526
128633146
877358
96989039
209375335
193923970
100248531
31534288
203433298
240691508
100248546
21159334
100248671
194037868
100251954
176784635
35582086
109492728
35480970
101100397
88980003
723514
59548472
194103711
3140849
11465542
210138093
147364567
9979141
70608472
168505813
73243679
68302315
73368032
53755199
174107339
174106276
174105928
174105610
71166241
114272636
179520580
179520590
956613
201426513
202716616
7758296
249731470
146270023
51512881
100248430
187940757
26481079
242027493
178228993
178240777
20579674
205708538
723543
106375729
152096475
152096043
152095236
152095885
37670640
152637153
131512001
54623477
28240100
200991686
242994066
190824033
251395256
205897444
249774341
260803693
203196671
259484048
176451459
215163110
248244712
262906825
244309147
206107423
253311157
247333300
188143236
5893983
186165459
127599780
6388701
58284810
127531945
68082540
54583293
87160143
194063510
646303
204318552
126079312
73405541
149664391
109300734
169966661
186161090
24246226
110961855
198855557
74864748
124272019
74953471
643687
10103593
73851997
176282973
73406337
198301179
113755898
55886475
91464417
91755874
91755903
7176259
74157832
205343554
444848
150148736
954555
199521245
43763154
198588066
192209994
91755794
43855260
194063494
55984308
10392091
48461254
155098235
73403628
149496009
16848244
169128417
181505104
77156052
470413
76134149
162261173
169775997
57756732
199940296
186676192
88043507
192209989
195202644
472006
172949245
54763490
208135906
73853547
252126206
1987637
444844
104986883
162978706
486702
195334115
843990
408761
168263975
35240940
55182446
72457761
13456473
44059850
207830348
46743947
66726286
6201571
113067623
112785818
1042684
48504772
58134862
249205145
177413211
74829239
188884696
57842562
148747355
49466169
91864200
844236
54789311
188188684
204332607
200850063
249270085
25560712
457066
71325932
111000681
249369984
82074190
109213469
5136629
247666414
76795853
72946697
148747345
21444154
247678830
422151
57884951
217764022
126022577
19602732
29665436
2567477
3288281
186276666
174110038
76022170
253106668
134360047
229800610
221228231
196560771
24087471
71903175
3140965
3288333
152095380
3288273
174659646
97572578
58052526
121401020
167953540
190857168
128793448
146452682
247260985
66609935
57841766
153993288
190556282
172313786
195917138
35392202
14147871
7642575
145974300
186276789
5893957
98913145
98804532
205312326
242833749
152695975
79678192
11594124
51965987
125140872
262700320
90352971
1042608
1042572
67607313
106955353
31201604
70031936
71102115
71023949
109266331
209892909
54623347
50304852
77447624
25448182
71291019
7758260
171470303
91455438
90524856
182969753
101232693
36798175
101816356
101538804
7730918
35505081
186689883
90718910
91624883
203927361
51714930
51714436
171146593
205573728
91625748
199632460
170336454
252913638
100754323
106990572
45818002
160876375
170523468
249277518
87731553
217322448
9979080
164433293
217334538
4679795
54627684
204208031
25313483
57100441
99145014
129916835
684967
54623165
1197255
877410
129916990
1194105
199591566
150988994
174012863
52483396
73176952
101587042
100250742
100248442
56836520
217540836
174107279
174106488
174181369
174106493
174072448
153995609
191081531
107102307
40717093
199553834
220683262
13762617
76148728
49346680
42610658
155340731
109492720
193128528
136983436
104944649
203321299
16374913
548801
1197461
2804785
109958535
73243250
7758258
21189613
19362253
73125726
203356758
74982079
153254366
73178194
173991807
131194849
146667428
149395477
17459796
150148830
100248602
1042564
51601488
192581705
195897238
253364114
16374895
16374945
55143195
9845429
63891159
205370706
57165603
25970023
16374957
7758256
72029068
11337615
877378
96290115
13619907
144567932
109958569
19493166
7722109
12205346
145836036
252559306
129917056
101087721
58719645
58810483
2386903
199935797
178228740
176553902
48508414
74830033
76309344
181775890
178475902
35500389
204318414
16230513
106944948
109424889
196395660
176553893
200858218
2805509
126748781
176553825
147815192
253268501
25421098
42959681
106990522
67114848
176553930
210144730
176553881
176553942
203868058
204211888
173540512
25699125
25699180
229726759
206135088
176426459
204403978
7050327
4980319
191580487
176553849
176553827
176553916
48984915
7726345
149496026
21198752
51030428
73891212
142667280
97553394
162179260
6014051
236051495
262977890
176451005
247333282
262907503
247666129
262567547
214496812
253276492
197535329
251418226
248675581
230084352
235871185
249053994
203905290
248638650
253313895
263246542
176451083
252559342
263196333
262907763
263201388
250565154
246857093
252559320
247261495
242435007
216409280
253686276
262687287
197920684
252559379
262877525
249208389
174109686
249369947
253229926
247790574
262908563
208587270
262654715
252447792
235868161
191682845
198300981
248788826
184416894
247678832
249369960
217730121
252097607
262700664
247333285
247333290
243300278
262890276
54368748
153990898
249257348
202267239
58136148
183372574
200866719
522768
8157385
185554012
191809902
226520512
51284170
3288261
98567397
195323750
66713344
7343549
189557407
41073929
253536793
1042674
68598145
168721922
207853583
14770007
177280802
119927465
170346948
135282849
50253746
49317741
14968172
112328619
122067474
191053128
102508545
145848341
198590854
204402821
82074191
114843629
22102148
208310992
206659654
19631231
108883239
129917359
39517780
184416561
122575045
3747669
49982266
54005692
78886171
54348383
125341070
7041449
142875075
198739746
21024540
217887560
9979076
1042634
48050760
204212290
106379007
49461539
197165005
148747346
120421109
46791518
42689925
174660405
197847150
189574482
200820106
171117511
201090631
129916884
136796400
2749275
35478693
31708604
129917096
52087477
15686204
82469618
14992132
191058550
32645930
1042586
242834582
193767656
251253521
248676322
253308675
186276856
242483975
214154231
10768313
434133
2556413
162196356
190708076
248788520
71909258
35233426
109020812
174113938
56947473
3145115
242000555
162196348
109266691
204444380
230038799
159887856
193708858
112757739
202217527
73348707
2560423
15950553
204207713
7222245
184650573
30049329
180742318
74233382
11310935
116442581
11516228
186629854
262636352
1601705
2396249
207256942
56049620
48527044
72507634
109267693
157530360
206232466
2626847
71955846
146587240
98291160
144409484
217511426
217612076
134263667
33606792
122641858
132339898
653205
38219800
48537690
188100341
7758499
174114348
36191249
71026565
82230148
510982
217511257
7396369
162148388
11189554
102160618
32971829
837895
159905101
67651985
2582229
107770288
72293267
4658207
214196813
123435041
196288458
9993472
114738670
50340920
149785274
159887105
174114218
13579461
72288690
167969504
129536697
95939264
229732727
107670003
248764811
183718680
252136467
43367608
204881369
204207680
72686256
107766755
60111048
15345818
13882517
1419773
89593510
174419795
241994400
102648140
141292879
125341081
181981232
2547091
16386663
31494688
17010421
177586578
552080
193581372
7642571
190611995
240100653
56199961
204428561
170921959
2616305
137519046
927257
52236009
169803665
75509207
185967089
173998019
42679389
42690539
195947347
152709487
8432258
693219
146515139
249204571
104293834
196002121
152094508
147212521
191437979
199617862
141665475
15173971
198724969
2749345
107426808
204439373
43869469
98807596
181906857
73799007
177518585
57484704
204399397
31494847
997081
145672499
159885670
73878555
85305828
129350649
174113067
161532869
54440884
1042672
17610640
34923794
76055623
54688929
92387097
206629432
179981733
8293350
36395187
158898771
158008664
4620177
164584824
2556793
206619287
48881524
98275917
195938386
132899306
109267244
205539680
106990518
248003024
173997881
169814914
2337151
70295783
198651032
47887723
190815528
91148367
73189095
75320417
75313325
197165001
184781208
20699385
204428413
248764477
197164973
53518559
160217323
196283845
5116797
38338450
58410610
10678569
1601709
197086315
204318174
43051860
197603857
178559980
7614541
103490323
155261278
137020468
71313315
130396822
169782003
136761476
20074418
196853772
8266069
38933437
37494246
107584026
71183518
106585801
146965753
159602632
113711992
98941233
22390428
158007656
71888329
82388104
1042700
57154747
141096154
190320420
203868035
89416292
8176548
201701972
251451131
25145732
2558473
2088873
15341292
35329995
50489912
51312055
186276831
74898151
136220259
206135086
169296381
100067313
242092484
242616805
169827212
144339023
76065310
186756487
193709885
82374824
57277895
206232418
195526453
151596127
184619625
138219443
121240921
2626789
11847120
121040453
147992286
196069349
142542138
13115678
150078691
199543059
204438322
48653169
103513079
204439032
204398895
1746929
24737463
51239936
184415460
139056411
144446639
160534638
49270508
58706645
145221311
75553776
60208910
1042730
4668453
74342758
54622948
183035555
10389554
119988668
13893290
142667300
73165294
242206210
32433744
35735126
84202423
142210692
7818267
195901209
51479346
127127258
61399362
43863649
48166701
723008
56106199
76514210
230053368
42260653
44144477
168232417
54378155
235877298
51697917
109469341
183035587
170523436
171439560
178228722
158220445
2582209
11470358
8431633
7642566
38417376
130767839
94955816
75579388
141929213
133544570
150602882
214614720
74342752
178000708
54570044
1042582
1042654
52021357
135548492
2552075
54608456
167509751
176008944
140424390
205539564
71058079
217648404
107712923
186333690
36028183
57118525
102817205
103576349
72225065
72516536
204439718
241799771
71673703
44239357
146965760
169758006
42689917
146553324
194103755
111885709
192209988
11594009
57724722
125341087
38024674
149153628
113754138
35327503
140722131
215176087
137030992
83673267
36444620
196855170
174111900
79115764
84711556
145221563
49266792
71693860
6192325
76352830
14983722
57917767
20074384
172918846
168392610
1042692
1042560
109267537
8110931
214498051
138484461
82614865
186312641
167509072
205539561
179372290
180236557
198651520
196856202
55181003
183035564
209303216
177937625
115888301
122901486
189661288
44817626
72581794
51506070
189684223
248426878
179915190
48653997
151676693
142667265
124390585
109999763
166090738
128633338
65131854
8078325
7630150
2626773
226149376
157198897
209931197
35329069
121040486
130397188
114616670
230082566
50452944
195900220
105897507
195480100
174114447
74748408
24853511
17893870
173998037
35461306
181933837
2749347
102485620
121009956
214785304
154250051
125341095
225043225
131194832
194595576
2550511
2559167
20784267
14911523
532106
440446
57280607
124272353
124272607
212042659
1042688
75515577
49444554
13115076
2548313
17915745
23485160
956537
158415491
2547083
171289464
53209052
17639508
204047745
152011841
241983381
262636378
72516075
85814407
140954478
111553980
48716206
161488182
193525614
21441787
175422043
193128559
19616990
78986861
156955704
201126538
152096107
139049084
173997801
74498573
35733689
75432995
49385202
114130733
194063475
10708200
48536217
205539658
205539625
26299387
171134878
42440131
189035418
169295007
58340395
225910226
140864779
194582407
65498952
486379
160633514
154489448
79549392
13881310
98912539
13461306
176803138
169803075
78494789
15692698
176463393
3608359
242087749
4984355
194063481
199543721
109470273
134275628
192158485
204435793
2626805
35870855
207281463
198126920
111938480
71884085
193289990
58410809
16075917
171464033
200821016
195202053
28934886
28242709
57788642
3490119
44932365
42909632
11130656
24262912
35507800
98276017
134780066
17020439
169842652
532100
166525145
35523043
107221816
191912185
111978074
79608574
176013651
176009053
76181566
129873953
44809824
174071970
87713321
217829309
143949291
14913079
189574015
120311820
140424768
63921661
1043022
1042760
55698664
2545767
101645368
177662687
133206660
194063498
47275947
122901535
14036116
159914101
169706233
76753448
249200283
169099250
19400910
17982954
3776433
205539636
19381997
205539600
186105335
141808854
48277526
201282616
204433640
2546901
253905526
97606196
42690547
263046066
14328000
195480529
195938559
169844911
2591983
66621702
71738763
169844809
198724899
1192869
242434113
177726914
40344197
41333373
72646544
11594435
25886689
124272585
127532395
202239464
69441387
199113615
199631717
148819398
49385248
99085090
44923559
1019314
35509618
2559749
57998787
174511701
174516405
204078147
106807672
120235442
184617693
32995321
84997860
8823533
195966331
204431142
43122434
73166042
138953785
146637598
155884825
7180937
72183204
20833541
84683958
109424706
2088847
76834584
35358354
7990469
111683023
175987045
20348092
241983359
197380856
204429246
205573756
143642518
45913567
59346005
138951759
208211991
193414025
8277710
212333449
69254069
22093513
175173469
74239053
180963561
124390598
12725010
10126977
71066952
38035337
45258963
41351286
38062262
207300617
38104909
54623491
35328702
152095941
32858384
109023195
35232588
93820562
147210136
185379357
151448769
7642576
134780130
216335905
69342137
3490169
15203518
13801944
22888617
153851241
172949607
188147228
141841482
68580478
19751343
532104
205477429
101310597
17612728
174211727
146643918
115888299
19394607
66605417
132061436
171293504
184647915
183481745
149689396
262636279
72511694
59335335
262830267
199105149
176293405
205573740
145836035
225242402
459205
122901470
150148883
185868332
445271
33606809
129348620
217729266
7802396
71514586
195901026
216368683
106906110
185992607
95986456
74890643
159760660
252131288
147063752
100204955
53834855
14062450
109492215
90477583
155608692
44088845
197164636
145843243
32009901
54929964
249012384
12084484
49360034
13511836
43001246
3892135
35732680
95200271
25433064
173567998
177975798
185976892
98165313
22446690
71989001
54649205
38417364
72028690
125729560
198584797
59592829
90111781
1042578
74690414
221229280
101856051
173768561
130770858
136999446
36470137
249665588
57882652
13514446
183903484
78913424
153854581
135328833
71904532
20779696
44059194
75987724
206749079
46632023
179159306
98580067
75987696
249271162
98686650
510980
51968800
205378333
8064882
171476400
197746104
2769235
208412259
111016579
191056673
137903681
148797202
48357621
130774622
138196820
54645948
1218465
150936145
68630133
178507634
155610393
103512121
253183466
109424652
185717467
57842291
74561062
201795310
130432035
55137811
59053354
126022420
37128476
71972177
43181734
126022494
208055643
188175871
263196434
242632755
225233062
262836688
229704028
253182279
257845150
248761694
205539606
249200306
242100477
242618091
263583234
242660951
204400799
250075809
174111935
252639559
260806522
250104177
197669120
186434910
252783025
202860440
253132350
261798163
263439901
252009372
197164630
263570428
240682981
196855363
204318554
262636402
151676629
263196983
262877541
263453487
262906075
241781419
262745015
243091915
251451628
253671318
216867653
230016307
248784413
248784364
251383923
242191664
174113059
174113005
240717369
222676421
253132364
260838643
262803300
263083523
198739061
204668422
173739795
249580129
208621328
262744990
240696984
204318871
204318207
235852506
198650582
241938509
262636306
204643281
262744951
262906877
253272693
200810908
262907376
235877300
205476685
262453136
252577104
244301926
229701143
214160880
197164980
169841747
250076524
191778632
253047110
210942434
186756451
169842227
199727938
253364100
243087819
262797734
248641266
252390936
263118756
191063537
247657695
261946671
191429726
263027990
262877529
207768095
262053960
229701261
96989072
36470131
227000533
72925112
252699835
72333611
6956379
71065474
76419863
4656485
532102
172693474
174441958
3140915
59565789
4234027
41227472
62755935
19697012
94298310
31882530
13715562
41353160
33606806
201110817
179520782
133663465
205220409
71887418
229698499
3140957
174112990
173057505
8121752
10711908
178605054
120311511
52729340
52672119
199248704
149269629
49267626
3490509
100974945
198454855
8475614
1042666
956547
108713495
532107
49096154
242085740
119988606
72685509
167648434
48276562
48537629
204439411
188279400
137181911
203790061
73768680
187618876
242738874
7758708
204083181
72581579
124390696
69885118
108327588
129868738
213587125
204340444
24409224
43051856
171221073
158451235
170766990
71906772
116179170
3158391
5418209
235931277
227101727
167435117
200875575
199632032
191817409
169128442
201770595
208127346
94303176
26316345
24743713
197663850
79009129
106858202
72932573
84715080
102101008
154174128
159602664
157467452
3140937
125559485
195526477
52229283
128261294
52089671
27923679
73309782
170523423
174514851
54998623
56697127
71671613
204433634
96288092
19637775
177533822
10795709
187191442
12084529
17895721
22299229
197658822
102124083
24468514
203320173
43821402
54995578
126478923
1524451
16625742
37871189
56987844
101249388
2108233
70722342
173997792
10795705
252858646
147570025
57774323
59179295
145311263
36389270
79228298
199631094
177763412
33601511
52250193
78902793
204433643
130212181
173997872
684926
125937825
73166088
201009557
185903019
48594251
69273259
2623249
93356210
3950343
118900209
56321773
16536522
54374682
13397591
7678164
169128419
212554574
168985497
23822570
200628111
102409522
71163248
199518528
98276089
55033548
90073515
48587250
57748094
13377047
247679877
204873856
197950120
171802007
119325826
202460408
54997754
95038229
173378164
253052405
21583573
247450949
222494308
8294078
215988121
54991698
39266295
116726759
176062128
126479171
214785294
1524449
58689766
152095409
67435023
43817419
865656
196853344
159486215
103514742
13397607
54387203
73610598
90531308
2431879
126478820
80896030
242767998
208590358
252861458
258857700
198309045
77178523
155833319
51144297
11189574
74546851
72842978
157591884
26038200
76267320
187337127
58137521
196675401
79118494
195962070
42523382
75538869
205717809
197750208
13397603
35232332
247844526
16625744
54019640
176062351
39089051
92328539
131194870
24726078
77910918
108945644
180992367
32908600
204342820
184334078
70634471
85175238
173997867
192384862
17873033
32918454
819746
1524453
193414037
174273037
29565384
68837064
192643524
63938956
53904487
8364536
222680373
173661033
68837462
653280
52479375
188541573
10392201
20675855
33605570
57090797
101270175
186199429
72615899
49165541
252571454
48551505
15839326
100130013
217392791
1524447
77163704
97823694
132899358
43871264
217516167
102103003
74830548
73372847
41353862
169339537
73360856
2626729
66759141
222694253
221225678
186694190
197748064
177564211
173151531
188147064
217289608
98267839
202656512
79603872
5859805
147568370
70547575
180997565
247763912
20446490
3734055
3070467
152096351
252357404
212554563
24879791
203995466
180962403
48837714
204433609
1729315
152494681
172951996
4056129
16536742
125379978
248259205
8098638
134780081
207831677
134780135
108060458
2044185
11269015
49723487
77157312
48886423
175967700
175966112
11378937
553583
25135494
253058894
105611156
144347359
197607111
222681133
89066162
59504751
10688466
140143823
253160806
3731171
181121935
72323135
124561332
179072398
74546796
55000080
90938107
207294959
249853724
45560623
14770106
205966817
76220517
252676641
120311391
129356390
13306574
114738661
75328510
22159344
208050556
249203325
63942969
252912281
50356781
164826745
250552336
115482758
87467473
36195114
169844806
135076967
76002256
3288285
178005138
57302772
108020852
35601050
174109824
48579650
19833539
252612224
26078274
166537363
197607462
74758162
173134998
41012768
90370415
127444700
75559393
241915086
263492836
253358439
71111998
193210640
103635706
71325566
196005727
3288287
149526198
82916503
106863176
176153591
252612368
200705200
485700
109424642
198301169
108025625
13886479
183250377
102576141
193246394
181460938
249936644
180383209
204443967
90687782
72744904
205576045
56642808
148812432
87730497
68594667
105691585
103551395
137572926
68367824
72330945
39334300
50254022
74776038
188147224
48621518
200833330
252636596
77026362
72703597
71998636
255339136
653264
58543519
188834803
14171187
843758
174514769
56844151
43183782
194063449
73744110
10679027
251772767
11269039
2869363
42540731
118680493
55179986
144347424
43035542
174109889
249304452
37834752
71891248
16260036
21582681
205848723
124272401
240731333
185755293
201039438
184449524
74742148
77544101
130841872
252176289
217087655
90200456
13052191
194063460
201048752
199727512
55706847
253358831
47171628
185440968
25704777
68864386
155510637
204007295
252794589
63911469
68207553
190172472
80857668
173997981
74647648
74547395
733044
162832043
216371037
155165641
191474740
997073
121239991
85764927
186654777
208224810
5816047
196093594
76310604
21536003
249937272
129767198
102663745
53380996
197165022
147742739
154856693
202330164
244690359
199110261
3288289
198894880
202714143
135655155
58322887
73409848
247914057
7421329
15236955
105112774
118960434
197568362
57166131
262673588
221271348
136477035
201429886
47226596
58137701
54378117
197788320
99089004
50348764
191266920
72673797
146481415
225954543
154273346
72011814
75489567
13397579
217729287
16525815
1524443
10008696
733129
75349568
249222864
72457769
27662535
202243305
17910546
243299942
49904586
97739039
174379775
24083406
31533418
145972284
71161831
120311393
142366252
193967975
262870744
192546031
48875911
33873962
126478854
141665257
252179413
98158426
73744952
25905332
104328747
191752904
21439535
203285294
192210033
120311530
54930029
10579260
25704687
172950101
54762681
973618
2078899
33478351
191388338
149910696
152522050
186958138
105226595
208764392
51988204
38417362
74342768
174247804
193603236
110927996
74546868
180227525
184250519
43184509
183256056
121344133
195322402
12217283
31211861
248176932
188541649
176144720
74795299
197045578
155878055
207776842
194103769
174109990
35260837
194102616
32141900
191654302
189588249
50348762
132899329
73610727
44967610
128633363
10069642
208291066
14913689
13992632
98744703
1729385
62308380
27661326
252080451
208415519
187411260
22389513
224829371
98279919
13886477
201028193
13060844
174849475
208621330
257915840
229704055
185439110
197788360
193967860
196286089
197787203
124390705
24922891
15647574
119253195
71904523
96305235
217387111
86016426
195912897
24927281
196010082
198587692
160549654
2749327
8098651
108358268
27662062
180327366
77737948
226028024
70932909
7758314
195959992
95213406
78020550
257683112
120453073
92492906
192905999
10018359
202622138
253056564
22629012
196390031
19564997
27528549
169966645
252390319
56886211
188045157
208074363
71341597
27659995
72976090
170568756
249394060
247291426
249394774
224945912
252602928
262732407
262755246
262973528
262972744
263510078
249872780
263239768
253536019
263028452
253629692
263028281
508737
249899902
249906911
257916565
251382494
224858643
252874702
258552334
252612266
262808196
262700420
245772155
262786771
252166044
154284711
104328582
205704793
76794763
194063468
197164627
197785032
19340265
20117721
181775849
253056566
76526371
196410609
249201703
45614716
196286098
50736321
253201517
203998744
191266451
48516774
191572793
76403992
8098632
53923464
7348261
186628365
192206664
81696779
172926876
174109676
86018384
52052330
251074058
16200014
221858447
217085323
222661131
20577945
116125061
51593137
207640643
22029083
73876825
19340175
19564125
200803941
86517569
205573769
197218308
247797121
257886975
485630
195918533
220682755
179206728
71111560
186192891
55319008
76403889
199223704
208416292
174817661
191268797
48049653
78983340
2749319
120311633
97755760
205001011
115506616
24250691
54901418
14310067
50395796
213832232
23579178
183249414
197788179
68837274
229732764
249780914
214492395
75662496
176129572
76262989
6419017
22895770
24201641
26651694
43871555
206237507
26317200
72934007
43205876
197529787
95923401
105336157
204667423
148747354
262907602
253313431
252166138
262877528
263024816
263027878
263373389
251274486
249907674
254075932
253116054
169826033
262023147
262651820
263117597
263571376
263117368
263199813
263083497
262892004
262839039
257869243
72743552
254146172
252386924
249764121
252723021
262414352
224913000
262656852
257860406
262972555
262460263
252160589
249905428
253116056
252859944
258669563
214785318
262746370
262766239
263488136
253536768
257767872
263028291
193007074
248683375
253313232
253230795
251446972
253232786
252612381
248177134
253103344
263099250
259520692
262786544
262787072
253107066
262700748
207853659
249936588
155135691
134301586
144467703
119227952
180227547
66629087
196675399
124272596
30155444
206237504
177933082
13377045
197165036
51852960
111005923
16537030
200710183
5975323
193647975
188127201
73251529
120311704
63915427
11189576
8240557
200849534
52101656
100912638
201854480
195202046
145886914
249200373
93348184
146478963
103634856
68597999
57757142
186276693
183350117
69343384
170960062
32906711
10762673
101316639
2626821
69677696
247759124
216255106
190558258
193007082
24736246
31687558
176467212
186967484
56735255
192206648
74307091
198211954
129523342
66118776
25886713
124272260
248768119
72863240
13428776
132899287
262786837
121040456
33606843
208415772
193967872
103511147
15778306
91550375
10579919
20619890
197788226
262636324
229701829
149911500
169128375
14770058
217764017
206135177
23580463
10013610
2790445
508738
20282276
249200270
34543664
179403868
51593466
108030306
36106180
38089404
174071960
38448948
82513809
104395213
222659440
114090253
126796924
24185726
106316347
522664
129010891
73796014
217515725
165221809
28618672
24389749
248558462
48562668
112757766
58584352
172673746
43824002
213527331
49904590
52698065
173760721
173360838
63496813
63042665
48438681
118960063
144324296
91135905
58174993
107033238
49304291
199111365
8098630
118959928
102866615
43129632
214785356
53239273
63159336
180236584
15280843
131174075
262906218
248761086
5407931
164829571
208499828
67017336
56111781
186069463
51107649
12084510
50699273
115896547
71998836
1420365
190635362
5136667
7319135
71669650
121248638
197535623
143813782
3848449
176286372
57965905
195358124
36386080
200732035
51965715
58473860
125140884
108784187
74461516
249670792
207753056
179407029
74167277
73369344
59470127
104908913
114295375
155091625
36825851
185172645
36358549
90508883
125996600
31494254
5862775
169844765
2749297
44936399
66726294
120311717
195338583
34401934
112553854
70671355
37524065
115196180
25705782
522726
185990746
77324554
186692575
958614
205817368
204411026
160372033
24280335
35473705
36563729
5896065
24944747
1799889
72031036
170709047
79856101
248704351
12478895
3950287
73476567
32341790
65444079
3944039
173540503
10747530
193858347
14867996
119098782
59200919
48516737
214749844
247467047
8157371
43177737
72017074
180236611
49310524
205045569
36386380
201677390
3490029
252994371
16318463
184628115
50613253
72673768
59265109
51107882
3489915
11891951
68825537
160601039
211552071
186331804
81804787
11383294
8115307
112989603
172957379
204449646
55647500
166765139
71973535
35357137
60059880
112635621
51008693
209888032
230242265
88928755
75343039
52080932
13522614
114595567
189937433
522142
159276823
695153
190641384
96301485
5140147
46123746
552082
133838209
199108468
183721042
162735611
204056971
71978569
122901509
56670486
127154531
15280845
3626379
3950267
34340446
53704631
127154543
137374886
107219238
244332377
125140866
125140871
50341175
42267344
45334993
133812891
21074460
132061434
197657961
3280491
203189061
125536645
171146460
3276909
125617408
71998483
77040118
179563032
74928316
57711417
104612526
95334317
86797661
139254891
96602178
200793328
10135910
98861945
252390977
14913710
208065087
131194767
75987688
184773522
158755908
53065468
33653401
16179254
189557782
207414765
174109777
105239595
118960301
82700478
69458441
175813131
19842905
95955640
7818907
31267325
253722182
47422495
522748
12495266
72178103
102470610
169842128
56456448
51692903
66996362
96368381
208561136
183035577
171327951
13434686
42525083
63502546
35215655
5369385
35357641
58231608
98149748
11529809
23306147
48608019
179520570
174113969
186629983
89861786
204607157
149789223
3280525
176057585
55513996
2063989
149794437
208065092
217729295
144463307
109686645
48716590
20959003
59477626
131174110
41340643
179993359
249208162
187340915
7776845
55064003
66726284
16386898
206688010
1803401
260847275
109403030
401941
13933311
129917167
118960335
114230314
144324050
70613650
176341046
25739400
25917934
89501290
75043619
124272238
186293113
95000158
174109765
174113754
113887120
51299054
88230727
124272011
124272107
119967774
119967713
194063514
24832109
162227214
247781903
34752320
31698452
72930295
72496621
183320723
189177243
198592272
119708848
113206192
96989423
149796505
212438113
204806111
114202394
217428058
253107850
185225790
253318906
205046638
49094673
113769016
188147192
205900101
205229330
199118610
201423133
160992008
2076687
186703030
164805704
129948031
48751960
60035585
108488218
113352140
24092936
183079698
74560351
11189543
193229631
58589646
106883136
110739189
199110525
214785377
58522509
253298638
149785074
213527292
444568
187310470
162844467
250102410
176262968
119511072
178465514
90368322
164760407
9668944
1815151
189193853
32311121
114594357
170702968
72957915
192933253
177893368
169844959
14913704
157349269
147729620
253274560
174109647
188847091
50356021
169844694
20719991
35358539
54450146
5136739
174111893
174111917
174111849
172566206
27630954
195669496
180227552
174514411
199650325
58805179
125729548
60215252
187829726
204323015
118900231
91502405
147057952
72537156
147058014
51025965
190463971
214912728
188298706
172998071
2864971
76267463
194147959
28634084
66726292
51450257
201090673
154174120
5323797
562236
16861786
41356933
225916844
508733
183902119
32400871
74911391
130395668
43251804
16998674
32580250
125536686
57708742
81554579
204645831
131174090
48607997
201602014
203186737
104903047
2749285
78912668
242725018
74599163
162594023
71062556
195175478
108490893
141044531
187052860
73161214
7319073
72187093
51964192
61277640
217621760
116274582
177169043
135282796
54563167
217138801
47969082
52386488
241983393
74952849
201844700
179406896
200791312
103524119
457026
204449498
82692576
111149044
147697132
99086228
31667370
4204349
31533724
205059567
114186855
159393534
197321449
52345814
50613886
49267699
72888967
145488552
136096797
6175681
141513782
139104009
129985954
48534188
67808389
52985473
187807164
70633547
86989802
193290029
59498681
208074114
247470620
3871911
129746884
56418108
142850354
98852848
68663159
124272000
204411091
56879373
562225
137572902
113586029
40615319
3490123
164796045
7778173
168655254
203197563
130806215
201048561
122148239
208065098
72837731
247327914
201844698
120504980
203188776
169842273
31934774
188696066
217780673
199215713
10822618
183079559
194343224
129770941
247656518
11255147
183035595
44810358
43169312
253400916
96301945
214515049
14913706
138504536
52669088
25917940
250336454
184444610
31603948
91755248
115667335
183554905
173633249
43241151
36572873
199111442
3626409
2796285
86406895
20881624
161454290
226967152
41078976
177066373
204449800
176262100
49733046
57300578
205816704
33515483
102891141
242190772
252662895
52671024
34934071
65506469
178228750
102757751
179406912
4952677
25623462
50702128
207899974
73983644
142901731
49940166
16222355
14208400
7857617
98150997
203199030
22443996
134515974
134516829
174109693
174071863
193229551
100319951
3626407
133813144
2796283
58188002
133584393
35389235
101762370
217514990
208065091
188060801
249799621
210137164
171146439
67237352
154174121
14517305
13177198
129917174
170944362
249200296
55291421
3288321
169844685
169841935
156956994
5895943
131174105
174109725
85553723
85682388
25308699
49090527
138446731
252398401
73519165
20074444
40640458
973564
20741759
242027306
205229337
203910175
132819442
47624589
204433115
24923286
247910592
183726025
3626377
7819274
197139479
183268719
2546375
84892095
50600505
124272484
174114088
177054604
5902449
120061100
120311566
184411933
96301833
56670271
124272257
72017123
176573759
198304030
5136669
179406891
249200301
16075731
214656707
82874567
247823293
2090451
199198068
130396745
205312987
119967839
183329922
81536263
76213122
74228094
216356706
102583692
72514064
172811346
188056704
205299296
9791600
68367000
249941029
195797469
3326929
13958982
52281467
35459728
167152031
160997229
77117310
14346787
77850598
183901256
59355758
43342390
202013706
44904781
22441782
113206036
77156389
74546326
74845508
15191790
106926486
192210046
173997820
193638740
173997737
78913452
13862421
138445641
82074201
96301797
96367532
73534228
204059048
40757913
695138
179408359
137752699
122901468
263052220
173052762
204449542
205573716
190322074
132819325
262905728
122901477
169966659
126022548
54392093
26355461
99085302
41399881
997103
2090519
122431435
4626201
693231
10131829
28737711
52672732
247823073
457028
102558307
30019368
123863307
7222161
7245089
169842280
3288325
195505572
106764684
126001651
135812519
74901116
113760119
158785004
198874781
48114199
106906302
98174109
54019672
185582474
193128569
14327966
120311729
219144657
190890720
191515316
204562656
63585150
217781032
243033753
56670513
174847467
107706354
251068544
57785178
68481536
52483774
34250549
107034747
183079578
184413924
35331767
16094491
120311533
116192062
74342750
48516180
56670340
134894741
189648520
82700475
73126013
200002521
73517021
38222595
25773472
189940260
257925265
96992255
55061138
132061426
103675220
183488884
48185704
91564529
72535911
34340723
162971933
113567974
248422266
250338057
91455779
193664551
217733006
66605063
160996139
42692686
180227540
66540537
204588793
160941779
169842535
72590332
43342388
185746170
120071377
72958067
191123188
183896250
140643495
169594423
9343940
49355808
97549885
174072060
208019029
199242703
169842606
204645848
20700724
57301011
192210101
86041197
19246500
20700158
58423655
74599329
15337560
203156133
191388698
8282625
251504226
99089166
229699224
116774813
3490131
108491176
81676539
510963
695148
54732955
50730951
1311751
183035557
171146454
510958
52275350
16075512
175813141
58232727
133520839
16176646
71211054
205511572
198102813
242482585
188299163
108327587
54563106
189697344
12478889
203126081
249853369
132819448
176296109
250107216
248619933
117444759
169302552
53065941
37878558
193638771
169842268
165031031
4401687
170687752
196287652
52113189
102469738
106305929
120311879
6192921
185225777
139718309
35569374
102098950
200962871
212581513
245787208
252390934
191813280
196907980
201580144
204449460
262779229
262766166
263030268
263071421
263113821
247333296
208135230
247666460
262453124
196562478
225942684
200784002
263643698
263644089
179591043
138544500
183035571
12417993
411668
94416249
56027345
12084548
73235737
44860370
1815223
45464579
10770097
13377035
91563129
7222401
56108729
38669476
15922033
7222235
132837279
167019461
50699269
67544815
205404431
132367912
195844809
43334084
178093337
72339682
101934409
116331199
230038806
162196434
172123298
90501800
12218834
14082151
248470776
75511615
193758269
184592298
199268723
3613769
204207723
199608037
50884640
140218744
178093623
13988137
49942908
208125952
10775711
73390498
87622434
59504557
13397583
10772740
121039167
76197599
47686554
45847470
162844540
140219069
14296193
68391192
193858452
7642597
58668083
1753491
60730894
400314
195238763
75816683
58600091
73875802
50768753
218735580
12433202
193746812
9967096
119252665
146587350
34350916
201033231
193858460
49433487
71509540
21797625
14980530
63597395
76757208
192624359
67930840
46057185
74856970
114697583
55389977
35232336
74227217
205473604
92387062
72874919
217719588
208738899
51697591
73600864
215099642
192015143
16075723
10712212
76101773
50700388
192032944
195237871
19779187
11590559
193513548
38009643
29870207
248645079
58291977
74847087
184791601
12084544
185096107
64306203
71103883
198436422
140202864
178096091
204433631
2108025
32244940
197740275
49711823
191500332
133601485
36563687
203241794
202876895
2406579
19246496
55666373
137009327
43128805
195240272
202854237
997113
107762960
3950339
9844799
248768142
173970154
76227085
22103110
203926039
13372546
53546796
3490149
10672198
1196175
132367990
205924796
48435729
107766741
173464512
207939057
134582696
76399415
24825074
63254797
31541704
190822526
24245917
32280909
14170331
35243634
175822021
14082675
152010486
204207684
10579940
206233288
72648256
186369620
48529127
140628254
15342136
199244201
172157390
126478834
160375053
148811008
190167738
169673252
53769191
10768959
253419474
72477198
194104638
132899360
43862605
214785308
107443312
7074197
37889328
217729296
71672454
107399078
196208534
171795432
191142466
193702608
146556390
6194257
66726303
73301194
73770949
12478857
185523593
43154268
176048301
63180154
68421384
189588044
10018230
81511219
49002394
115941736
74193829
8324631
30008150
242031695
98275802
57666220
194133314
73812580
167957581
14147683
35930873
14070173
43129936
43129273
190863907
90111167
188335348
12478897
25730586
3871241
197164243
197529818
54929928
89882022
79747544
9979068
76778836
207374290
130341306
84889599
120311470
77740690
87895918
12283993
17613254
187782909
50699286
16525805
35363516
13984369
71693979
23096010
247681037
63922263
4310377
43184394
254655122
72912939
11882946
74933100
4977231
204872222
202476381
5420399
107675245
140752453
221233117
49234521
10366405
388572
102111325
135728661
75338620
159912820
14913714
51055855
225209304
174030252
73199377
174113300
179556235
253177620
144469791
72890370
183683952
4758551
6293239
67011508
198725573
88909483
19246494
205480412
47044997
111553903
20762016
86013820
173798938
1362459
203285304
3490205
56983798
225210590
50596368
42876323
184794767
7642599
190626875
29609197
7642598
203476734
78912985
247293204
196891999
24251334
56088213
132301212
204873511
1196179
51087967
242023221
204212291
68268383
48504404
97822766
217478917
195946985
154522985
72456197
19663774
222495685
42687912
183896677
198587006
12081510
89893246
130199975
206781329
17871875
222687800
63905060
48858805
207334063
30694222
203093923
14770039
10099723
94793087
196949689
27534425
51702089
144526151
248639948
17974707
102693357
102562675
693209
973580
73397993
190635628
142085425
204428559
58811765
32579395
109266720
184629076
165337638
179555272
71959448
49463450
196361221
188048527
34577255
10068981
67239693
2626719
23409877
181791719
21073477
144448982
212284699
78889163
66759144
185849369
174086665
188844662
184614830
101586910
55986820
50297021
44441870
10366409
71953962
58815617
695219
253060801
56754276
183683280
95159698
204877678
178951899
49234073
7642600
74532887
188919273
100375240
30043438
107195032
7421873
242033507
188337343
67731905
71206309
203783740
93754500
183078662
55663546
79693247
3770645
77544083
54381845
107892540
58491474
184918700
51371175
27356557
8264516
43866105
114738551
19246492
43168571
69342499
60725126
34663967
77322588
248886987
90687726
201478807
54930038
103136564
5136783
104870302
50422420
169330991
70524080
162844541
187610201
57167014
63911140
68819492
159393676
40640481
67872207
19652227
35366206
53401762
212564288
17613769
130230788
194032992
68475927
196208529
253238119
7384925
188356933
188313311
14770064
242449937
200720312
159809054
77050243
72505844
73721597
75946301
24544614
179211032
115775645
201677943
126478892
192586986
57809894
12725427
26073574
202877143
185044258
169827155
21414172
43862415
35422420
198725167
242086220
189180270
50273837
38062167
241813732
7731550
179399024
111553946
26073427
212564252
174109903
74277334
3490615
101079609
645318
422148
155048124
6553207
90508754
204428547
248695071
107771491
12084568
52724434
124554474
86406812
74496344
43181224
35361917
94999930
201791803
59082481
2401677
138189005
207207434
486488
49644200
103270728
180227554
74534016
197218830
74418326
10734467
35135948
31694696
72946699
93030248
14901940
98654496
158183205
30011170
183035573
3490157
137903996
14913698
91833125
36780356
35728242
6306615
34483474
258820781
190511647
158188696
189697892
240955121
184830429
8546939
70635720
197164929
118960484
73788600
35578079
52182984
208677808
33826324
73723098
122641719
217549604
214785293
7919504
694902
25202449
21929565
180864355
58958390
147057826
25736448
510968
695160
56382476
103209596
207502103
187606367
55777239
5136625
11577948
53875429
96988474
510983
7222411
76517930
148747352
195502001
57326013
14147673
191123425
14913691
203852791
32701177
2571011
193212169
13955245
48952952
165842224
70520383
12478901
192364665
24909734
71903531
695215
196395002
47281978
108327576
16623723
52330046
58924214
118948435
38077024
157850237
77986720
24823930
30689058
70567995
196854490
252389803
220683251
16061209
158141696
72973163
146515135
137128301
10073154
169562533
95305171
21730759
195202060
71353123
72322506
216282726
69709934
49646578
997097
86539190
192586939
84594229
205003365
194063488
42261686
1419811
42688709
197746842
25433066
31571559
12478861
706470
653259
134780083
142331848
179419673
20162525
6154417
76217070
56205285
6611083
55668474
46644584
101586355
192210018
192210027
67606583
843794
58441482
253107839
214785371
2039345
13423834
174319946
51034210
76406792
185079677
4115571
134321013
174182550
111553978
33158192
171101627
99220400
142435837
216281630
48318010
174109859
44715537
172920726
57844101
241805348
14696480
189574258
101270723
154476177
72649343
124643459
39365918
188147245
15203045
7208395
6398571
3567961
10730954
183494510
162844507
86040660
28964021
56742055
10678894
168283329
198699460
51060647
180606386
14990597
86401711
48260237
99071778
72673790
83787040
58871245
214785297
56810491
3490313
240777908
5136631
72836881
20883702
13762631
19246486
24907837
12386185
200628300
79736293
77149277
182482333
72673247
206082821
34350937
186632550
119988684
202945500
155908589
200804199
12084508
131504699
58612820
3490003
114185453
254896821
174510394
144523612
14913678
49938338
213715371
126594239
6187595
58986145
66681222
179592674
14770202
49182796
35827379
253419723
121241063
69933764
203187678
47098453
35281801
172939947
9946436
74301119
2577619
197377334
3660017
408368
70211374
5893961
24826019
997115
58164076
31673493
217479223
75516126
695166
159909150
57772985
71746002
35243115
408757
206321166
1601641
59497066
20450468
80262680
200787961
45413507
15050146
14713963
130083590
24037458
631509
113063087
147212536
48723261
6187093
88861977
70567509
92092965
188689775
88053547
43849498
51538505
74237632
14770206
174109684
179210516
4938621
13989593
13984947
49235621
198436342
91140222
44715680
21431752
76054896
171825070
48622259
206242867
199727215
19401095
205965044
35612076
1820605
12084598
72929854
51235530
11239186
33606829
13397553
53057661
20415998
14913702
194103787
193858378
43129440
93021504
71884110
222682275
1818933
22103385
32699732
197227202
54628116
212284435
180255011
3848615
72034487
190624559
6675931
155048115
68564156
58497730
49464611
134583771
37544723
192884541
75487715
73873822
141480027
10018232
152095169
56744050
177735455
240964274
695133
51889582
44715613
106280578
154528776
229979180
254117797
59553583
42629875
21021956
12700079
31621545
40178782
149820484
195481531
35299630
176504963
48661491
70665793
59154525
14948309
186276736
69942972
72324403
217333380
103707679
7642596
42689923
139987823
85805545
126479046
204376319
3892143
57384562
194063474
75513358
126022581
109010069
196318909
204429183
51328362
254117982
262731180
45963965
58257466
131408797
114194203
57435857
457046
1805737
73811767
14986778
90933172
76395098
191388780
221225676
73089907
2500099
217539798
6663883
27774408
214785299
87472551
51087452
5472649
71959874
58114956
72893827
72745023
36779638
12432255
99146821
159828748
54687551
457041
192376663
24786813
182744681
75655408
191925664
12031381
186352320
121040552
86516625
72322789
50702122
31695578
145178153
125729544
252856632
71934376
30025841
1825921
42240072
137026648
11225925
56211164
45242702
164823232
195662496
204117213
96311116
98983503
195797463
160393604
2118373
6187137
25705648
54901375
184419115
53401772
6475747
242634288
1008558
20534858
48890786
92476180
71958244
183898003
87730486
50702116
38105083
70600233
78946457
49549551
253133406
225210603
169514400
54930042
51703125
10687655
57886963
120800719
8579979
179118776
186243387
217729282
217562263
250496996
205989564
68564248
169966705
16075480
262877204
217729288
32307735
2403777
3808289
68489507
7642577
3140943
203386954
72862900
108130185
145869615
997107
107399120
180227522
131194799
160392822
7376345
192069819
249168221
240257499
129916961
109421544
249287196
155885076
73166122
174541337
106990513
56366226
176206764
52274916
251773038
225938215
132928389
71981167
52047090
191922005
24545367
191388657
183078732
98902819
31533756
178951789
73400950
194769144
242618207
58204990
52399176
260918070
108055389
21574968
96303560
12084602
178315857
124272429
58123588
42629866
20968758
32943497
176286398
99617430
185096113
217729272
132819285
164804726
249200353
2660781
31969113
101613243
184421422
7811091
75329498
115818169
77249874
101252166
95683323
91652004
199640637
191915503
35577599
185855196
189614228
3288265
35573331
2567261
205049865
173548846
116752164
118722881
126479106
1042744
202661212
86416471
81575596
21931125
217486767
54929889
149868887
51503246
25600406
90718841
4115575
72743343
202242889
172064234
195961507
149880203
175987455
84751253
185717465
69254052
214091260
4115573
202598279
57090201
150148889
109421505
162844509
20066106
175422235
80439433
110894265
35234115
3950323
71198680
179419741
68304698
75478085
181794311
41894956
185225544
24195281
243087600
167521142
35346475
73128272
77252285
158603607
24193845
225171758
35528877
208652474
40184664
76395878
87714688
48949530
24230180
174515321
151020828
174514896
125729575
209905781
198648731
3490589
252390111
134817861
12397244
191143742
229701078
209273756
171144621
188844524
80650884
135321792
152094251
44235803
169744350
76780357
67606777
73896856
200628402
55892933
2749277
124272486
174109879
843810
162177175
76396657
253540328
14170759
56087547
249252332
24189101
49004056
8157391
77547994
107939212
68326140
73801220
150938567
13092286
50315616
229732728
249200295
24923657
247718518
252857351
7157689
50254662
77855565
127805789
183076303
185203065
75449098
68461711
14063568
38414743
73894092
225209236
49363183
29189535
207502358
87534225
73372694
57303355
207292094
137519209
102884134
146553359
185188925
43185480
13522656
219145238
81564749
173997846
192210054
180365208
8122064
77682330
81286667
75987683
51988260
34395513
8157383
115927035
100067384
5197553
1534473
14348024
58491476
38362895
408808
59411213
255316963
49663373
66605208
183035563
71550694
72456569
167969303
204449431
249203251
175181770
196341429
207192149
70536729
13377019
188689942
246857096
176645334
23814121
6207309
71989307
114771817
173801188
33606788
35497870
74467074
13741000
51291630
178512251
3140963
8157389
28640281
197855119
84891518
77148738
247325972
78983246
191142028
173997903
134263682
179520778
186649927
32130990
6196117
132005987
49256201
115768692
210942324
98573535
7612313
120311463
844246
58806212
1534439
1042646
53129202
243244950
34492050
230009574
170728596
262973453
77983162
176009283
537131
176443076
249285915
185271898
129769554
187791626
171021104
204428857
172064224
52091982
173760715
19392140
206135075
126097783
179105909
248384379
190732094
50356806
90973517
250448996
52404987
171645293
173760711
247793148
15203346
10705121
31620977
73237255
158894090
55780980
203763678
58461677
198588057
51376286
146488314
190127921
185744861
74599855
73984148
44982082
144937058
37755133
27926717
65405540
222666692
9979058
173509684
57484055
5893959
3707935
103677544
242435689
118281105
57771984
98758105
59247254
63484072
47216865
54622906
227187258
8945773
49270543
243242386
7630851
16138560
24831977
21435364
35572390
103216995
183078315
200912790
75817601
117551564
146553424
36189761
38415957
134800183
120483167
58988845
6193905
35738872
148747350
52392722
70567440
210154767
24249902
124272047
115507178
201509136
58815648
51241605
67730601
194063528
161007964
252868921
214493063
178228753
15065849
37123796
706628
68614283
5136671
17144047
200724496
167981097
9819970
49253876
10771483
59588128
19246477
107789694
42591220
95915287
9979056
74989008
13992109
161213008
249016466
178951528
48875908
37551816
77242268
63914574
102911269
38474080
92513659
220667016
51525412
997111
96461967
46780882
135651312
48959807
1042658
695141
82774313
241983358
67838765
147217675
457029
202812527
253500130
956545
201771817
7955616
106542154
6203099
72631119
3288253
38413046
48951585
58324987
14175728
207984140
175148718
24692323
177281115
162144721
254147800
43870416
29915667
43988963
137441710
7771814
11189556
205723286
71737759
130768641
183682862
24246034
204645837
160549804
102506578
95150757
50304198
93933479
67722390
144172213
3288247
55936225
81696233
77147072
207293805
158007677
33508091
66114879
35385281
65389122
75508423
126765195
146919110
197775595
86517517
148629607
102503454
103024253
13762639
48449729
192210072
87728675
13672404
132271524
221228205
74495306
196069246
10015447
253106612
5472641
2869351
82074130
125729594
75987717
706382
74342760
175721288
57792472
54391243
115904661
172153060
213845334
53091390
1042728
56406241
7801472
27771635
263032579
4092599
653122
552085
188147158
57780257
75320684
150200664
63499455
249257293
50422430
7395717
199631469
160743773
19915088
103551032
54713829
196855705
198671779
195639572
26299392
15942790
251768519
243093918
14982103
201090221
145836031
247913748
206629105
74496653
74495474
263335543
204631094
241983336
248683953
185227427
205412371
133570522
196336699
79365736
249000294
260842310
253308568
253307625
249370006
242502865
262068486
262023851
263567076
200851687
209305513
250111501
247862710
103635588
248444924
248679642
253308860
251550541
204435640
262906158
221223052
214504814
248667637
222703881
169844716
225956945
253313829
248682040
228988486
263198031
247717524
219381757
262797360
247316579
261025046
262300987
230203399
262031242
214614819
262068021
177154346
262831024
248207074
204207649
169128551
53530975
191388731
66108357
72747022
31874214
147697110
93968927
59299112
191691786
129917190
98567778
98161117
73228136
139706669
106394489
142703874
194489447
74847108
172940161
44345683
485878
185908744
204325658
777792
35897178
214589967
184449856
205162943
250111049
169326022
195916178
133600184
50723455
528946
1679119
11187636
197841191
864081
63582867
197185863
207583435
110448155
63917337
149935949
257846848
28717447
177428044
193447847
31265140
7269797
198517353
170567763
217318284
31713555
185434859
10733954
178952339
183334983
178952253
173360823
169844681
96989025
14850767
216936673
248000097
127908204
193321769
2738493
98298394
188846772
134367887
129916916
171325157
51855284
31265158
66109293
129916850
129916823
169842843
253308260
253313324
253127311
203432887
242829090
261949436
252024681
257859879
253103413
249677219
262053987
207997005
252559264
252400707
188846661
174113877
249683314
253237591
262068191
252024693
194102610
127113936
1679019
110450529
58162444
42258950
242031230
144489793
67195700
199118204
197856197
86784611
15230939
185905180
245769510
31611690
241983368
107338688
24133897
114587197
139706609
201855194
50723453
88792373
13443922
191100038
1679135
1679127
1679029
1679049
241983372
2069843
89560843
89165336
9847201
127097023
204401477
19561444
208195097
45831471
196856457
52273206
166090742
188846898
176187927
137458403
20074358
196906576
186649760
24134518
242990477
121243030
121040645
87787445
142656780
196968638
98298400
21572327
191142543
114573387
114738681
123435141
528944
110057181
98298413
16220247
34736156
190855025
159602676
114578978
34744152
138480490
182735425
107334536
129941187
175148697
203230286
208196772
35232598
53615946
147057949
98298406
135282801
167420839
43851477
66105581
191093209
16503428
21580594
66107927
101585868
147389222
186146583
2033957
52293489
169128656
190461034
134367899
212478531
195910996
175813156
179555297
10703324
159887721
122901478
196860059
188716530
68354406
1601631
251915142
201295700
109999759
190463987
203713331
137593011
162592672
176473753
15520057
116199923
189696719
19550931
200623667
177499922
75696211
198098697
195238549
177499920
55768758
35361154
127796696
49537876
55927832
133579166
144162763
204207745
96835697
141263939
202725666
195891148
201799364
113394288
230038805
190231802
249638877
178099035
66482964
129916263
153409668
176472411
177706971
143282429
110887447
116691543
178098908
76521226
103699258
114439115
202725677
207986150
75380136
20953023
230203483
68192040
45566746
48437268
201572157
222682781
141263631
135312390
206318556
190195252
208555190
200624213
1913679
205504340
174848437
54623357
142003469
173611452
215024649
126022402
242075879
157592448
24468931
144208534
207402844
206687393
74495976
145275357
138001021
50251991
78960352
137938212
181117657
54423123
14992443
145092945
176454257
207928574
142904041
184599073
95575369
49465854
176804131
134284330
177158021
52330060
84679728
120854644
105042382
169729406
23924525
1754619
193000482
107443290
24787107
205229642
24862534
194789633
185852800
195508260
204428554
35362225
251265495
199551912
247666472
130776753
56195872
171438697
11257007
115896882
159902782
79239717
171293670
176673809
50693750
205897781
169825389
116159734
34350914
127695229
203191225
192150942
252630221
101423784
206061314
51982458
148047481
150288533
199044839
102110065
204428550
162844510
6243669
74439635
92403534
152094955
108685171
71674098
172064218
163577803
116273168
77896875
168235041
186084946
115896823
202876768
214199764
559924
205508135
106547874
127923012
129969916
224254971
251536700
959688
171451383
176536779
195892645
114678244
195503948
191039816
147697117
3490073
146360766
252322701
127635164
207954152
16722140
47270231
134284323
54901392
143378638
131504632
73479064
111560057
147330009
59456450
14346247
191349243
226081367
212600624
49466044
76834935
171812517
205510370
124390770
46837527
71691366
32847917
15336035
147734920
249470201
9333609
242484655
196208526
50977357
182458036
55698658
57647992
44343761
175813162
92387116
107443285
196562468
191136171
225157969
253420150
82776204
204428474
138189050
191044927
195477359
191221376
10018302
168611190
207965521
130395550
126022587
253047127
262023021
216255118
94947110
73912081
201384128
59305919
216714822
3140903
179520770
59083118
11341947
14355852
194063450
149880992
130175147
16517336
174248617
70527734
95142751
81575947
216133533
174515612
74865671
107966451
253469889
35507412
9734525
127930314
71100262
103933626
205509310
161311326
76440650
137940300
43406297
119708876
185949461
248644380
9358708
7642572
225926165
183555060
174514098
125729601
162742939
207753522
252049720
54348852
187616483
198088972
150938573
2626727
109442907
136076246
10678331
204411099
186640756
251265271
212567014
252049815
248353725
213911626
244318493
186285863
187991209
208117847
36106619
258820743
54901459
77013481
190846011
142417011
257863318
180268304
14312354
195792108
203960175
103511474
84802120
33019606
144324252
7397287
209275106
247329081
84683979
125363143
158494788
176732338
51853616
168292461
204878779
32975582
191778876
3773979
205564741
76246761
77969095
98575891
225954869
74220107
251265358
194041461
8078901
99905652
78490306
147212622
183117937
34556871
136984756
75619760
252394820
208789617
48938046
118900216
130174835
172437749
7736541
49882224
17876457
72340578
194041243
68592173
199218589
183510206
247942540
76055995
47041374
41355240
205567047
50339808
173997969
14990980
154988123
251437832
251265375
174511699
174522530
207900159
178247841
2792357
67810085
109536779
208422137
13762634
247955735
35368130
174400609
3721357
183314005
51988193
147834892
48563524
52584605
108020457
21010834
13714483
58979268
106990531
207841036
184283290
113186540
247249283
114226282
221226391
169548794
205016790
131504771
185857121
217471604
116294753
2076683
936628
215024574
128275758
251265400
108684211
228987720
192643103
185717458
171626289
141502199
205001919
244306934
197192620
201764897
17031165
124272337
203213369
214785302
67250385
262817524
2036323
55706870
217729268
177350755
105650435
176251413
177341618
43131498
71696136
208423898
206233502
144470980
186285780
167607291
74865686
186107439
26299433
169560201
91277368
45970408
118315489
24744992
141953860
92119486
7681856
54929890
56460747
174518791
150938515
59265392
134345402
174825015
181927738
169966635
90404798
484271
139093899
96994530
20065604
6246033
2626725
204207714
54623054
121794458
76148261
98580533
141364341
192623248
43351507
13720947
63941171
114036366
77871739
147048801
207708153
36779608
189658801
7222295
251536737
25705568
195443990
249177473
253089935
171089954
135763912
249211560
76655273
52392389
206677009
3876701
120350797
171447505
226197244
8091890
183541465
197366896
242821639
118013434
43112676
152463565
66472489
72341149
252390937
252394828
203210750
251265500
57304195
200918751
194479855
174111862
69260282
174067061
137572910
35458880
252398394
90441131
124272017
94351325
134379637
262977670
21426009
76666092
21024576
57439427
209302164
205863256
253420174
165025472
126022484
135266664
225909797
126022456
104817020
9973637
76796223
73932132
194103703
13421971
216450204
20547262
144251989
35504219
174067123
192209984
170499230
120420858
81506818
249782590
35527615
252399537
217862166
10708510
3490175
52788710
55788356
227721232
262817869
183497978
249389125
2012825
134894285
202177292
193666629
249200266
217729280
183541358
249054665
135391369
77910958
242040354
21313898
252394813
199727365
177322542
106599286
214785306
115992891
253109905
72793249
202226407
108190299
188147238
215247903
103093505
50355732
71902482
176812950
185448378
135281910
213653716
183035561
135282944
189685567
181118443
254080701
254118010
204876353
14327974
77590148
180608837
167969296
121040538
175550808
76526343
78513565
216573430
206244999
230017994
160748855
58545343
147346746
50078218
169842105
124588781
131879588
174550321
117029856
113758591
251265414
251267028
206533161
194478608
14969639
195334474
193413793
191148715
7337939
174827160
143174078
94936838
242637098
956549
185189926
251442306
191144798
107933602
108202062
113578573
2732439
124271995
57898702
148013160
115483464
174071832
177975805
204249349
181500816
198648756
180381941
199650439
171463934
34350943
225940943
116287805
76526051
139211720
141345051
185951220
203973597
35507821
9984726
181783481
262636360
165025384
186692328
205522289
244300061
78971149
45945652
93271856
148760485
251265341
251265476
115897296
208418999
191005597
174070567
205217902
252399475
262817935
247333304
193155173
170567762
2626791
201046978
35236268
74731528
179979444
252399460
77850902
53313877
35252698
213714556
199243274
144208532
185194556
170451182
247247956
14440015
13301702
195441215
24468958
248172365
48190890
205863255
176764368
179104990
161030261
189573553
55386817
174067028
13425082
147346751
217641301
176687107
207963133
173997710
191041263
251536998
139983893
249896822
185881834
52275348
247796444
166765183
171340801
262600544
72795240
199243583
102471048
78024857
251267048
174445732
173997943
173997803
58936322
208117976
1042606
168741008
193565215
131504713
247794607
260222649
252097573
68599564
54930056
109958551
49993048
221251459
194032972
187618859
195526470
91098062
177350740
172064221
176466251
200865993
201798929
129234344
249200334
196532406
150172308
20076237
199621918
171289457
19398787
45888555
196093334
243098170
133619614
7657028
2406599
199536259
198449373
131396444
10570842
134780085
5893965
49385204
197164578
159602683
13412270
35278551
102847690
121954504
251265507
251262906
251265281
184647701
191004754
86415569
71198959
244317327
179520566
179520648
52592869
191144277
77138334
148063659
190591398
127528127
252385934
252398400
125729599
1019316
77316076
118900174
51988258
133007681
35279694
198644440
168785143
129234117
104108093
187618856
74300299
171089839
126022431
171653795
179520202
103934458
125400745
229800563
249200566
164796001
44931440
141732857
16203284
155098167
3490085
70000023
10571458
214785335
7140843
56823307
216562589
225208526
71907543
33111199
103379000
116118055
194103722
76681158
251265309
247755098
186276682
51283992
249261932
48887053
51968972
251265412
58936314
42751942
14795927
249939996
179170560
181503479
184767729
129285536
73985353
13769378
185889514
138831253
190301946
74915376
260189293
198359208
37474039
262786630
51988244
109267357
194588478
119967653
199962205
171470173
116025286
176295684
188044747
202154712
105139871
229800595
126022397
170523425
165017114
204427882
205223239
1082734
9885952
192122975
190515772
141388482
106379200
54755556
191136222
25624684
175148695
118013479
71671105
94659732
202241982
186756445
158430032
35295381
152096049
69572859
251265261
195510550
200841245
191258707
114589121
174067031
38444110
94706597
194042036
68707223
78611544
179520680
229733063
78623392
179367640
3657601
10018296
4984297
173810266
4984357
54901288
252166033
262817831
57640364
183504291
183497363
97890747
217729285
177280822
163577951
204431622
112742437
195797461
170523427
151676707
206680892
91277530
36732958
8078879
106088296
262817915
186084267
129918945
97064681
196856040
242482464
208122223
217764000
204444927
92801514
177281119
262636390
171438873
11225923
50958056
199534955
204887324
129918942
150823487
201763793
40640466
3288331
72933261
196005905
198342336
105042303
201791662
193603133
198725085
161889206
35304506
198592832
76353020
23806030
202328866
216450993
193007076
72688223
43189048
32946356
184318151
206536630
250112986
174071810
60201073
15337011
205412472
184488120
66105233
70977826
124639780
95924032
251536661
176076238
252398454
202244567
82518652
185357269
122148621
185882308
121604839
185878324
173997817
179520595
208118496
206294473
206294439
2616303
50252560
47271184
7395623
138463464
127114141
174515446
177320594
136409209
252398383
262818198
251536679
202900985
75987774
82074149
20074332
123214595
195103864
21073561
148000668
200762102
118900194
177436792
1534475
1042650
138504429
140141100
55706849
242024429
35575559
177164070
50328615
142477639
249387766
257862356
248764378
66585405
76365808
188845474
50472897
204231068
32138118
248781026
213907544
247238593
21465220
174216411
181926784
242832482
35397116
146447975
251536640
174071837
79239676
183896018
43190052
120420848
208270032
52146819
10366443
252398446
252080422
253103847
125729519
145257937
249569181
33348187
204961642
23806029
56518582
7114875
262818099
128261339
185440542
198670905
124390688
185606594
97895020
98080837
176131258
120452919
90074311
17613385
151676598
200840684
28738499
125341402
2626807
169824379
229777697
13423271
246168155
159602670
124116808
48888433
71904638
76359986
124638240
121040287
115754389
215024700
196844771
114660518
174070562
248638676
251536925
193525250
207296626
207948420
252398378
192210093
185882189
102488824
72641092
146448476
107356941
50384639
141356558
153993773
174514358
136995922
72033020
163549768
108207259
147993410
199639204
215246040
146649681
192121385
251265479
262817854
82074145
82074166
201918524
75985471
96867481
108209505
108057953
107961479
178783606
179592721
74529956
192121030
118900213
74361470
147995847
192121257
146652324
54623353
242085848
958634
55790714
50944582
262687867
54929898
54930036
28477354
106862934
164760414
197164547
75655412
167647718
187815736
183502419
193567155
202274981
135281493
52281464
196859979
229800545
188579972
155142030
201071439
128261336
179547431
196855483
203966666
53637573
12401180
199118546
2401685
193261189
76053462
53896361
207024289
203392651
205863270
248430999
206907488
191020789
206620266
201090485
201090605
185678169
193524546
126022395
196562452
241970404
2792645
34719767
116287577
121102930
229699748
176731675
49927116
158898690
3140865
214154893
135326137
108912401
98820471
120442305
205924631
48810907
203222765
206641393
197895686
57051065
251262945
251265337
251265401
251262923
137017892
141924171
24744471
225208858
204267077
207439172
177975799
186276675
251265307
247238807
115897054
183314606
73316533
52585402
54976743
35480781
114272405
216409323
191148835
191006310
77544004
43377293
44822148
174067035
170152120
172997110
445627
34576202
139195579
190242844
189574306
138503766
128805162
191044242
174514423
251536707
115610307
203763682
208183563
253103570
252398414
251536952
125729577
125729558
248704389
35248516
108179812
216450660
205498999
191402068
204326553
204319876
205051631
124272199
178294132
14327958
7408453
213842106
38560991
64720536
108543114
6773411
21414446
59082676
51988223
225956294
66722134
76797026
54392417
179409086
48512647
74856095
173997868
138040623
191429728
195526443
108327563
8339104
198111541
189062161
3928931
145836029
217318290
181501325
206908414
177280810
131504829
25598451
98153314
177280836
203868032
247790912
174618452
56030580
176645350
183315142
109429144
103525187
179562845
183481612
125524234
107561645
159806768
52106725
247306821
171651024
51988219
51988183
410926
167753449
69936383
183507081
204428743
208621338
227326291
178228731
187827467
199962067
43051876
186084375
183487220
203783198
195526454
204430716
63056683
201071433
171002785
249200253
199105115
205858623
204339094
142667253
229704027
5136635
147792603
183529907
158222523
195202050
201051597
23856552
208615804
184444613
175813118
52280190
58980813
4170531
58491459
251532754
109999857
2626809
160997373
214785343
126022482
195526462
186647128
52749915
76686078
196215194
119223003
124635868
225384635
48951933
91853326
32371550
33563282
216868017
199039291
112685943
57723566
116118631
84891846
207954276
252399519
252400539
147373924
50340148
70640650
5893963
26425197
17031519
183554739
251537022
251267032
50295294
48956498
106874783
193549772
191217285
199048352
174070651
199047996
7222231
112786086
173997684
174826124
216450995
73681092
189605775
15725598
186497992
137485755
147176344
203986460
71896762
69440947
174067013
191258233
230083482
179520670
52431069
144324488
100624747
181929612
197948215
45584758
197829496
162177145
207443767
35460116
194789943
55790150
75987736
102420190
208571166
262687645
124272314
28945402
189671538
262687350
190630856
207761004
205349611
68586621
204325899
1042630
31522667
63083605
69942986
13667514
408503
194063480
171591866
119988488
128261331
168779206
152017570
134515996
143656806
128261305
172064240
188584888
52105433
171133579
185410773
191216296
174522665
171167957
214655978
249206940
164791498
176764055
185596500
6290301
175813180
156001299
247797240
75283709
246857227
176150344
97064634
169309640
74238477
126022516
24910478
186084139
72963328
195526441
194140640
116250550
243097228
200693560
206640988
242434352
2108149
225967296
11849132
31714252
113476394
205508065
7930017
48951966
16147414
79581485
196906904
701136
6199037
75970427
78288972
74829416
225908372
202239500
67716809
174071838
197529816
42689919
181810249
67068781
51988256
129955960
191516776
55698666
68426616
206125878
8299506
42543632
208137119
252643715
43111872
3140923
195528621
199051842
188874977
131569501
124575189
72641763
84305157
6196513
55341432
110484030
49466367
33117762
31714999
242828749
34377675
252399498
31576398
126511793
193128539
174072028
247678744
251536923
17016354
16116057
69936371
17881512
73357747
142839527
21024553
22390936
199105080
196854316
118900259
173997924
173998052
84774887
181752398
188128223
205562771
144324089
44714573
177687861
208270287
208118465
207807544
143174074
35457310
253364072
147970113
71023599
74946166
191017303
146553335
252399480
202885198
82074183
82074173
125729532
75987772
203145373
108025431
179401430
230013827
210402405
188146962
197216069
177898203
33227252
205049260
124272005
179592690
157468650
19573297
53236396
6215373
52051135
214503319
51988168
54929936
573797
241983330
183541084
131504634
63958592
4846361
77294906
119967838
177340315
72016426
49131920
249028650
68482592
198721770
53896464
107443283
114738566
73602171
178575557
215184896
51843652
5429999
155701239
115344444
111936044
20006385
58556244
114738634
52258553
180236639
149175428
55985949
13801897
77232004
115344652
152095933
142658194
187305899
48873799
176573730
57312487
198614361
77150050
174235927
75986578
56197297
174442257
159918243
49461709
172990089
120105973
198732765
154988104
225209672
176802835
67706768
158462024
127731997
173072260
173153310
56907678
124272040
88964883
91608006
131390669
46904898
228989781
194182788
144037004
249026621
114434129
6190881
68498581
7798178
86402066
174181482
186348446
189573058
8469014
211966179
155700657
187606879
8950792
173135153
103637250
169844160
19706232
54475237
32278352
183550967
191143584
5156365
75830798
10285530
179104983
252232852
66791754
121755516
212936022
10685386
73891150
52587307
127728730
204211963
115573127
169966622
197589713
197635257
92387147
35594726
207174880
137136120
187202050
174605661
177631699
190194977
190195176
9670067
173164197
181911786
141293082
192518292
51853307
169842049
148811864
57783660
124272316
72222211
58210857
12725353
19674130
26073333
49932857
2749287
183544836
32321302
199738851
155223536
49726285
229704044
53897740
92096283
92387099
203868083
76658496
198922329
10767121
174110077
142093220
14165835
198915327
139699944
54623469
7820658
144339114
50616040
127961817
14487531
115206616
130210163
130073582
13526219
136870552
201132385
72330277
186112265
181920513
100000389
132899440
48583105
176573728
68067463
52113498
176905289
50825425
89560878
252233884
41415550
207024107
48050503
121248048
22954960
217765733
249825506
128485670
194462936
174606528
117170026
77200400
105656421
201698428
55642749
34453662
163702874
72713823
187622732
197084404
169966681
199668840
198918944
206135073
197748238
197632452
176778976
169099086
201941478
131504854
52199115
155006121
202224651
56949049
139153880
114432239
74989258
71198151
56222145
5117203
204444519
192713487
20883779
195928211
114738657
151045712
192693119
89560875
76137186
124272317
26733408
174111854
188701376
195504898
15990126
169128596
92092941
142667295
75002949
13008497
150316829
212425023
207205803
247657263
75830990
119706898
189574456
54583365
184831235
174054291
14469334
100133054
203841732
67607053
97093940
177350745
23028156
57149262
212927345
110756890
207179278
49440676
106990584
25705121
63436645
31801427
43906208
216450727
107351104
77285125
52587953
140219837
56954974
46607844
173997901
58366172
187304060
55329829
199943734
29663543
160049569
185046273
198866054
13376726
191264305
173151270
92098017
206665974
50491398
210401908
13796770
136939461
136929083
198559594
196202050
131504824
179104988
10126328
109999735
127714626
14062261
198914882
169841736
210402030
199251376
6592537
3249021
235558020
245772515
245771361
173999943
197907927
72304316
56373324
181674032
168319898
11337846
19706264
12502040
16178939
132899292
55771688
34454145
26152495
45587304
73406389
33786756
187289040
11421885
186279188
158807773
55328950
113606076
190203679
66647183
169128451
85374870
138187859
191429721
195640438
113543653
191429692
209867945
179105008
9830972
58629747
58534474
132899304
192546962
49726028
192519740
109999819
129539172
126734154
50825427
169842380
33209563
193322430
42883605
216450725
174109625
207050010
169844945
19674137
16177985
37690843
145716579
106808607
188137945
62383589
19706239
179520583
17013736
136887930
2449775
252591676
6290051
58939334
175167980
253361994
77117845
191367811
230015160
205541965
222660274
249856246
230204867
19706254
8949494
59403401
40932172
48585163
197529969
158807763
187183711
188077600
96602190
188087505
90518865
185242792
185242019
190195084
194212192
55329507
208106591
96602196
19706258
93965851
203868076
43992549
206663143
191429723
191429688
142667196
209656319
86569568
32139724
11339375
173370634
51517340
192540694
192530186
41882345
47083783
54121839
90469335
203957321
170567767
19706247
248544314
59404441
161393841
93391215
169380182
154404715
188139962
193007084
128251322
52083663
63184336
207806578
203875436
136366783
572658
198741337
168375409
74491450
167959573
10680440
188146823
198932616
36814365
94581297
173125379
17897914
216527552
109999881
55773206
34346157
225209117
63189753
174072051
174071807
200842822
13526221
177975808
21429761
212426325
195624262
198902074
37707371
174110015
174113111
57782828
173997958
203872085
242504261
2696577
162177236
104833903
205489799
100067166
196313577
19706244
110773699
148635005
57696870
70520377
212562380
29657811
184886405
48050507
54623120
23911609
74163518
52385532
186350150
116413974
3282875
66790198
169841910
174071937
174071900
174109771
141235772
136952786
131194699
245771621
230054626
71663651
58454297
173977879
157708114
229726818
208137609
75511275
19674191
8098626
19706241
77985104
100134213
31703939
48583398
109424825
10776709
9672674
2749281
114672583
208414007
133264994
140543202
158807740
63972275
52234847
188103349
91723438
199668842
170567760
125525754
262728607
198858095
217614400
196671870
206861153
207688188
147697134
16448810
197210211
176573738
54449852
125276768
90082490
205573763
196008350
52123966
174071912
50825423
66791329
2448363
169841957
183284256
167969488
212935928
3252091
174109784
50724910
179520587
216232719
169844704
68816886
188136336
129848064
136116491
131194874
210155056
77285431
190087592
152401449
79579448
129009982
217422783
56639297
167972464
77149788
158494772
26314215
212216344
139253037
198560150
107278644
77232222
76471069
11352809
115017850
186495341
186348772
59380307
190181336
29663436
191279361
209551713
168908846
178292641
132899369
189669959
106778722
51853210
212601089
159971502
105219612
37706013
58985140
201439777
174071872
170445237
248640304
55643148
45612996
162227243
173162753
166081273
48050485
172819982
245773229
186434603
47141097
73568925
176573751
189696840
199668832
179406901
24787111
253161374
169842561
225206292
204850096
174111940
67607504
120311643
206673635
189701174
166094908
207220581
103674422
104609743
250339977
207023567
183282769
214824959
173072277
214823823
188147222
62314431
65452490
213587575
179104965
77229505
121040358
37801525
129728118
142632811
136116477
174072008
203889487
114738695
49447987
178559974
191429710
176573740
176573762
200738047
73191702
50616038
51853978
174109811
169842029
79112265
120311580
113836551
160785524
6188165
176573747
176573706
170767599
226023659
222659818
249082672
252653634
249737540
229699752
262636318
229701834
229704039
241983380
262746524
108777387
222659944
128800171
54709043
1908935
91651357
177564215
54016836
177809158
408480
197529947
2749331
190198929
10679920
50300343
4079137
176573717
215206459
73406299
185715434
19706231
26078310
45612892
249032903
208106589
53898615
188099634
58394513
43987205
204668345
20556485
19695450
16256966
176098202
173126046
91720836
108993865
15270569
10127677
50275968
37707217
19947024
13533860
109999833
158459797
8951814
148635114
185551230
174109805
169842795
178320964
51517275
72479013
139701900
52083669
52698745
135325737
24280636
73864063
200960728
37614409
52583159
179520684
179520588
68299026
179520774
174055097
197697000
174072061
174112977
7839826
13527042
120311668
180317806
191421506
185942105
72517715
75554935
188050401
142478076
31576054
201939347
44017756
189940257
190188796
90513642
79228870
185225052
15618938
62760088
45620822
199734241
170567770
203868084
199668838
207002034
19674193
199944120
6961795
13895099
150148903
120105106
262745084
174534493
10980924
203959289
173128862
67229270
207775327
66726298
49500921
133600996
151664478
42884482
14848230
136854562
19706237
176573716
136116497
168561102
139703512
73188810
174056535
3247803
45597765
139107295
57785273
42530234
169844010
15995900
23706158
173076596
58511174
562248
17504421
176573746
169844051
173998039
68663079
196320186
120311376
51283606
187291454
43070739
160894271
214824270
248586114
262054230
197529973
203875052
263047534
252167964
262603179
230202431
229722345
260818237
229707150
249055697
249588695
241983337
176573732
198272644
262636372
212583320
252656707
200721558
174071973
3155501
199108730
248684109
262299992
253360426
253362313
253362095
174109690
252161832
263062250
249570259
229725539
230243455
253361055
230200144
263117638
252651207
253093690
198350419
217352489
262746453
253182287
34158499
225127729
252726950
252604698
262061515
252167878
249083838
262302480
262301307
197605801
262758639
262915203
248935378
230201278
72096486
222660579
249570460
252606724
252662903
249077332
215207083
192515167
198901451
249220211
262061101
200729840
199109361
225209000
204850704
262301114
262295579
261994690
174109902
262522136
262762386
252238407
201123441
262056674
262909551
230210867
226374594
248703527
252664374
254076850
248956299
198295902
198301708
262746924
216369545
204432885
262747357
253161201
229699754
194345612
262636332
263587424
203805997
174071764
190087356
250081005
204207200
253360680
253361745
262043442
255352561
249087013
250339525
174109672
174067145
174110013
252166989
261823882
261825846
261952323
261825400
225209032
235685262
263047479
252590048
260819344
263070313
253722180
226943509
230049845
253304650
263338616
263355228
249738274
176573723
253366061
190181073
249181942
252562200
262636396
255408995
216372789
262301723
252784157
248077259
252237878
262056972
253116337
174070560
203890148
262759182
262759252
263061969
263068676
247758726
230246351
58939506
227260579
250549182
242105380
207991195
120311742
108327598
37737244
5136595
41215020
14453222
35202441
134283802
201012741
74165753
53642469
171254190
75828525
14770204
24156913
113759342
57984522
197530799
247316577
194063458
127649145
176282995
241777370
9984733
400167
225908955
145550105
51283879
87455166
89072537
19379672
18011884
152096419
25705495
195788689
176664116
141291651
201601657
56197262
195915388
214785347
29516609
162844525
198584433
50716133
19412734
252169766
75954484
1792499
201767349
152095173
174829966
175143356
174820791
74830692
195127479
58116993
35593674
3121903
38567732
3840453
198021703
74536255
191143587
87959395
21327849
194103705
58855259
185992462
75338890
73530996
31695986
133564500
1705427
198584516
119706892
75509443
127493779
74845775
197552839
235856171
108419803
193492860
103681750
14365490
195651018
57869975
19926515
11308024
159396459
241983342
164286322
249152259
1601733
171146452
184444857
48516693
252166409
55789949
25742819
552034
199840675
187184167
8571444
10863623
75826738
2626771
380279
54376695
204425869
13883028
15778022
15687811
35594360
195241266
194005605
198335872
5136603
205863244
55136157
21695801
8082544
22103216
869162
55705559
20006216
191143575
196332865
143574334
201608024
191143598
70721297
198698840
179550062
194105588
7221953
8708414
200841190
14707534
42690167
143526841
176284237
92096007
191218979
186072348
49935997
66611178
133933374
191053075
68617503
73797070
33606782
3613763
3613761
37581516
16702707
198341173
54435917
21761333
693206
56104328
53300543
75284614
13415841
217740216
241983363
194155081
197688874
115200226
57513279
53401770
196197752
202217550
441649
56843998
37745284
71927291
154604671
77910197
179969621
79410632
75010045
145620846
135973741
180380147
61358067
55664980
23729531
96867839
69442634
109491793
55705551
214506739
191143591
24468951
82477937
70640743
153841194
51542097
155089081
118522247
115658881
115999245
121313787
191413545
75667943
175086543
90945634
174011153
21267754
87660341
252170062
71175007
73790935
57120283
58057661
55409687
199048631
187339264
115677940
2578937
112811617
113688592
129767958
8289034
198129461
7939532
93706429
1514805
169128482
99091451
152094919
188847278
119126056
22293001
68415531
108713490
16065171
2623235
54414157
94048214
50700610
217639504
49950720
191089828
19699206
197420547
400281
179980734
1747335
10795776
195357830
104868174
173997719
188106296
96303764
55705577
84664551
207427105
84841876
198129444
35594030
149969044
169813802
152096452
58705302
16102511
62750516
15066766
96481836
1330569
16065807
196337367
26350296
139706712
102847793
252562523
25704974
57520413
33341365
72746033
168987489
175073965
169567041
72747330
52254154
6216967
221225879
121954499
217511047
214505233
89893042
130461560
67039748
205195358
10863627
242752670
197164994
12332487
19733531
3490275
172986160
241812749
154161605
149153334
10018238
172948717
393098
79238069
14769754
91063758
48608009
124272058
552036
58976113
62741588
36458132
51521512
204932236
16330401
684862
76403953
80976150
12327109
3840457
382654
217184656
124272635
13429231
54457001
78905854
119667330
131504612
76795851
73520430
69238812
78986054
107394388
244316347
178519596
225937377
140537956
117222691
212558995
65771253
45371117
76528709
204207700
149785232
249028615
204207689
242197540
214498054
53988386
207460906
198415643
12084558
262817389
1750481
135091615
186861388
145519672
152096616
152096404
91776000
255344587
392959
48537684
75827379
196983714
13385008
26265866
185992172
197550718
56764598
81693760
173409603
177145627
16380143
202783700
69883670
113458188
154924210
197164990
109493103
15986264
62009182
54446533
58877051
74946540
155015580
3220171
79206291
639335
9984826
199224430
72611513
247891671
242696204
14695669
122901519
105344605
102119050
10863620
186693725
203118007
110938075
111841531
183331986
154189381
253104789
247659911
96448049
252052025
71927352
169966636
22604823
1196185
253182032
195224579
79409723
131504604
16183105
56636815
71935016
78022031
142658186
51988252
96468861
1514809
164456712
653293
173835918
141665415
121241836
20074328
98182235
53972050
57696042
136589088
150205201
48317881
163577969
199931610
192545647
207934370
52145823
152094793
192669803
5893977
167449437
15617277
130775963
49644567
84168866
137938029
201121651
124272355
184429333
149775815
84890985
199532309
137572894
235494028
49646590
84637409
206235253
204710623
124272621
33111584
45597786
20836435
113289768
154186102
109018415
631964
29289793
1601729
124390633
201431005
54755378
10769632
169844791
59287846
41228337
149685490
169843983
181656960
205614060
205611107
253189149
225918457
152096190
204402606
152094656
1058922
54388298
144590351
16764336
115255577
198792670
169128536
112757726
7989556
262744972
9665268
56435821
98284715
35226544
22285282
39212958
136376492
193128544
150725926
173997848
35716585
189557311
251502527
175146933
262789640
43822649
12328223
36364804
14770198
162979447
217624538
204318266
202878047
126075873
72668318
248522921
159732648
189474494
171153179
11958820
24468918
12084514
35178117
5486425
169842746
59084500
115092820
101826456
11418278
160186295
101001045
159298293
155356650
15205728
196161501
109267645
187618852
11337627
126075846
135282803
34925495
249874826
17604430
55310135
241983327
49031038
39219106
169128610
204428555
16644680
53896544
199021870
190337036
192339690
47140321
226923101
48027809
111553939
169771331
2749263
35271612
116033295
192017104
129956242
178601082
958638
124272333
108907952
77123811
134858603
508734
43854376
3840459
75538929
209305100
2626801
243094657
216274675
45541023
100067262
181502165
36978231
147084460
79240012
109489537
53013186
148634091
14328004
54787016
1043026
52675452
51071249
196286099
16075791
15779065
146204529
5448887
203505260
175148670
86031922
196292433
134780128
63161891
54929905
201431099
1042708
48277714
17989875
59337591
204444993
162971931
208432569
1514819
72457058
10863629
107428139
36995921
65465705
57118307
44105307
24805271
60183421
3103429
73599290
486568
126022573
75658766
159809723
143618167
204986836
45685671
9820908
146965759
174600225
18009908
110580181
40351031
109245916
110360575
13797443
98924674
197164997
186276712
16100326
120357631
76900892
72187066
194454734
3103485
197663775
6139579
74177875
144471624
191814269
125341076
205576907
205046609
137572948
3910487
191429716
73796774
205955776
214745571
177350737
15980207
247333298
73406283
15779060
73808866
137925058
124390766
199751683
189463011
176549111
12478887
169128456
77013473
92387374
155090995
203317459
188848709
177141822
4986175
139723943
173997835
49559490
205606172
139723370
208270501
75987676
958618
35933597
56108183
189659190
486648
188695364
188043659
122901510
200854065
26299383
54616002
262895895
165221911
31494530
186636189
2401667
21760234
185057861
47887162
732955
197663687
191912029
204064467
75488500
52629185
199250973
56170177
230252684
1041834
66105616
183736539
74662109
121040351
145396858
199896961
120311454
217185121
190519566
189557668
199515544
5473017
99445352
194491113
54384779
262982508
197645241
16749502
2749341
22609986
108326388
184781818
102038465
162227240
174892736
4984899
2591393
121040277
97619658
114738534
14913680
16107424
54622964
169842269
145533544
181780137
174113069
152096145
206084508
54140722
184897352
98275962
203401575
192210012
139706623
135541008
192210061
183726163
186654431
177295534
163281546
37000173
138465631
38549639
75361318
35240540
45334438
205046699
206249516
34350883
599039
141336068
188270729
33845517
15779490
185696232
184618757
249798306
15944317
168105847
193737941
249861851
202619030
212470899
173760713
176098213
159251230
13885353
166765129
6418909
166080250
242188548
225911320
129916830
198672645
172683863
42690545
74599867
73517932
121102946
3140935
148816082
73517693
225385657
196005369
114128249
94706084
190854947
205610709
52047084
23215403
43934093
16076815
207830315
38087256
40640471
63175606
169842201
67892783
199223964
125505950
37677189
77655802
178588104
184880949
24742827
152096532
142572595
48891195
38211440
94982584
186370226
174113080
174111924
174071979
198865416
108908052
176009327
139420694
157973979
86114933
208677740
202245254
3103427
152095441
141235879
48245038
257775647
120311398
254859326
82074112
125729587
51988132
125140861
165643857
96383973
209898294
20207841
82074107
110361024
16675012
262787489
211958635
25145727
1534467
69466154
8022520
694885
197647087
565444
118939385
6490785
52090883
155222190
198122436
14567296
15974153
117676655
165988077
122901488
205539586
15836817
19908696
195479755
15971978
21536840
134274410
7989811
35226213
189642852
63504557
16546785
167435242
48274897
59132230
195663400
195797457
169128564
191429707
164796004
171146437
210137169
155217916
24922794
3490673
205573770
510954
259478447
145836027
247955856
200727843
178465526
171448495
176645347
135282940
126022469
251929905
209274541
189686301
241781729
174515553
242010215
247681792
13377025
109267625
78615564
86992960
135626575
10683378
5893969
997085
68591358
3140837
20202283
19928525
5535415
51419444
183035593
13377033
131004907
247344083
204318558
132819645
204444135
198523691
165025439
142667303
172565232
184449776
67620092
247334957
262054132
4952125
2042813
20771430
8708026
13077025
16182952
17897961
19445501
52779572
96735216
43852315
35291536
51285962
195913096
208415472
152094959
48446424
252682597
36448601
149423156
21463584
75580640
140538064
13736135
146553289
174111792
173997805
249670421
186676255
7635118
101586111
52870999
58984647
58796770
154614721
137572946
95991906
186646648
125729572
98571750
171063146
26314202
172673705
172671005
16437475
1058926
51441976
3326933
113330175
96311686
694886
188040872
194063500
107975641
35189808
6418877
1514815
16558196
16386817
26479951
203211128
165674920
102647758
113888913
115888281
109017091
69928003
253358311
10002464
116915409
198418956
127430250
206617008
59358589
135282804
56433650
39233767
226095990
242449657
68793571
130772493
6418997
507131
57668058
23898701
152094880
172935365
6497419
32685935
119446128
104020338
245773045
150550115
111874342
199549838
129666591
248682482
222666265
203384315
152096421
157449337
192206662
53923644
69927639
43352383
58936330
146214678
3103479
169842521
11189546
15062440
204400812
130015494
131194770
204401592
262796323
192245625
253311102
29358683
55586844
170523588
262700192
72674512
110845967
74172755
43335299
16861784
198648773
229696451
103109781
118671206
198791388
956607
156189817
3840455
127444704
100930168
177198299
2626803
15623925
262817694
257916455
131504616
147207192
180904105
19701557
54929903
96449236
32049080
54363928
89473563
49004814
207356918
133674703
20914894
72647085
26281520
26708699
14328002
76134293
39335881
58600711
71987761
176815774
3103499
56877166
59090748
74211615
203821507
77910496
5893967
13762623
716145
73290554
137458404
134647701
57243893
54622968
98275907
47885508
54627400
204658924
191143471
54675056
180325872
192210042
114103609
98938823
185977070
186756483
226354434
76407762
18702750
152095414
147836384
80050380
82994819
142624189
495257
120311538
174248199
170959814
221272135
141772304
160295050
118946378
205009606
125729556
152096026
203960672
124272379
110995984
247972395
188147033
59620404
1042594
206253192
45382986
51988149
42629920
21945975
73204579
67227372
57215630
48810697
552023
10082195
152094786
48959029
105657428
72744285
68251476
380280
75571616
67858649
124390666
2626751
208210308
16556474
53030908
199992201
22280986
35226775
174515952
17324192
17320378
88798031
188176234
217708645
257863210
167507247
200820006
35146727
715741
122901529
35227685
128261307
184764415
54806369
179406895
262877222
198082372
87892765
52037041
32049058
56116691
138932703
51544353
12120242
54901447
41391180
33606813
56115151
2749343
194063489
69188154
20074346
5535463
205728349
135282827
63122545
102837433
197655148
19397339
15835195
15784616
205539610
63544161
132819394
59527744
146652316
205539575
16386348
35147976
15627900
34360201
52092747
35226646
35139202
35177899
48532651
195815326
150148914
204873639
138930305
178228752
195792299
159786716
159912189
26299379
75570904
14769764
124272339
247344528
150148884
247345016
147057937
176645356
252819483
176645346
10126934
242200601
116452629
193737943
128633716
20838846
77662944
86410815
205611412
11674768
25188559
42425437
57980811
68242843
178320938
24548488
201035364
185226567
129348878
106892650
41485343
152095680
152095990
174113053
206053314
43196538
74846794
73114060
34391219
92486926
7642563
214594784
113758359
86038424
152095297
165674988
114434208
25190207
110999853
179718677
169749430
183555248
136855367
221748367
8098636
207555041
171451299
114738654
186314015
166530451
15402593
76263298
869112
212324031
229800549
53988490
52281542
126078765
16379003
185340437
198824335
184828125
207476095
181120027
106990557
39778795
217729267
31632717
126022544
13068401
96313560
32440745
118895517
153859363
66105103
55351449
152096566
152094743
129969904
190855001
24823336
92020122
149775811
195192490
23224078
186636915
57214844
139706724
172813117
129385514
55124129
175148749
252612363
196283029
174514512
69442475
75432099
198187453
172906066
201566198
205069705
653262
4665315
59494129
37570093
132899339
262972815
869154
194063466
26184275
124272464
176573722
162227230
120461382
85373346
16538792
164992660
202276848
249273891
22603452
170521900
203925784
158775236
205863253
164813485
117676719
173540504
179105013
201058920
14452973
58503971
241829304
52672423
126022460
126022478
51498887
174113133
101270726
14171432
114579068
119238362
87730492
101270664
10046696
73784845
37804582
207710611
193128557
198307691
48875905
73643257
155356587
155974538
172939775
120311776
197827362
71896768
131194860
5472919
41356751
192245635
74684502
386231
635470
152096334
68221528
41351338
70777498
124272195
179218693
205046719
72687348
188147098
124272032
56201162
183725506
3342991
4930769
72685336
217764820
1042662
508729
69246583
21267719
56844305
7734224
147357246
14809405
252566005
199930557
1728021
149784724
149785823
11580521
154523006
262636273
198587093
134845524
170263726
96866036
74846966
183035604
136936826
202882676
177146038
28034710
149785398
177415508
35189244
229800575
193522923
196336782
16181054
19803550
171574315
176201653
202807510
176263549
262053952
248416672
75738622
13377029
76286746
199977178
127444452
56433273
205573723
178465516
164992845
24398498
21480855
124390572
151676631
247798984
457030
172574749
16384779
56987318
11337625
251999962
164939586
448875
118900193
715759
150936055
115240287
11239057
214656026
11348517
56247094
225172055
146762393
552078
7319657
50016385
241799220
116033906
33606810
180363452
59186859
159809233
251929741
25092865
3490415
210752209
3490267
67089667
52915612
169966691
54121824
1514787
2805811
106365363
204645833
115281628
39288565
16683817
205727225
52050804
194959064
90073353
206987594
45636147
49496192
172206419
36302186
68709237
1019312
51988144
213678179
206249652
181789172
32141513
32139852
187618871
159397277
44607621
159438160
61257845
96753190
74227795
222633073
112757727
75738312
16075879
241983399
74856012
120311692
114738560
124272400
17905013
14064535
128261320
110963121
142675160
33606841
35303462
42274566
131007534
216954828
19662100
208427543
15213464
11871573
14162835
1794699
39190604
127981433
186276672
128288199
139307713
179520641
54016385
96771659
13385014
253366575
5418775
165031507
180955071
11868807
39193260
121473761
24408456
73680317
142667286
25378385
197164988
152095979
49545472
51253736
51061877
212961002
109335278
116038546
75987703
132196376
173977922
51988139
144189749
188147126
202597136
115492157
54623518
134353171
49744917
204207693
193859883
86137824
174522767
48944354
19662105
54929901
203716170
96491758
96461783
230267111
11563996
2076817
108206584
185902274
127196233
174603998
160186281
105520556
98276053
192210051
94700867
130868245
70963478
3490395
196203065
82074106
12039779
52329997
14935728
257925316
13385010
13385016
147371886
135282809
167507867
35192773
134335301
35413455
72290947
84580258
13384998
153959675
3288343
185992956
76217051
29424490
176966444
51544968
76203789
195189125
72718904
36302184
36302179
253600796
66645369
188147210
57325719
35870857
4984391
716143
194063441
10677778
183521238
193516740
190556232
201843201
169553805
165999461
120452134
163028356
177145550
214594810
193513156
21462331
74548449
161488185
248789568
227495022
262970674
263570052
229701293
249857745
221225092
263055796
249497457
208430313
253312270
253275887
255464460
261798149
252174740
253395343
199133431
253307835
208129495
209301134
248683775
214500345
262830575
263084960
225195438
263067644
183488367
241983348
249201391
248432039
248742275
242482573
251583616
184415310
152096528
214089190
130841873
253187889
214155792
262689389
262705155
249389008
263057196
204435233
173997724
63916795
74534287
71655535
220672950
13385000
164502032
17974263
252906553
49214598
75828777
254148257
206953197
175728751
197828279
52416554
11843142
146642842
107938851
77913734
125729531
35413544
13385020
32369679
150148893
51730072
176443053
121040309
3288311
152096272
129381107
179520640
50366473
16684423
1008560
96310836
8001294
201843438
76205817
193526025
137596352
171121859
43172668
21460396
113063096
137018944
186276746
186276758
214592714
179520613
21481823
62790926
33804528
224738152
222695381
13385018
164512297
169966621
49037507
48541973
153960216
152529183
8947313
174106803
183579579
70430906
176291153
128130477
194025573
217500717
42267954
150212349
52330119
132818988
107443306
70088621
13326936
202385133
204400886
14970692
51088975
152095593
212558082
75521328
108324598
100067218
5472981
82074105
10367638
247984172
175830665
96378728
198735602
188147244
199121573
109537595
13385004
13385012
37738161
178228746
146965754
109202568
139706661
173997806
179520682
94704194
170523419
96777255
36828504
6490931
28250455
16719607
109034608
195661560
176443048
50736172
2042895
169919279
179953041
179406892
151676717
1514785
33116795
145672502
183251297
52274202
197670393
53990788
173998041
173997779
51136554
110999703
78012833
44623224
11347744
126515797
125729541
214785289
5118575
92456134
52330071
35737313
252906557
16666996
73878557
204207698
187618865
196344528
142667105
217182353
204433633
24468566
13385001
137677088
3140959
151424315
78027215
2749265
194958841
171651864
56721077
71211041
191081206
170959868
160793285
15952520
193128515
186626319
19420979
195202044
2749329
13385006
26299381
259537526
253272935
262671761
243249506
263070333
249208214
176694675
262453126
252920320
251380139
195949523
178320976
217612030
198584024
248073724
251548165
261798144
213858087
263569906
262053955
247798233
229800591
249091311
205816197
249942401
197670780
227414486
70832988
638896
491314
193715736
206908685
217332235
109664235
11302380
79609480
166765373
142422029
1534431
107547381
252185085
59169566
178573933
2738477
2581367
2576455
135291231
13414522
107219708
262803921
13415126
262801692
202204077
222381745
42605884
201525454
57486696
13411300
105511989
107075993
14540585
129737446
54417504
176098208
209906161
53923877
3928871
43180953
2576761
240151688
118536461
51034208
169128477
78496687
111510565
75140326
262806474
54417356
36580521
113712661
224176726
50222319
115935576
598981
249157807
12442329
152097306
242433550
21011524
67029122
42829049
190808412
170066624
19636986
483173
75626093
1913729
56876994
53924328
19689243
151676675
191321022
96994535
186191340
10130932
91773423
411941
10159085
174113863
252612242
58902320
225918674
262663491
214755205
58829084
70737098
4736491
190822922
225265283
169128466
138359361
185023974
152097308
182474448
8756585
997079
21265578
207313332
10018309
201412627
173835907
10190134
10795796
206135227
195107194
183531380
10795780
203231579
70689455
132883357
68337813
68332656
29569049
189696618
50699279
70664831
44099453
198732767
21381101
130735390
109267093
181097568
48631491
36280550
201796359
129296935
1021867
201796656
197422208
153027071
10795790
109224685
87616622
36680754
201099554
157538240
2579677
207273985
142667122
158009636
51966272
204429920
159809229
108808904
206252988
202885424
58824410
181775846
510971
1021869
152099969
158007366
42693971
9803068
72025076
173392857
76205561
164791034
158807737
86672951
51428264
877456
201768732
10795800
216511618
176906441
185440951
7264487
169966710
159259269
258496393
163026845
73237457
141835256
201437111
194040781
193565145
14769873
10795798
131504863
197670571
188139838
252912064
73189648
56092615
169844824
153860950
197725504
205225352
74448486
48329417
193723783
400337
45161660
25569840
253182284
75954788
128633348
84132568
118959953
168062967
84651499
227275757
192627614
53870450
242015337
177280797
173835983
24355487
9803081
21237606
199254289
81722090
250109675
202244501
110974566
96303830
139484409
42920203
73769174
7990981
121312260
173835985
162978730
42645382
58601282
96301640
75448164
185440936
196906538
142101544
67071480
35865421
5893973
126765244
178006620
152494814
4060189
147787266
76440093
106215613
174253415
151420585
53728915
105112888
217749551
244132677
2534177
105615750
249574150
152097275
422351
54417619
35327045
76021826
36357621
73193154
44336825
510974
116001219
151676610
217765854
877454
189317513
203506418
2570011
75522972
24855157
114738513
157117702
152347435
41257906
13397595
50686758
67029143
204339764
17908678
53389551
71677763
58470144
8360563
187385728
12528914
253486757
252912036
73357870
168069844
11457480
222288482
41199464
109421511
152097294
252396162
10774021
32990108
169199776
138422920
638564
204370968
182476688
204212300
55775267
7855324
144208513
109266382
68741926
196213016
173740069
105604366
194814138
184080287
52672256
38302401
205225526
203095293
248704446
115938263
118796447
50397729
71021362
244178040
109266279
96602164
4572117
262048989
58278504
48486508
162978702
106087767
68401987
7395867
3775475
13984821
185023881
101453079
54710987
50692265
174663138
249697102
90508427
184830539
73406379
73374192
159060852
73885827
21237612
3490559
58904630
113230393
176789364
111286198
139299902
61402656
55318191
66936067
142703867
169733357
80709972
141472630
131194824
217714370
108912919
172923124
31800797
37407485
688827
177350749
24235770
171574148
177145595
146641851
52283742
56928636
109267377
197072776
214512250
59208688
196854380
199943397
95334391
137466903
98875807
59209856
19734566
94936715
133832391
174113154
174114923
139179862
248947047
5473169
107783737
172954688
202340459
199993087
174222589
194063472
157198767
129918926
4058021
510952
73406373
203815478
24862113
159060851
159060845
226394996
10018320
98771498
145418078
176286365
109267118
248788556
25145718
157348077
196989105
197164966
159499814
111286221
207891556
57770455
113840979
56836505
58411037
81602849
157199987
141489544
11370582
152055390
3041841
174428645
204667838
108912917
69749688
140919068
132899395
181502948
49212439
48877250
128922345
155884829
25560441
155884840
17605040
12084564
8755206
195277104
5893975
9803054
212478610
51428488
76411148
57208494
108175211
192209992
252612364
170024982
71058777
226141988
173393198
26060379
3041831
56968469
74279393
973630
177350735
8091019
188422822
191287305
262887090
51983159
36842845
17539204
21012264
71000521
73406315
120311832
593955
73239461
98928955
62762061
139303619
11189586
183488726
32307743
72825619
107618440
48656191
56511951
72823911
230043238
3041835
67649538
115495503
194810797
177350723
188543875
26016412
76753658
120452619
176125932
204428569
899857
14770177
159060849
3775469
164980547
262892488
159060261
209302386
206251757
242108134
74342194
194809057
249304800
2869339
193530190
4484183
31714496
170074644
192210008
31253421
191475577
118960001
71356336
161532774
72874838
15380602
20273653
68399315
101270670
16047549
171670590
44345958
148312913
17538624
207357126
31800706
10018316
53609017
7222087
10164574
195797458
158807772
249796071
199518455
159058107
185501882
242180088
2701441
248762008
74160726
171091366
241094665
101270663
74443763
77156356
137458414
152094267
126478812
124275568
204403049
20074467
118900235
11371145
4736503
182984047
112757767
170075818
33237751
159058136
29355009
243300544
10795802
1819009
54417606
58203685
72820631
196854404
195127195
3747419
172581946
75636995
217727038
205573713
149677697
199542728
152097285
44335116
203231360
206672826
169128883
68594151
140957087
61406253
116906730
214594789
173997793
173997697
76184736
70832901
252024685
108912920
104099461
25476201
181456458
153946063
7952758
193723734
152097281
26493930
155224551
4055207
262915185
171574234
185501917
91568691
76539409
19695322
114459204
76208629
73717147
253364078
252024706
134019888
185440949
181147989
565445
217520436
67443614
203178050
169841933
174114410
2749339
50691771
86830927
117267406
115495500
188541759
101638694
155933301
51982742
171439167
162978673
166765447
162978728
229701198
151676744
111371883
248887887
46203048
21237623
177533180
217547388
67444328
71058189
62759808
688820
120311548
95988839
14157069
160186312
20074457
186677666
11897088
185992610
11189584
201226093
174113799
160217643
77125090
125341068
152056336
185440953
208270448
74342733
59414173
194372823
225913549
205767905
106628034
54041836
20932094
70722014
262973079
177564186
138463734
57702474
213852001
188147197
154526361
196145711
128633142
50204246
33499944
262053958
262053950
115245426
73406375
73834817
129917201
167011684
248912623
2581293
151489280
192545401
129503014
523127
196157752
252861955
262974390
53869717
145626946
127598568
205727639
124272357
186676153
70601638
7642564
35575676
197164981
48647882
193007069
144741621
149775809
174111930
110867558
197536576
77042184
174224233
218748310
76206006
205987034
247679733
17538628
124272331
199048768
35514211
133265860
111822481
111286714
160186304
160186320
175148770
174114268
199619376
203959845
152056165
72945526
5473153
203958134
107783796
196803226
124272522
60880204
41669150
15427329
84698097
187398799
188419021
151491563
26491447
179554906
161238060
193723582
205573732
169128540
73360858
181502889
173835999
176645358
200762063
155390397
167434438
73406273
193714688
174600037
200762242
12084562
49206362
157540314
113462300
58367136
195193690
15067124
115677920
35293272
72457777
110251774
43190822
92347536
115680378
35327369
199104800
212559273
64988002
214940608
133544562
77149279
173983708
23898818
171091127
154174952
76158811
156233004
203762092
2541953
196855059
2749267
3608357
176537225
42430752
79893181
15213689
26664993
16034683
12425458
16061343
2563983
196453014
12428322
12423426
197164635
59224377
188147198
58292295
195316902
185523152
8311918
103687857
205539677
129917237
87679680
155222459
128261375
457034
171624364
176098215
151676608
250521223
12377859
53110498
244317033
444854
193525183
252912173
244133708
185940709
7597312
185448124
119988579
16061219
197164985
74846964
25035485
52052168
4055087
104902351
14302035
149479225
4273119
72824633
139079597
4484287
177892007
248683604
243324546
58230275
700793
192210084
111287442
152097509
140898760
109492453
174113734
168317621
174111816
174114437
14717948
74178935
55320152
215024651
54570449
72457767
188146873
55345248
197529971
194063486
194063515
183466156
82553325
164267119
155389729
31411831
112757736
115225199
161237797
161238229
155879645
69517861
129521226
158755935
76065614
178559996
179104992
205957522
193523280
42928087
128633051
249200316
129916825
241883102
179792710
47187485
121954483
186276798
185845700
191077472
120311472
138361539
39034699
159646321
170528050
129699398
95008581
169844714
186558932
17538614
196854441
197529848
115495473
73229888
108140612
196856019
126525186
183910449
144710062
60227538
10795782
149679248
58318786
155833129
23809356
262053951
196855617
129916782
184056001
66903150
193717656
159060259
159060846
196157758
195662895
161238158
195202047
241685776
166765136
52105009
51571348
201057370
160534795
227662486
126022465
207706000
523126
58408333
36772943
25081180
180923449
244290150
247656430
35577530
200679327
196990679
56875402
158010710
118960169
139075285
193900088
15166084
134020972
625305
222687450
208408825
195894687
26330013
190336985
190251617
212580135
19516989
60197494
252183374
102091123
46981736
149410184
129916750
12432599
208125486
195569277
36357076
262053966
53645356
177628164
155217158
7990908
52089153
196855460
92566177
262054007
169933476
170523435
24235772
161238251
208621326
151676673
133867538
16076103
73406383
4402999
2563693
97545712
225269822
225919082
199263202
247437338
111287294
252612336
199494382
258752549
252786393
222683821
252991784
262803018
230018926
257735913
185897343
252158856
196855566
263051132
262881605
217729250
252561444
244170172
247705576
248904521
212556540
202384651
197657092
201384413
213720346
203966452
253766907
263058823
262803205
263119121
225172042
259542837
212580133
173350444
262054003
262053967
76105679
229701202
263047342
252631940
174527492
225936680
227147814
252612378
251395782
262972325
263119595
252193892
252186709
194063518
198301177
249738474
262053946
262885881
244167380
241821884
263391617
212601198
30692042
129539186
173997936
153608242
162399481
90341570
168317778
129916765
202434473
109535763
135032094
213963851
210155190
169324370
30692570
35239923
120311851
174400110
140141103
109958526
167954147
185544375
174067072
196849250
173997739
179520601
136997305
137009222
150169864
195510720
154524922
191689220
114194520
118275002
171793820
194103759
7349855
173997883
179520644
115015524
12084572
121208036
2542287
121791036
114073802
179520659
145626731
120311638
124272389
198721765
190753121
177350725
200680408
120311642
159393476
188189093
196538218
103534217
109540671
193645834
185750651
110721362
145977639
130330998
22891724
134919310
107351916
120311599
203910390
124272579
258844259
135314914
127444683
201091096
167955396
185435417
35246303
192015838
138425905
19728916
111695333
105614522
205863257
127444671
201045933
165041692
205311925
185516994
204209776
135607576
12084492
109128377
195104226
14080900
214089186
208621329
247719175
190232784
181218226
171104261
205926500
209909278
90685857
192206650
198739538
197827524
151519624
192210015
248519333
124272010
124272583
191592000
263024769
126022458
135282812
135282795
261968820
242432188
159602627
225956895
151506177
191219583
117251350
199705916
14085401
174515082
190302003
653257
173997841
169499365
204562936
125379958
159786745
169310819
130173473
183525753
114186195
186861238
168271039
201872661
217338469
114091711
124555155
179592453
193007086
173997766
173997991
190337175
124272026
200840460
128261301
117537984
175193486
180236615
246857070
200853123
12084482
213715790
119933002
214505412
148814551
2574633
106566886
107790245
159895350
87600891
137006449
208226501
14080570
185717469
183050826
103511363
126022421
201047347
246857062
165017177
262072358
121040316
68802463
146918587
198728228
176185534
189182086
62725894
150996949
148009561
173691382
129770950
262908055
205478142
198518670
53585471
247261584
242453062
177307937
246857068
201048277
201794626
193007085
2544167
90235782
165911121
146034231
209408085
161266496
220741858
164797907
147652396
248215260
147891758
217103092
147892310
209408343
195940874
204430950
208188840
159695628
111445338
152410154
209408022
205113151
204430961
53501714
247411979
98562263
210955927
147631466
209351446
215217896
199144320
139987849
186209617
147634213
212252374
137253697
212251398
209408243
147891749
209908243
147891262
147891245
209407916
205162964
183034117
147891399
167272665
143909924
142872692
207749479
144694129
253056715
208616926
147891328
34502623
139263948
200985519
212252392
143909741
147654579
147891636
181221107
209378834
147891965
154414965
189557998
143909475
178325182
150252444
115896964
147891761
142384699
175434508
208616703
68986209
160402726
147892130
147891643
143909464
209907427
143909896
137253592
212252129
203937524
115012466
227009558
203999095
110378685
207795326
147891264
208616603
209408189
149653669
162777944
198799872
143378676
143909877
212252394
162173425
115896985
114572578
155773616
138383707
212251150
155347449
209407952
147892281
157405747
143378599
153469698
210757803
212251573
170867409
137253893
210955795
155773101
198414761
179719620
215129611
192938075
209407981
212251794
185754851
147891669
185878295
170460936
168213990
212479761
206781406
207808201
215198031
248221748
214619222
116470283
209408107
143886774
212251553
212944238
173383674
212252157
252130238
150252775
186588639
175150262
143909718
209396625
181687238
209351194
212252067
206320253
205423367
192259825
226562217
155774892
227195787
143378569
137253760
138383537
207272716
227014171
155773430
214658899
212251443
2576865
2569909
153815881
2501329
151425715
165046948
213497345
212561073
249302212
262687062
217163202
262979686
262696579
263404071
252854188
246857099
248185745
253298126
247678771
260646149
262527269
251462805
209411327
262915075
263031002
246857060
249237419
252559328
196562473
249029800
249953340
249780029
248683480
263062106
262787547
249200331
247655606
249200319
252559262
262907266
198582975
207662759
205576855
253306142
125536648
249664538
225956348
253313383
225195349
192206654
251267376
249791096
262908158
263061691
262979546
208217977
263563734
262907346
249199724
262515908
263048807
210445230
200970098
225208450
253360757
262795775
262971475
263271979
247657261
247707093
246857101
114188371
248994457
249000342
212561145
212560629
169842539
212560688
253304401
240749240
253303524
225209167
262648688
263061949
249200351
201039444
252559339
217764015
262907456
206984814
208410039
143326519
206987449
206147606
209408359
209408311
147891417
188834257
203999080
210761027
212252059
207807453
140503664
176909125
203982877
205113157
194116785
239150380
199078519
199144614
186292197
193532236
208526911
212211925
146034004
215738858
162149663
143909837
209351319
162174200
209351355
209908633
145395550
90235931
193531183
155774466
209408298
191716728
147011186
201300746
209351206
144180327
248503198
193763283
147947612
214656013
205298840
150251405
212251743
195334717
248221644
140320894
214670989
162173906
153535532
199118683
209408030
111444951
137253903
239142056
196770039
166563197
208748014
217103081
138386784
176508941
133226100
246163804
209408068
16537657
214655060
143378512
209351081
209408106
208617666
212251867
177525517
209408239
155773857
147891313
212251171
143378582
157043813
212251863
143378671
209351751
209351079
137676758
192259518
249173735
215129265
152189334
215129312
143378425
212251723
214909659
212251357
209408173
142872697
208905909
209407950
143378636
128869328
211304013
155773360
212251807
209351346
143378452
143909466
219461989
214605783
206987103
147891432
166135312
155773007
207285065
216460680
189337142
212479745
209408360
214910446
150247753
212251654
162834811
214815650
208617012
248654201
137253853
212251845
209408004
199727113
248215005
209906577
114572662
206147612
209351098
202334417
143378490
214692068
214619564
207256868
204083559
147891249
210132074
215187558
155774140
155340383
177526060
143378643
105117625
143909749
212251999
136087097
147652941
142469246
215129353
176711333
173289064
203506299
222399130
249531476
161236262
141961535
138384000
262346337
113109115
186676214
209908007
214619314
206781402
143378552
251578051
108220448
193530690
180996341
242483977
215129550
212357653
212252347
202764507
139142157
212251678
191006008
192585203
202338617
212251620
193531311
208785200
192260133
208617579
137253509
149359024
174215123
209407942
143909832
197923075
206835104
201296598
208617791
140520488
143378689
215129439
251772966
143591664
140520802
140520543
158076919
157044133
143378716
166457735
193532427
143909891
208675943
193060677
108632701
214132993
137253510
199551838
215129295
137560026
215129445
137253540
204213348
215129477
215129541
162173549
209408108
140320916
143378607
209407831
212479704
253124487
162173657
214593738
210071941
212252302
212252170
198057080
200846874
170944528
206713368
206861087
250088914
187642694
115896476
116906633
213691501
212251927
162173979
209408150
212251586
209351660
209350994
209408172
193532130
214931006
147891744
209408270
114572534
204771157
212251983
207749488
114572435
206832805
147891242
209408185
143909760
158184262
206553948
209907382
140520461
176250888
212251981
203984641
252291440
146971076
198817566
209408241
215129534
226514950
225120988
261813162
204264339
140520907
178338890
193532584
214927998
209408368
155347631
214661770
212251459
193770026
193530914
193531138
147891469
162173635
209351434
247705876
249259366
147891984
140520879
139263860
147630759
149785831
150250336
208617625
209351501
150248968
151536207
144207789
217170011
181980475
215196845
209351737
193530878
209407836
214667931
212252314
175150254
155774117
209908980
249531756
183540278
7219945
208213254
215129516
215129397
214661661
199144529
249799443
207397535
194116527
135299069
206147748
162173484
134507418
150314896
171437411
141980689
209351560
208617068
95892468
209407817
193530990
193531181
140520471
153530892
209604799
193532832
170745959
193531048
155346932
143909967
203963375
208527048
138386564
210758805
207281745
204437685
215129627
191005978
183291133
147854179
215129495
133105533
201610324
215075270
174610005
198642774
214920044
209351343
181752598
150251986
147891751
209351445
209908219
193532544
195338625
142174354
209408016
149654144
150251511
147949082
147891983
193530924
209350847
137253492
141972329
205427777
143378434
143378515
147891604
147891201
225249714
162173374
209908281
249928708
150247666
145757412
117284249
212251852
207777434
206987457
214815448
187951032
169366291
208629582
205829661
208217423
146493443
194116598
141789395
190232795
217321182
215129641
220741802
209408001
206908534
143909782
172022046
193532558
155773475
209906985
212251240
212252294
195863034
241903924
212252206
137010852
209408000
147891321
191296650
212251228
113109028
241902722
150253793
147891859
155773185
209351409
116470480
120516302
180580819
217322897
143909618
162173617
155347876
181807788
143378656
150249930
214948730
209351450
115896863
214618052
150253487
140569544
193530727
114572838
155774196
214948817
189936560
214815842
212252287
209351373
205828269
209906935
155347146
206837120
197107231
212211917
138822387
213855067
206984985
137253513
207271258
203998915
115946270
149338294
199264196
93372686
186286404
209908416
165929530
209408363
137253539
175150211
202855183
169595191
208418094
204318716
205539631
253890085
225289378
143378652
225289380
207167778
142061901
212251725
205829900
203247602
138382907
209351569
171746909
207289508
215129592
138386542
243245471
209350987
251184175
207750834
201610378
206837382
209377538
215129358
209908138
83743675
206290837
206291418
140520887
144599549
212252202
143378462
212251163
151536057
209906368
222723291
215183758
206135259
214908570
143378536
147815288
206291134
213560025
213559675
212251277
155773917
193531970
162173879
237819237
175150267
136699272
217568590
208658112
143694329
209350985
148700648
192260201
171519300
150252310
169576607
221405856
143909592
155199326
209407948
253443755
136996472
250110506
167607812
204668547
208416924
110988620
215182638
165712803
161010692
147891627
219160912
199144519
212251341
216900279
165913919
179748286
162173726
193531148
158887735
143378487
209408253
214816937
217516047
212251887
115482914
214617862
209408235
212252335
150250478
189936448
193531806
150251226
166451379
201967973
171185918
143378486
209351847
220742492
208661970
147891609
208662928
189529314
155773159
146494041
120465280
202784251
208214296
204318264
99672311
215129469
7351929
215193475
193568681
177783629
143862726
215129303
150247835
143910005
155347494
212252274
209907206
147891822
155773894
143910073
150250817
193531430
162173651
171436885
214912477
155772981
214619223
209351014
212251504
249614719
191428245
143095499
208416458
186243998
203144126
202784158
174219595
215217292
142062792
212211891
209350980
155773847
212251503
212252426
206304538
155346778
157405989
140568985
207749478
155773856
170452762
215187305
209351173
134819862
214915251
147891959
177526038
214692301
115896834
168060843
155347672
210151499
207268453
207194970
212479746
134293264
184415736
205539623
225289381
247063195
142872725
172411588
143909866
209908309
162173631
108807501
155774893
143910043
140520811
212251327
214667554
209351386
217103190
137253501
209408170
155773428
215187556
209351388
212251509
147892274
209408099
215874261
170838281
204430928
113483455
225215433
202431518
217775128
205743884
209408317
205115266
204318695
142872855
209907717
209351538
176144352
214948861
205116826
137253643
215217926
140569600
177527620
147891331
140321029
212252173
214619614
210758473
205306466
215129256
209407840
25719507
143909617
102006931
193530746
147891752
214690310
158079013
209351604
209351529
162173784
209351149
179135807
198539076
204429541
143910116
210942672
150785528
212479743
198119359
171464578
193702485
166458153
209908298
193532701
215129377
212251599
150253645
115699885
206987459
140520850
214672829
143470971
143469149
155774040
188767375
215151204
147891644
209408159
205829906
138386887
248772432
175150266
143787170
209408135
114572377
143378604
209408124
220668484
155774135
147891244
212251399
209407864
215129375
212251375
143470931
212252367
13287259
214658704
143378545
208417716
212251330
197104744
172412065
214603487
248654361
214660899
109602252
114572393
92229642
214919796
209408381
116106166
155346933
175150271
206781415
147854061
253124482
192259317
181170415
138386340
155199239
143378420
206914169
203960964
186239313
115948518
215197426
181223372
221702872
197098402
215129487
225114432
248215095
98862530
134293325
140132041
209908371
147633470
214863248
177527685
147891882
209351451
212251244
209908200
206837131
114572500
199630228
115896675
212252189
193531673
150252362
216935800
193531535
193531413
147946647
209909019
217131759
206833528
209350858
193530673
209408028
215196949
140520403
155249333
212251511
209351160
208617168
176448979
193532275
209351292
147633204
176502359
143378433
193530858
148803823
173541837
155773643
212252086
194860458
209351696
142872686
209407905
187329267
190982621
209407858
193531770
116906819
150251832
143378385
212251334
140320925
215197552
209351390
203435858
209351727
214920501
167272682
183683072
143378395
193531277
159737470
162037084
183034132
215197421
217168807
115897302
143612979
209351334
147652294
212251829
155773405
140520456
171591595
222347660
177432752
186243941
193531352
147638959
209907499
116775674
114572729
197623171
186745070
157405242
157405630
197782510
205297523
144477887
140520648
212251487
209908533
155773462
171166147
212252257
191006261
205829904
143378603
212251182
140520544
193531572
93747154
212251431
209408251
206837561
125614254
184903280
215723322
215183756
181170477
195739809
212252105
147891229
150253582
171104611
193530666
150248293
169499553
155773815
212251149
168217884
155773094
193530935
183034241
212252183
116106167
130266529
215119315
173665578
116106156
155774263
206553980
212251533
199144595
141972177
155773625
181699002
155150147
193532815
116906610
209907176
147947640
192688310
205828277
208526490
168161713
177018116
212251749
167513086
207876075
213855102
260807619
260807322
203999042
184415090
192033206
204640257
138383011
165015382
138383459
215129593
144909526
209907624
209907267
201614861
144200273
208418121
155155155
196338690
177203947
202855165
202855164
202784240
215129617
262830165
254186647
134293418
170924193
208076418
160997455
216945996
204318542
205743977
176212991
205539667
204318541
205539604
248546348
217720363
215129479
213688991
225289384
194107645
215129351
215129650
129916660
193530697
143378530
193530702
143378632
147891743
193532447
155773634
176813316
147642195
214915930
171808819
214690375
209158043
201112711
153528233
208748025
155773019
142872694
144462816
143378361
155773427
150248692
191006172
116906714
209350967
209133517
167941034
217570459
155782336
159858167
193531657
195341463
143378730
150253801
155774114
203890072
193531176
143378518
155347581
195946231
139298785
95328480
115896951
169201180
147892012
248654187
215119378
215118337
247295608
206306572
209350944
207749484
133431786
212252046
137012321
215187145
167600965
143909951
193647574
193531047
188846969
204336961
142872689
209408199
147891580
193532818
217482353
147654458
155347425
147891653
214619055
194454729
165965661
209133652
209351703
140520875
155773031
142872838
189643240
155773874
114572492
206836526
193532660
143378500
191915303
147854359
168550515
207239894
191767746
200520334
248113986
143695278
143470178
155347198
113642074
115897177
253121126
191006083
143378596
143694440
155773862
166389155
214868808
215101129
247294855
155347325
171151929
193532732
171821742
192259408
155773381
203435870
214813283
124276048
138382775
206553941
214615521
115149818
140321012
207395681
253165200
207997494
155347076
260808372
170177929
209908058
115949450
155340425
150719028
150719024
117067306
251382290
146491915
181220103
214691101
193884661
132206925
202784229
204049817
222655805
200935495
212251602
205743906
208410065
194454320
141792974
248428843
160561901
203983133
235344119
214671222
209408105
162173297
204064755
150248592
143378581
214761038
204064846
185760758
208379808
168550631
176127651
140568904
249176595
213854830
212251731
205828209
192938068
116470382
138384644
206836401
157102533
147891363
171591819
215129437
207255107
208071217
203998985
209350910
208617524
115946855
138382915
150718987
205828214
170918609
111445597
199144654
249961213
129416512
157062802
147946839
124273968
153500601
202431457
167897314
186209631
202855162
202784196
202784216
206147661
202784141
193531527
199144569
190232833
41820968
164065263
66635639
215129560
215129524
155000383
205539576
214692281
205744493
208410343
191955075
214503329
215129548
248885964
5532819
209907219
162442668
248683245
194860627
147947108
153529501
212251822
209907943
113109016
155774288
192291424
193532730
214936884
214931084
212251671
193531058
143909935
114572636
193531063
143378417
113109192
116776673
160875315
116106095
193531308
150253126
206464528
194116289
130060619
208617539
209907538
150252282
171185793
214604109
166010139
212251717
155253074
207749482
207749486
199592845
150250343
142872731
118997524
173908258
199683360
143378535
168539647
143378542
214919794
140520742
209408118
171654410
150253605
112717175
201112812
155773610
158078916
193532337
208662691
212252467
189553011
147891870
209407931
148634121
169651885
143909923
147891518
155774493
162173362
209408008
169341198
209351700
214752592
209906877
155773429
214659009
138897832
209350927
202883403
115897008
208527236
208526903
138386063
138384820
215129302
121087962
193765281
208062183
206987830
143378370
203960952
203960697
120513009
248221804
124274522
215129393
247657823
181218552
134506817
253124942
194860649
204673117
48936859
120461997
202724634
124208375
149774980
213860182
205769732
247449409
215129440
46582288
251633120
251532552
205539695
204318297
205539684
205539556
205539591
205539635
205539571
205743912
179725560
205539659
91129745
143378491
196728464
215129629
249857535
178559969
168896147
170868723
213653684
212920954
152564680
193532504
195342516
209906356
140332158
135314433
215129241
140292813
197723978
214908732
212251719
206837084
170730314
142872696
217169361
116906640
170752032
215129246
118880852
134355703
116106138
155773232
147624616
214948857
147948229
143378396
155774095
170154571
209350993
133713581
217728304
203435711
209351612
214593741
206319832
116106183
253280925
140320882
128325582
215129371
143910039
209377086
147891730
217170846
193531193
209351509
146870349
242877123
114572652
209408152
170858524
116777176
125614291
137011479
193530691
205511855
214866926
208747978
203462949
212251857
148634232
193531578
208617970
162384947
199144679
150248562
209906468
155773074
204076774
170728993
108808532
209908979
206832828
177526376
208617311
143378702
212251212
140520506
209407928
209407857
212251497
197607623
193532409
155773929
165779270
191006243
209351596
143378590
143378421
153530720
191006180
140520795
214655797
208617588
150253336
155346957
155347487
150247761
140520606
162149376
191815530
140520775
164060936
162036680
155774014
215129349
104610138
1953667
38084928
164559181
104269511
112717061
96716982
44664444
162838907
5761909
35243020
3151947
177545916
19607442
10101942
120516117
204680477
71666762
137004328
204941397
38162071
155567803
143381741
193716800
199011983
74384703
176821443
170740787
147671884
163868061
3651719
25008924
56742808
245766328
177687885
153501391
207794685
34817958
170742038
96716988
204443702
242483965
171865978
97705925
191571356
140503705
184467522
46629394
185806151
188474189
199167933
137114473
150857989
73477199
139151308
31612120
73892643
13469987
188428579
190232527
36573445
72904547
93743574
213469573
138826097
205396444
84598554
138561481
163024845
67253246
170641286
185917394
201967914
138825376
201967975
194965078
108122467
192687883
3651771
164542299
29185237
167489472
177448289
184497620
83751594
190232598
179014530
9839405
146620669
155762640
41683346
3655785
155278796
148695128
136008959
146381678
217327875
186741731
109850820
126521934
64975887
55472756
141131247
12638220
179583738
107073354
91517086
139299206
235737296
100898596
203146038
208499438
31612612
3151945
190299969
35251478
172843864
169128857
32392226
143889344
82129821
31612759
144296486
58806100
208285760
47272451
121087931
202414538
190106465
92901500
227511060
184334068
215918918
197410397
119927437
174381021
195979207
249112133
136823940
177190811
209908637
138931677
126527515
203021160
20698688
130399243
147272288
209907985
140321030
98863674
36752796
184760949
140100998
126517951
37545421
94936855
200875556
143467925
111287600
148965846
72039628
173640670
140320950
161241783
205408729
120514716
83608628
19763676
135057145
178268056
101361676
213428457
50364460
208527100
248766930
133875073
129916880
70635054
107884349
96594430
156659134
67215166
146493548
26221227
192276086
249650741
71141840
168120948
133038114
31974205
38208053
727006
122229378
184910100
45580137
120169177
208105693
205879027
178462962
116365304
106140356
214589673
124940268
195515040
202482100
190544041
14116315
119927534
36871682
204621370
162577575
173642196
144230341
196077083
38121483
130331629
197621781
198651067
128784454
199623722
14838805
119927574
38244377
134269533
199621975
141729654
173512363
209907331
66671686
140100883
94936936
54406631
16861800
70134103
249226876
212050243
153467945
119927286
26296470
119927393
195341259
174072708
174038117
212604284
129272343
74552993
119927313
199078350
163724592
82915112
153579775
91515789
170987376
47542945
86031746
205396437
182587667
172545659
119927454
184244525
195814560
121758241
149146224
42362390
193641009
107277778
38015885
243300912
52477545
150942436
160793141
125087259
112717212
199669052
126009265
202236119
36189250
116951984
3654543
34954563
195891795
242712670
93166879
126517718
241659550
124274101
185235526
48314361
177274981
20548260
111286999
3655787
209908290
248994408
1357543
147354794
34482622
109109225
122234695
3655801
104269505
172304357
189671864
47102874
171936193
21652972
70737711
119927312
148866300
3873799
97681195
96716986
76564092
36705440
146232045
71075341
148840135
198075396
38126307
62301680
98867352
49419524
177912821
171686480
74349541
37781705
117065060
160068280
221253110
201967818
37972012
214927446
57522084
111518
194040127
155189052
105671841
195862901
204439448
112717301
188835617
197782553
149128429
197618598
35775922
126533004
216460074
197674222
175998742
122148213
157256744
129916960
198050718
140503565
105671803
3655797
197665931
209907398
199078074
162577515
169683912
73994719
165028117
37810572
31715768
32408361
76564392
144463131
165689313
125658836
207722267
155762264
32189714
133874627
46260764
147868971
116799848
202236230
138010291
120169625
190232838
248546286
230815569
162838905
199078637
239827696
247599904
36792881
260827133
102908719
171858294
162383851
113046478
201967926
217178993
148717055
126234190
112717128
35413451
144230169
169372833
120169763
21417293
204807916
199078480
11449089
177429481
249998161
125687311
93747145
169272797
169194490
162515384
3151943
168790427
112717291
108999802
135812304
31612183
42618307
171554039
69898326
182558874
64338186
160665561
171887236
199078592
199078589
53515640
119927550
5952857
39978884
113123814
52714874
95682779
111857978
119927501
189633872
32525733
119927309
249650760
33407525
235737277
3654547
44123155
165691167
206466499
186268908
201968014
3655761
217478622
198508483
47538333
44571228
3654523
145703086
32341286
155346771
185854473
31612276
20261040
165677265
199078543
44568675
105087159
192623333
197140070
64979300
171187564
56636839
134560313
134293355
184497566
212469332
119927568
190232612
176677865
202558213
217324124
194414723
208618005
249570876
113124554
44334620
248978221
202329597
3654557
155347538
116638458
158815319
173642185
70933947
94584865
169384024
3651737
162247288
3651775
11557686
40742896
215122736
162044389
192259434
201610126
94998678
79191664
138382425
180382014
160215974
175459939
66779557
43071295
175998786
70770671
105796070
195544782
32528556
248546321
122283492
160693935
195271348
10768588
113109254
97705577
134312304
163848954
138823855
203092035
35613750
71659456
208069223
140320905
179400547
143326445
3651777
175873617
122872431
175857602
129727122
53708381
103057436
203222205
65026047
202860062
109850694
174625431
197592885
174055640
249783260
153687269
247341614
201983188
119927415
78282101
174423084
163549454
11516371
225385164
3654551
217148679
129568776
109853739
186741284
111621424
152883643
65076833
727008
185646911
10045243
8076346
77758949
97842240
147671898
193894217
10650780
36306669
98867348
195443834
38357676
260682155
184281730
198823103
199629140
43130369
185035001
10607903
184857490
37086046
168532074
138385315
31612187
176235021
121980454
21367540
249026344
130332388
222682161
175432493
175161665
202558488
77042037
214656772
96716924
647740
54616772
177197018
162372165
119927255
49249464
113109089
151223080
162199196
201967993
193234625
197618839
189144335
191808972
190232831
199078606
46542034
119927546
83607409
116619920
91516154
120265987
119927354
175173285
175998745
184497487
64272216
89053896
36767996
249260738
174162760
727003
75363891
140520673
176219891
203086552
184508013
3151941
111286189
204765485
125744329
27191514
119927453
188429656
115880155
174397501
165047541
96659995
72683948
109850525
240051051
253395732
199631146
214777828
153391114
199078452
442516
103555545
173291087
164538349
51376347
58330940
36374982
86145960
3654545
77557422
168867458
215126083
73919012
115222798
119927427
152862178
3651763
173151027
3151951
116365432
15932202
195863113
155347452
131166344
142802177
91516163
216124905
96716974
97836386
3654507
147671826
201968040
113109071
71355519
109628096
170312744
187201851
148076760
116906698
108808558
112717213
31612822
38658967
113109442
169356868
207923599
97347835
89052571
73522814
146621636
136873924
85623727
242872041
202645999
214169171
73549616
195946961
152420933
202062529
108067708
155347383
38444241
179547502
146492157
38578249
170956420
13728535
35582105
53616015
212249938
129272333
195973307
122292221
197580780
152619108
152044833
74981091
114274546
198795075
111298305
109851025
129272377
129272385
135057089
125087298
135057193
96658966
108808028
138905133
164074445
209907345
124940611
155143176
151223006
143887214
214655669
96355876
60690807
209906599
64998498
186273884
164946258
35674343
98869300
84871815
49943468
173808753
51374845
199078317
199141582
248676315
198800467
129412447
172321703
130436759
147671913
35731729
116365433
103776238
31612691
96594450
142392065
112717347
144462209
170772039
149709946
129625416
169452569
3651769
217536197
86147980
150857577
109804416
144181055
66546602
146620932
193932393
129736025
155347492
212316318
42225788
217085145
190232634
47272979
215851866
144462653
197377002
193777310
205288112
727013
3859437
91517171
144180838
91419006
171859169
217515619
116906759
111286116
215162028
74935676
155346734
155346732
74677260
147671919
81454272
31612693
89867299
133831250
138900162
186558777
68481173
186265688
91516691
91516361
31612201
73325933
215738966
47868985
36301777
189787437
205378804
98863540
52280823
122363224
55716653
128792868
196801439
118093130
136108785
96716951
55634954
155352820
173157016
140503648
201967864
147671757
209906321
14081742
144230144
209908391
195748578
201967876
192193881
213999349
180724596
151223015
136108654
127586134
214508751
119633615
199078553
208526077
126897348
37802469
67183674
74532073
127462858
198510694
243037862
7964150
51830313
140990436
251058453
36647534
162130489
138989666
138381075
37479653
139911730
144973741
124273003
31612961
153987362
116379131
37128163
261812848
26340782
175998751
150718871
186454731
248982914
129614922
141096916
138904132
203863683
144469397
54348913
35242602
3651757
212499686
84598458
203222571
138822730
191420603
68002464
96310146
142392838
3651729
162583390
166334377
136850030
143888491
174319588
66671576
140320957
209909023
128791124
91517130
151222993
58177442
74386350
102909005
176436389
3655777
177527628
150997275
208074208
121088019
76566879
76352577
192906275
177767455
168280024
107076498
3654519
70771443
155440216
155347043
148006703
140569169
149145779
204877301
112717116
88203062
98865218
74559315
136875281
168779209
91515776
187854781
187852880
91516665
91516954
91516862
171567231
176729198
73474989
214882721
141972071
198651637
204309638
196801409
109179284
29875896
105937781
31918265
90865168
67111728
144198186
199895621
145092418
139078043
204892836
249400966
138935857
116379909
153987296
196427145
202379570
170507449
6931785
195922879
119927589
119927261
32525731
115819808
155808349
158213624
152022912
254139127
100067239
35231075
35415496
14318992
252040194
136350948
151223047
36300594
206244306
173803674
170754356
151223063
197032894
3655795
49943917
165911424
3655799
242656600
65069481
84623553
196183529
214617799
248911486
69440582
141836198
133928730
31612627
37286943
209908511
136008881
143887713
190109515
116638342
116639627
58614045
116906722
66422995
3651787
248063316
153401469
195894726
165779577
162200180
148695954
80098742
144330420
37507098
118334120
126533037
81365713
148986681
31820240
90924847
204450082
36159212
149773774
172329532
241992336
134484643
188189589
139444003
49957885
135455244
64350322
23618665
189657953
34561532
125685958
195978961
225933152
196801972
129272335
174835183
191689111
31612597
249650718
161241785
114687784
3651715
177429438
32215447
39839172
184076135
222713817
142114408
170842870
201967002
208051713
49941829
3655775
96151987
58879111
159730585
169208342
170754343
167469504
165690467
209908445
145625058
139141356
98865248
200981570
151223039
163848796
132247318
115723292
3654527
32408290
71362468
209906936
167509701
3654513
214737397
151223089
100431759
169341008
155398306
209906548
241675141
129621899
199629819
47511359
126521612
174072683
897643
144482033
170325216
140503452
170177710
149659202
36300282
37670080
113109188
113109598
119633036
74547596
3654553
34948971
132194874
3651761
147671804
216713331
193246827
151223083
138602592
37508410
168871617
117347310
199078445
199078300
48301801
98844439
197618837
117219411
151505724
136996861
165631075
35573046
17593068
185889279
37642666
36304095
249940082
251012688
82225459
38068742
37505855
196469929
216200081
190232624
204318326
76021927
126001158
47525927
119927505
221269922
202862105
119345168
193524139
166069827
117074275
247598864
225381575
242976485
49009879
145275482
34616967
134394288
148715839
196076963
74547115
149145833
167469891
140748199
168519247
41356758
142872726
166911947
148694720
184762635
195342959
139141238
37279434
3655763
172315416
73553513
214610906
131591351
140515287
219410309
203950411
201158026
191915359
142003422
169128851
3655781
156111923
230086523
188470938
209908195
94585574
95013100
182851063
58941834
109610929
34575287
113125559
155347280
138559983
199078582
56495863
191900573
91515721
125659782
91515741
200016721
176630878
189339190
86310852
169774262
59549530
68919262
116381379
35582112
190232597
129916903
53226552
46476819
116377956
32396142
122283221
41173407
119927303
248561789
189633943
51895971
140579009
192123093
197748076
37544791
33598372
31612788
143118544
76209563
159060557
199994477
65002444
152926319
122171598
197567962
253414577
130782062
116365283
163710396
39305436
95938863
136008521
203122781
170842622
208074729
3651751
147720255
249777768
141789477
90529729
31584964
117218998
122226883
248562079
41173416
197672499
148715151
175950839
209907056
3654565
155347005
171523376
147671806
98864955
38642725
140515371
154162942
52504071
176067506
91517175
247337842
32408332
130485300
44280110
109839626
152028849
119927542
34576489
192374678
122219448
73333573
195235909
183040585
160211201
203494003
126532970
983857
47240497
144482659
89306165
3151949
155352863
116365447
138975498
121977535
139220202
143806950
172066192
195888384
107126577
43866970
37085024
32530695
186202792
167951321
206320203
103343517
111445139
169194871
191148168
55839424
165758161
48563739
199542709
54619722
37749779
197115172
47142681
40288182
263055985
166208844
126517310
186209465
128319456
217613824
58178962
149653915
73821807
95865885
122310087
87052796
187658881
177268633
185711067
81355931
144191627
59062618
186202821
242078347
76207294
203197772
186202918
129406963
74006773
205863672
54619710
209863884
55959812
162966752
205691936
77713026
173998397
209160617
124891472
52492236
141470308
109281355
157553879
185889341
202419012
215198207
242424871
193502753
141798960
155443576
161008501
183262918
157168693
182814117
93744993
206320108
198359838
124891254
151586599
202717732
11178957
52689237
101368015
185711086
193887213
216936531
197740191
144199447
149654034
5457983
185711043
202717813
163865719
106944421
248546325
191465988
193887125
179721645
171852906
195946528
192259418
86412656
210425754
185711047
98738034
192259658
192259625
147725455
111937779
164464700
209133696
194954328
149653850
184062238
209158117
192259850
151586603
147725250
230084355
162966787
186202861
186202933
149653786
191258852
201152831
210880186
114572738
164464430
190698246
162966753
194954283
209133528
93744686
117800127
143887039
90108574
68013719
162966760
162966789
191148166
147725403
147725310
215197586
201152873
209864177
176183964
263084810
141470339
161510336
107419107
164464718
194954228
209162110
162966797
180939637
83800837
193889479
195339684
175878530
115264738
149653803
74734735
190698234
76820565
157553888
35459927
138383501
34481816
209865191
191465995
95997057
204640213
46209666
100552181
170744181
73929479
164568657
186202840
209160886
167272705
77323913
118997962
173998189
115680046
143888410
155443607
192259779
147725492
142006890
141470315
34507492
201152885
73826933
201152632
191585510
157553880
109999758
173808687
169756921
157553877
185711063
162966780
156821329
143144978
3873841
180955990
193880255
185711071
40434026
166240571
205690661
204413826
151586622
195946426
90108576
43846515
108808178
52876449
120438261
175173291
192259967
154416206
209864130
114771249
453609
58221812
209133591
199682880
167951355
185710399
154416204
185710453
86946398
209163102
141470311
141758582
103054373
199034613
177757014
209133484
58180654
185711035
147725528
39963604
252050067
169375848
157553871
186202823
189671839
68099304
209133486
229770132
144230422
201152390
179983410
178336729
155370459
209162106
242663261
164402452
259514222
147725547
197070937
141356904
151586605
164464021
158810740
119692530
91780483
201167449
252138482
111938814
169194897
140214928
174438857
73257395
214667653
178263277
166235668
206319885
185711091
162966781
155443591
209161200
193894449
98072140
195946429
195946585
117089875
214656350
56513276
138386852
189946150
197070951
113500015
174438773
14867796
185711137
195946457
185711074
257757848
209158749
143887980
143888833
192260228
147725453
193883161
192259422
144170511
181655653
173187935
43352716
185711124
121377000
178952652
178604904
178952669
152561190
181712385
170770846
75485943
143889332
138823068
155759519
710277
249531880
125543666
195946454
166450486
84884547
151586606
193691735
90108639
147725444
192260213
179969626
148717289
185711098
181655636
201152400
149337472
169194905
151863111
157553873
117104776
160997422
162764722
194953989
185710397
210878450
207256277
164400824
147725589
164463926
176652489
192260292
192259833
149653995
192259631
185710415
164240464
137135094
73826935
178604854
191465997
144191628
193007501
157553886
141470309
142155196
190698242
147725545
157553868
141774834
192259469
160997519
40560823
37860942
192259978
86413674
138385875
192260084
192259335
138384671
197070916
248681130
199630433
248642430
249531837
86261316
195339339
262451633
261098439
207256146
251773322
252556307
195338838
261818359
257757851
217647601
209161052
209133562
199629958
250096105
259520372
230083746
192259482
251459609
252357193
192260185
252580526
253163663
214911200
263482170
214920563
199629270
249054645
249469968
248642499
242663128
91100323
209160950
213692269
209133598
214924403
253190475
251517511
209162109
246889145
209864133
253664960
244330867
202641735
158889936
217202185
248642509
225289486
217168229
209604814
192259471
230084758
157553883
255263380
201152881
253162612
261816121
215079512
261996601
199630008
242663139
209158282
248642478
253161863
85304659
199683108
248642415
217169056
262451831
262451659
230084638
192259821
249923557
251531054
251870947
258127684
204640211
248666703
214921093
209604792
199629470
204064371
196075477
215110975
209865187
230086252
248791965
248933486
177527048
248642494
193691736
262514431
192259856
192260182
261819687
209865150
201152829
253161927
54740455
73249678
129714869
95892786
192259435
112331838
144197531
186243950
202772465
31265290
198204684
94150187
32428718
52313776
73405121
168498441
51283981
160207700
225199874
217323465
212608018
158819258
727022
204437083
155440095
245769894
34437987
134532145
33279107
100314610
248715627
51838330
215197543
153368645
48860347
243046908
50192199
137676921
151046748
39370597
2431465
262469432
89693404
93743938
91517220
32972603
94150179
74732086
137676781
55959416
73286824
197109578
102431856
101913836
103418962
24607665
206320087
207852871
253662905
35854531
241991520
35793110
154403931
173486409
248546365
34560511
442896
33546507
73320337
184762290
73722390
171934289
137676305
205027727
727027
61372290
97342369
213997282
185350961
206320048
42325402
171852903
73667758
130979123
137676772
214781386
140520425
93294228
53708477
143765346
212920877
52789291
124275602
142711120
44925140
117142487
67088962
247454762
168561604
53280395
113639883
246857084
46178915
133431906
80691347
209274503
103473246
84598401
7134179
38113154
214200968
98735184
3676467
11449389
205986824
77674138
151223054
56304108
145520625
47137078
57209580
67090846
87917138
137676481
82230174
132820487
63677002
199078632
1646871
144523085
209387491
154155806
187636926
48661310
66895442
249004236
168304479
72801220
117092312
34483203
54473237
192921572
185225516
137675299
70628916
38073346
158847023
109062473
37968483
44143396
2695315
252124011
74448144
34426526
126527915
140520779
46123272
94150445
225171776
115896982
51274152
208069255
37138138
31327560
59417974
57696771
169494101
85557147
181713011
73237464
249006399
68994838
104902551
138381140
203115009
6408899
122576722
111445078
82912524
161493450
184496493
151223002
47136863
32968236
248261286
34305958
214232372
21286610
143887118
173904910
33465884
52773154
137675888
249759715
85884701
59452624
137676203
14427795
212053643
213929788
54060189
152521672
184496569
205028213
95892602
76218469
225267677
43813148
492568
134883503
174393892
213935594
36691331
121377016
36194948
116888134
73105117
54898399
205028080
100189786
66790878
173486419
176170219
31855083
126075111
70653953
73148491
170107286
121202339
243079589
103473254
204076937
96753238
252292863
11869009
262527215
153535439
102513205
137675680
206319927
41840274
32144743
34954327
138385114
248715637
133610059
103473686
217534069
73549608
130047602
181999745
41210293
42993680
137675939
137675970
137676795
186762861
205028139
32907477
42488682
59411502
95892611
125875720
206319989
22835689
87466646
34732246
1645601
176169718
247303896
32946660
205028373
51041374
111445235
205111443
37801968
34611639
34537202
169849047
51107822
221254306
72206786
171435578
214168447
197644294
103473786
35926812
216933516
13816491
72796655
38112579
33391827
55891892
214046694
249145625
43815550
164057282
114251622
207878700
93245442
44814764
143378597
38599320
137676568
97888589
252672664
91516699
151452585
136873162
34253380
101938211
37801087
97346302
97339331
204365586
253890798
176909114
214236227
150718955
35546001
35859778
248546339
26353572
136798679
199683471
73553850
242799643
137981977
137676236
137676919
42098188
76449975
103472241
73687738
54879395
32395242
219462380
155763366
253306229
225933714
52137953
73821921
163815039
32210904
249923508
173603979
32391004
117685050
139148855
199639294
137675369
186558674
41827347
44777008
214245461
150719047
137675589
242618780
115960932
31125819
47686206
23906101
52255453
247403409
248981071
248986520
76795389
197376865
214091053
48506026
531158
22100061
155440187
39839546
170187039
183249899
103472446
103473289
49164197
205028491
164074618
143378616
213851779
194478479
84621378
165687260
99867566
205009662
198057798
137676063
214671042
103473315
117042528
207018939
103472292
171579682
253077914
118098912
102504360
137675537
23351327
130045646
252720807
149340001
157549093
1107324
35737470
115520465
40650377
181218957
181217784
249978866
262766932
1650693
57746876
195478559
7518123
114771269
23481119
143887243
108629508
67401344
217643202
137676269
242692403
40769001
206665287
115897266
54815415
225934685
155440190
99867203
103472791
103473871
200616721
54101202
72801755
58858745
115268104
109526690
106944432
176297664
176220624
137676428
208527687
40530606
73661358
42909692
214242975
249016511
134880939
194595544
137675451
37732743
128790879
212036516
129710285
177493200
201157066
212938648
72032683
31148287
95000025
176443511
103472879
109034684
171851214
176502115
34749066
102262139
40170132
253077449
33258018
137672900
36192097
46605249
100535512
166592141
106087774
143889365
79608425
73712366
137675505
33019594
51954783
76587705
67617838
53282361
137676504
138826833
82107021
205010236
28674839
4323081
186243945
2415057
241744022
99364946
124275696
56369659
37538624
99184518
138825839
260815361
40770255
63070341
247885139
103472182
40588560
201569484
92804894
103473376
72213520
172038723
209644192
205262547
73728359
103235281
190755811
205081038
141941998
170323988
103473639
72796284
137676403
137675950
137676556
103472894
157239810
74747977
76220440
153535442
97341946
53978840
29207752
100328388
73121163
205028699
102733469
162136763
145700142
253317469
35856394
33055988
97361393
2695321
1387625
15593765
20365497
57494993
196233819
122435977
46160600
138928877
160394196
189144082
95892766
144621730
170860793
36728831
66539302
99672109
115896945
108112056
4316443
89307028
139263821
139147003
41822837
137676638
137675687
67608642
189180194
66940892
36640654
252890864
109853767
137675410
137675360
102726668
205028127
43750233
117696632
35860182
134516951
204030554
214242785
133817682
90113454
164848239
21583441
202717727
215160564
160607690
198049839
72031698
21024269
97360465
53281476
146492127
67092546
144338488
101990555
111348879
36028752
103347296
89052885
54699634
103472700
94150652
140520489
169684085
86332526
103472788
214168416
214691201
118175303
128202474
248624939
103472654
43810128
168519194
58980874
103472391
32057850
57212351
103473057
137676587
103472667
81532953
137676482
137675803
132194876
103473285
138930021
114572369
112257871
222682283
49311370
165654368
137676087
190489415
91516053
219462332
205879203
137675334
192259664
172068479
253077466
76102648
101229145
210746062
169655851
31892264
31890569
157079270
37741805
72038532
94685660
206320017
214133484
95892542
90056663
77693826
112321690
180944461
230049695
44911297
168073449
249967499
89237065
172214348
204066261
37725801
150719052
56255810
217777647
42618482
38357083
2414733
36830184
144199746
108490283
182822527
249008234
249008015
124274491
167957694
193008194
77717748
44143243
115265249
137675270
206320021
249383100
33402089
44735490
56370369
105336162
57904515
118175338
101976026
37687597
6709311
94150549
35453671
208684160
125937631
178255653
247294349
105629833
207782739
31521539
57747078
55897617
76307807
97030243
20027310
34480776
38075697
84598490
172041127
245769811
182727188
249941216
150719010
1258153
82906156
117345880
213935953
53298126
42092582
106561850
119927394
39374845
58716783
60714062
137675466
32003627
207011296
248935246
66934881
116255668
222657887
67184404
58600829
40965643
38112034
38678679
73854569
95892721
249954067
58597122
199592800
125874578
217170293
95892743
199631377
173439252
250052166
7541369
217731148
137675460
4316447
248295561
242423523
212287419
225909891
242663228
91664519
160756040
214132473
146492837
263256654
172275291
180868721
103473306
111445589
192167430
37563367
453620
36159648
249900789
67063982
34618355
239150396
73314981
205028578
3605101
109492445
198542005
225239956
137677018
93952026
21430878
128792856
194804971
7249805
182089408
200845801
235359887
186122315
3656585
16306446
137676775
242620549
44298704
252174523
144297090
48636189
59115791
145557574
33701825
177853376
40432205
34346376
102734013
242799720
115436706
195882531
204621982
169413267
117142333
42965924
199254078
34264306
122658736
73279569
137676223
125745125
103388285
207777911
73582334
73284448
115896814
247762000
129408896
122351812
137675596
176909088
242290604
164757967
103400756
50420769
103472660
55058057
136874435
442901
132903367
93759655
111030526
43179726
92543482
188576711
21142004
38051870
26084792
108402714
149569822
78940731
67539108
95892691
245032789
143638517
179522986
174888547
32405776
118880424
37969445
205028295
34324082
155443546
121203741
33137317
58079438
32741301
205031745
109601479
42964762
217169529
103640927
137676419
50190431
176185607
134532196
203181559
55122924
173246670
73630510
42897281
35865497
111522975
209320408
132976607
134314541
145673561
66704053
34579570
72909063
135276519
24267412
207317045
106381617
144754268
41712662
138603410
103472399
143885972
138461447
103473659
111287419
77240910
207439121
95327850
171435955
38631508
103472229
103473593
115960871
73139488
149710410
138903193
137676422
103472981
101695913
160754147
103472708
179748352
35926817
32741111
103473278
103473232
19448408
32405736
62767940
63849978
73726999
73726885
205031738
73713516
146034384
45446902
36869262
94585847
204421012
138374608
242663215
242663058
253124681
252695021
38601192
73105444
158153552
134624257
91515722
127203804
43237175
85272404
247811956
52663120
43695555
39737827
170112743
212164715
204032489
83677476
112328018
208437225
4273267
252720925
87520614
96521636
62366052
36729666
204068352
253663078
21190693
85028723
82499073
23212531
42699548
202495558
41841276
42925731
43695440
4322917
90974241
49485247
171852981
46262118
214505270
111349111
111348609
31612773
144198454
7057559
193530048
48228898
103472813
13777162
1647753
24133088
34433369
35792462
49011690
171465609
90022141
103473566
144756833
171438568
143378529
103473161
121336686
209171577
94150671
171436531
104811913
35931156
38605364
107985516
188208145
94151424
179159313
89977183
38333625
170965599
170445610
138562333
36869362
95892548
103473873
205031783
205028689
129020601
255255200
165853959
54004065
217103194
62772384
51718835
91516880
46208699
103473697
41822515
172287003
247879266
180937980
94150169
137675937
87707432
137676616
4316445
164048162
95892429
103472360
94150498
128789868
137675557
70663070
73109427
42103136
94150182
165948151
6299971
103473268
44976040
179999112
117686332
72122034
137673155
192288163
214132739
179949317
170105289
166072941
204413016
163859158
87131189
195151563
144276996
171593531
111518872
129143252
50825402
119949190
77973152
150719053
146492327
34470441
133630199
91623830
103472214
143378589
205572771
192167455
186243958
103577157
155495628
176168884
215151184
103473112
203087325
51293004
32141503
58403808
157845658
170859024
173640560
225911037
49276730
163571926
125874941
91302543
204068488
250058934
201648766
114431001
60719355
124275898
248715610
137676226
202599151
192260234
186209193
206295792
144754675
128306637
94150201
80932048
153535611
167272737
98053572
117036599
217647408
32206129
160997557
170024993
34504247
176167460
32405862
44056128
154533234
56863477
181998903
52663957
199058535
164079888
177643954
152420908
120339390
113367816
210156009
3283803
103473568
149709975
207011425
139444110
24450221
42699429
116523747
32214898
148674019
58242527
74855610
33275559
103472961
153535551
140520573
101934342
13777344
98648983
137676509
41593058
208765867
124273072
168561081
122436418
196367467
184762982
143888442
197110409
148696599
225918672
248295856
155252518
68828519
108629480
87053067
169797909
40742274
46620732
32202935
7057567
37938485
144198716
160278687
58851170
171852991
203086751
15592110
193007697
197366742
165239253
171852899
171852955
215094461
196521805
210276142
74773356
124275094
103235575
86386911
102735388
91627260
137981755
38102378
44077113
32747512
103472971
170858236
94150355
32907893
42969465
172275332
103473672
103473214
217647673
195150439
103472818
153521915
129568894
37949402
103472253
32058015
153535507
170730277
95892624
51259213
121204088
100480811
95892807
167527935
49111497
73721870
185974488
169193421
103473187
171671964
37482383
94150153
103472233
248796904
103473715
95892700
48842919
72800435
140503684
137676963
137676219
242449927
101043606
36195864
208065376
105359786
242663071
253073829
58970004
54004047
28368157
166563081
137676513
83743054
91515740
33894144
212335519
87986024
212417213
170274091
252720767
195126381
140332427
249950080
53841154
133820224
140983383
182555980
235345113
36579449
50330186
111444844
167957707
210153445
119927377
207552896
19397105
14696283
114937633
80258097
203041749
253181159
217246271
129714633
50378602
137676505
94585586
118997861
68527792
95892718
180938162
42972046
103473882
103473207
217478258
103473026
65599962
103472018
148715383
213952195
214933317
51107658
249867963
214918326
84592506
142573077
143378725
133437525
195340226
95892748
38600939
72958959
141972390
111621286
165017888
91516136
54361495
115896537
143808965
36194833
103473848
41844757
137676432
94844155
83677578
42605697
84593232
103472992
214690373
170748496
95892787
153595558
115897049
214939234
170863202
176448930
38677040
126243275
48852066
162460480
89472384
56526976
74564553
254903900
201019445
103472829
155340460
63087013
207888664
168508151
137675603
57809804
137675321
181699001
50766444
168181612
117702095
84984344
44735289
214242928
208436362
114771344
57965461
204068882
141972471
52091126
143378398
41061739
192259528
54723999
76695805
172242517
98160051
249006245
152637159
48989725
205018082
158810516
167957737
1646861
117074349
57757108
1646643
1581121
149460782
95000101
173998542
105630949
53926601
138191675
51966137
170460865
138825902
77970544
103472414
103472822
148714921
103473263
129568875
95892784
103473168
129637109
137675974
137675851
137675642
137676986
31612370
103473387
45446551
98871839
166335473
103473260
114770983
117676566
38430176
33227393
103473020
172275065
106056542
103473789
103473779
103473272
103472418
103473058
141900877
73552971
72668250
103472627
87992644
37646472
103472842
180953620
164061675
155888779
103472326
42516303
143886808
103473671
162752424
103473056
103473283
137675282
95892715
84623469
103472777
179159332
91517070
103473806
137675849
103472729
73729454
117145307
98873074
117685172
117696510
91516705
170914716
144200176
103473061
33793462
38603813
36683409
141567606
95892692
72456354
103472371
103472628
103473003
103473223
37942775
103472191
106976124
98159624
58458886
117219363
20150585
128784644
248935672
103472837
21041878
205611746
161010427
201164476
204622060
149718434
453556
14420399
248676558
129623662
169099682
109999767
83685559
43812152
95892714
103472606
152814064
176127130
103472430
103472230
39162200
169459697
75946105
94150440
53708670
142785884
103473764
103473701
99672223
143378470
139908691
42603036
137675628
137676152
3108555
91516333
103472840
257551855
253123690
253164576
169373851
63189511
72653562
54619804
140983292
187625351
110786648
122192054
37953030
116378173
73110219
203177601
248546254
94974761
204450798
32551779
106307527
106918545
126550643
109062527
121494016
72648804
48703727
94585856
130437228
205050561
53715698
171102151
24243874
132982547
34316671
115896723
117597604
102392601
35976364
95892796
219135108
121377171
94584919
37812041
72798282
171999644
33223579
175438844
171183992
41843959
176249996
117810955
124198032
88053296
130399221
205031798
172389498
55957423
127377819
172332169
100249006
171852905
105731075
31612036
205262633
52728213
52770615
124276507
33065672
128793247
127961265
91627331
111444940
119790759
179745671
205551198
72797349
101395460
109853804
107877267
33123854
149403767
146392483
173039335
40129753
178574966
177320483
99180653
127807162
53653314
203929942
101730354
176193362
97361353
124276187
205018534
155762550
176436775
108801919
47215684
24267400
129435297
129568596
170720267
145395657
181699362
170501933
129622204
210165596
118880854
40369951
164061492
62782971
117104532
110915776
52484184
94937078
177767426
173630424
140191934
45474342
128790358
172382261
109062525
126569127
171152415
96324593
143241027
76269786
57730515
31612428
31612035
117692784
90404050
49129645
177129016
72797235
164062389
173653089
214199696
176729714
248853197
171007523
253664841
205031631
263449850
176710737
203260687
262934713
173630647
177527467
176729034
172248435
176729904
179581524
205080891
253073918
253074205
172379384
178324364
172022209
172022230
263210324
263239770
187631684
176477444
176729692
204291415
205287889
195126701
129568573
178325315
177527356
248546077
253072265
253060519
242663105
262085933
176729314
170720511
208684257
263079064
214133519
185889301
202717873
263486562
205008701
172345641
171887926
176729960
204537569
183567640
178325244
252050897
184467693
176127824
177904524
164075714
262086761
214501229
181220091
171761258
204289901
176729188
179717624
205018537
175783825
205018688
173626037
205031705
197117561
195126537
262086268
248546124
253262398
247706209
205031733
176729066
205031964
187623593
193520099
181430734
179756051
263587015
176478519
139990830
124522558
180329915
132980644
115897079
124180611
143404582
114760207
160607652
125659531
174596129
116889492
88262176
118403547
177527083
205050520
94584547
121335796
31642372
176127886
102734438
157833255
124273646
149148455
193896719
32975603
205028646
46131246
123985243
143241097
203177714
53725178
140214993
53754307
56878355
171813471
163806048
52130438
177315159
172030107
114788973
216870408
100442226
178463568
52249064
34559075
140214938
54154644
90994914
171802367
161055351
184696288
56771606
206669625
109999866
54053320
177525975
108477400
176729220
165067222
188552467
171813349
171999525
96417329
171118185
171808897
195339582
107419094
176728935
122310124
152691716
137530426
52788621
126554198
108891392
172022820
172293605
171808916
172022472
205050588
249582594
247972688
207236932
176729539
177527137
205387996
253075594
253495133
188551549
232482598
193896361
188552223
171808731
173150699
176729341
175150140
205081826
195897504
172387234
217195740
253665032
263385826
215221667
215252195
101948453
104753858
48035071
32795869
113104105
155398493
206665505
80932054
155398419
96822128
113141981
42460604
113103676
113103788
113103744
113103865
104754958
41840221
177722501
177743730
76047291
115905566
115905486
96822065
55922581
42100766
96822008
37595564
113103864
47476713
114686219
104758646
202478567
32874685
205571804
96711393
167957692
37670817
182487367
235896806
184762758
247406654
248797854
215189782
247706088
247901389
259538310
259539877
259539038
251547439
215270670
215254081
259540731
205942000
262303055
247900649
215242506
215260951
259541597
253400152
253399866
215099568
247896305
214657896
259541152
243024878
206270584
260827899
262844776
247270716
198458747
248757786
214656362
247406764
253399878
259539819
216902501
252699230
215192969
262853303
253664093
221253690
214927567
214816820
217524955
205567602
214656636
177711724
259539917
259538513
259541967
192259549
192259339
247320366
215271368
214910618
215194115
214657748
259539811
121377150
36321960
113103845
121377088
214199712
80930476
52333707
177746120
77719992
155440359
192259975
96822132
146713731
90589967
207196927
112764889
118714442
96822124
196853391
41839201
76452266
171717168
177722021
115905671
115905487
47467824
113103826
215257960
177722390
195778708
83685746
113103739
113103711
113103846
108994618
29271677
96731262
176994380
47466240
104756858
113104163
112764594
96822007
32006769
42091518
118693036
191044622
153534972
34941771
96822236
113103816
243094137
116775563
115905624
118714350
171718775
86516090
192259935
75634968
146219438
41839835
113103863
143886660
177711527
214910039
118714583
12295881
104412570
104754275
118714384
115905518
113103926
27922406
19776275
113103743
113103807
167957713
177737642
206665048
115905535
188847351
121377087
113104249
245074925
42098983
73401674
249531780
113103804
113103852
36991181
160997533
41934102
118693067
115905556
118714354
111821057
193340917
30029021
45692235
169404324
135237293
165957976
140321103
109198416
17051762
112717319
257770274
11664171
168952772
151758047
49379549
132814540
162373261
75441497
229764828
106503347
207502981
35357604
126131869
183512505
186243225
37942259
205673512
3077881
109592631
68912552
43831148
243300456
91638261
249653959
206320217
253248555
44607589
45691445
59499814
201601482
207997316
46560293
40343069
97619562
75413827
173084216
48413459
56612710
109198380
47196001
249085257
41598700
46384074
59500378
102005788
81291737
66547498
140095194
74638902
116470330
152881151
42869741
79675249
95680025
199143583
46940470
128588850
139196211
73530698
45606586
199120074
106307164
170356063
51347486
73117077
185889316
160392484
230049658
52048082
172069313
2079067
52979527
53585343
109198464
210195556
46694526
36579079
206147399
124181179
201602518
33624740
36332817
193419525
162841487
37412854
11119985
249875812
217515072
106786587
209908657
186208437
171132235
63866072
93752281
51573019
199137985
169930476
120339491
59050980
173135213
216178809
203803250
149137632
113474093
155199217
2079281
56588634
121089383
146034361
222376492
140321007
191047271
138560306
179073249
150855397
70415652
68737177
134863227
19920771
105629414
68460611
242078395
221820608
206246426
111461148
169581305
185882209
257779980
52050267
199051984
130787906
50328769
82717026
10054186
36019011
168271079
147671779
59500084
121493891
47867401
205977423
52393156
70441327
116813643
138899415
111841510
215996982
205685450
206665366
70933404
139275974
119450041
157425162
243017139
24900855
199041438
159298705
69746671
70440926
13409438
248767344
127376962
45446986
66559549
205685551
189200904
201608996
252882714
10199647
72331105
36579082
21818798
165960367
115960921
91515799
134862859
30681577
175168734
146647991
193212830
22632073
115519514
112717114
61372766
245784317
58372908
126131852
130399257
32647634
42594898
114907295
214927979
167442057
64603959
185889397
40369262
520946
68908567
114689002
51009872
145087778
191296781
242391973
217506984
157424718
71951062
53228466
230042025
175173288
37033419
193541348
206665027
45011450
42616609
520953
58668935
229805444
203145352
208227116
7353517
166010313
157425415
139989689
199523635
143468298
169622407
174162748
200253671
129748897
73526932
199119508
38759835
179523418
25937268
109198435
155762690
206306783
111712435
214656244
199119948
147010064
168100117
221778039
14950334
202599149
121949304
89653433
211312585
42197808
55993654
177196995
242272488
186618888
118013023
204283125
48812056
189685521
162361127
155763053
199120069
113449830
152846782
184488439
161454701
119450056
205228850
178462950
248722844
175573687
112717325
143468129
205775914
49664317
171894493
194115791
49641211
116470488
74685052
248684148
186271364
54683588
199102588
68139092
155199208
14607858
198741215
11238704
105888547
184886533
185502285
31632700
208418418
143886469
164269826
74006670
168094412
71948242
35977273
163245285
32103572
73598292
101908300
53498322
209909101
209907234
206147376
170325261
12039033
115325611
150976995
194025564
177205079
144192711
74363863
95969041
204431897
230082132
195970777
82129907
170445068
34694884
83743179
134800167
106771033
230219168
121690864
76386999
143886760
84714838
144476711
251770063
75307768
37415380
190544274
106236899
194453809
199113540
168083965
206640984
42869501
35967952
8318112
150779175
49664339
82422924
33751778
174379522
205615681
74282802
2129283
173878952
206553302
209907827
50574670
146035481
199119966
34315266
77509258
14641504
112717106
209906274
210878316
168263270
199263979
204450065
73826806
11372892
222658071
214080025
205514048
248656112
80279841
86297343
52397704
204283274
150315056
67235402
217506959
185889329
209906754
65462489
73125927
51952421
199119981
77278716
21921044
52182997
248977497
205506765
98239547
248977614
472496
142872698
112717274
106739995
140309497
11806506
150995885
209907468
178513046
191144593
186243758
567524
38839586
50361012
199119998
170330521
97562953
185706677
139985628
177196986
137003520
72331140
155199477
160691485
155199102
34315208
41680382
253127260
215386140
202717820
109198297
172348744
45412832
96326329
249112131
146620018
221798501
93744930
168264251
52295260
262758706
141267800
129738884
250338414
49664341
110913884
116470396
169306529
77260565
38399593
227326580
205822652
250099753
51626286
406337
55605951
155199299
35415645
32843586
246889934
95683277
111686760
2109421
73862791
80300841
229805345
167529085
163865701
97555829
119501185
151613514
186370353
249288056
118121500
94633973
204450057
194960991
36749660
115941779
202643949
193111702
23303821
129566520
177197000
147671911
184495726
109198405
136875699
116860779
10105800
51629609
199700974
54685282
52486284
52396546
246889938
116470547
155760436
243082353
129735870
119450069
97598665
35936533
35415552
32581738
62683101
87092600
53562177
13797495
41526210
82517844
9350472
54426340
193209930
195970827
3226509
217506974
242841242
248159428
146518033
58687278
138107211
7980328
181135241
97599786
144297154
148551814
75539044
109198369
65473715
245773668
783055
209906261
89698759
205018074
135386588
33622819
213561210
10053231
248590205
181103895
116277765
191093221
149958994
97560619
125261333
83742899
150856097
195210550
122070645
144753912
112717272
187157363
169461269
91516630
109300230
96770697
196332798
15280495
93156438
149756382
124275744
209907282
194023850
157549428
115975999
136047474
36749970
155097998
155098237
41542667
164231500
161002851
4411687
155046387
188830512
213738069
69401059
197496167
129737429
32213807
133212296
179747890
197590533
91515713
165927038
70662248
134300525
168100274
86388110
57444783
137995062
118880849
209908187
195341171
217171476
56417166
75518171
119790767
47063206
201638924
110358699
177772984
15510181
89165679
185518534
216943915
72710871
11664305
86573278
121336926
205506763
205685411
206553965
251772917
86285525
69253399
217506951
92095634
253122050
52294889
155761369
118121517
208105697
7957803
155199162
203999045
199267353
19920437
186105223
125849645
202623435
122334575
52792316
52586936
192880357
113500021
253052774
118121246
35750543
129010866
190319132
168267022
97599681
116470342
117091268
49664349
139296815
121493783
148856467
118343346
208917461
80968324
205729504
155050122
49104842
59500454
102138350
133818041
89165586
51598653
80969015
170894836
45248651
107077858
35750533
186238999
52322807
109198403
212937140
51593888
242999577
2078595
106750482
194117102
206554056
206553450
10162917
248585241
83742357
139150491
201106683
169657101
51971818
10169870
136203199
204640197
75516998
214615790
199119965
185500902
36685639
126131836
192731547
188446084
135057160
58487861
51613316
146621265
12031923
185942341
136049470
206553261
58863802
118121210
173701520
73826795
19992033
53544647
199148464
55079694
84885287
41598676
254037328
114272367
179523110
192880311
109850541
168856918
406352
249875766
87993197
209907012
167938347
91516720
209909083
206241243
229747995
206553452
206553308
248865886
134862518
109198476
145202539
80895917
176818457
205511875
96745053
194399009
172373638
185215668
155199156
201112210
86297244
92804794
43547272
165961996
191986890
49664335
136047023
186201980
185497120
3873763
37412303
214080332
2777757
242448081
33600476
79983288
116470301
144463068
184513155
191270323
177526713
184509045
138827574
216184191
112717327
184283084
209907945
248858613
783065
165960130
36715923
155347508
16943435
150237388
47254530
37170830
22946252
42879010
35415609
147340869
144197460
49664329
144181321
14616434
248179551
160186623
182821944
222713792
247907175
143680071
37032462
52783770
196203747
191055978
109198382
116470296
140320948
184476018
132046587
117106045
115990594
144478651
191292077
37175587
176851443
155346791
221795988
119450134
112717287
172155905
136008568
91516479
73666965
146361737
149349410
118121719
117091160
140248500
183909895
155199074
111857979
55607648
204640231
51097602
110914476
91516919
36756545
176237449
183727327
879634
186208475
186208442
126131860
140746668
41590734
13795970
14608246
91301731
128793203
13709089
66543297
35733016
116470332
191296466
109854093
109198337
197590507
75702670
170335907
109198430
214402487
139141487
170748371
34079236
116470471
197600640
208234838
21585124
147671753
193668831
88913542
97594361
168006695
118946126
73549013
155762943
112717184
124491734
195461421
157425782
186286966
113044717
50402855
75307808
20790181
7541403
144198385
176663512
41099794
52044927
38935033
22835547
20719961
55610463
42766189
138384048
41537861
38495219
13642422
144196804
104103600
129714619
118121589
14047787
53034089
209907322
197670550
104762956
70145364
53053209
185548481
58690213
136838279
185558151
73826774
21920828
209411097
73826856
13789491
139142188
249876167
169889312
178035976
60976254
116470489
204625323
35734953
168539407
199628878
191270064
147442506
59405859
184514472
36715921
170754502
67049374
184903319
116470598
203929912
153750359
230200186
142872824
121493872
73406548
118012964
74832175
112717123
23905771
140299296
121236732
199629577
96754343
202771853
181788022
208527485
157424577
206481130
55120227
169343305
70553213
252720813
2132845
112717267
118123100
186286602
130336030
20835927
188919866
42342131
118121658
45606835
42878555
63204582
55055390
48621712
89945138
95011503
164484962
185889346
155099795
77975107
213958835
53641134
52052184
193211066
185566291
248667588
196190812
219135822
213714257
192880363
84572456
118121299
96376601
128934647
208525997
73826997
141114406
96491524
180220990
168224737
164060521
212264064
185889402
121976612
11337349
16781150
206553432
118121387
186208422
186208458
204668487
14641452
222713805
150863825
192880369
42615540
77971044
33034761
121494101
36227064
247768050
95866195
117142453
109198426
191291680
63210879
169378859
66541937
106178303
186237816
186494582
184475594
230202441
97598939
206244672
206553272
36019108
116470590
221245795
105690821
80479984
171746697
50233693
96759552
109198310
67184511
158816203
141367820
162747880
180236360
162116323
222472807
186243448
196077989
140100857
208527050
146518206
48748444
157425072
155199292
157424725
157425311
169339407
54145303
20836173
10308737
155044955
199043494
7541331
199694095
67185017
179550067
209396716
52421636
55609831
57030506
46272660
73826776
36755505
38138751
45430102
46307967
37463455
196068771
204450062
170896638
4615459
176663268
186202013
185498699
186208420
193208260
193207834
10103312
15248964
105344412
85799338
249777487
41542987
55194251
165964035
186243346
94061163
74008195
104397266
177991662
164342341
205666051
118577464
206554060
74817863
184476269
84593043
169623063
109198350
116470599
133772530
247401775
96704505
136900256
112717359
173819892
74819895
2131613
249647840
164537829
177055651
52477900
36018010
183909824
108353924
45550587
53050932
49165060
45935848
246168768
11078812
155103003
185889473
76370103
118121156
185889363
185889370
20107405
253265075
188931253
126131845
14641923
82107025
119624684
179689838
247767080
168006669
191770362
54550563
143886213
205685290
170500465
185897670
168222028
205673393
242717741
121607629
149661693
55078129
112717059
209907228
149958892
140503508
158871121
248154660
245787203
93245336
140101720
195520466
41591243
55611311
199235869
35415592
11122231
209864183
98869705
89053671
2079273
134652935
51662036
144754728
56562694
76055374
195691345
73826995
174630066
55678248
138898898
41540111
185889477
179711393
147125836
185889282
149568831
144330916
68917535
209909045
209908522
170332873
200761468
38408077
209907511
23906942
147671784
162865512
156811536
170398642
164060736
170860584
173303919
209907466
116277448
124863745
112717361
109198480
191575022
124955784
249531872
52337911
109198279
140321114
61887725
140998744
116470438
116470306
135504035
155763248
205685397
167209762
253073394
251253444
146621669
191053089
20790320
194131804
205894767
191915277
53090197
169599457
209909056
134810530
52489953
186635269
195288719
206553412
168232228
249086478
250100139
55294788
10121065
185889283
144916620
194769921
205691354
103497051
155199491
155199093
157425424
157424785
91516212
115102705
213704083
113484199
147671817
100840312
67235121
185882222
214005802
201099488
173245272
108174834
153580313
141972437
173418805
49635475
70626749
116470543
7706720
76057429
155199241
139444100
2078917
41591251
116774897
116470319
118123110
51716853
73127791
94582595
35374629
52845821
35415538
41598990
15283087
41650654
118536456
42697914
144198306
132042670
147212386
144196716
195091125
144197328
185889371
204450069
117091938
51702097
201610280
68628597
80974589
44974915
70153631
162360916
117141801
186201949
117565697
68608432
106521853
155784365
246891037
143656779
120298305
36624077
208305147
193213398
62686843
175466257
137948120
111857931
11247762
76500026
111869083
178035948
127323216
86573600
40115489
40924889
81543207
89883920
118121194
58118522
247767109
142872741
214828228
109198467
115200238
35750545
217385330
40858308
188208007
122334262
186627660
155215736
170108334
54412867
100280713
212263318
118939664
133772105
205822949
116470331
162383385
180219101
192879417
66550496
112717275
209907821
176476978
184438566
209906594
96755746
169505366
170741179
169343346
20793319
169623644
111422531
70853840
141000416
53617310
10161096
10212976
118945431
250099921
50396553
174072616
20793247
252356032
242717078
221807910
174655767
175433405
170324185
59340240
74868109
12013657
55640313
115960864
204338205
1986049
127377810
101253192
196924536
208305172
107368248
95315140
70896813
48547735
16197757
242483979
115436734
38147697
16483892
255435008
124180768
110357772
47867509
177527381
196361362
82107095
34506551
108713600
132814194
217568403
72743266
120515567
173998483
35908375
32543036
44842616
115680214
209303815
16331967
67215229
111621292
10021542
134487465
172022403
57720311
86077387
188947354
174510172
193532026
171195190
96866657
89234900
140374938
115896471
33006369
94982460
35865184
109663913
117062142
214132883
48305547
35870773
185466996
74735489
171849255
102518080
408325
143172626
214133250
83804934
165924574
95136064
115896671
197878537
114714512
211299389
95326836
37748787
73375740
98118709
36995833
134558455
191147868
35975091
114251502
55377109
111445064
72104680
32236048
174637793
76273676
133630179
58434385
247802555
29907271
175784367
35974260
184760568
117002826
55410434
56610341
252065932
109602034
67385899
129916777
89053318
51448377
116906573
176502582
40898709
141962684
118997948
114388298
39923606
77870618
68187585
113619804
67072593
173276384
181698965
188947700
171852900
55503710
203774872
129916863
248546285
43849380
7421273
43850461
98761420
249054738
95892234
191363122
55409825
54692916
52106338
124491394
124491412
43212963
172022635
54550225
55141360
80930864
114689314
191586581
213929365
171853007
173998588
204639222
242663161
13914404
75994242
155703409
134354793
176502476
172024255
101252699
44295120
133816805
179747259
84180602
157243614
197189353
98863862
76828046
113934942
16174571
41300262
117033377
176000506
111285995
208430202
90725225
127203732
152619032
124180802
206320086
206319928
21676121
55384574
11436948
66952577
41215891
67899271
25694052
44615275
47511515
50045052
35868456
89211758
95563150
89054580
84728429
251461945
55319828
183064065
119446214
114771353
117676642
193532677
171809029
193531024
199683716
173125648
205018163
172029668
171132347
247376540
262450623
262057194
178339127
248914293
210165030
253662957
253620146
185889375
253197571
263485787
199681996
205018141
187619424
176436320
179142407
177527170
215162132
171857269
200005206
177526573
172029486
186202322
250110809
262057185
193531925
262388595
172068543
207771768
181431269
202717755
192861024
199728253
187201898
190569944
176813265
262382650
172286956
242663053
262393825
248603478
253075940
263101248
263078790
248715649
193530755
177526463
172018842
253078296
196832034
203992258
253619918
174420684
204631389
87574184
94982489
52111986
126243948
147754732
114195260
35973951
205509634
172248023
191504969
85518846
181699019
111621377
141204901
90945671
115464146
120513689
112257993
124522849
87128816
210413722
42917576
214132541
184918807
69064906
43767958
41300897
21258595
107892776
21048359
129917322
202717747
55515871
103595210
83471365
31909260
89052744
54918379
52652656
191259060
172022685
44602396
176502161
184496525
95892777
171176587
187184408
125885963
213560384
16471278
35754117
98129696
85564126
93289957
139030371
206320851
214133266
77718785
31612766
78487799
186265634
57764194
58612563
188947220
171852946
202717830
21049289
196523673
196529910
11512595
21046578
52672659
100554510
202717859
173998442
202717845
88047489
38472923
33129952
247906836
39440162
31144228
67243035
136293131
35865629
95892536
115896867
52109440
195923644
171808737
165654762
90326797
109976728
98736658
73827016
125595303
140791337
127205763
173125528
263076175
251395017
195126436
214822889
55367316
91624165
192371867
214132961
109991771
191500535
38467919
32819683
49906138
4319513
68630195
44039260
52587840
41215640
21044093
58954462
153415999
171852950
83471262
248546370
44095240
185288069
31612481
43847991
12113888
174510288
159863576
52238799
176128011
116776162
101984426
172022638
188686670
171952888
132047098
54477598
171009347
170992437
171891877
171849262
170730164
171580090
171591565
83377976
124274521
109227236
98160541
178324226
171857121
3555859
172386294
75983171
96127138
102468437
185350962
31594822
171761448
197830453
106316384
115990530
172378158
175781455
101903636
96521637
31908911
197171916
125744632
125875945
166010712
177930028
124273463
176127377
171681485
193532034
109323058
52659549
172275299
176250561
171891757
193531842
214133056
263338433
217709217
247802501
210164223
176133295
176449023
172275716
199681928
176250607
166010608
171593485
176262764
262029785
217731224
247802485
263397276
193531226
171849203
205218234
213560042
110360088
184298363
111445250
76514221
74571640
178324625
253662933
130197689
185889322
109958573
89692822
38465542
56067997
83744461
173487567
19772218
248470698
197516499
206131504
53892029
66125522
41343279
50111647
59498488
92137116
66950491
249054752
116384485
130399259
56869039
120514397
172022663
91565739
92818079
191006246
120512462
171005727
115896615
81615716
249270002
192714548
25293267
253619572
101396598
242807055
176166342
152619015
3655427
58072056
31612726
35778731
16333985
168156682
252063995
171852974
77855680
54548631
94977960
114686583
56679678
124208653
40772451
98736706
176435685
120512835
89053292
115990452
71076407
115138132
51445874
169641659
129918828
192931515
13352724
107238206
77495906
147048803
35723368
35723131
19772318
116190089
80371107
20199779
206833736
125614898
184414491
139973163
110851197
91978721
147946681
104191383
172706492
115462709
143112380
154999936
155428137
210436706
153575419
116274048
214909050
137013799
91984482
115449007
129452701
89306979
54616394
181567105
117249819
206665138
207911685
85698018
208358919
90234651
83665537
195996334
230313740
198342389
179401503
125614704
207707093
147946698
150881786
218755354
166354318
137013326
210403419
206835664
73206280
147946733
209304252
90240132
73826632
167520644
218755725
115945135
125863753
209304436
155428493
193649852
73826584
207912989
197688438
159276853
143105784
83665325
58737201
103641177
129380082
185711188
206835273
125614644
78946085
209304469
7298423
174604692
147649165
210436043
90237921
125614696
183567183
210404076
137013295
73828667
137010763
53252978
56792924
140520902
125614533
72586485
206835665
209304341
143116124
137253814
212553302
207913900
143116002
136953304
54624973
42356784
73828603
155427980
183539934
206473684
83665252
192156490
56709179
76395712
252061614
206837643
137013866
143103124
101257471
209304283
196759911
208633282
169249390
150252718
198019046
170730216
75573832
147948932
177946190
55460812
56883779
87992183
137010550
206457744
46252992
206470218
207911552
72586269
184243275
163024815
225314670
115948803
202428625
181366065
196744878
207913898
158077311
101847478
90059799
205163079
155428460
125863127
207912279
101260541
22380454
201038098
143889419
160559382
134820050
76528359
197041480
147642077
153579185
206456504
108747245
63899796
115945850
53232770
89307070
125614379
160559700
168067321
209304625
147947006
192019930
192269006
153467190
54681870
207912909
89307029
139948372
225385177
153530737
196892026
114689107
125615363
125615545
207913122
209304432
90238701
166146720
207912721
209304268
114906315
95049681
147946593
87451696
151994902
206835279
137013264
125863442
141217822
56028655
99156226
115948350
207912113
116106008
85698790
168875924
210436722
209304306
242626138
230314138
175904645
198639784
137012433
184415033
150248611
177752568
157405853
75724499
207913012
94998835
184056231
106503232
207670467
89119045
206832272
209304322
129225445
198509262
209304786
81987290
147763548
191757636
134820294
103640595
155428440
125615298
225194850
143106534
15293834
241774969
91611091
149508869
249220279
195202300
73826898
125614458
210436469
44899249
158076907
44899519
162777471
197575513
182143146
201292144
125614539
206837296
158079037
83577277
210436307
194491618
144492629
75724898
115947738
115947839
8142291
162968550
137011823
153528204
136411429
67808415
155428058
56876734
175413018
230314035
206832396
210436743
172706729
213689662
230313675
83665844
138385467
115946448
210435923
150253734
78886713
183502199
209304520
15303376
209165308
206834665
128939296
90232278
147649309
217514398
229961563
90240230
192859263
115945548
195648203
219410059
179141975
247287840
137829904
184096947
146394048
89128457
198639828
207912278
207913369
94065512
243079462
209304344
57086587
137430007
188785792
26091857
241895847
162967839
147763480
210436661
206835853
206452541
242484965
10111866
218755564
241788705
73826612
8142305
155428544
209304634
210436419
23185104
177751243
170831541
41293717
147763580
148007139
125615690
108808072
88992364
125615081
179372038
115947649
177752347
207558497
195770521
207911638
44899602
137012746
207912142
146620729
144755867
147947820
103640948
56028240
183538050
115948531
138773033
209304787
196824747
94796458
197329386
192453184
177756010
90231614
110196001
155428382
115947827
25812660
136984237
143226762
150253447
192155520
137013115
125615376
201176801
147763547
164317592
176926229
99116260
172406621
125615167
101078680
75724327
76474506
113482917
171096878
162777316
125614892
206470210
125615082
147763579
218754945
90239851
85692574
206837323
73506009
162777287
20839861
51663468
100351922
146650875
177312795
120667979
176452961
115950208
155428653
204665761
94474532
190491122
207913067
90230959
125615710
147763554
160557973
206836329
172706783
209304910
137011516
168558087
196215477
137013179
147649458
192852726
67183772
85696281
179409240
210436510
183487234
230313859
162777440
175785620
164161923
134820127
19765274
137010625
129452694
75389922
194490975
31905858
122869320
261966651
114902313
94474541
144330178
173401183
162777144
145225141
158079011
150249674
139217861
157405686
209304425
147654735
190143075
147947607
150253687
217195758
230313875
153528093
230313798
116665887
129706383
77578716
115945868
115945568
91732462
191410836
44824876
113400277
210435945
141218451
137013400
207913918
128325976
206466551
166146577
160559080
106081184
65105806
192854461
207913589
201164148
147763470
125614350
147763479
137012473
68538325
138383479
225209613
115948832
77220698
96342615
207722330
207911568
207913388
190246083
125615187
146971091
159601515
157405521
176910167
85698406
128325585
70967499
125614940
201164239
136788363
160559536
178212220
192191659
206461077
147763711
206836446
194133015
190624556
73826896
115947788
143226547
147763620
147947525
201164086
125615660
125614395
98614203
134820071
162777282
91947582
188386248
207913604
137012202
85695609
143106215
183502218
209304456
172948709
198639892
176017657
94998781
143226572
115945893
115946832
205845865
230313802
188375564
134820225
91772911
155428546
162149323
225191206
173220074
22525960
193044172
207911674
179117790
96177555
158079279
207912166
195771148
85698365
166347133
85698387
23211553
157406032
88804857
143787359
115710655
206836481
217169692
155428537
168919919
218755611
162777278
176477940
183482942
230313660
144754007
137011901
243252412
137430825
120516799
141659396
201653226
57782474
230313640
133885054
153530625
153528545
143787607
206836968
214815929
218755530
34938938
160558106
137011695
205609106
196225094
136411420
207912875
21446866
147948721
241903976
94063357
20200189
75700920
206456647
125614316
176008481
161966797
176910050
137432947
115946294
8142279
207911445
137013897
147763492
85698588
153530715
147947490
155428126
153531044
85696291
153530138
85698436
176127382
150250672
201164113
206472122
90229538
150252149
85697998
206837021
59563699
75404546
206250326
73827012
90234528
115945862
127537325
197619239
105086960
144463076
198018869
143809412
143226566
143226601
113053779
214003977
114893098
164816520
205609487
153529436
90503491
153530776
197182175
172707860
162777248
173206803
181563626
96596989
172705636
207913869
210436265
134820248
144182000
109601641
227411706
249170386
137010593
206835527
125614641
103641035
150252002
137013805
206836543
207913672
137013874
188386716
147949030
210436619
137013011
162777263
90235943
206473560
207913553
136377568
241784339
90238045
172706539
92228309
173406761
129222664
210436325
207914003
198019491
150252976
162341697
90239886
20200191
10120321
85698072
141300685
230313672
209304227
115945631
115946374
115944984
114788598
262468357
73826598
171097979
68281721
89792743
90233721
253197609
20709447
141096738
113349228
209304889
210436445
158079023
90231196
162777123
134819933
209894906
90237762
147763647
83665065
181997467
147946581
137013116
199270793
206459625
103641148
85695570
150248056
183502190
173633370
206835715
158077510
54651453
54638547
209304472
125863446
207911422
241898494
253310940
150253943
172706471
85693183
147946615
136880635
134820042
85696476
90235135
207912556
195771046
137011471
90232808
192447981
117268968
24984248
137010485
134820299
252061575
147763457
77578691
142626068
206832427
73781420
115946528
115949573
115948940
115949553
115949531
115950272
115949990
115948586
55594565
121334927
214789490
137243768
143226364
155000362
153530992
201164236
93463324
90239906
21419144
63122542
147763474
90234125
207913993
241787487
206459237
206835018
137012126
147948899
206450269
150251781
97042417
209304281
181979097
54383765
128516077
241901959
248679313
206837125
90240109
153402880
153528777
85698165
86573671
114014067
172705875
122872026
162777165
134819853
153531074
20200199
84457710
90238218
169643626
161234839
137011690
247446455
178231065
162777467
90240341
103641100
125615182
120516791
115508953
75404175
138386386
48507397
115945711
115946705
172067713
207416986
151987474
33022926
253552716
143226694
166592194
7431353
209304508
91628867
155248922
170727525
206463646
85697973
198639399
153528261
150254074
155427978
218755491
143106946
162777244
147946423
136484457
198533270
241673230
136484450
69675127
208358822
207913484
210436497
207911454
147763539
125614755
207912361
200984793
179145848
125615542
205303920
150252227
184242180
34936063
176008691
75724911
8142277
208293678
202957445
17052925
206472110
85696345
147948412
90239684
147763504
206450850
125615602
143115391
157405381
42802833
10306152
219460468
207913014
90235184
144180711
186279182
196725752
196057250
177278902
137012304
208358908
78551277
54382944
162777083
172705713
147947774
147763463
90235682
184085220
118997720
217095888
207913825
66846065
207913765
125614581
225194956
241788748
125615243
172706860
147763660
137013107
160133034
125615592
206837698
162777131
177084943
85698127
137011815
136891407
9147063
218755736
86415121
147948885
206832458
153531031
159844259
206461656
147947744
162593473
147946859
218761936
100237786
125615432
147763508
125615746
125614682
183536213
136411453
83665670
125863231
207912290
184235375
55701982
136335875
166347122
147948834
90233940
241788857
147763699
172706524
162777238
90234201
146034188
209304463
247371071
71043991
194491175
150377028
206463673
137429237
198019635
145648978
115945443
115947022
115949156
115950183
136499842
134439385
111103426
198078039
25122390
207913458
23362271
143226614
147633573
210436428
207815232
90231600
87093088
149959475
125615142
158078848
125615083
178723956
147763510
148006748
85698128
177253833
154856608
162258224
207913451
162777271
150249599
207912911
207913233
241903647
125615047
147763653
90229643
147763511
210436665
155428263
206834472
136219344
197885303
137013137
125615195
88206501
167525285
168896216
137010508
147948558
209304452
155347314
137011411
125615468
147636447
209165145
150249721
137012466
192945182
157405068
153530820
166147090
195770536
247790878
75404554
230313898
151994603
206837107
115948182
115949863
115945514
115945045
115947094
21411193
121334932
129917272
199569223
74569266
8142259
208403963
143226519
190623883
158079299
178743739
157405572
207913655
206836026
147010466
157405580
128325845
137013873
136411438
83665780
209304468
142783444
90230994
125615185
155428147
193894516
90237970
85698741
137013794
207913850
207912818
241902780
147763448
153528139
83665790
155347577
197387179
125615106
147763690
209304375
153528769
241788758
56093598
252666326
129234107
241902305
115946869
115949197
115949339
115947053
150249489
136695549
241903442
154469360
24133138
247680879
186752124
143226771
207913437
210436739
83665760
206469489
103640782
125614782
49166241
125614446
150253242
205609546
230313735
93204263
207913162
85698657
147763570
183502188
76474908
114689410
115947471
115948915
131259798
249019169
146492797
125614299
207912923
155428026
125615192
176144609
106503543
150251516
207911833
22886326
98614110
147636253
125615115
205609125
104289205
125615504
209304351
90232942
162777207
72515070
137735781
157405138
16912891
48328126
141585842
115947419
252600283
144197280
215748574
118997772
75600723
115756586
160559600
121174272
191907560
172364330
209304484
135079862
207912998
134355615
125615095
183375182
169383833
166146367
208298629
137012884
207913327
209304555
177755827
209304343
160558145
133431702
153530401
114893135
210436627
128324997
150249167
210436107
71098955
125863241
147763637
85693650
196788505
208296171
155428425
20669857
162777138
190151258
83665764
206458290
19888673
85698499
198639470
210436427
147763568
241791924
83665420
23563077
137012061
153530605
132247293
218755329
205609249
155428281
178475904
150252367
241799380
48758320
179373184
177315566
153529986
153528171
137013660
207912258
147763684
103641154
206835949
206832229
134819721
209165158
137012442
196215514
241675027
241902531
21934256
206457579
83664648
150251570
19245081
206085734
204624113
94998803
209304465
208297536
169475038
218751063
103641131
162777408
209304519
96184443
252011909
249170380
116666634
116666641
186123228
158564364
90527781
196059141
207912993
195091236
241899346
138013994
115945955
115947317
115945753
115946599
115945854
115945382
115947473
115950255
115950236
115946350
115947647
115948679
205988236
196762621
241903705
136484290
203115386
21446642
191718527
119927491
90234023
122362344
7412545
209304244
217195848
155000071
85698550
70655099
218750303
153528803
99342734
155427938
172373565
125615609
147947729
206832821
166333745
155428113
143114789
209304245
207911479
136484141
206836055
218755533
173617086
100253642
207912541
153529468
147763655
85698567
206837418
90235292
99373071
205609343
147763530
166146343
122869244
134820162
134819711
125614397
147947121
207913046
160559330
147763490
177680907
210436693
166146484
177704508
157405648
85695652
222629785
241793279
90588747
137012338
136411445
150249967
155428474
147763615
137011806
147763503
24504725
196810695
125614517
210436523
137011754
96186209
137011712
87093134
155427952
206459844
172706487
162777268
155428575
178771598
206835335
207912109
207911932
153528884
155428771
79679916
26022879
165778734
69665770
105729637
195770494
137010780
62765928
83665733
24067265
184419341
210435883
207911436
210436310
83665803
153529153
75666360
147628277
137010986
72586581
116666359
186123207
155428169
146271779
174064361
207814907
104485061
73313262
163824799
81419552
207255986
57035043
250060602
42773546
100931641
54407255
99615536
103133127
181695178
979730
113571488
253056717
184518312
65932540
160094831
253061887
132052010
114773002
11920015
93137155
75619993
205172245
20119376
73222965
195304636
241768226
127790401
164080528
218756120
179546499
217535079
199956181
73750957
173057549
57658092
184678517
159035529
126092772
114621693
202614923
409956
245949446
181512440
147575476
67574948
191388651
252768272
73722676
52294064
60016315
81756880
174175974
6996331
76404366
195305007
62743547
129198765
56250247
727666
186489716
204985470
95075112
202064467
76067774
131526526
217474397
84872206
106742894
59469748
249017005
69440581
202447829
133574422
114003788
108732304
108694986
57441501
59471071
81783347
103115613
78553109
216280761
247971459
179736088
74560804
190792924
140509988
47158276
144520722
185710139
88736199
184488097
186269657
214190320
59430589
159602678
101597937
157084709
206335918
170959870
52659765
176849416
7050325
129356105
1004757
73750794
58510277
6988555
126122363
94188245
69464719
174216256
104541568
159035870
77625415
53250761
197606058
135281362
83580109
241232238
69638270
114684927
88804216
41016130
58270288
174216291
188350169
108645285
44826138
73250955
199242729
161974514
54569789
72742977
3618793
71974979
206335975
172216321
2775707
27723198
252004034
33761073
205069684
247465781
37758263
207500167
217727401
174445739
164433521
104375599
97070895
90164467
201477856
76053554
7308979
249730872
77149871
129228653
215910859
262974962
112224581
217725365
94652910
247802578
127428759
174447599
195938487
214169208
16667830
20126688
258848771
92902820
132899387
77149875
169749524
145495948
227405989
107184792
186632586
187652903
194489417
127712701
174515664
3618795
70153501
247463388
3005875
74745021
179780403
112223604
199952739
199651988
104325037
100190608
173883005
253364083
77625411
168953976
195778737
81992240
201622056
149653363
107186379
38101282
242484507
199904134
214827718
181904731
151438141
247953385
90752475
217511259
132899406
61977101
190355302
191675208
145495956
59288352
181709639
7820326
108724632
167211539
125973639
198929429
249089942
252386963
165226001
69463573
19808767
21599751
261025027
77625404
192799027
172667106
94186845
186270072
160635053
216205519
252464298
209387382
134614118
262651528
184758845
152378146
221358939
93541186
252030219
180380460
52197932
93226030
59470999
13645140
16384785
124272617
210978012
56943478
195778806
169595241
170181948
74985337
101894666
72295820
171321631
10596245
217516397
15358484
135280686
63065665
103292341
178520850
182542106
177770748
262734720
77576676
165749249
75762781
145092372
25361760
171104818
244306211
7133931
59403001
727639
74985413
147564631
150544940
195657486
77985923
104099457
262087952
131504902
56403162
121370916
85374980
15673702
119211989
125493781
132899318
218761979
249373933
128545120
147837138
76776144
43240052
73223132
67845265
247678567
94372735
259465752
174401372
130342535
193579287
214154800
15718074
46242678
188146852
107195026
199898538
190155879
149767157
173820056
73451062
80370657
55153329
3643395
184240638
127706016
103271071
103297398
5221621
56401360
125495245
16667891
141513877
133390704
727607
199909927
54485541
76223125
165205772
204988474
56804738
248559746
143892768
165225351
249730853
165192822
193747359
195766974
32855863
163824675
32329835
182743074
214154986
214155712
83183602
182743082
148802149
133578309
105394241
188565183
262844200
182742792
94652801
254125639
170959828
158580914
102562972
429242
103120816
158618610
179951922
119229239
166437145
169549285
127786028
174305867
56608106
186501909
215024555
140537775
183331991
197186679
216206439
66936117
106635448
132899342
77879001
141678558
208906792
262661864
166765188
247321416
47515803
86517592
133579219
207272315
130368131
247938321
93108559
110914575
252913535
184095515
215024630
215024550
2051031
52619098
70087589
173820108
174216295
75350074
179941735
165189122
103128369
19718837
217148992
248656197
174258002
77625410
91720876
179545924
85814779
32855840
195998824
126092767
249775371
208004806
156326377
91723577
91720838
184518487
91718539
241020683
240955824
96536609
69624431
109128412
87483674
188660403
107189076
92901780
119334711
109543030
138914858
106854885
179950363
107471611
106513907
151978078
75123762
132899383
193723518
214785331
53241248
95075089
105671407
209606097
105671395
93309153
191739498
247795157
214760115
54997130
58187961
48098260
128574772
16616962
88993477
179952113
95075111
182743086
202784305
212213051
36439775
185096109
65934712
182740952
91720473
202792237
135094203
191675341
32855868
216326625
54998646
127920202
67406477
184250971
187398436
158720818
74866395
193858362
46766560
75302219
179952884
177996648
162574997
140743160
170873890
15739168
67269478
247876811
128588872
103856588
127210426
252414555
174514802
175107581
212943754
202626920
249730698
16325601
31627765
2127379
75145029
9349974
195649322
195838932
29130225
77625403
133580200
91721477
84376992
130166265
95075087
45098396
182743090
241748446
262383143
93834952
727644
241246155
205181480
69621443
158582722
107187236
110483822
136137134
76543589
155439839
195656275
92903197
203909762
102161612
194086901
36618273
102152166
104628385
120999368
184861352
180227727
179736685
12625746
139034089
162408366
114572449
3035613
191998405
66941779
263419945
253265491
263486071
263336160
263347699
262021245
263445174
216246986
201808094
195698258
202618510
199916051
215024580
260741592
253089023
256834929
97708858
212945282
253376813
254125523
254125633
263054111
262936160
205335954
193747048
254125414
263384702
263294922
263396161
215024702
262972919
262582150
262646412
263274032
263273877
206628900
174283297
215987804
263630176
247755330
214191773
185850553
225914371
193858409
200763068
200815469
249017003
199922917
253364102
216459256
208537247
208548578
254125556
193747712
205300562
263338141
263359541
263395007
247463393
262648698
201039008
263104783
262460274
263387348
263571300
214188544
212231842
191005616
248939110
253376095
215024693
253236306
262451608
262781075
263335998
263394196
263492455
263344833
249202137
252157009
214666712
262087748
262845345
261943304
263354484
249730739
200763021
214176289
252680436
259482600
254139338
248982339
247463409
248559655
248978831
263038917
254125658
262645855
262982224
262982409
247463419
262646145
247463449
263419428
249037372
262019181
247790306
248619946
177145589
184449595
263573501
215024704
200763027
247463441
208559383
208555827
260924936
226393436
249016995
249016971
248978250
249025827
199903683
257919179
191217390
254125423
263056327
263114767
263114832
252391037
263396125
263419679
263358873
184240920
184241626
184519293
215024564
50825446
137572216
159035395
180865650
102018749
111422908
37836046
131029637
116106170
252584778
253364109
120462193
217511995
247679838
151506065
101614411
193769690
70145369
247463451
11998288
214498097
66725024
195766861
53239209
123488883
68793017
252156788
175813174
33761117
213561924
164075882
192903384
150200392
94390645
182743078
84382719
193908931
7134319
34476042
109128388
55530217
127426927
193858349
50235240
183488634
186271193
196518954
196518872
54405915
185743250
94188872
196343232
88361449
136896195
50237061
184910182
3643853
194963468
132899327
182803496
215024600
208555266
248558754
249050880
253364113
114852997
188334995
248559726
256834930
254125508
262581952
247661844
263056514
263083153
193747877
263339301
263395727
229701986
263419905
262648788
263438074
197607148
201439852
249037368
207477003
252906365
262463431
262517656
263387413
198073785
105192999
197528472
21381490
215987833
4370317
203444104
133212373
136049697
21727572
29253293
52134232
171660079
41261850
253059727
50297394
216281184
72081262
133600092
19803812
99030722
184312742
802331
4370231
145275885
136541551
48583040
112499337
4370293
102019453
84138894
105247386
27538706
43235771
114690333
200773316
196029460
6772385
50825857
26286905
173420125
3644281
103505000
2404265
196001707
144684255
113103665
59321232
198272812
160560128
138333538
248445327
128593580
4370277
138446749
113582284
226966275
7846917
78553242
9799099
147366344
207898543
209387384
207695736
54709831
216900546
138915479
145525695
22361566
136825583
25707223
85049166
73600828
244306248
173748510
210413517
249918127
124388552
6775849
45772032
136825611
137672751
100178611
177280898
128134622
116721676
146757295
78290614
102016829
50557253
212114563
172072938
206762556
166766084
78923647
23942880
144520875
173551185
66952661
51466321
33342238
187339668
8291726
159849867
201033254
172529462
87382922
56515230
3278475
162152915
11428377
224924004
44775997
206649451
216871024
114073888
206307958
209860957
168793831
248428390
177761131
218754686
207202535
160425023
144092824
84141573
21508886
207814924
100317411
207256018
81572919
16017782
181456323
158006134
144611529
58294344
173474716
153849944
102019309
174667896
121949535
117694708
122226914
4370295
52586111
74235341
74926875
73752327
51132115
4548703
248939184
125932128
59241253
248546213
21512739
174580723
152557098
201423222
127784143
409968
149706998
102019354
85639222
146642687
24023423
162475514
147393479
109177065
46755320
179932551
138621077
54614674
134219295
11729662
37843392
7749871
13173376
53184732
213849520
50386974
176146856
73573537
51136488
61974286
170288005
136825595
4370253
7543291
79663564
40423130
261978321
214619539
39165671
180610200
1013723
201772897
185249741
3278567
178520749
146642685
113671839
139706636
116645782
50561498
227677571
197039720
83677431
2777749
76454975
157125049
14192462
117789567
76395175
79589241
15505853
7460465
108779900
62253906
164015304
76217848
147371201
727588
120469225
73983863
59320949
191977018
218760893
43756027
127551430
103889032
136825585
52710912
249893465
262899667
107354333
164761309
126299319
55141836
166000490
181267567
48632057
34279791
135498759
217515672
104663447
35864520
147729208
201871904
160561870
7924477
90574734
135558454
790047
89992928
144684266
213851119
94390950
56098506
23419999
186394946
49202943
19920319
146728686
174666573
141356332
135539188
153857813
16937987
103774221
204896712
217751228
149970965
53582620
173531592
121063185
57441351
165043671
208905617
55596950
108398972
21608295
174113218
58283674
184945768
190746942
74685146
217914910
122910896
79664232
242083079
41167216
217749489
79220580
136522730
102019541
157125029
2523347
53244513
197085825
26049451
123355996
58814350
249851441
72029591
58555858
130205520
145620842
140537914
74157169
76730303
145873776
58452001
128597332
196393259
146642661
195322252
207899963
135552051
50559694
217735052
4370279
164031548
158641398
108937651
201693454
186709282
174843414
202760782
147389063
57446078
116255525
77749621
69465320
68072834
247463385
19939553
206952496
73750462
137123329
85368060
55580776
57916584
102019503
88000581
129389543
4370247
4370307
129293847
140537874
217890700
68303303
250056254
14849716
7034927
218760716
91607181
102443896
88789294
68415440
60715758
68823168
227203579
75151426
171044977
7667102
208780532
7919006
142331852
174230232
113289851
181903103
183119320
2108105
117024313
119078579
242084447
201802378
26119077
58452688
67533389
162972004
77013999
184444834
116444614
144684349
103773394
93223725
197346677
198120287
98058824
85753252
4370209
33831617
117033401
68827057
249484668
137854867
167232766
217890728
76726330
215200415
247329963
60808234
43289747
186359496
153510940
202245775
59480872
136825581
200774636
46835419
117727527
124257488
34480244
72743399
48325196
77734973
158641392
182484866
94420107
58453672
186231366
132057270
4423175
248816957
201090450
196343045
187657717
80134627
173551161
32752961
2255345
212334205
102397626
164454172
21819957
134240361
35873261
80267906
15149185
157125051
77736353
103808751
3279001
68775088
131504671
157061422
10303568
177747096
72541256
208783676
184904676
556934
116692685
79565093
189080850
159956034
23667135
213929790
139270208
3021307
144684475
200721091
207044694
109661754
72540249
134242975
166438237
102018098
89911857
160445727
49517792
166438240
114788319
21203297
31362922
7907300
207814884
132899262
166768182
51029709
158097411
194179623
55477587
133721817
56766431
19745375
128124227
5497431
88861919
2837171
139706703
142084872
4370281
188078115
145986696
53852262
33359324
67200689
125891361
249961405
216216089
247668690
4370325
257749735
116018958
160532415
218756844
69078488
241093383
206953057
214190880
4370173
182487111
4370357
193274223
4033653
4370269
130229572
102018701
103773729
247463499
159954933
3232515
74534069
165257030
176909446
261808750
28103144
201807546
6909999
201791669
184319142
74342570
56036561
137047008
158618627
109661543
74821191
119081052
160375103
213966280
137078615
44833129
199897454
52028764
43921791
4370285
119215355
166546212
149980075
182464863
88784092
257900730
174522764
68612027
117106624
56217732
57979921
100158204
177759263
197782751
73371598
214200429
13368505
16336305
200775860
9845796
56765358
25766401
247517616
247465760
11239145
4370265
92567980
32327649
14235943
113925621
252394752
203025854
19415834
1950531
49745304
57912900
131246722
142002481
17982874
91023331
90574335
192165359
197544036
249259494
134304529
56131970
91209267
195829467
200935777
57956838
7673608
112867188
105282647
53180242
131253871
251738153
82669456
82874543
100858999
51592243
57971372
127010991
140333797
143849509
8834141
57905714
205346040
249259618
101184307
67182314
82669450
6643227
67182440
183539231
183544749
196190803
139034120
72794408
105736538
8441776
113294570
140563260
247437269
252595383
13883529
3078119
3078095
249259709
4483249
203995226
11711092
87587412
56131830
82669420
249893458
195981208
66988619
63540181
24765434
67248117
57956382
10289808
132064708
212231807
112442142
202330082
196205821
35570954
252979251
66740692
208784257
57956585
98579178
119617859
190239268
13819219
251517288
67182570
116971767
76780959
76372442
58696466
262517251
57363080
136144530
53181595
112728650
54795735
121345423
22977993
252388010
92810210
9848549
54716558
213865898
49593987
92513766
49867288
58144984
59165460
217360366
66973446
63477901
51887646
102116534
248929026
14081034
175106428
116124309
109397875
249893442
249570087
57325653
107538977
147815153
172960341
174557144
178461209
82669439
207899984
205565207
71975998
57568210
9819847
108893868
104647466
247444643
248539316
249259668
249259717
204449464
227423833
144446777
147815170
101949192
8156702
138890778
127193543
55654231
109936467
112403033
174869251
144463310
36848736
98647508
193186923
3046033
200717522
163716489
156234295
249893406
249893390
183539847
67575563
196857700
179793224
262517076
50696283
121363124
3078111
114682899
214114511
128571074
77680671
98857604
3648111
117048278
52665749
77029180
129797196
32674687
102112547
77672637
247945786
112672129
260672077
251257202
249884477
6993595
7382105
249484656
113082701
166159903
216870432
11654567
59213296
249570106
251875830
147815184
109427529
7050323
72559246
166158883
82669247
49291021
127201534
65084448
7050319
179398953
74792291
209882950
183531862
57939892
105990019
173125978
21708323
23951045
57956338
57956504
34168825
49706346
32006953
122210897
57708010
19394436
113518556
46940186
91096616
247677795
14519389
251517422
56417754
58670228
75678493
113272965
143667661
92872083
68301377
249766542
249570185
82669284
213867027
19699725
6846851
250056179
122202463
57716721
72797760
217362903
47887925
249883330
727670
100789613
262979392
109024141
148819470
36770834
174603813
252982155
249893416
200619362
91159546
53292083
49854385
75832222
54931316
249570138
116601959
51899533
189604173
249259666
74742027
199653868
208641576
45169585
56704532
105690837
43865215
49593440
67185855
154719200
59397731
76774864
173883763
49591425
473172
183365047
212231591
98891654
13891031
42446628
179158076
165985651
98562925
42832608
133168116
197545071
15162176
7867585
100951996
116144186
7772156
105595358
249258166
11663907
11661730
151798722
23949163
212257200
71986597
249893418
67186443
131367728
75843319
210275598
144769031
149765353
53793382
126070910
203995822
220819998
1992083
249861782
249570136
469260
74792922
3078091
129737449
190516295
13858812
249570112
49584332
121353509
114906879
50820506
43433171
133168139
53332645
42176627
13884226
87056217
11665320
11630689
145266387
249893378
128877010
24736400
5955161
247341480
2079435
213978861
66999257
113299512
195520197
11658959
86989805
6993441
250099377
1951219
141310675
92858986
110851517
77899295
7612169
246852893
137114173
51848027
155398599
127800361
9845886
73330147
248165092
249892846
74441253
221243434
75984970
3844939
175107469
249570192
173353767
42183780
251279433
188849169
49806714
59415697
162813058
19986794
212231716
79691367
13383578
113283467
197781629
106757099
49810920
176684239
41094628
98569022
88950702
249893451
49591595
80487891
22441044
110096024
51889049
217366190
252400238
51843579
177816682
249693941
56509966
32674694
104370276
249693946
87914634
34513000
249259677
183540934
249570081
172587038
130766339
169513678
74491437
189264151
56387292
151967244
77029849
131187432
119108646
173383324
212564764
76468952
116583499
8364192
59212714
113443700
20551226
116106123
117075220
252388298
210399257
3005867
3078103
11080342
249892019
126960435
3078087
212581571
58391952
127192400
143658248
113084007
179526010
127197582
70836216
142432839
101929278
144530396
144524829
196336694
249570080
249893408
54716547
155784398
203091889
145247331
97327873
188756461
59238205
82669444
82669153
214921698
208641615
76275662
91208974
67231845
82669210
252908663
76118594
55580781
213869091
121322908
77895967
114684898
191431406
197589024
72784904
53179113
117075437
91101153
62780882
77672671
98870805
74563363
159865362
102121367
143927097
169515812
7664415
7382033
2003845
210399559
108212074
100317049
169573480
173014710
101901887
230207933
203982736
141867154
165047558
195503605
162249428
141310766
116757307
82669137
113394019
148823011
136815710
249893427
205002742
212214170
118085094
213867744
77581086
58697258
127202526
185903797
4951677
59431901
7050313
202806758
92809888
205004607
67488231
162477745
121327529
197634387
53038658
191517003
149756612
129768745
91097262
144803372
105687627
72797077
52674339
176417825
73828954
77029255
47888022
58105565
212231911
37927599
37763400
58829650
17357619
184910108
116191712
213976125
57706765
129766491
22386148
183335846
57960629
77672652
247440533
249693962
14517300
195941208
13382212
58299217
142425730
115891860
260982409
166204484
112075005
127197937
127197854
166210046
249892911
1991193
252858177
91030056
196320180
262692733
91202872
262877000
82669254
58584313
76117654
252760134
262980644
196856075
235732181
249570124
251738155
263518789
253285867
82669331
82669288
210425505
205336327
247842436
185690019
185686887
212231876
212231707
208309798
260814242
251589448
217777769
197186662
213856991
252400255
251518066
248415348
260804581
249671892
191217388
253307933
263196473
262991554
173444740
263294142
230203553
262980671
249893456
263558318
248930268
247858672
262382974
235728879
208641713
205542338
205542630
212231853
212231598
249383792
185751261
250085179
248939519
262581919
262636958
249260122
249884876
253197424
248415372
252178150
251256930
249693938
261799751
261832818
199637213
260925402
230206847
230203759
196332535
11137969
214498020
251738151
251533291
253199439
253379653
205009706
263404056
247498156
215161591
248494524
249260043
203863948
249693940
254031370
250097239
14082104
251517420
249484666
263334749
263275210
253091645
230202722
248656186
200000593
252585968
249568611
263539058
263558441
82669345
174821456
125968552
54931363
58189651
3078101
3078097
66539342
160315404
51593057
46721954
196197084
78008481
55659636
57961198
32674680
78495312
32674678
196161685
149759074
72323412
182456788
205684447
127484963
104596244
97708981
129755688
19347925
24080246
15162292
110094893
128926737
250336270
250336109
58668313
115903768
195938342
115897824
115787285
173443342
101914815
101248080
115884771
147063334
144448543
136143614
3078303
145254909
98678684
82669267
7050317
178338706
54768168
147815147
199727377
249893380
127202184
196856504
7839724
222215487
174828909
121366992
174829711
116970730
63849442
76776016
136731549
196161793
143687582
82504480
196411341
37453273
3956139
82669403
92507782
82384079
57961641
82861286
143677980
82669285
196857278
153835884
120455478
157244942
129748755
103492114
112363455
73810449
196855436
47889702
55660070
57959664
173276907
104380191
67232037
185865434
82669394
210398867
222676652
208639510
7050321
208641757
186517279
77186586
75740867
49595640
49589005
72558930
52631881
109628814
67182550
189170313
161979353
127205133
174308766
110096626
181503529
130766717
196856727
82669411
20084261
162169413
57285753
1992405
3078085
78513518
50723096
46722516
19415863
22978020
57956299
57917679
14961307
107561097
162582720
151967094
166473215
112529930
31577141
131020014
23953984
23310297
23446906
105275703
23448019
201791651
2775035
97605400
129742678
125733926
212231642
112946529
202328958
6697005
23310182
52341145
247678617
258379244
129768734
3078125
124905258
19415838
127193859
66739638
112078770
127191938
58105526
226260613
101866230
144448281
144449737
11664762
69260058
105301613
82669213
82669266
205009116
76119696
196443350
180223365
174557423
209916316
250108730
157349349
87120469
209876465
129873848
183540366
105990169
49858386
241746681
163716494
147060990
73810333
113364759
77627060
47888721
165205161
113378359
43044927
59306507
58697635
251449582
251589082
196027906
247818178
260819722
262639870
248347735
247677223
253042684
247655535
248415342
252132804
246168621
200621679
262793606
189941128
263099701
263295817
249484704
249484702
216435327
252663472
263295634
263294894
251395194
262980600
263072087
173444087
214498024
263493881
249570162
249570074
82669371
248930367
210399171
263348817
248254890
212564758
208566718
196158322
252663431
260924809
262346636
262570827
249693953
251256542
252601246
247679861
212231617
248636187
252385778
248415352
257291232
225906527
259479885
212231698
200002408
263292843
230202934
214498026
263481941
263557398
249570090
263562714
263558781
263517357
263557221
196857470
249206061
209608247
46176893
214046683
8951574
215161589
212231918
203864008
248259188
247705564
192935767
249397842
262571758
249693972
257843746
200624211
249259585
263295414
57813746
36830781
73611771
105540809
149764148
213677119
143867132
203863565
57649917
109910888
144400507
221249811
110742571
128822825
128913755
3037579
137958803
114963477
59081760
101870286
116143015
203982941
196320854
248656225
3078301
251517416
97321588
179786853
82669431
43044686
67536401
56371525
59077879
174305556
127203940
7050315
58131910
727647
47101292
76035270
210399006
209877352
82669167
4052013
184124937
183531101
183551516
174307763
148823862
127204885
200787381
185873065
90650241
23304309
11630503
52430552
98875503
68999644
82859929
131386610
72005128
32674702
57964024
66538513
55660297
81800560
105358953
76464707
15163055
75523870
20738125
77895434
252715287
58618948
107325576
185657905
43443597
49593802
102117240
102115650
182707218
112672182
32674713
198725143
138465104
56212927
174878251
58096559
251517318
11660663
114973558
58356302
3078099
7383551
147003461
143868653
165210525
164055309
58105673
110163894
153814774
22979678
210978243
200841367
205072085
161897216
96362766
162971968
215206554
221358424
48859979
69435456
47318745
194861201
89980407
251438953
54585579
172155794
193858352
87961713
185709708
73549447
215151726
146063217
217574635
141963631
194861031
210967747
167424126
174216302
73551093
58420735
203872694
215160839
107679562
10732900
152193221
146128020
2301815
198591665
129871113
251441121
150814751
175847012
58106866
22170892
210968106
2301923
45247983
210978403
174216341
186628458
150880131
25755052
217520088
105633017
145595880
21880979
62770291
56406957
40739959
190515782
129871029
164055780
175830621
167957729
73571802
129871004
199902266
186199388
162582289
102504873
196157701
9971261
3031697
24547859
78022978
73571630
144489784
261800165
146086176
146021879
167957711
194489451
164055877
174216431
251454929
249966907
263243814
215024616
174113639
262804081
263115238
263327357
251447661
247463452
253498468
174114030
201795111
198511623
263243714
263436255
248758022
263489513
263482117
198562756
43947478
262073552
205609770
249956468
201791660
261828397
202616677
263243967
44948554
205315774
161892551
149847672
25749959
14361272
79328272
180316438
130016888
58283066
72304308
138317817
194813851
137553563
73547260
164056219
58728100
192008364
12122009
96013795
71908618
201791647
149391191
204769401
58803313
201431117
73548979
114744969
107187147
129871149
73547696
2323587
120466079
214498012
99850309
171153217
134240237
141960890
3248773
16302882
43947022
82904805
173391165
3246555
87124168
163303086
99850332
185380383
160555923
72476056
146050538
150947076
118696609
214785375
115150069
121003878
129871035
193099302
213721786
208628781
41886542
43867537
120468853
57002353
97808105
54412740
125181281
58716081
86591964
125046545
54826902
183791712
169736997
34811270
84455134
84572617
84568185
84596393
86279608
155159850
55637961
7010477
58253250
3103387
73648544
20202098
195444522
173889220
84287167
84717480
77914279
198733333
57717882
1008544
52198821
49744180
27730679
172332467
109400299
90951347
138054373
48418767
11080679
149403669
63914552
70882836
50584797
138065021
55239197
58867815
173724493
130811345
14605841
188499708
52328944
52343346
37811126
694405
149404083
149404064
149403824
70939098
186632818
11479599
77149295
68225255
115094582
55502608
181796857
72038620
86528534
86284839
12295374
66539340
53312558
12295972
42941841
42834246
156611964
3162085
121434852
132883846
59518312
115547367
109385113
134615451
34476292
120346894
57931620
1008554
112259864
58213458
57839551
28351131
174382325
163877313
212927502
4055063
149713612
20702206
203872072
39328186
55418103
20701938
95192933
11189107
11189666
11080095
50430309
94597906
53248400
78498254
198222042
37810324
57719369
2171265
149403790
3234021
108471976
204247525
3234031
119271782
56025737
177334574
66108882
10190260
116029668
8263773
120108352
43984982
3924493
153815316
53308918
121634775
55502559
73900193
42468799
178043843
54143609
109493079
57012312
136826198
42972806
217412799
1471031
92094345
48563972
57864208
58667119
121263178
121535092
121414691
90693161
52385418
57825034
68490669
44283773
25700105
84574671
86302931
84704997
73783388
121626910
59548611
55424926
117031038
121249001
60425358
55424940
192903227
53642447
154880143
109658978
20713141
204428317
43995628
35895374
19771706
48633197
73948072
121434556
73934241
124905231
125279915
122070473
68267153
19770872
35577834
92565433
121659522
13943717
13959408
13287687
58240257
109319594
55424905
35495293
139706621
121263455
115250968
155178978
6194513
123628499
3924495
200925824
49740988
73604827
2172745
2766919
84440996
86046291
86152469
86530101
86296744
86136960
21431057
107462632
34811502
121184912
120420020
42971213
35578581
201369080
121249371
57166262
57735295
51612984
109509005
55460089
86592761
120468898
81695794
552044
74887092
173877794
173964987
173633361
84709976
84704801
84140497
182711994
55459649
45483709
57303967
196453096
1008536
260815294
1058868
1058862
57968684
1058888
204768217
71168984
43108219
57446949
57846876
22041715
5975751
147569924
156212537
78889961
15690073
171320411
116032196
31877495
177705137
116141875
138065991
134829424
213688944
149404063
204212255
68491905
140717071
149403939
32114928
173724560
176633776
52075875
114880724
200788192
3197979
14273396
201058215
200948283
55424928
109340407
73939469
107462807
54100089
55502712
131501513
34810766
45314660
116192915
20713110
73888881
70586249
55997121
11929439
58242384
121649321
57219770
658073
106610488
86151723
84572480
86132385
1471077
3192621
121661417
134947109
7136713
174151689
23098944
207840545
197830301
8263751
201391410
57841328
57848723
28350553
27532417
112641780
197647599
75145832
108246783
53978342
3234037
163877380
135846769
52849324
67944792
68525612
186633014
58894723
74537972
72954525
48323967
108409965
52780895
3234029
149403937
3233991
3234025
77967864
52401413
56013111
75369777
177614754
202883653
150553636
19409100
21048852
29348672
6157535
55958022
135816003
134290057
115251008
59208505
55047968
195892293
68228791
2170925
67547361
71938570
74346170
196851276
198222028
63306711
172658134
95192860
70964332
70656819
147569947
4932035
121414649
73873028
52140961
189177338
121555699
73939824
68210915
48433369
120346980
75013277
54425410
153815938
58255800
43126463
57767320
121434812
121606092
42761670
109229452
20074669
173782337
8263777
20074504
1058878
1008552
205220069
58963416
4962951
1471043
2172611
5959593
27730689
147569939
28351020
58936551
138066480
73781190
70659756
198651074
130811487
7948286
58896784
17588371
108466223
58935512
975656
214084509
108358261
70973438
71183036
197607741
197608116
112641181
134787148
34398135
135777185
44619498
198650292
149403968
149403678
149403700
11340888
149403608
57719347
48324101
149403896
198222004
196515694
47003172
95154701
3234057
7981127
124273109
58215484
145752710
46599751
57822800
57735365
73934589
201424609
66540647
1816257
3626925
25669520
151898315
73896491
3241595
68562890
59299770
180966539
5958683
57316849
1058914
54061953
54029265
54076078
1058858
55105689
147569926
2764859
52376967
46192420
58949082
172658133
226741283
72511859
108511972
194023598
2447321
89163398
138066715
138065286
148908903
138070486
138067213
67967601
31534862
112639190
197638930
105153826
146392751
56013105
208250781
133158593
78881049
149403692
57781322
107187018
119252833
3233993
22486715
48216135
70882685
98564670
196471368
49712058
71521675
72813559
115888267
29210846
108246602
112640618
39330875
246208311
56013109
195937919
48546284
59191589
73934530
48425374
54421349
4962299
121661384
48564061
109588675
82177221
86034299
84446002
84715499
34376772
201359332
57311593
73719704
139706755
43123014
107462875
73873247
4961899
54777478
146256895
7941117
50064673
74886864
100798090
55047954
1058918
8263763
147569929
134827601
196320560
119257566
53410559
116392969
31910130
52847016
20701949
112642462
252064753
11202111
31901947
11477387
163877412
59207279
88935241
44312032
44620099
149759589
67940292
52727543
29348691
4055077
52811459
115694565
133157606
48547535
70660674
203883408
185966676
74538290
115888311
52417590
119329169
248956459
117503389
119253299
203092548
208432542
48324104
197603783
149776392
197634300
98564679
172658135
198222018
58949449
217733219
3234009
17579177
20152575
110571329
139261471
78892346
74344710
149404003
149404122
59483571
98564702
71000781
94597894
149403839
25074508
197646540
108246939
108246718
73473764
56019230
49740857
73452320
22486719
29348682
3233995
2448099
203092407
95136275
95141746
196473218
55030101
172658131
59482830
2448145
71078967
94597869
4931659
57719318
20701990
55103470
77150355
2448069
11341870
100067283
99384231
132837814
54919590
35487506
55729600
55047877
49740981
115094564
116167255
19771001
68131582
206554009
77150303
3924477
1471041
52774202
120963231
27771976
13628587
13934379
116572190
35488250
25669583
57767841
68488232
100067202
73876678
43124688
120468947
73724076
4977907
4978965
173393024
133064904
121184910
12294134
1471039
122070442
63571356
109335547
52908880
55047893
120444797
192720931
73934001
48585945
20713168
68490301
199109152
57824054
116750422
116781457
35488208
120348188
68209746
46054441
109664560
51347755
120420899
2782205
34394326
84610563
84704095
86035791
200630396
23098869
215122395
57863624
92682134
4962579
168072300
58425853
4932097
73718292
37153745
20201933
69850350
42967779
3924481
94673039
83833947
174085377
186268810
58614032
201319764
52524082
56375691
194134029
205220689
1058900
1058844
1058860
20074702
2765981
8263767
71156590
22042356
57844246
58213568
8263779
5951133
5955399
5954625
28348605
28349642
54849559
113395504
167432303
109571283
55406037
71952400
202880096
138070444
138066523
252064110
204893740
249290067
204634875
163876915
31908245
11082004
70896829
88993023
72802441
53250107
39088169
3234023
51262716
58940010
112642340
112639736
20701963
49565258
71953696
149403956
20702322
112642286
72097262
72304347
70882604
17578943
197644683
2171541
108431282
108544913
55988853
55958694
55786869
56013113
209177559
108429085
135786563
135784458
11341766
249934588
108246782
121386932
3234035
105159407
56021245
52385243
55991611
55989284
116144492
37810589
17586713
135812567
185655335
78885772
78887686
149403930
50433666
149403882
149403609
17599448
174085257
174623459
154414659
8526865
71960881
177330184
98564652
108246981
58836929
6157541
3234043
48223389
196857628
196535368
7471403
3234001
217499823
3234041
2766347
71164843
109665798
195895318
57312122
132033600
70567465
121414655
6960245
55958727
67179229
201384246
201385239
247296523
200731971
56406800
81586641
53703556
73934127
109666217
76449025
57735235
2782513
14204448
253614911
253078028
253891971
252850570
169631864
148048285
195757559
169631968
262515849
263486809
187055646
261025169
260685595
262405240
262303638
260685476
262303408
262420157
198222063
177431148
181504830
141124796
146586066
125790870
141124801
169635662
144757851
74845067
20547200
185035946
184884915
84783667
180975357
155976219
133085568
130774760
169633750
53872031
178226137
146586182
137605088
146586002
164061541
178220078
133570592
187055780
169634725
63966325
190253275
77926818
187055607
195759910
169638168
146586061
155976086
197227213
145296492
198435097
171439313
185035636
154174098
165708954
130774486
63925635
166334719
155976222
78006797
171439299
171439177
178218401
51515173
68426890
96136662
165708916
146586169
107356952
171439161
171439322
11598246
169629065
213868303
169638738
184898015
169629114
246163334
141053825
114415506
261816143
246167323
253620040
217335702
160205756
249854413
249854245
185035719
262405600
200763301
118896556
147765045
147767738
146586176
146586098
185944390
149153364
155976221
114415593
146586044
155975675
128515924
169632359
169632331
195762073
58805769
58899682
60759856
15725061
146585888
141124897
181504913
76747013
141008143
146585936
74845024
171439234
185035886
11598221
115960147
118896530
118896538
157055124
11598244
11598240
11598219
154174101
185035612
49132001
114829805
185035659
15725055
144476212
65092434
165708951
177743908
141053628
68617724
180949704
162577944
65110621
141008387
54932322
147767868
169630238
184628263
181500531
195757912
195759915
169630206
134855623
133083261
213964000
90519781
71082135
76451484
171439098
154174132
39334779
180967050
132881248
263032382
181504862
169632444
196247568
58806039
203506361
147100119
146033898
125743085
155976118
147765258
75557578
155975690
65060554
147767838
48051367
45870057
58898669
214754679
67131990
150780884
177743839
58175712
249853726
196856714
177711877
15725059
45869574
171439254
114843237
114842538
114824335
171439048
185035608
187055656
187055714
187055686
118896496
118896482
185035761
118896480
118896536
118896546
118896504
118896498
118896512
51840064
167061204
40851522
1605875
132919737
171439132
185035841
118896540
118896554
118896524
118896578
118896492
194516165
154174144
154174151
134855814
113825526
184901166
181504962
195759156
48051325
181504949
199544023
169634280
144341585
192947616
118687228
181504950
216866925
137592620
165709040
198573230
146585982
112977879
123499313
123491080
155976002
144754734
141125105
160138360
199544997
167114249
164298717
139485166
185035595
185035660
187055732
118896580
118896508
118896562
185035955
171439028
154174102
187055831
118896576
195757256
114467946
155976172
216866990
68614895
95294324
141053954
152564926
214067295
53870461
201568304
58887543
45871570
45868741
186617378
67216062
149192459
205511878
165708988
175576060
169114748
77919396
83036160
171439170
118896516
118896500
118896484
118896596
11598199
78487486
130437098
141125207
114415466
143497877
141218475
184628215
177412820
184897750
95304846
125742683
201568101
160150739
59200438
260685571
260685679
261025384
262303702
260685530
262302880
262017306
196703985
196704077
262714871
263581977
198573130
205018663
221253432
247719486
251323853
249941077
262843892
262711651
257771021
253162081
250338730
263388020
263496965
263582282
260934179
260819978
208661889
262084879
263629147
141053642
141054123
195758566
184897506
199631345
180975762
253296288
249289245
253162307
110975464
252065155
169656649
177443369
169375794
213559860
257551997
261113420
214819427
214936987
245074964
253619571
253664559
252904762
242678197
263514746
261026059
260819807
262394556
262304242
262304509
262705276
190841975
216866969
169641955
243044596
261819187
247372549
213559666
158816309
169629402
247404221
169631303
242891080
253123545
247426750
214916106
178219221
169633708
261884432
249940637
249931680
257553608
252720497
263387979
175896846
263498431
49267297
263487383
11598238
262303748
262302197
262406196
262403855
263628717
263032384
217719910
214655747
190841996
169232485
165708908
239144560
205727632
229995793
229721580
205727622
205046684
248619937
205727624
230038923
252714128
263295341
205727630
239150248
249206086
174283300
248619934
56455024
176212580
14138459
56844871
193768706
121678374
147815151
967198
56454317
56651053
56612836
73850416
97561417
20332795
147697075
56671555
109108886
136406893
56960530
109377903
93819812
76369484
252405447
72104898
4996139
79565310
14142268
166765487
75709251
967312
56635967
109377964
72037090
207797580
46178882
213891670
14134404
193056181
26219830
213913582
115948990
199737168
20547144
14136994
11921893
7251349
156710975
73117634
225946932
24229220
20495134
3810041
14071794
42701079
14142031
247783643
169819370
213891666
75825066
57797480
94226733
106235845
79116958
8427420
8427428
8427418
114922628
88773162
97552327
10608242
142252045
162227203
14069511
27662678
193056091
42704923
14076304
136728848
79362429
55780316
11910879
20550195
162227201
6311167
73809373
20554383
193056112
57797478
132895619
75040572
56609617
56544979
20552396
230038155
252637284
227037309
225924315
252299384
203967120
248619948
165660279
42891656
109487625
51039720
191444762
191752375
79378430
165652410
163868946
168535506
215170195
97361959
173187940
127191844
210745579
208526586
164057602
119025660
19698330
31513858
31882226
193289349
22155240
44833547
181219446
50299290
14129810
54719242
194399332
198222054
177280832
110686265
191373361
194960664
77650579
59412034
93871194
114672756
171760607
171780666
158595189
68326818
116874440
6474469
116874400
42884729
139192220
169194442
68842374
135044896
133782114
48722214
123545688
113039487
212922523
212922125
163869039
87120201
161266300
164326248
133933447
155803796
168382485
76461951
171940485
163863919
171828825
166069207
147917219
245074508
105178237
69335254
102796649
141972210
99699893
20779924
17490941
128789617
27578047
23394619
28252431
87961007
105657625
173487611
68828509
123568529
29882852
48309730
44216225
115819312
155804101
209644359
31513909
168006799
177889578
170346320
149413176
173630455
72584985
177286853
32864419
171941192
155804496
171579191
155804433
155804302
171808825
50745474
26293371
155804444
171940984
261825571
84783714
84876856
78907329
99193006
84982812
51062612
140652216
47147075
49995616
52587047
72886114
144197581
51971479
58950835
50067338
83685255
70661295
53389178
7947829
3777045
170831611
163138558
77638455
155532861
173295292
198222062
77639331
14950314
45018470
77639438
139140532
72908421
83471577
89501731
180396446
95510872
66608521
166073897
29354564
116874281
171941639
143886405
159644765
94106855
155115368
162385094
170177677
75709775
212943001
207255015
176502596
6274347
170752118
76462371
168221951
25203319
90502477
141665934
208681466
155803430
133781896
167433493
183042061
44328997
8063929
202611207
206235437
196215149
100760792
109575137
196093414
100034156
116874356
118573753
23296762
49309297
126519513
134735307
99863067
102517539
150928769
163931497
201926533
127834799
116874223
42879032
99178096
210274995
58211152
66114698
6243265
112301863
3777037
165938902
37264881
144196744
47217802
75440278
20260711
50273900
109525571
159965641
52311812
3646001
16966227
82106993
170398852
165686931
78914655
87915015
45468613
52316696
70155429
189588225
248546304
75696981
89602935
197672985
210746082
121758406
170249479
176477643
176844061
169409124
155340284
163826584
169375908
143378721
70147845
6474473
140520722
143887246
176934815
6474485
166415536
163826345
157694322
96512982
47238888
83399804
52889640
170832212
155533172
48316352
176842162
152464102
173294443
170288304
82916131
171850996
171864380
8064129
170748493
144048257
178593193
143887642
3646003
89593477
75663659
27531908
43751355
169396867
24043954
147107642
8063942
181145650
143885961
6474489
168882308
173295399
165691143
84878733
43753579
29348662
27579113
5511113
6474505
171942221
196280300
147108207
168545968
123545955
171941704
152463940
114251725
84783344
144407275
52170193
77639874
74957312
172348084
163702738
159695659
74281898
152464068
168896125
83685659
52582625
155351184
151693867
137013098
176127497
169459652
252036495
170478270
205031710
170838012
172386258
208662650
176436029
205102217
170339509
169232459
200840770
170311252
6130025
170177567
217646329
172022387
249093205
169449037
242890981
208684388
169389893
249093135
166071884
252041731
252890418
221253057
262018499
252624365
249467922
261027028
242663099
253164563
253101522
253296789
253072064
215122707
172026825
262480127
212922507
262600130
249152096
244981816
208527046
253049693
262115724
263055035
254900628
189630854
262747017
170736980
252073296
252763674
205883504
221253373
221253985
202334544
172378301
249583013
249867907
251023155
205883511
261820434
197105109
47230352
251396253
170720371
133782120
170857659
205050671
205031946
249998628
178323880
216120095
253244019
171942408
142252391
176804431
242663086
230011181
239194164
221512351
248793695
252614089
253689498
253193933
253244687
27858875
205018600
15993312
119111382
118712040
5511117
155804043
206306040
171941077
177796924
206320098
47161041
253619409
26501652
29269769
129422497
21916220
33337364
48630829
35354722
262651231
20833311
80395061
133781887
183039984
158812493
132042300
142252393
208220377
205883591
50358506
113480486
155278837
175901723
205018335
6130397
115547420
71153521
207205916
155804357
213846737
85096217
10984355
210274596
132195396
3645999
17032713
92090701
28290390
84777738
50185110
8965218
171941437
29354560
131905824
27930633
165941733
126038154
6130999
176436023
58174792
89960200
163848620
136835523
148715540
144023299
170860500
155803283
58175681
171674568
136006375
202339830
205495607
253306776
82107218
189946408
21074974
84567743
52798615
48226786
88776527
133766420
22622198
168547988
169391809
133872494
142252525
202611381
176842164
84875956
89225332
123545904
123545663
105186609
26498642
165211238
10169045
198975761
8142617
31876971
253163032
245771496
263032331
263073125
253306791
167581475
253077067
262129914
198222021
190462744
252051876
165679441
168153173
165854306
167393890
170741199
169688129
171828941
249816769
214769995
221249429
242693390
172331994
164559821
217323800
179577932
261990824
216918393
212924155
253087495
253076399
173467636
178323705
147107990
176127132
171572694
208658117
207255077
257865784
155340332
163831920
171132402
226261280
262718481
253245101
263072416
243097901
262132086
262128924
193263255
262123485
198222010
262749042
176477501
170720456
172038644
217569714
170154271
206270001
167508965
213568286
170421903
197418055
249868005
253348245
253295568
215105334
169047659
170404355
252625783
221253356
262479750
217323308
178480790
176249897
214916648
168519183
251014412
171152286
169642011
253245026
170754449
203924432
208683752
168077009
252037016
260116135
170752074
6474509
217183004
214667445
217179125
262505892
262601061
252005760
210745695
262487336
180303954
208527203
253306797
205008775
178325190
3103527
31507304
165938907
206235415
3162135
6243089
176816027
163832055
210423572
126028391
75701612
89961763
177526273
149658385
196072851
143503778
133782103
116412265
6474477
180975757
126530024
6130359
155393319
116874279
169736998
84876066
82700630
215123125
214200537
111588741
39371806
132776427
94628942
129202219
3186971
213798882
76167949
50358499
48722049
75413051
20028284
147800082
7941516
54643865
50455921
44604043
20713734
58230307
26494264
73507165
137168991
144461826
22100046
72007400
3645997
6243199
77720316
14702158
160607590
80972968
90111490
45468177
29348664
194468327
156657866
151696899
59242350
72885730
52614272
29348655
44196029
20423797
90710405
6130379
133781862
163842865
28261180
171941082
155804292
116874330
167468924
151576065
217322817
171941296
7845076
134402757
133781963
164074991
164043946
155215445
143378673
153472467
171942694
6130047
191444943
116874334
136873747
94107092
245074492
262718832
212922508
263073371
204768061
262129243
262115904
202331670
262129415
247799453
262749116
164501580
6130367
113479646
133781839
118487998
94106713
177783265
150851513
219461957
138823524
44936623
6474497
75302589
155804037
3777053
96369507
208527645
214132547
31115760
125913879
252859971
52170191
181802036
149403944
198222034
26530313
26493327
166533367
9723411
143378666
213801504
164043918
139564428
116409347
155249221
3777051
140919334
164055498
109575068
116874418
192121053
155803285
138561019
217159025
14929430
105662334
14948516
194954476
83471410
77451683
99845734
29348660
164555461
14701929
150851697
135044945
155804002
182739545
109574764
89959766
206235467
89623484
77156796
15589293
155532675
155533351
171057376
94597866
70155644
149519387
155804452
114501539
172325826
148967234
166069579
72581880
89963550
169646734
155804105
167581626
173813003
148967076
89053769
142252386
139564481
196985268
169462059
143009760
8063919
32928295
200528408
31644007
133782007
157100845
162583094
155803567
155932341
132026528
75542925
213821761
6474513
116874417
192931566
91836037
165674744
164043983
155393314
215893754
184298385
121414320
135045004
84877295
100760632
212600534
249156816
144084484
25747385
59234330
77154093
141972048
23524727
141000761
47240495
3646011
10456474
29348653
53483647
49993557
52191482
198222026
205849069
110696320
57892906
180396197
162166990
11512576
208306354
45015835
35345819
30167025
9995866
83787513
76462131
139263843
73274048
116414066
170093785
87523538
143887277
200521298
50404522
136616766
170751903
196343036
144192766
133782112
150560830
171940870
206999037
11429193
24042422
262010243
263032347
215121586
253046033
262522728
249581499
170421905
134355622
176502835
170752056
172248037
213894850
173011381
170835168
170736669
205018497
213894289
217169991
208662391
247402762
208662718
217323861
168519174
170310971
248594747
168878854
217170550
252036524
195289108
217158772
251899599
170754409
178323885
208684436
252888803
253313515
253296144
253347794
182155852
262016128
253367884
261819431
247865460
216870418
262487483
262482994
214942491
217258384
262720906
212943065
212943082
212943003
212921299
213894849
253620109
262125152
262137923
262123649
252628716
252037220
242153700
26349117
172386127
230039961
165018088
169687581
217168481
176127353
214941748
171857145
205031706
141304908
176842165
205018343
172286730
176436941
171999291
248592587
253073420
253321299
262489285
221253807
205883514
253203302
253074056
253348948
203204846
260819134
260741579
216121184
252292845
221238208
257781352
249867436
214946382
253087154
249576931
259541085
208662660
252629045
193886846
92142432
39838778
188918527
206117988
13577187
150997181
211028110
211026115
171935217
143326461
58441924
103085088
162173961
26341185
222329346
205899652
112363180
136095148
153987177
52144959
195482694
21082172
73827022
128252545
57696627
206117747
189174101
188960113
99505224
140333242
188947430
58388857
177787895
97822886
90240239
79959839
163887413
138898450
155243632
19579202
26119065
114849132
195482801
40750212
187619440
2695345
207324185
176818238
21863559
172157576
103136297
35614174
98967555
189174072
212559956
187619419
75994667
145851165
114849009
86573440
134354626
146422520
166450420
181233056
57484138
97754234
189472691
68703409
90573692
206835150
117992353
149659292
77510558
3022191
147853796
141471967
141366103
160763024
19700443
27829459
248723355
473044
139076706
150253013
123202311
123202135
15303372
144479458
31276839
195504819
147648827
11259774
176448911
130730858
58125325
89054335
146034215
112717364
196250789
161236899
7101541
149268222
191914788
140459941
252099898
37487161
141972132
20860818
123202469
217563111
58435882
105127254
152291413
128805541
99491730
1945399
149798575
58391069
86857360
75789917
21761443
38444443
56364286
145711292
191133618
19740966
138561390
152291418
58390777
214591096
163024805
75320979
181750847
38415233
170767020
214692944
204064416
126730103
138383467
44245519
203960851
173891658
201122439
88779477
195127515
43695337
102005872
202616675
129917325
134293172
141961668
213967305
68107413
138899891
44091681
158078888
158077291
41264527
171199256
95255462
58386808
113061165
46110522
138900011
143326491
21758976
169656079
195512724
188846972
194200439
15303378
94784363
13577957
179746698
7220077
98955568
30763661
188931300
37548865
21741433
47823208
136007657
209906203
138386843
203960862
43182410
162200314
129916948
204318343
73826756
99699389
134293577
130732237
214658926
140503625
22015652
46177124
162149512
95101287
105084225
101984790
58406236
133867773
204064409
15519949
103472874
58446066
211027908
105085673
76695450
3013857
58125098
89143036
21613424
137013424
137012339
174029918
50376175
7220111
138326983
137253882
138386856
211028234
179786630
136117882
168073316
137010796
20550880
123202261
36028959
157400471
21268654
204318195
202343760
188911730
212283660
2911407
34940719
187201824
214691076
164254424
138823386
171437962
89340360
73614784
125614294
214688428
189468865
117992444
134416524
176127212
211027761
90521002
211026537
155765113
211026600
41294353
199631790
9984704
196373557
141513428
114689446
134293407
55955810
72669596
155242517
19735699
215555534
156679593
102118402
204318630
124209005
213721897
129527608
86820072
31264708
103472552
138852692
188919325
141650594
139908746
131359363
87447494
74854969
103473006
54677955
23879999
17464338
140094761
92142447
146870978
162173916
119632835
134519398
198573266
76008871
146248809
164812871
32022900
208185492
11260063
47824413
137253709
162173375
72216139
137011427
114688447
204302541
138826808
203960840
203960855
204365287
138897573
177265989
201112401
120339263
36204425
204289315
176583367
214909719
204318593
204318201
204318168
179792669
138385402
242689298
243091288
6895555
140376045
204437733
249092100
73826739
138384753
138382937
46585468
38355993
144755684
7219833
121980331
51200117
201091045
129916760
195305705
141807957
129916802
216463573
42849084
40418108
171151924
134293857
54095687
129916871
9872101
144198855
9872117
124208900
206832613
84783592
125614269
206469568
202037768
46758318
68659582
102860183
31265460
171132655
41335396
183681279
204065101
109067254
214692622
194434308
56368544
39194919
38412624
2626969
204064542
37546404
58389651
153594375
44768099
204065506
185547495
157349314
66114253
97762151
103473867
74816582
206665318
204650196
138152241
46980958
89455754
150253471
137013576
247296225
19767716
108808536
10152548
161633842
115786258
191006241
259567952
42229502
137253572
142720684
147649828
214657815
117197838
84802787
172707010
150247888
46882102
74854434
128326097
211026718
114688306
193397008
110778565
215792007
140374995
32022520
203960845
203992378
203992243
54585468
136762330
192460213
134293422
41537077
21612158
167207285
114844780
214162190
123202370
9872099
37544689
93000707
129916882
58386612
139670852
105531997
186362208
58409220
7101535
155252817
186202363
125741238
115464199
20958203
95063340
35736363
214659223
214692379
137013329
133669082
40429990
57483977
97821177
21604184
187619479
163826989
89472289
144046527
100265401
206836559
38380659
45945424
247296031
112550310
3022375
169656060
196825428
89152323
39308222
58438720
188946985
157045498
21758899
40668041
211026575
38365867
103472794
144230838
97831210
103791543
147948607
39313252
211027372
125638268
188885978
176765036
204064916
141128864
111820933
181918144
138383878
76403667
46202184
140375011
215973646
129527958
203961147
203960916
142276773
115947859
109230108
9984678
31639146
153589617
14715613
16322099
2581245
146491641
40742815
46586672
118998095
710279
169655797
123202616
229714312
217411267
130447969
123202155
204318224
21259388
21090859
114849080
123202614
106105052
183540401
155243076
134293726
129916956
119632988
68706591
77482211
125614620
97757755
184052774
39312108
119633480
105153787
153486334
150248044
117266281
150252210
162173865
144324739
68778267
22254812
173304446
9666756
150252037
138825750
95225663
104661487
189170997
41597973
22366163
150248421
74816244
211026792
99924045
103472767
102907915
152291404
40669315
213479066
71561509
76007831
150253327
115896632
211027182
165015371
116277585
46891348
211026978
77482238
200039331
211027222
2829657
39190242
111285890
207717795
214692236
27855061
23531064
242842521
3022193
9984674
51585201
43154266
248757995
214591015
19767531
214603501
87161881
56364050
76009140
125747786
113957164
58988878
213969881
165015319
211027483
38375445
173302930
155346988
202037787
46759078
56363972
214591861
213560310
153598563
214656628
115464460
204065056
166413743
140046645
86583495
115949151
175157790
221265260
203992149
201122323
36085668
138385022
204399121
214603200
247802646
124208695
189573065
213969882
21799000
98739894
214761161
206835242
145777445
150247793
204064746
144621665
176476585
196790065
196802975
38414641
150249352
150253676
138954651
58435349
155347099
16707112
186202413
144462995
211027094
170835930
206466637
97822432
211026927
163793636
170843065
21608000
173717189
188712678
149798404
140514257
137011872
214690554
110943264
24999851
9984692
9984684
19809797
203762723
137010964
39196844
130049449
44060501
185547469
144475321
165687323
214658959
137253785
188947236
144755016
101985035
206836167
29285671
151592044
104648289
188880195
11203812
76600225
184898024
138110522
149148625
158078993
115945510
25363319
74534305
49485259
124479802
138386102
178951523
203960707
204437406
177455038
203992328
217323003
170842486
68084374
54414146
136693708
189999009
8142327
73272488
7101589
38362892
41624089
38544635
162199363
49119783
82913330
3243839
191647818
3561785
214603173
22112359
214659195
12114108
214618692
188375731
97846659
180596091
42437908
204064320
214603044
103472512
177446111
21846208
46202398
49919614
204064447
132881144
92383734
97990855
58403204
211027748
204064369
103524499
146422443
188701167
188919637
74282224
134355080
109853253
22145481
206833093
58399441
44138287
164073852
7101583
211026712
193620848
164537176
211027374
211026109
73249123
213100557
48575508
3022401
247296223
214605911
147854802
135600952
220656951
138383472
124273102
54354153
79228067
203998899
20267457
138382388
14758066
16259724
173654836
75640322
152023929
146034103
157172879
195438206
261840120
204318773
21082870
184638223
129917019
218760886
125686144
155982339
134293188
134293859
26166098
129916913
193340976
137012437
35614186
87168884
188707973
94997893
140517760
145225353
152025146
58396380
97835249
38457689
103594037
146871057
77716821
38376021
58408599
120518390
201841204
214692199
139741033
214660878
187201822
211027811
35661008
214756351
58393515
103129501
95267559
51703102
95267829
39201399
99511056
71948296
53269976
206835876
21245769
193061781
109230839
19705614
72685736
213967307
170858816
104743119
147632713
206836317
170108462
191778232
67545731
77495822
39308348
187619422
153963594
204065053
153844565
181473068
98010246
125615163
58438068
105895665
162173848
211027992
22015728
211026306
38413302
24061122
215197480
211026472
40430389
140096920
211025951
98978156
150248257
155347647
158078782
58390562
41258165
210513068
1945397
149973873
97843367
98056705
2179623
204064488
98864676
206463204
82243649
160875289
211027095
155347380
197695118
2916093
148966245
3022307
3022387
3022391
38393328
19706123
19700051
134252334
193228304
213298484
186135457
214911242
115680043
142720688
150250011
137253534
138898166
155440236
149781205
218761977
158076870
38412458
144331901
214948720
167272693
194188429
59289277
150253315
155240979
144464432
46757899
176502237
82914468
138898958
12114043
149798516
170318231
192848686
15380612
31931218
97840972
114685309
208528310
20161563
149798494
19736610
96325546
35297438
155244326
135147370
140443736
137253681
48459117
57499789
44459650
194814119
181488791
197679328
162149210
162149767
138386396
70878787
208416565
259536720
56798137
1534463
52289468
27626456
54378653
17483354
119286355
80768650
128632970
193668787
73164498
5473181
5473253
1042628
1042660
1042620
1042632
247452687
163027326
164062301
20764700
15068426
21128203
44484144
7101689
51284435
247016076
50336669
12517445
61885741
5472935
205897653
71196840
1042624
16061231
206243898
19606380
164255873
164272505
263405265
253089933
255438829
251404633
222680329
260820278
259489383
259489441
259489367
250076245
252185514
247189478
253361388
215078858
250088006
260941601
262053945
262891927
91833946
7101721
76120613
147413356
216870999
123202506
80757866
175148776
56384739
164210399
205863246
249646744
7101725
51285970
5983427
7101687
7101693
73593678
184085298
161368551
188686652
230364048
68489856
53501521
51285966
5984773
50558697
73164002
51474888
1042648
118280841
208437391
1192891
191752932
194501025
21127373
188685732
70824847
249861732
253407120
7101685
184487954
178503864
114788293
114778930
87103528
93317019
191752944
71893940
189934984
50174946
20480759
167008065
78923700
78920434
185717560
20767963
230364004
57913125
80765490
24238151
197855117
141235823
5473189
76205551
55966750
93318312
229714345
20474951
105591767
195853798
14256336
182709128
174123105
21139139
262891541
164250824
52449308
76192627
192581332
73680796
4170537
245773362
5472743
106644389
1042656
19605823
13444139
253182312
190861576
6406101
173556208
35428034
2749323
251460017
259489422
263047699
50352717
263404042
250560990
262053971
253178654
253043916
259489339
259489426
259489424
262048997
248683202
248683137
260931540
259489465
259489430
259489333
250097325
262054011
249035500
216232226
248683766
260931831
242485112
250095994
250076560
250095089
167483642
170959833
194811984
21034652
207936513
191752953
253414692
195860750
191752884
167481556
72301304
7101763
119633564
126595386
5985067
73596067
106944287
7101675
76109199
76824717
5472717
5472633
191752900
191808943
21020781
262731009
242484526
216379343
1042612
72302490
7101641
45581641
49778653
193614020
191752863
1536287
101855279
206249591
82914200
21012055
198230368
262730781
21180158
139422456
4317059
202224560
196562371
7101965
73882357
76582969
51988284
74829038
58460748
25146072
142667271
168562135
253410271
263060432
7101963
206833452
106032986
5981775
7101661
202882849
5893939
74557625
259489387
191752955
167433649
20709500
20902263
119437054
194811925
100178526
75538887
130552226
157198796
201854995
53529733
158019885
7101631
184909019
95334381
7101977
222680726
204874414
9955574
56919106
1003491
5473173
170079433
1042640
9955572
37486813
24793120
17971802
203184162
76134127
21218526
21011158
242484033
213584699
78020985
720379
24786913
7101991
7101635
1000115
12626375
5893943
119633875
91792546
59470569
22672258
73743751
225919511
76114263
115945606
191752859
1042726
19484033
229714302
21213225
21176064
20804131
21011845
14984323
95260131
48273985
1192871
111286248
7101595
7101639
7101669
53515468
7101629
110252356
7101673
206052015
259489462
259489412
246164285
251773193
262727433
248554888
263032719
263101288
262730620
262890236
262818779
262904866
252933908
263067009
197856522
253362334
260818801
262730255
259489443
259489447
252783033
252132915
240148965
262808114
262908567
252780874
249671522
262891410
262690494
262891188
262726229
247901034
247461457
247899665
247655050
263493079
262908391
206360468
247899245
240125127
225385641
259489523
252131980
249789487
252185045
249668366
263107125
262887602
251756307
248802816
247942366
262891575
262892016
262725730
247654766
262889676
263493508
263486168
262870032
263060492
248784087
206835136
252784249
252784727
252794964
262891217
262530547
247939651
230010557
247943326
227858780
262891798
263485019
209305532
259489450
259489420
259489481
262302514
252771234
252390744
252159648
247796407
262887220
229779236
247654003
262891335
253182334
262730699
263485780
263487574
247377132
248802098
248798131
252819182
209305541
262729340
259520650
259520633
252135480
252139273
262729647
252775640
249669787
249668031
262302668
249671706
263404047
247901440
248554893
262725800
262689987
262891623
230364129
263487766
263484403
263485949
247461032
247378047
1194209
173186876
169844057
249777356
174113583
141567651
48545251
254093873
184449644
253228703
198588075
120111697
202387319
14327986
197409388
14327982
73852392
19356091
221784213
126022526
108838933
124155994
107962987
133599968
73843579
199102697
169914741
195913891
202862628
33093145
76114314
19489313
140971575
1516245
43432631
7101919
24265640
194026885
197896940
170330507
45467680
55479742
1739163
140978260
109533404
84547040
25970069
229790735
216140299
221988793
110802589
55671372
116396584
5972135
7101915
15533200
87088734
214603466
203245790
249935626
47102908
191142441
203961125
19515291
171621062
34843800
109522587
19373602
170514625
240460391
173033347
457069
187618882
19594558
58452124
141819563
169844305
107033340
248543433
137854395
214594972
161239534
89007108
194025467
173727103
214498104
163026498
207493601
109521688
20891704
192287381
91209388
44336648
43928809
229782731
58676838
54761166
73940631
72282365
121954495
93272247
5816433
215024603
114252169
40949661
99855319
87160159
1019094
19372091
217517936
77578641
142667184
109525819
732944
248800195
55512712
1514791
159382272
176051585
202802226
1192569
20095442
45551055
214591027
25705547
109506639
19373307
54479385
74895061
178006426
75551221
50407897
56188038
67969547
73401964
214961158
73988595
44113525
210298234
74466488
198825019
214593767
14327994
96989048
203961026
205719454
204888123
73514837
216360029
6837043
134780125
174107459
248541397
113078355
190612494
147352997
123202674
49645797
109787974
80160252
99889563
90524554
90524252
197896956
173629402
16875227
167473605
42647837
98164063
54901276
54623200
90523031
49904636
46751759
73288949
253182301
56309579
87913879
197408632
7101813
58550743
170079108
186742933
105658553
109515260
109521880
19489798
42351998
216226934
216139564
55639019
19345263
199671250
118575615
48602955
248541723
58522953
202387835
71024628
214810285
3163355
89278401
1189027
205473563
227743472
251404660
20876361
160692396
19346761
289016
93043534
68021403
8006820
5999213
48933102
108327553
171439272
50356812
200857250
189946530
177209907
240502769
181153992
77713044
217641422
73516286
74316318
174105662
150632677
5023277
133785845
198651529
206798137
187409274
73529745
109473322
205727125
74883265
240546066
199672099
7101913
51284232
196853196
49981339
89560882
3608355
17450886
141235723
150850464
175987395
259489389
203246907
257786994
214603362
90523546
90523816
197677932
160784502
214873555
44330338
46585435
210418554
128261360
163025128
109513134
35526451
52178161
20891827
73594151
171184700
188196772
73410894
160561966
20876955
74572071
73526314
19345406
189336146
127444682
216368670
160563253
177145607
170959864
7667773
249941586
199704320
205473248
199700972
135282860
7101905
43389665
174113699
202797219
58311456
5753809
20694345
63837407
50407901
3608353
3608347
174216239
7101927
7101911
7101833
174112925
3608345
214591834
19877469
154924203
137860490
53293566
259489444
5023843
170331615
203961169
8006797
3491525
55244410
55477074
194063506
191752972
55513138
109488101
108327605
35526714
33087504
119285436
34808714
190608255
50730953
171154433
196724379
20876877
183501533
33092504
175110402
216142353
108327574
160392059
53587286
8818168
31945430
154174103
55479279
121954482
176645340
50407899
55478949
55711765
109520452
7101901
34743924
202797547
253103858
174113629
174112921
254145785
248542270
259489397
210734960
253101243
262908043
262907487
263046366
253304661
253450750
200330257
247897056
263404032
251934284
251944157
262657548
247460116
247685924
253402894
241883077
253105240
249779829
174105620
214603493
214593747
257786996
210735036
262908635
253103141
263046707
263052062
220668142
207710364
262754824
248759575
262656269
174114406
208414005
263492693
251941836
216140855
252559346
249774828
216380492
213724164
214605813
253488333
249664420
174106212
248541314
259489395
203245786
262807135
220668454
42169000
146935801
263103686
216356759
248011391
214593695
214594961
248542451
249663053
174105612
82864302
253103576
253102535
262801912
263046094
263046518
263051611
263054815
263036591
214869104
263487762
253228867
253182274
253182325
263052661
202387082
225269708
208415217
253313603
174111755
174106545
214594977
260758853
260768887
262907668
263046868
263047240
263056162
253101937
222349796
262877538
254093864
216359784
249775235
249774705
217641676
249775156
251926503
174111769
214594949
259520641
262907926
262908543
263046245
263057096
220668828
253101525
252060015
263102655
263438480
253402494
248542369
222014171
221977932
247901539
263482210
205863598
249775036
248418893
263388495
214594978
214594953
141579573
203288136
257786998
100959416
13376672
174515233
12700081
131194796
161226149
203960975
35546333
179403777
181919745
57099897
194026705
8002639
109537470
125877718
51061809
16874626
73522625
171439052
171439191
151676605
204444310
253227894
151676695
175110488
19342948
216142955
252389728
119225228
76102315
13329014
10038963
44290489
75516055
1945325
43419585
48608017
7101925
214593766
202387847
7101921
7101831
197409223
152095682
114252546
143515394
248542235
150850527
13951669
203245796
249938847
90524491
4804763
90524327
202612172
49866982
131194816
55477572
8006792
195861551
8838415
408765
50356754
109522026
34844866
108327558
66610805
16874999
74572921
142667186
199701482
52177616
248011600
160621013
247792671
142667124
126022567
19345459
19343900
221943415
58496784
95334334
127847124
214608026
214603525
214603349
15212583
14328012
198572882
174111797
252858230
130772703
203245794
13376619
90524016
193533117
220668872
214661910
8006774
194025651
13138458
118247391
189946695
195999831
167457286
210155282
192395774
54374472
51061304
217751310
253229825
177208622
49291398
19373046
35526615
73854786
178302227
73527134
193619746
187618894
190632324
10704666
720386
199596357
176835214
7101835
21147823
174510502
206244425
157114122
95334336
174105640
214593764
261821759
127745730
1587967
136819107
174515249
258515297
13376651
203961052
96303618
55476562
247741358
37487073
71658943
13301084
189557419
109515573
19372848
34845646
22082991
196723339
50356757
16875532
158213935
158628218
217751278
175110457
510913
203931616
54901330
19345155
205071893
53519561
181488883
253401821
127501784
48546744
9825235
7101907
19295837
15800661
162838843
196825334
101591492
6199755
109187062
8061641
22399840
193770321
55151090
72938679
48444631
68554615
106215614
58470122
46752499
155045937
165585683
152094507
73836681
205052971
74567472
186457154
253616885
52199196
207958277
192585098
15942442
174151425
252166219
208432540
195961563
206944808
188492012
247760902
135773434
7967552
262456650
101270634
74615612
60208000
135559472
165221013
6391783
213676886
44300259
548668
508301
508299
84786433
199112449
249309431
196184222
82846907
148807979
23290519
14544556
122347440
141789322
11121933
45802311
51252198
122351782
14992063
159118270
16771059
50460954
76309297
165585702
48428798
59052257
32449575
66936471
48445992
165964242
23099128
23099118
5845357
145691063
54581182
76551511
58001660
249571091
72027925
32048823
14322175
166147484
216404777
204044482
76124944
171783985
145990318
263256302
82884382
58323914
16279592
101366007
162389461
701164
216004833
129910971
261005650
253045062
548604
117974871
66643377
58652528
146386828
184602871
226018812
113367614
153668068
719718
37401427
22390966
216460620
255356299
65381815
20882854
14952677
93221822
95212239
15800649
7967694
10224107
3642135
7967554
73233375
23870755
16863785
144060506
134578043
141597887
108967823
31998149
249389002
72633841
7391971
166156529
78021078
93318001
13576231
49116181
73224607
200852731
141924098
12529021
171942940
247891952
193546296
208416800
22962228
881092
91721829
108964913
106457644
8061620
214910508
141595412
1024158
103662997
135557750
144084433
146693123
700140
248587553
10103450
113367836
508281
154414972
844784
208178793
74856153
174003371
973584
645324
137847918
25705028
105639651
15269123
32377138
36675931
216404849
141678994
216460675
45169413
142667108
186498116
259482300
102574232
260810186
99719238
182486731
16609835
215697949
147116879
44015149
32380340
5473119
79653588
203291840
173206379
91904906
8951359
46687839
16490357
22100644
130028095
32373557
36670138
45842669
137960609
33072044
216460198
216460241
54480241
216405283
84894063
78878732
216401213
45308604
13576235
109310033
16684752
140628004
186577314
10226725
241993180
165585711
135094206
175815911
20087641
109588323
248886895
137611120
135572159
55118575
173117626
15800697
154702445
172104389
176612470
134503864
214920740
131025616
207828093
193669120
135442963
84574225
155880628
155103316
155631274
48314464
128348377
54444641
508373
97073804
79322464
212219650
203156265
206204009
5473037
102020825
508295
68611469
32005687
137960625
19403042
23485698
175573316
4068645
15392528
19597889
88231831
29568288
19931288
77030976
22959582
122353531
253152446
178561349
205819564
185176969
4315825
197214973
57866228
199043092
67090003
113718032
66625168
134817767
77156308
172905223
156729378
146081373
105983507
176263563
20096854
198821363
16782650
185889460
91720872
190826471
161619052
196215203
215988285
186498125
252389206
81540352
251395831
114459212
162121554
244318069
92475079
14952649
53249427
66681954
25733991
81376368
214153632
196518911
106215591
101270646
47048716
213842250
67113643
104027914
49007665
73173239
198320474
59429253
51102838
181746461
143157840
60832966
174111914
225272526
140537995
226989157
155390253
165604237
253068918
77626010
225972326
48117903
508297
5845221
4568311
133426703
95213399
253365474
204282598
4780875
75987759
214006155
101999734
206673063
216404735
27733013
22064681
22099643
54497653
241992335
144365875
15276563
15413457
122521001
38917828
45261656
144347415
73258420
183702775
6200669
32392698
20085791
16766208
75182721
185860566
155217141
17913143
16936597
109586565
241801405
51245403
195676427
131504673
175815794
142667195
247958214
182457788
92686658
136113856
137607901
145990360
68830278
208120831
22782460
46752765
198458265
247662398
210151466
248589395
207828081
145990397
125849525
6320219
3643387
83852270
129710134
32366483
140627990
171169171
17948757
14952635
19509943
58976245
77868231
65877094
71319967
137478371
44810254
35235160
166398930
191438422
144471821
148823775
51103454
198327587
213842177
66455154
198301815
700107
151489078
16556372
214154751
117597312
165586138
239170276
3853809
101270721
166009749
55119551
77581026
199112286
20297954
59079626
199601536
204804548
101270687
68221058
241992650
216460138
45802357
47500594
136818633
177055400
191506065
76682756
208779871
14952645
19815400
19381108
185859855
16854250
189472662
13901182
240318803
22372766
206566701
178561394
92588548
193535098
16936253
118796370
57870401
248887338
109266925
55118405
190732108
206742567
102124315
36569055
119447239
87603212
135754466
133928722
95497745
105933078
134708716
14706811
117595526
203150425
253068523
5844915
247518720
193558272
48722820
213930858
76825058
508300
174113989
101591972
198588097
59467655
139706736
174299648
200623683
125729535
144585214
8156549
80366762
122339348
122221713
41345774
216401218
19900309
216460278
45842248
217148943
22222418
29346199
207958276
82845558
551991
50461083
19352879
217720365
147116916
16936329
208621339
155510197
203994327
155387559
199734295
74572059
58001631
72007768
136796392
881084
36546960
55272830
7965832
141075146
242696627
3950331
130168799
16273851
11422542
205003299
162389423
58940081
144068821
149756797
148829769
60205640
214162387
701763
165600412
700108
13444151
225915546
157084711
207802436
105897479
91098165
113352119
248643786
193557914
214168956
22186231
82074133
133426697
124272289
82847590
25042704
217520204
33410334
217520228
216460231
28736440
32366469
220823866
15436588
216460549
45814329
216404784
16094556
15736758
216460262
143709242
49116458
11367015
196838376
207042541
251284037
188714510
551988
32428872
45169432
25734060
137960627
122277735
25051828
25813645
137960631
216460263
217520338
11122060
14335042
15738743
31998479
16255286
42551612
16094259
78549354
31689271
217520262
36961145
91550255
31687814
36209241
171722333
57708406
31705449
55335245
208286041
103770045
192290703
15942314
72334096
199541759
75629411
20085134
14952653
185888195
21450625
11013377
137907046
16754893
204038301
13901026
175815685
123513797
263336101
73406292
135459342
176216081
14952633
20089521
178559982
108002805
192920701
37455505
114459186
51573931
208783522
208779857
75617844
243252548
131504872
192935886
108893878
183488410
173758275
135773366
217517680
160069222
81298283
188134621
3921105
115599305
82847800
155403337
79267452
7965836
206433543
214933282
214952769
172240838
143354743
101270638
109693139
92809586
113738186
190519646
138071635
49723848
14318144
106215633
50351925
36569176
243421908
207828075
163024877
14748980
44336917
93539490
103771412
203994309
204434266
175998715
54581180
13898952
13897132
108890220
120311514
131504629
53899459
22884866
29655041
103822169
178561271
182457809
142667314
16098100
186498121
199542654
135602139
135798553
210151459
169128393
82884404
16287533
114459201
15951566
216360742
75634407
16107258
82844873
135222881
169758528
109070347
84180561
139706747
3854811
133638335
87052287
63976614
169771804
193770762
73240449
16563690
134688812
214827318
68828556
94882236
61970829
73744524
121040639
131025846
98276049
66570341
204645855
207816984
207828145
207817002
248880120
700106
87958289
143677631
23099018
5845199
548761
49019836
113540151
508285
165617027
155602455
252887543
147369720
111937774
101591415
74567979
14305228
133426667
85035467
172146018
197602775
193558013
44014597
174293335
48509130
144142072
208683027
207207563
217202169
7625981
111155163
55959050
172131971
146762371
65362413
83165748
91512709
203280917
81296536
229731972
207227317
106243386
19490506
154702444
16863204
106805977
144070927
137593907
166006569
169772197
21276719
166028142
147369089
32763466
72007452
134685748
48049669
17465311
51697361
165588174
165251119
230080991
15776396
150731963
111173850
68865053
32787669
59525335
185582753
31883127
198771137
46688282
16580659
16561903
77683037
186675693
166025575
101270705
174111923
108325133
74885205
91254313
111874305
203175467
135498612
143915784
154414900
119099653
22186617
87051635
208108984
5472897
5473245
125729563
32103603
185334182
16375572
148824346
68218720
77721441
8064886
122521062
37410300
25083594
136121028
130324972
217332084
50263757
16264914
45818778
137847883
21013763
28754987
166147999
221223535
33543761
138065964
217776594
122592790
23924533
14343984
47869115
22100416
216401252
59579846
5845733
207475851
43111309
19907431
155510160
208780697
165585708
162390966
51263779
50461203
16855549
71356136
207514544
185860170
175998802
22935829
171507658
16378276
881346
185077946
3074943
183064357
192586623
67110860
152094871
147815215
23437650
39161934
217286993
102859711
213847887
12117431
68611705
217777376
16378339
21030322
19853898
42612517
217290937
106215627
193702948
16379760
12118138
146967840
166123370
20123396
143915717
84802177
23887085
221226704
27523262
16058926
175998763
152094819
14292998
83927776
169128546
14678312
39157230
162167296
147353033
701162
701154
185443394
217319581
203994306
175998812
85062937
145426257
131025528
21030184
22070529
16333212
203892133
175998752
881306
21030051
212578885
173970237
14294282
204437759
217285805
175998811
16328259
701158
173970227
14304088
217764011
218762820
217520144
220824391
218762353
68611709
68611707
261803757
90835738
205614461
14316728
107325860
121235498
121233042
242023970
121233011
202855200
56092024
121229379
121229108
99071840
121235613
88914953
107428119
107445277
50422426
246857229
22480901
213868447
74511019
110169344
206663610
196055348
195987461
53716247
207794286
56095697
197672260
215700676
205506093
57086524
59464816
209351920
209876104
106955959
16347929
47888658
57086313
217148956
88740362
99071679
121154150
121232613
121229159
246857282
22471463
213680382
53716940
53716834
202484705
207490192
56108208
20234516
210527711
105617906
47048589
210284104
59466762
59466268
195970184
216460075
124037811
121227976
251462474
198536600
124431731
121232791
88738356
121164120
198103603
121235145
105618664
126902578
121229210
121233079
105618952
121229095
126913637
105617645
252887332
252905525
205506296
253281538
247302223
198590393
213749169
207794266
252893428
253247530
216460094
253341922
253344305
263493839
198591065
207779595
216405067
217520202
246857134
249086464
253388850
152095845
252905614
207997220
216401159
263488516
213825669
216717448
216460299
263488435
235865829
203910789
207794275
208130139
216460851
207779597
207287614
124040518
34549954
90576192
209375986
204639572
59467686
107223840
21032092
98804668
105615740
123950059
22475839
47993450
50356763
99071640
188549430
213872745
216720529
204683952
143915695
82167272
21431502
197672911
194414985
121233130
153411690
52574872
205622142
101644835
68080602
880832
247324239
143915834
110211535
202803624
246889015
214114108
22051997
10317732
107448930
244173783
198926783
242023975
246857078
214094673
205506128
195510525
207208154
105617199
204882650
59466911
209375333
52574579
20884253
145083731
16139516
186674088
44018509
60228606
77626032
137126059
210433569
76454477
54449476
252050639
190232476
20713641
45021476
203994313
196344633
213676600
185591014
176079280
69095285
17334155
16868280
143164547
144450312
14256320
99717410
165041615
68049611
199871036
83689419
14336822
14232609
27733733
24156636
144885111
203994308
12111316
44017475
152095291
146620610
45689525
17491836
14849721
31022893
16221898
137125998
36109711
219134517
192325661
204433758
77675087
213893569
152745503
207920063
144571789
165622422
121010035
183682063
139706685
121950138
65077370
212269280
68610820
22473247
25083776
79228513
216404828
98038097
44017252
43833863
19393901
72298717
116275640
36109733
24170388
43184692
37644364
205864662
132819565
72225359
176825601
253410354
213846224
60232971
45100754
27579370
47500580
15638168
106276548
95468044
24864933
203994325
184294781
182457792
244170554
172291277
136979183
701144
76484053
63951032
152095975
24245378
212427632
25635014
22222436
216404845
139559959
210155192
135094146
75997081
253098234
16064983
58491453
17491749
142321350
148940453
216927095
114459237
48695456
48509280
129172465
22055908
109424823
109424729
229726654
171763548
103772566
68322571
190738264
21402326
18003444
139559962
25034860
76483402
16991626
152095159
62283019
165972189
188147130
43834135
20883487
72332398
253047944
142667179
252212408
35412976
43072912
143368202
76395630
37886734
15625462
117676623
67290267
139706674
12108207
3643393
131026123
210969165
199875822
121971520
192802325
22745365
29344612
220823944
49683969
54031700
16264907
241992724
241992346
28605752
52504245
14952697
139559970
203994318
192586610
175110513
59357070
100067375
73632584
226728296
53184939
145429600
55335249
148939851
214840780
73210941
67010048
120774164
142321381
199889460
8102301
10748093
68655739
68612351
20937174
241992360
137848034
261957930
241992468
49125614
176047071
29577483
201916886
16876201
68832273
15634606
131504719
192374681
190748227
193546317
247955142
244317765
95469747
210437304
3643391
16498452
212569009
78950820
74257351
54554054
166653211
66461309
211949442
127478962
56030173
137126029
16220867
24341921
48039237
48891192
36015351
137960639
225933830
252854602
261989559
243084656
176451556
241992553
208740806
263388809
182457851
253182300
242618252
152094392
206665942
152095506
253281569
253281496
214912723
215161005
249893311
263444683
262690127
262667536
262663490
67088582
190826623
139559965
138076268
193771893
68899156
74390078
193548012
139559967
185881799
8156514
111726091
152095904
210978172
253281585
253281552
248739930
249200376
244318212
251417193
213589078
213589071
247517157
262394703
254629945
253617799
254614040
212558948
68612131
263444842
247854570
249053989
229726658
210155193
207229797
206945080
244174356
214911066
214828059
253281554
253043868
212469016
261946909
241992528
216460502
241992578
223982511
201914298
248214163
252765534
242627688
253281506
250336347
262075218
152095381
204635629
176451563
176451277
216405091
67316755
247302225
243248497
229732717
262782299
701768
253281453
253281492
16864742
207187860
46159036
2793929
57629777
219133880
25037117
14026080
48328344
44012911
203999410
192290581
198929512
203994350
58569952
68310635
190826530
190732086
73406301
155516941
208286048
185123202
262643470
175110326
155832238
166765328
217154586
182457849
107993386
229734909
172279376
210018843
106215602
701132
37952149
701139
108923141
75995328
63867084
113842215
131025937
47048587
213675121
152094627
249346929
5472823
17901233
68896802
216460581
14448322
216460228
137126072
216404851
32338559
43835536
43881098
43835822
200784000
25075117
50232779
20055173
68343454
119653707
142667288
184294786
18003243
206945959
247679201
163577853
248214885
193548576
41631378
249228030
45457368
242616868
244317551
253107099
2173039
176082308
26575299
19481160
16255453
109424653
19901221
44834582
47223948
203994355
203994358
204038225
128257073
17030500
72226097
203434145
26495168
197620131
193548348
182457804
182457832
242629492
210437071
17000418
139706557
121019360
16933480
15696477
143365784
15661365
80975057
173647668
174113728
3050373
121963912
190239435
206375708
22418805
216404804
20121857
42227023
137960635
36109752
50263746
24864955
20957413
23067526
201841918
106863873
139559958
75995007
155831882
169128635
208621341
192290736
185123277
207228833
193546309
16882430
192585193
190826561
203899196
188713612
15172109
208740693
205573718
139151164
101270656
175416596
47048636
101270677
106883118
101270652
143362897
12110588
58491445
201035227
186756427
111924732
186653766
102735010
103096558
250537566
32237549
37862743
19493922
183912581
208255035
107448505
96660171
72015230
207819831
203994361
185123250
108896948
244173915
199568970
230049642
196159469
31705394
249200314
178561369
110197173
120824791
135075277
146382098
214498510
202347895
154414628
202347921
204207265
68222150
262787108
93223736
93219220
19394476
259513372
160534572
225915522
67182900
242432555
126234183
193050692
49227831
37874754
195881435
203457187
192325653
203994329
204001856
192290466
216350872
115266860
214075012
194109669
131194866
217158630
207817597
32251375
200784178
102657507
12700073
207230169
248887585
183530905
23306564
190732093
56609082
68837883
142985651
19339921
216350976
19296395
197745414
205898020
19746290
162390578
192290371
128261334
195881252
195891633
205338990
216343238
196211262
106227910
216350941
32346486
247789272
189677134
178561359
41369694
179409292
141755191
169128467
193524376
214502412
252051210
141788998
170581693
178561451
108930069
175110503
248887699
23467041
137572888
56608266
23467144
3854771
216004825
251511911
262734016
245771399
185882385
225917026
247302221
253043614
259514930
248645642
248645586
230050097
216004828
241992551
249053992
201913528
248208150
41356968
263078435
253182272
213589073
152094687
248886582
248544964
242628011
213553931
248470761
173883101
252765005
247425088
214817956
230050877
262787462
216460067
259514193
255395216
255475398
248650625
213589068
243300039
249012061
243299983
259513573
248003579
37952860
144363571
187827229
78027501
216090970
186288097
426884
44012381
176147996
3697563
214498192
149482461
191268687
2789867
197870141
206491051
204880845
206483829
190631827
150729640
138438361
80931131
38037631
126949238
191299400
187827296
98556334
144461682
14333866
36695459
116402797
161944095
128825630
415705
415551
206532567
206483933
441117
168900424
165652280
206483682
176731474
424192
181699301
206485756
87378617
160305773
216094406
214133069
37877789
123353269
206482142
163848922
43901784
37964313
123353261
54353004
55337871
35876254
208631475
36014287
131960982
35876047
249373321
120483549
86552383
241582274
401776
159880546
123929146
206488879
214862497
15641828
216407402
10759424
31890789
163859297
206520252
415555
15765441
44806347
87383518
55350073
9847959
235604186
241582418
2387907
262049505
252866162
171153684
148967002
114738239
90918193
262049459
92356006
175686997
190632373
58515237
183718645
206532760
176825017
186287732
24877176
53535741
112186914
402706
146492867
159891034
158811460
115819815
92712549
44834230
260928974
51144199
143361190
127123534
177970987
206483364
195271127
58253286
209387568
90910974
206498335
167937724
415904
172573889
217088013
20705066
206489638
171860263
148989902
424101
194395816
51690587
205102498
119448320
53537319
13806903
184496516
206488538
204880729
190635393
879646
171320620
170583251
103775417
101154644
428732
3725197
164057445
206491397
206491561
42326658
117070614
120338560
136092466
123353292
157126778
122589072
32894890
146364335
253197665
152205332
14643393
32002969
83047781
206488828
217087813
147496594
26947158
8708374
171937434
3724495
152193175
148967517
143888224
424183
55350822
80929838
206491157
118084576
147099935
133819398
120338716
54411575
35285043
164940766
415809
122239995
440138
101288592
86513088
415558
415553
247661245
93858074
144197800
137127936
133819488
151452797
85377406
252768652
415843
90242884
172114172
96077404
170870741
129727098
140999897
137004352
132983007
113099486
90941034
134407878
415877
138013642
137535611
22043247
415968
204449881
169383940
144480486
205288120
170330239
176250194
180745854
194498560
144462735
205102058
170317808
164074653
157044496
96022461
81700724
107356035
170433970
125876170
13809462
122837080
170404691
193969309
59497084
67957029
208527940
415869
10759664
165631501
13803432
24426217
50871993
105633272
198525634
262569773
53534402
415792
252037131
415698
169695637
158595456
153750952
403240
112792043
157256586
182603778
124783434
172212615
170181328
143589195
134801746
56539931
35912730
55334342
110658306
119321696
144368650
133713770
74384532
147099878
155252409
84593553
169459711
87932948
108934388
144198737
97762708
10759418
177756033
2769743
116193224
111200669
115523343
155189001
22196585
403612
123353295
173150514
146364929
242799728
159487182
171934897
180395993
59497078
109853710
442832
206489222
127987431
164073033
41257967
12638222
92355294
206518952
141051115
55351564
55331499
124863724
249253363
69385287
1082102
415882
32977381
43225800
94801955
54617976
252768623
204668481
192338411
36014859
171860318
170114094
172161845
55349472
158816332
206388113
440146
50008916
415816
101855977
137446832
43762571
125593444
1985975
3744629
178339615
191753155
132195201
169194432
85290956
144462658
169849538
169372424
116313925
153078537
160101509
146581329
140357813
170772331
168867309
149045123
148054363
117070585
108140894
217340403
86171586
24496836
206488305
206516511
31522402
177910113
175647414
173624947
144203446
111515572
216228076
208526331
214515922
190635293
161930580
206483724
206319919
253321204
133818762
35912662
415774
11512586
146393508
415965
168878902
167034206
111998746
160406254
206532448
206481068
214941652
55348819
116267779
190631309
99109923
74575036
169398677
51069370
148967128
162144147
51288229
172161847
206519039
138324519
181973710
97075869
193603955
171653379
253091518
144757367
206481702
200850542
242799513
133847463
257553231
160404656
187783206
127961264
107480143
187216686
162384178
136872596
440134
206491530
208252600
196006174
1072978
104610033
133827241
129584773
415834
55330326
206478971
427460
424189
206490528
53017668
55469992
217510951
403533
171093908
58665005
90911052
125875942
170421775
170568160
133821122
415730
98335494
187824968
2608283
116194346
33031423
166765779
84984794
124965537
136866505
55332117
189471144
55135427
206481515
77557267
189171003
133817463
101183279
82175291
111349563
29580196
190628631
14336569
181770730
164432782
438079
56013278
169577530
136023689
87830811
163865034
144172166
109877225
192168652
88344995
55330560
169687312
169402576
171469772
153412256
168880649
178221172
174440677
206474140
124273077
116177858
105781200
146492209
415839
10759420
23751325
144908115
97599684
442833
147369800
33032419
117064689
170263756
179999015
159299043
116141643
137114704
91247429
169683552
133087016
158893359
170093990
158106926
203432848
170317537
170434109
173640457
87641561
101845144
117326510
169499922
164500851
208680869
153509344
55349123
247922159
159645230
163580600
143809221
138822979
169363803
136849888
252721024
133817056
253619400
415684
89054329
40982200
87291445
206290591
74890851
73575247
161922842
127376699
131532603
102736479
415702
171065336
42487151
252933941
153037359
196927716
186457385
2789877
46279179
191216341
138686042
185751623
3724783
201477501
163909126
127574636
70819338
38957587
186350011
129727112
195985513
209408439
81700002
55332446
168896117
198098452
221253910
252721932
206489143
24425396
169393006
91369661
165937971
88097079
105084344
184062692
110931561
82360274
10759662
37863406
206520303
216237504
206532763
24876937
133821018
73117797
1082100
124274797
144197322
14848302
138764970
136117916
14275062
10759422
207815574
191219033
202243815
186146820
140557818
124965513
167522810
170745477
158810455
133825670
133713833
107462593
159916181
182559096
147744523
182558768
168878670
167937588
152833507
74283091
55884371
43162106
144481212
55352359
143887933
55351175
141051561
149711849
169462188
205102510
165927262
169356896
153849804
84845535
192473358
73329058
178957748
143886861
114937767
109602185
206488935
206498304
216435289
164079329
136850142
144181350
95868164
82673639
114366525
206407274
133816872
112367908
82496885
35876192
41858663
143094185
415788
415947
415692
3923321
415724
139078007
35579264
177753940
195332327
24280390
477576
213867566
12638224
35733018
169247980
169357186
141665968
165924549
158712142
190631107
138855326
164059031
168121193
169452339
169545264
176477618
195126562
101137475
144495939
162372079
137995124
158810375
195985481
149045242
176678700
138827803
141000929
155215471
55347443
193053303
144595527
136012903
93057746
169449059
170136645
67674170
14845246
191314527
170957359
89053677
164598303
122954629
133820408
154727408
415847
185882230
158890443
168906011
205220253
247862539
208681400
246856779
217645903
205220122
249531859
197870128
217322814
217646477
199682190
252103955
200985083
163842887
165937961
248587402
252100814
217384510
253295753
216867967
253321457
253073099
253076682
253077423
250567685
217145349
163929096
217292516
206480529
206304784
199241945
249581801
253124975
257771490
254903981
254903783
262484382
262600281
261984369
221405738
262782160
208527983
262719346
214132362
262823131
252628793
263309367
263318827
260891948
217511078
181217171
263496638
263497542
263496493
263294040
172293318
165041410
144494134
176498160
149460869
248546018
222608848
262825410
262823136
253665042
261160375
253663229
263042242
250102536
263494283
263497369
253310639
253547150
249598519
172292659
134252165
186349685
165598446
254020822
205684727
251015650
247450267
184761452
184496563
176678714
195150255
165854335
247862604
214909091
193247263
12292692
253347765
261819281
179579418
253120817
253124872
253124385
253163130
262295663
259539910
262089359
249029194
163859063
208680272
195985440
205081112
187827102
205081164
253241253
253106630
216900039
217569939
249582787
251015547
173303626
262479251
262482871
249923608
208526467
262720400
260127820
206482995
262386812
216385150
259642079
260431274
253619422
252889851
103786410
252627766
212213861
252627422
259537044
263498016
253575583
253577664
249596170
249599150
263585192
248764419
109602851
194583344
205081158
168532025
169640411
172343263
217647444
169684270
196797542
167938771
165028059
217647827
212515298
205327671
172387462
172287901
252036940
251908049
249092995
217316079
249817970
161953672
170835371
205081833
207238523
205102466
205684736
205209267
242859060
176249567
251015706
205031692
262089238
262089098
247403033
253295460
249591076
208742543
205050547
171808757
214912499
205102039
253244267
249655415
171572741
217167784
169218745
254904059
249601277
253348107
253348769
253604162
253162356
253122607
253121365
206486360
249923559
208527749
262720569
262823115
214133383
243023574
193604074
263296316
247247695
181217524
195151406
204627190
196933758
187780247
249599974
171653122
170153971
172290463
170142374
203841548
252719176
197685233
214938964
242799686
212552429
214817100
171557066
208743128
167397455
199629380
195151028
173295189
74735450
98736734
177495753
200983964
217569032
252673049
252672773
205884141
170404455
206487795
206531615
262089450
254898262
262295789
262487304
262478466
262479328
262494279
253347446
253077483
206532350
217168973
170249159
205387418
250768098
165028136
208745554
205388006
217323234
217386578
253295569
164060617
221253826
206521668
208169771
242407841
194084349
249817189
205388108
252630381
259541163
249816534
217144901
253243524
259510942
262478550
260081767
262811657
259585905
206319921
217288897
263296238
252720932
263310546
163869337
261813071
263460030
263498459
201707298
253577692
181972514
155691888
162022939
263102232
37826637
203022763
198898116
155218783
38356586
199098887
96989603
104810700
34960340
4463187
79948559
57848545
199098879
100022800
43861874
453430
146035936
14567312
56025831
20494374
58012670
178588753
77014225
100226148
26682367
205287011
190171836
123353283
68084715
26685400
5939481
199098867
165938131
125875609
120426477
34880426
183319495
68080260
75798740
5082553
97599845
177609959
9671809
252711040
186193818
44155455
105657632
169714875
64320915
199098892
2768159
91119957
175212298
187643061
73334393
168379760
110151473
74491699
198897881
205497893
204665115
248764055
214588242
207519398
26164016
108937166
44866336
91129899
416639
123929349
104811649
130414662
9671829
190125895
252833252
137559830
33361673
216437140
29590791
192795921
13522483
2789901
44303966
2789917
416627
26697336
8145385
199098863
24691222
72036275
216869376
252387699
189587133
181454320
252311776
252832356
261005421
2789893
24243264
6586509
214584434
48582028
5009387
20877282
198530444
41098236
67810641
242741829
189587143
123929110
24604870
23896112
160217067
252820827
179159243
20110426
169503713
46155712
14405387
98845902
15664328
125597560
79669138
401629
263454238
183034782
35611663
20200289
203049842
170498325
104811951
54633157
54851112
13722602
178585852
28726157
195331262
123929091
538423
169769547
91130000
2799743
105657700
181454340
75402122
76070033
208657915
54638523
252870130
6289861
165938483
24244980
32404647
52659298
203016770
3335743
3769913
259482279
46853041
193646169
165927713
8145396
114731440
199098871
215024675
120427346
241975487
40716698
73329055
14402182
2768179
15309286
175656310
68448452
165937383
156714572
145395737
2768175
19841125
13885931
75508995
442668
130730371
189587155
41436288
252870336
199098861
253235927
23896122
7166655
137238590
44155587
125142799
76287143
169832711
131139944
37727487
515213
102079938
209389169
11736913
41104558
84158923
129624129
163876922
28721858
206320146
3335329
146447997
209389221
199098899
252823328
2768157
2768155
132808677
24244982
68597780
9707435
2768153
435416
71072187
168953375
72516430
196925175
108936837
118447417
117932184
77316331
252387234
34180373
110152304
23896106
20493405
13720941
137208007
138927677
3415831
72027252
175213146
177444103
401632
128202480
171593193
6214253
19929554
217329947
17611924
187643732
203040021
31878999
20649985
6771759
137552577
91119972
168953379
51328534
79911537
143241030
453477
126914563
212957296
34537541
177422117
57748007
198530511
178262912
145495814
212957323
45824191
1616867
442626
137452694
136999983
31553209
2384533
57678557
144565834
80968385
155014827
73909725
453436
185525281
9671796
23233586
138169066
3334765
106865682
7038783
248345977
59133667
22939334
124717530
27635842
38462513
252388988
77748001
54751888
48567975
2768185
252829784
252870511
254079130
55084949
28712874
2768163
24244978
20494885
214588365
32425416
255255881
191949443
137551613
10119464
126595222
96633656
104811838
175891482
177467629
41694931
57769918
9671759
177563944
125875787
116801517
22622148
118693461
175886729
10863086
111290707
117177176
4463163
4463165
2833259
114732785
45877009
196827715
2768149
3343679
94225760
453458
23896120
111712844
203025937
189587139
175656296
9707524
40769337
123353296
52874245
199098875
10071645
59407466
192669626
4115377
59188158
442011
155763793
2007385
7970133
127729611
123929130
177078068
57717451
32492125
40752615
178262652
41229151
175987452
148054374
91130002
128117694
41334122
121327642
144698311
13725206
23896094
46158932
217195211
131047093
164459301
75586313
214810214
217195888
138608179
123929026
38376715
175656304
175656312
24273332
104811113
175213822
401697
116517986
182465052
154126279
193150711
19585560
177455753
40957707
147128782
195218842
41231275
33362555
77316933
13885925
41104599
209389679
127122376
262049342
8145394
53453308
186883919
401731
172216402
116250574
2558269
199098885
203892138
104757144
262844255
235871299
67810594
74492111
72015071
24244218
24244976
187619205
142005690
124276520
170498838
122256942
175901385
181454348
181454431
172296415
170123148
175213339
209390663
97708090
126032631
54395203
147128488
21374406
230200063
24244897
2768169
47099856
58226909
262870650
142760044
152922308
203023751
10593571
68595289
123929022
36025260
8145345
37681946
74309852
52876758
263068719
137459662
46689428
204050199
120432422
35606181
114250983
194021946
57677601
109282063
262049229
208169894
19894066
31493262
23896118
181454330
104812154
7276491
73668035
172125450
14990535
121377040
165934871
9671783
209390846
212957288
43897894
259484065
198076494
56013037
453448
38296174
161602033
52332509
175656294
262706650
13523854
68443540
177559056
104722008
3577241
50032514
212957290
43756718
31022983
20102827
24267388
54479399
185550268
416637
19592381
214755148
225214789
175656244
74492892
175656252
189587151
3333217
181454318
68450849
57577090
26669762
205497724
59499580
94281925
116517984
50240261
54350669
57909218
177325692
123929061
57522629
22937114
212957295
217387044
262048875
252636148
263068529
263068834
263068616
263068773
249005241
262843711
137228904
196161643
196164720
214588378
217195195
199098901
263489500
194583352
262294889
230012992
242193417
184496539
250337588
212957352
249461720
259481622
262454095
262453972
252674024
252673815
252399866
254078973
263069102
249005170
249017752
215045921
215047338
215040506
249005163
137519075
155994404
249005551
249006137
137485307
136978995
242741824
249152085
184496488
212957377
195915871
259482804
262294742
252674183
252673951
249452588
212957411
193150726
217510327
262047299
230214032
252576721
263297384
263069062
263068462
215045905
262706641
249005975
137440571
185353488
137004700
156118624
262870988
214754125
214815768
215045958
214815801
262706639
253235966
72516925
2768161
2768177
173677837
122642032
83608541
160217056
37564411
13306439
42351606
7026159
208631904
445338
112186721
263068345
253413124
401650
477518
196206067
214810219
144193944
123929082
137227850
48484355
136888530
32892968
250080854
166767811
175656308
252674077
67917867
129416221
195527625
71672562
73284369
181454406
253129192
253084038
40955753
212957394
262294411
209391487
248935860
259484339
262295222
242424021
214165069
199098905
253347345
252827733
249005336
70508443
253197583
136975291
137018215
199521129
214588300
200628698
200628703
194583349
242424324
230200236
212957356
200628705
252578963
248935185
212957283
216899596
262766675
252636612
185611195
214893788
214585663
214585407
70508539
185592095
200616747
215024609
73283273
230255290
195649449
259675660
251971202
262453917
252404015
262844062
249004935
262871160
262883628
262843935
214810004
263640668
215024602
194042233
200616727
259479479
205497966
212957272
248345925
205028581
160797800
164462244
130399218
142601999
166451535
146627542
177197204
249502008
205814916
202509736
72203410
453559
204659761
136603264
212566546
167951319
168546114
142392912
205829665
173969995
134648916
171657026
41341802
96325019
247796984
136117975
215197794
104812116
111105888
220663181
217570439
202253026
125519631
149409293
253526445
82663770
197636897
44849420
212038010
114861600
115559649
67627408
95070932
48316174
39951047
136875709
87899093
108818167
31877491
34320632
216918388
180327103
119927436
105626145
173748432
125875668
59715370
144277056
239150373
137134415
251998474
95049756
167013239
116875482
252961618
123929321
239150464
127124912
134523097
206320260
104738355
217765115
79665870
3933679
212566285
71076226
198364628
197670335
73806148
108676208
57243147
112053790
193003348
76371606
47101461
164433134
155443645
230201072
207301699
170758134
146448871
205031659
193980107
253576300
37932200
204650038
20063010
140621901
154155759
225962162
128558792
137971091
201158620
172975843
155808248
137675541
442878
98736100
13778069
23012295
74384656
125875134
22035918
247436740
143524140
173487569
196596761
133810339
178114650
134561161
198364623
68689245
175844738
168719350
240570192
142218575
225961968
213846075
175168724
196272673
42276961
219151870
81758045
146582057
122256928
104811418
136105348
144197116
59524676
187598496
21077622
186122287
197607334
136240854
217525683
186254340
64672916
37413914
192177567
202849364
185653707
208403384
203746529
112059322
170842802
83750781
195821392
109602859
198364655
225961966
37938978
97046286
56347641
141757541
137804953
263042211
111848244
214133536
143844168
122286733
199692585
63525370
137944290
166457677
55194966
62504230
73914971
87964699
143378451
187936973
248432510
125738023
59300802
252673327
95315812
186243947
196597146
100842487
249401357
225205284
453548
75823086
59322072
198364612
196595752
189233448
207947392
43981397
137676111
77954738
192173512
205974182
74554820
109853732
239150381
115717483
217322741
3933675
199630822
255256730
205387407
137675759
193002696
48319920
196468294
54059982
164436433
215017603
136117949
174878303
197545065
137676666
115551823
167508688
144230282
76590792
212568349
72459316
96324552
175830979
198914378
144296777
198364645
138855325
150718924
208506059
137971084
207391268
245032293
174848651
249997749
139429580
205388010
261979943
101902930
182112682
81687283
196337572
123235397
66877788
136873013
214613659
138191708
77196791
166457664
186243968
111424656
95008090
205220145
186243959
75830988
7255897
205009613
216463692
213921157
93068679
24004252
160311577
132194916
139973837
202245245
49184820
72322373
119927458
176283740
38010197
200779142
118521721
135086661
114441343
134443789
166592438
212853948
202770341
217263431
174423199
208764396
199566388
204962716
196511800
230081581
36030309
143644366
106503139
73383986
96659602
40797030
197339649
184474795
205974445
126515614
19296009
108540087
207256565
137944087
208169913
217740687
195808466
77109749
75787809
103383454
252673287
99980239
95049106
215705316
46804563
145372505
186559536
198364629
77106464
104811948
126082769
125760107
124877969
41840165
207198130
214775466
251520778
71659653
138825833
202558406
77988047
252854182
124274560
21871029
162060368
166592213
249607405
143241166
126615612
66797418
212597676
250104645
193760736
182131470
107528924
24004169
191691822
45404352
180614483
3108965
192652893
239150395
186675260
87964995
166457688
181220073
141567538
133711164
155530876
43180753
136875965
98185537
247466936
54737617
121248897
132051929
205288109
760167
205010217
249997827
63960058
253577955
217636719
166452168
208186264
212920864
213921058
182084234
102567842
183250273
109126282
83387129
208523595
216558964
73931962
72754176
42566443
57218614
214132545
251391845
81758384
160289026
122436668
54014791
124107866
210426536
52198430
155443579
32649277
208526078
107331965
147784215
74282893
170338375
166451638
249494212
94583978
212037802
161634250
107422363
185097025
248396512
198364630
87964958
212316914
203957744
193979826
115276522
20575568
31265398
54482028
119927328
167012223
81757911
91561517
46813154
225961866
136483970
198364611
204424703
225941781
249534974
190859471
154688129
154155776
249609345
208742602
149757898
250104669
202483826
115225872
115551783
250106342
174417455
76309418
137676485
148674015
205988722
203911687
125874515
191093250
89134829
189179876
217323672
116875759
60814625
133817747
205145907
150718978
68844774
200801859
183910467
196463985
196424356
239150414
155443594
11868584
92893214
206203759
36265102
217741840
199683125
195339148
151575720
217387052
226245787
207334273
114687510
204616368
41648091
164464612
208004971
41805096
87915004
242758745
127531973
155348716
193772349
87159735
48302851
137970795
133431745
143887770
217323503
113624385
217777230
216369176
213842968
216867615
169847421
203821310
198364603
79637285
205456419
253526378
189946783
31612684
143684883
213740823
239133927
195342055
181366449
213842288
182086276
93067414
137676064
205028618
248989765
146494094
71057697
32726366
154148847
204607256
79675145
98649259
138559806
203957016
214770433
109647704
172025190
58405495
181710045
137944084
242200331
229715481
201872990
137944141
108888409
214132439
193088012
170472762
252296493
204319871
146493129
241631219
258752560
124644863
203499923
201699137
129626174
104102526
214755028
199629037
217196106
154155703
110053631
134465100
160406113
125089576
217168892
115201070
198585479
128569121
116350517
148801298
22377634
126072122
93871161
75441527
137944246
207281819
208404007
219462069
242661603
258571106
111953250
57758787
160395675
59494394
201877310
175850953
104760535
32518645
130337248
222371846
172313572
184919301
173154776
248606418
174851883
43795833
202509723
129141301
199144714
205028183
52665833
74982849
253183482
19740578
223581175
108685236
75431429
169002114
242663083
65513355
23199315
111190059
104109862
214232014
104812022
37997190
143809041
186290770
105633299
41231542
207503259
173487572
194466534
10759404
80668228
88049348
186313344
155443552
119927302
229725703
217170994
182112749
247419146
200846414
213561818
144926981
161979773
206236480
140748450
208744447
214168360
170814834
172814742
217477684
251391769
242125213
124273931
190725129
196467122
252565789
141566078
36032739
119927430
57297571
177563215
205822218
208403959
197105231
124276417
162168460
50561575
190354450
128868803
248796802
160405435
34910406
188007481
167951340
105787412
55122034
104754213
176789615
202717788
49498430
208565179
203723888
74560808
216439199
106360094
207238557
225962289
83743717
252763893
251588290
41171786
122257323
239150379
97550937
213559129
128873501
199681530
219162046
201120323
114340206
212961071
148715684
251402404
225961970
137114689
203505514
169603922
143241119
178593793
248801922
81356032
198364665
125616224
191629354
99917479
68593643
72588776
204378325
68594889
239150391
137970820
31717044
77954728
96659958
137944079
217523518
68194151
146035139
186299491
150560910
250103393
121377085
230098364
221857945
155367712
73179134
87964745
262806379
253487439
133819581
144277819
126516987
21866144
186313003
147127375
251925222
161493461
74165583
470344
137971179
54375063
195808245
144307314
121337028
166135244
98119818
148693819
137944104
207256180
126526926
242799416
52248624
248361767
40740876
109126450
170340186
217526367
204077200
203849948
111188310
192091236
16287535
200983005
202483890
20442036
87915014
87159716
155467173
253306611
263078943
155389264
137467173
83333392
111487291
102913278
187341863
137970787
172381397
96660342
182095651
90851574
165788917
79675216
137676259
200816283
203769695
113833848
173155012
208525823
83743116
145648817
169909372
137467373
252561526
197677945
251520744
178994817
252157196
137971046
123929005
137676597
208685301
87909039
191894377
194346847
453232
150672773
198642770
170405741
175781887
2406571
103092548
104812136
153579566
32872619
32215791
41262334
442927
249270991
222254708
44123106
99928094
177772684
200778706
217719193
168365057
81286681
138902064
166592534
248906948
155443605
164343668
77954744
172379368
138824228
197107235
147126825
190320923
182083656
227009609
72904749
216559063
206320855
130047374
70641189
167951334
127960261
199144609
117327022
53012846
453607
181217202
126073985
36658907
44882360
145777550
19374426
165144334
91129982
208685119
49482501
161456144
54632045
197669525
103513001
97890678
126527037
239150415
122202527
194496764
104288474
137944282
135642182
110987612
77987840
101732963
90110681
110268961
225200990
121494090
74173918
165747362
242663045
242663125
115564236
181233123
215039768
249817345
192560838
217524004
205916557
172205542
225918969
230364948
100431052
139141903
193411277
108999256
133819213
133819037
150718931
205031669
212051237
128823818
205216346
96521852
172331912
82033548
88821595
225933199
113834921
161459206
177736783
115551777
209419753
144220846
57750009
137506842
74282158
143403516
129655369
165747360
154155713
100210766
83742829
249599970
203910960
225104524
102913811
242880886
244174232
202259318
91565148
75697296
192731726
245328888
162247959
253409817
136873679
137944057
205113662
115897109
216473085
173303266
170340198
217087770
111092914
164450397
92006565
204053110
217439397
167951300
105086702
217155346
252157300
127376720
179794084
787021
37296772
596138
197179115
65003830
451788
184802098
194490039
183250968
178228245
169394727
210425269
121377112
229788471
75767301
199043449
208661734
197518114
220670573
148674021
176704665
143885837
96015276
205816315
154155691
213738093
216562722
122333205
35527744
1027875
47348653
29184642
241963506
86552487
150719051
191505175
57749342
186577985
206548589
146492561
214196268
54769169
217189892
165747350
177995202
138191699
155443647
42644130
196338701
166135241
147350307
143241056
253411987
137944074
249919886
174849823
49629642
207333934
252123746
214132584
137944171
130047745
252174710
83202864
102785157
175847070
188576519
197632125
130355003
215534714
205396422
214939550
78970546
196332613
205149525
97709818
198364663
80856624
170748441
176926369
141002105
214939141
103210221
127376749
110793119
114687243
183249373
54415590
35004496
204667610
122191773
52346705
116799303
121377196
115524703
137943973
148696129
225228845
114388309
200985228
198364606
188194624
190354504
143808714
202715453
150718920
247814247
150718881
168117777
119927544
124107849
253620976
134488374
36032190
110318130
31329377
199630615
173969565
173051194
214199730
197114139
199978769
44814825
114879165
50519895
127123061
243244343
138323542
253077260
215723348
204077220
146492862
202558281
197964281
252635323
243251560
128783465
243805574
217765164
117686241
221253072
116888001
97553284
114071740
97553032
121377190
154155758
160797802
251514088
136484372
149339714
251517964
80668418
117686275
119363695
204235988
164598013
147991615
119927455
239150367
37170411
186584131
217179091
205287913
213563776
155340900
179956440
137943928
262279800
138194394
124275808
198102098
198364637
247460073
48858756
186271009
94656401
151615675
214197763
133816818
146700655
136461596
65085146
148693516
199600827
247460758
198364640
230126398
173247018
208662505
197518113
208269842
202483892
206320068
242660469
100247131
157549382
178296854
187182865
52523642
58913499
67218804
123435200
108779317
95311885
470277
156687568
165224575
169746655
66924401
52611399
93067183
57859125
24244249
17967508
126037491
52610629
91120119
107528934
104739038
181454382
94347945
470273
4132649
52724145
110682125
167397432
177757812
67157858
179710949
68174055
41195558
136826188
108883219
120427536
209393072
214132258
102100911
109179935
67722580
128677488
208657511
453544
196337403
114843143
107894275
130175329
175656306
166766475
23009418
242742450
19254690
136485025
146265646
168077056
108480194
109580783
99124767
657387
84469917
139712363
205889379
205892589
55890929
125370672
124276786
109853315
103791357
59506966
129647073
140999524
96298166
48282967
116848474
123583142
171554127
206142456
104756526
20495194
34483201
152236161
183038533
174174526
28251431
146286807
134799993
167397433
13718135
11512608
214132972
67919780
89234957
96533960
67110777
113711510
124211460
117969684
104417138
160408764
104944670
196808316
74196857
68657234
135566511
120495264
125536861
113232747
116969572
116729385
68465848
116048753
110990117
59105097
22179291
155832603
253185751
42693280
52275940
10118755
84469920
177895328
102132787
108387873
142569065
173747254
183042643
95983034
167397444
84146171
102133097
171166767
126008161
109601258
67226964
108493775
73373129
110987632
56716441
90972870
71886178
77121359
155763795
118329062
129019982
63284518
453517
16992297
134817804
111464390
199142388
106428827
60841720
168898239
183041125
98745197
181454343
105087103
180226025
108387909
143241185
41126691
68370924
152101590
177623530
105887622
90502483
185533725
109817302
103223802
120106505
50422925
123441273
115797048
217648433
214132254
166013763
77118801
58879348
160278624
24509892
103677366
82369253
122147237
166767730
180232133
188590178
243045429
114388318
95977098
160402490
209392605
119522506
111955820
52663460
205889604
31128302
181454329
180250847
206320111
214133343
105798887
109400994
125849698
122476439
98563159
83682919
96608637
140994721
76161847
31713597
129422985
166767840
19852724
198326058
175412871
53317033
253390400
123353264
9707527
191266070
167731466
174308245
137129695
108387913
53770782
98782480
53302877
120112909
83423407
106709292
113967045
169728388
77106168
196287457
133125695
185088725
107528953
52390669
98737349
160394232
183039472
72823899
195339869
136038537
213521783
252976620
253089194
246890765
253091620
214132607
206320133
214132356
197636604
208657388
252571692
260827832
242127935
181454361
252579346
205886131
248442355
261965633
209403364
242663204
259684467
214132509
136039898
184496510
199630134
210946549
262454572
248936688
205029472
247862591
214132843
206320015
263202797
108489158
242127543
124273294
214132976
58440892
59499760
442362
118120400
64374151
2768181
58086482
33796614
84875784
68244577
97511318
150824295
205886184
215024577
160402175
205692600
123929123
119445800
103062264
49204948
13135834
253197821
53094050
177998740
95983044
185096160
123929196
192641395
57763695
205886057
148911018
96155463
253099311
48895391
120361003
188598066
59203975
152101571
167420899
81358185
10118397
107404676
214132342
57866670
34151280
114388362
108937030
118734843
84470070
38393306
2581261
109889600
122267980
442358
49490750
24243884
73613041
177897151
171144479
67154517
153255721
76120169
109585386
54086560
107032896
206140819
15202749
122525632
197138992
2702755
117783796
123929104
242127711
160830686
157214834
173642962
108477107
181454315
73622541
83684875
59199964
146391708
175412949
177632091
106240788
58202058
100297137
108716623
109128294
84469911
147127661
114250738
177341623
151995555
57996298
52213963
201034676
205962097
203280617
181454427
114388373
173758129
44550885
9707541
37860756
19577699
145395859
37835188
167803878
50088451
5198623
24910043
26523474
123929008
68113197
14111438
10053642
205845807
46227177
157215318
55669030
177897723
76286252
187623047
166477511
173731449
41320923
147128331
147128559
10708427
242424019
147126937
125658976
253229857
223806323
46474293
125876209
125876085
24244986
213708507
13769326
155056183
169819346
208169915
149239764
171070600
40056666
57905804
24606251
118487992
43240010
57767606
164328021
155581225
170720010
187633071
31496075
143241234
214133098
42560138
22196465
118437215
217500442
217574617
57909298
20200119
123929117
123929073
154244029
125875971
118440533
3756885
187638171
114877778
246014433
214133024
214132290
252601625
217500330
248937094
252601733
252600894
253395536
217511383
253319429
242485061
253091372
246856891
247406166
248559663
252583086
252765486
252766795
241805431
242616418
242620512
117928045
191529431
100452089
471365
9007554
74173468
10399040
203852938
158710340
173405092
158633804
14759011
79112070
17602166
40433085
79445535
59289658
70833099
91119846
36015103
10398983
172966894
68680380
157057847
196536075
33337536
252050526
7721240
7117519
36341209
254077214
74603195
117930236
55649967
156000945
2577355
59343608
203284728
117498514
11960065
252562439
252069182
134899821
169744439
1992515
43992654
14660987
187794122
177892308
114691910
74621027
7721099
182756997
114572577
173434653
158641107
168335453
37564438
172958849
161454331
20213965
17891427
10398717
253319134
160370154
55646139
167040290
15255990
178262773
33337469
56537578
24133510
253390354
253309474
123447357
49227269
21731218
202528133
253390378
17596264
160101883
158763351
14760760
23980113
242091567
56873606
7721121
43922061
58481175
159023389
21714990
217574472
253106986
15637085
48935875
43987245
158635905
115897170
33360132
203244477
26357826
10398699
253526238
253242116
173404635
80856627
155624161
158706564
20324565
6335939
10399049
179145276
77907451
472857
37564308
56526026
202509764
107362646
17880020
24134322
68498826
158633931
159824220
192391055
196293941
36832900
453606
6336095
24004248
182462078
171869391
105089650
192911079
170995405
7721081
159242971
21606988
21677521
45249120
575225
253526215
191515156
191515346
20162078
190737484
40391357
225273995
101904390
101732079
158706697
157056084
19409169
14659105
2436707
37564388
21125158
178262781
242096685
249799476
242021861
72751097
162978707
24004250
26451832
24004222
37564457
23594267
40523240
55650669
50782698
157520084
158756392
68985764
43907397
21109344
207751191
130744217
156233245
57139879
172973531
20160595
253309502
253563047
7117715
91120080
247855986
23261822
77954726
6336239
70627796
127692004
80856639
119478160
114684039
15254813
177921177
110301178
157955608
120357444
216404666
178711314
31148745
2241703
59360164
17614490
184829763
123929305
17604995
10398778
8292906
26751282
7117639
15387296
11509481
70832928
36349343
193620736
17610812
56539027
59063860
89222036
68985756
72740095
117510159
158819504
22870801
187767333
158755222
17596250
2577919
69573012
172951647
56226247
10399015
17897861
21671531
85186807
111511051
85626079
121241298
16461612
5891667
249789548
221225180
36079941
37564292
73416266
45026086
96430105
253311209
10398920
253318817
208289580
6336209
207819098
162115213
20199831
69701069
202526613
195090848
123929087
24004187
26325318
123929157
251931630
202502346
159888194
72785503
68500091
117599148
253319381
33229675
99472874
80856629
57999987
121236992
217572990
21575193
88096885
207819084
10399058
123929284
7117523
10398855
217143518
55649828
13895103
7721152
575221
21712042
172485882
45024052
17486966
25904218
115532725
251536304
19732446
19408981
94384903
7117627
37564415
56225207
24004183
101626874
7117651
74982017
74985029
253560957
253309701
117926455
7117531
173572348
145224989
16266147
37561020
48318263
16270461
206833343
253318842
7721201
20140289
85643024
10398885
203213448
36741077
79445545
122799754
55144048
157205582
177919806
21635350
126079149
89222282
24004208
146224678
257535447
253517537
253535931
253318932
74621780
11479082
91129776
253309824
41167849
206835241
173401108
170994214
40244646
173571408
177892255
168373684
115897084
168365530
173433013
207819086
148911035
159011468
158692348
157209889
157045765
15254917
15257011
58245929
154429209
55645967
207819085
21714366
170995422
158699383
221269640
37561092
116465963
177920317
37560322
11989532
102017057
9008212
37564391
37564398
37564422
83493153
24004179
91129678
107365719
154449054
63440586
10398728
20223812
11479075
7117673
7721039
203092001
10398693
202493883
20224782
11479080
253310990
214810043
253390283
24004254
14759149
21615417
14761019
21512176
21608908
72648287
158741205
43994144
40430085
15256897
21606785
14760204
14759548
221703582
221703687
221703744
20209265
173572341
37564283
37560817
242441510
197378712
136067246
39273333
19663527
59508701
128594161
73117200
253390336
191516688
74985560
7117513
10398758
24133036
17890534
7721221
253540064
253388190
257534758
262842990
202492120
20162347
10399067
199246333
7721110
177919361
203449477
91120113
91129890
30701102
96659313
115897093
145224793
221703765
7721163
107640690
55650554
58458918
173404670
173432985
89054470
40267469
158699114
174174510
155256289
31658229
21711000
21709809
103776221
58119577
21610437
25901690
197229409
253306733
100373561
201852633
1918087
189363528
253640041
27665059
13883565
6336137
203278259
172959917
253568075
253535920
253242149
7721130
10398636
253568837
253318934
253390357
199244199
202525695
11956962
7117667
45998805
40234211
103102694
80856623
159023432
111873613
41168623
41163772
173406365
55650433
173572334
10053296
31694305
160295130
158774907
159060343
160372483
156812940
155379341
58122340
15255383
15257420
21575209
80856613
37564186
33235936
30693944
27657577
115247173
196025286
37564441
54901523
7721068
91129651
68688274
253247524
253318942
253242209
253310360
253527144
253311369
7721090
20212960
20148317
199244714
123929031
177971165
91129848
31317569
11875560
15257218
23626652
15257630
58292669
31693679
21710122
13860953
208289347
240535174
252563576
252579658
249268520
251534270
251051064
261945878
210959944
252579549
262503968
215874456
263067373
242100094
253318893
257537627
253577705
253318585
253387943
253563113
253574150
253318577
253318590
253319123
253547011
253311258
257537481
253318522
253560513
257454423
253319427
253536651
253247608
253533014
253572877
253567088
253388530
257532632
253318599
253388500
253318855
253318882
247858957
259482431
248614818
207819090
221703622
248432999
248761768
262892254
257909699
253388753
253319409
253390350
253318895
253387926
253310830
253388553
253535357
253577678
214810207
257537499
253388143
253388716
253390152
253387871
253535380
253560847
253561946
257536610
253309460
250224606
247862686
226106395
15253593
250006898
252579623
136936471
221238129
253319138
253566384
253390348
257454562
253318888
253309956
253318891
253311293
253388136
257516221
253390372
253310372
253547688
253310698
253319411
253318608
253247714
257537312
253535960
253387966
253247817
253530809
253527531
253318763
253390393
253247793
253310779
253566859
253247760
253388154
253574687
253311284
221703720
136936492
210959929
136936447
249649042
261115083
221703581
242424389
262506201
262779890
253311333
215891527
263272815
241984933
255612080
263560336
260815065
251888810
262303567
253319136
253388782
253388037
253573545
253570091
253318565
253319406
253390135
253247639
253526094
253319067
253561376
253247735
253528463
253309750
253388084
253572812
91119985
221703648
14760318
136936467
261946348
262897805
241974479
220684683
263559712
253311255
253309888
253543742
253548150
253388793
253530850
257455361
253568470
253388565
253318802
253319091
253388774
253542890
253188398
214583539
253577972
253388807
257454542
253309923
253311396
253318569
91130008
91129976
225197237
204635631
249859812
136936355
210959895
210959964
252579389
252579163
253543029
262504242
253311179
251882105
91129692
262056547
253311363
253388512
253318879
253247519
253570931
253517553
214810223
253318805
253247822
253388044
253318946
257454534
253311266
253577999
253535892
253388745
253319413
257537636
253546945
253575769
253575675
24133043
24004260
158708408
8697635
168293375
221703613
170997563
173572317
173432948
58484655
208290838
55650344
159034334
158646103
157043432
158815480
159034969
21709416
14762189
21611058
25037627
58244633
22874755
21610779
159018306
37564492
20319272
214504376
175104963
13882007
101286682
168946301
59339341
6336131
7117647
20126462
190527652
253570064
253310332
69837051
253211291
7721210
91120034
55668674
129917002
262058495
17875091
124183377
21607150
58245270
58247880
15256754
14758209
21611453
14762479
158633610
159237075
157598298
157046003
156647932
160392063
158818481
173432971
173572328
170997572
173432991
108613864
25896176
102017002
66973898
178262825
174599767
159973501
17603577
6335861
242010644
167059752
9882373
107630641
132063015
13440977
203387217
202465277
191529298
10398807
257537474
253387921
253573467
253387948
253388543
20151196
7117581
87410925
91120074
24004234
24004198
79445549
173403892
168503122
21711839
180963089
119927459
247906866
1581111
248771255
249853187
194787568
66632163
53996254
83196141
116382077
178593492
201001698
215024573
225230688
53682861
249776627
35603396
34478057
98654571
14999624
2406181
157084566
249776586
178007670
16314301
3756875
35189787
55291528
144337870
119927570
249778262
56959322
201854941
23347404
37139458
442690
31265190
16313325
217424793
116125780
41881251
16294558
58479778
23108953
119927451
119927425
13593048
142785702
46154089
37265464
197120075
44190713
204071164
226084795
46640625
9671860
42407813
16032723
143292987
38462137
40796601
143241020
90135963
38080274
36484441
51283873
77316927
249776588
16620679
42406859
119927560
122440711
223818979
16050397
24976314
64715770
45390649
45599406
143808592
39701594
453626
59598968
121603958
42792615
214909632
23007179
9882405
198868938
59513991
249135607
205018109
178832825
9882341
22124617
210959960
201877349
93924666
35368124
13635658
78959492
1999847
54384535
50351570
32108100
1681479
123929003
210284631
58494004
56093569
36487627
41213541
63546488
50124123
184496533
99684030
178595176
253306753
687912
2000271
42587130
71547556
44519704
119054540
217485363
19773149
67349003
25269604
69704222
226028905
91502453
43000131
114572403
19889818
71903961
206202402
144456519
207781267
206771206
97843371
253306902
235890308
255295025
1581119
175468926
226757028
189468296
56960113
36379959
43003456
59519571
205644768
78496636
38057194
35307372
47162033
202073390
77650820
3756879
760170
247337126
72627522
11512605
58391118
39963185
36380342
14344454
453623
205027951
72557059
16620745
245772732
43014642
20057779
24271579
152856733
249776550
66993347
119927241
58391798
205644598
205081046
59513379
40508396
53754096
187804945
10091249
205050576
205644716
56531511
83666008
15778279
9882375
9882596
262660656
47030317
41337251
225203319
46153822
225923931
205010234
760173
68945733
34688117
2667247
24004230
108140604
140820889
249776542
110735569
41335833
4463195
252560594
35605020
58388441
90994931
9882689
472773
55413747
52111620
59204360
225195585
58242499
199539142
229974103
58984888
207362742
86409316
247907319
95996880
104812236
140758813
41262933
118175061
9882443
222685122
58477866
15778845
119927282
518318
205644572
72011109
207311091
44191051
44241842
44866900
39970186
36723870
44581234
225267254
34494205
41206082
38459176
36723415
636396
9671851
45082220
35594592
35605900
435370
249577017
435344
54459652
119927551
178720557
1082108
518314
205644502
199554195
67064031
44598412
109062368
174813764
205644489
242971793
13778021
123969744
55205221
114682862
90985025
3083051
247329005
49184920
49548969
58406360
53980894
122646142
119927266
204212316
31259685
122645860
9882537
199554711
109062484
90730965
59082733
36722865
80710343
16294554
77304905
192033463
48279000
205644949
116650155
249004785
58389450
214910037
15779072
198957964
435345
119927488
9882565
68011930
36380714
58389161
33096032
23381106
15133369
112717174
206197403
207781355
109331371
117084256
127671407
120517417
13915987
114682959
52518693
181220114
77315525
77451226
9882617
424108
45339621
39973079
16317283
41225631
48122910
40795610
35847168
46319673
51371224
9882183
39953666
252886959
207760135
205549024
24133411
442883
91455111
96659892
58599763
9882377
71957031
687951
242752429
205644939
258766469
52698743
44091363
58338072
41071260
515220
34441644
534545
67106577
119927564
57758212
248523357
15779614
208169925
205644610
217386604
187380298
143778912
53988505
34910616
53652760
34692869
119927347
119927274
3756877
203996892
71936413
83393827
13913064
241663736
125616122
36479338
77316932
43001833
51429212
32413431
200904202
188196640
124710270
115949107
39955974
38525142
43003224
40794790
164711827
119927310
543781
193878523
205644818
125614507
167386462
58989691
173945248
518390
198915675
109062324
42992585
77700239
35730320
57316324
77105858
252562201
122392088
71903144
74982597
119927293
9882389
45205793
207311530
92791472
32843581
35375649
40498345
11512603
41208873
16620684
111285067
10398397
104812231
189116805
20063548
123929002
24267416
72035073
1616921
247499041
33055061
123929099
34489320
242663065
42976352
207781450
245767526
196373970
259455672
33096035
36723658
115532269
46154009
179159311
36722998
44776354
116385575
253414721
248345917
248345923
127551554
115947060
46647074
43168469
94527813
99156779
9882269
51373824
9882658
103950247
9882563
249776650
41065107
58605089
42409961
24607408
7865956
48439101
41220070
41221354
215161308
119927287
5161713
1616919
198958082
15696471
66485939
119927300
162966840
205028886
198077192
73334563
80855493
99718692
80695000
91860996
13813062
184496482
44191510
153010987
40424130
136797439
43001471
41071419
45922976
46154111
162212292
58797436
205644637
24855497
143370941
21360611
453235
3480779
249776559
32923695
20124244
44594798
9882313
40008417
68844366
13912786
201105215
187637648
161002089
41220395
162400257
70743132
2789837
119927398
129917109
152378295
1082106
83341293
83381633
126998672
217478085
9882350
9882302
9882577
130399245
51419597
108517547
9882606
125614600
15784585
9882333
70632006
249024519
10729170
74529494
205644774
36721353
44763048
253306730
9882522
21431466
15402311
73815599
252768176
22503380
9882366
39966286
184075901
192731720
119927492
74982162
215188401
203853127
34687981
52665326
122644446
56098010
161007102
203986693
40983017
113000272
125876499
104811398
52111728
205644646
58957983
83378800
34688835
9882108
36450565
471370
52715236
31127812
223818904
9882649
13811844
129141475
248345921
48567222
10729758
68599480
442844
36723789
52275319
15662566
41335419
37943066
9882550
453583
257844077
48324888
36450844
31326529
119927578
122648270
71950133
119927335
34149720
71947841
4025759
187796083
57048636
53012427
205644536
33323332
31266064
9882471
9882280
176147422
171104777
205644907
249776640
63679940
225910615
39950697
44153841
95998135
203852922
222659163
63540372
194454243
24596230
35605941
217499880
42566400
4463175
74982388
129917090
44594908
201003298
442864
34691470
452096
246234607
253177057
249776642
212251207
207781258
208169785
249776547
136936376
261949776
136936432
136936424
223819125
249776638
136936494
181454435
262506261
203502077
194583356
188196626
262730266
253175826
205644773
208169906
252579670
242693384
252680323
249852027
207781407
248732553
207781207
249776646
223819111
253305019
253047277
470272
253414706
253414743
76018940
136936365
246906437
263036843
253414705
258510061
110881692
263605174
204662061
9882511
207781387
205644841
207781211
207781244
207781204
207781215
247808577
200616746
252563226
223821078
223820935
223821119
223821042
210959943
222658433
247340491
262061681
252578928
249852028
253306782
253306820
253175843
235867964
263646183
115896602
136136154
115949960
117971797
67071088
108243249
41070370
129917343
71893236
41203852
177892230
125615628
52518737
41070791
52518534
249776579
207781344
207781232
207781306
207781364
207781293
249852054
208169865
208169776
207781222
249670702
249776554
249776596
249776556
136936383
253044680
210959917
242663092
136936386
253403351
136936370
136936421
136936449
249852047
136936450
252680108
249382102
136936466
262775830
246923959
263036688
251533752
263100772
252274214
205644587
247907230
184496571
181454375
205644505
248345943
194583354
249776541
247415813
249776633
181454379
212957277
208169902
125614443
248783036
252857936
249776536
247306200
249776730
262453522
262056713
261113324
136936404
223819057
260934021
262841934
262660128
253309417
263114534
263293523
252887439
194583358
208169825
217535021
249776652
205644731
253306942
223819005
109126173
253414730
249776590
205644629
248396992
261965071
249776661
253502837
208169904
249776648
262972956
253306869
246168611
214234034
11382235
47109782
82908056
203883962
222462286
160795442
37289674
200862497
125944368
160394215
51239230
77704540
214497356
167948480
13778035
248600635
97073936
214615909
222723264
2452233
118175197
217200715
24243599
14423067
158854182
164333414
131534020
91383783
124275460
137863044
14422569
139956390
249570004
104613022
186391696
145399614
222030493
137757062
216118043
196686871
243080341
167024675
38074292
205754904
217500498
73794464
205982435
34355243
186876151
222399161
142458199
35867948
40665830
198614647
145495105
151659927
217500053
50306676
175966078
216123928
186434447
46613111
129211043
24134028
24243331
137253714
115921697
235734771
62670111
110766697
109347677
43723971
123146280
114457825
146891154
214615895
208528007
25140072
132247688
219457646
205943566
222110348
146363019
84884525
248600158
198188805
72027138
24243880
54751280
170281504
82844026
145298772
221745401
129206462
82907377
109654657
52151936
107098890
158856083
209388034
175582612
144092407
235734711
56425367
186084877
56980010
187584732
96685583
158622088
203874393
101646839
217499825
216116608
200851478
216122959
186517462
235728728
199048570
159668178
172345658
186085754
208187784
203953832
165935952
216545728
48203125
170461070
116276706
248767730
14422603
84785235
213997240
169657132
74558350
248397785
14422597
45085424
143264436
207299029
251584913
151463810
13392879
111349405
40394967
89795736
76103473
125875245
199147760
48454392
248601003
190481172
125874486
193340931
44233585
46612808
216122230
199650623
216125766
147975048
200868060
171094525
215120005
205567510
71153211
73617911
140509739
174104685
73617809
114250631
148634129
47136967
189972270
125874773
170994882
167432893
52416530
52414804
253391255
709569
142337165
2588595
91383713
35366932
144199044
138932435
144755173
39732788
53922595
139103882
47121012
172406188
208297146
172345557
95124777
199113972
139135899
79164861
164501068
146870502
173648191
172275143
203506239
230087032
146870784
136136548
252383052
252357906
129719721
138902908
85240622
38393730
116276578
41298931
146492006
57660660
34674050
33711607
2588601
106710110
133650441
199571632
128857526
216118324
207554938
73578433
74980071
75355575
147887381
129408898
125875235
192032689
138385669
125876099
196858194
14422599
48519364
76756606
16620700
138603144
146249951
115921710
215191517
52152413
147868975
53917883
85239928
90526750
200770081
216114200
185947786
53117266
146250484
208295733
146629041
144463140
178262709
189608883
199650487
125874560
167489165
155340120
172406749
146250355
71153263
128791937
40423371
249883947
40418931
160861867
161029818
56426763
248523364
39088256
142811460
206250115
212211956
146871033
173648009
138903781
205943005
208525879
138384989
126526763
129416243
112093820
252174805
207299276
67012290
22359575
37731782
40378024
124273206
43739660
39179728
147975848
74683559
172022736
171934392
176872621
210165145
132820505
46612045
208526528
208169754
52413016
242009349
52406809
44872655
184281731
217708605
74443873
2588599
152023467
71509383
146492695
199144474
53918562
159893367
184449774
138141424
147350169
164494485
164061543
159865971
148605220
144478336
155326293
165938394
205942621
263107676
205942285
249347773
263107546
252571706
181218184
249007980
263466368
252628527
216124695
249085539
125874673
52001505
137560280
25122356
101120932
200853129
217168042
159865861
143292503
14423709
91389171
75383016
198617923
10091379
40589616
158904851
46612981
248601177
198591036
173062120
183041271
205943708
35585955
82651517
242630436
22294351
55077019
222399204
170336064
249885730
135366376
126551137
139150199
162577574
82489336
207391811
152108694
13895384
57731468
198617631
114459523
217145411
14423021
216125028
221731513
197633100
144328191
44218079
137793050
66115263
72027910
155339736
168518151
174105543
212970659
218105960
11382090
199044729
75601201
47144075
146250603
171857259
82844264
210134126
248602085
186267943
170281382
125169074
222402727
186741361
130033500
74013622
78886852
176404625
47117284
184829597
47115171
249008298
222424208
210144983
91373323
196070127
196074075
141764315
163933886
217385644
214617687
208307506
200039571
129601992
46610702
46611549
214816374
199683648
200730962
196182275
158811547
150842356
155256814
206270627
221826274
126533661
125876024
146250013
138384300
252383086
120465352
114685639
68326564
91623784
242484765
2588589
40385792
249006589
128594062
44798605
73383939
242665680
22152471
199650587
216125466
216120090
155339393
31742557
35931013
143413389
189681249
14423414
144197274
155215833
147854709
111298487
191557024
163934111
129010960
174102086
144461963
197410371
173009677
197638844
179745599
215162339
153501540
208188119
222311012
249669313
214909511
201568762
170281543
222266146
216097129
209171565
205031784
247448456
169372242
155154819
212552177
253296814
253304479
262599119
252357985
252383054
225937705
38451713
252720828
195109277
207559699
263202779
263415961
248600830
205610724
252625215
241892062
212969950
205037644
164491530
208295343
202438944
230038557
261799857
253348223
253243579
215110867
215193189
262719623
252382301
242015016
248755226
37941777
160146581
263107604
120464392
262111109
263202950
177280048
222723255
214660910
250007086
214817582
249610188
251015091
252012549
208296515
146250243
247683569
253122908
255349698
252613035
251533844
199964950
176695591
241939881
171185689
249815972
209906949
214823375
195916617
252383098
248596496
263466425
248869588
210513668
217474253
214615484
252624173
214912836
222200949
252355388
253492648
199682468
168494349
247403264
214939542
222292921
213560486
172406006
263012137
249885728
263202560
248595703
248601816
181218842
263088208
228999835
208680660
199630178
247829978
2588583
253091449
225264014
213559848
252006231
253091612
253072559
215100208
222186103
252793052
252673084
248704661
205128561
217474177
209908324
171849064
250567671
252863697
230086855
171185183
167607652
262059160
262478147
262486450
262719259
260819098
205943858
252382264
252358057
252358014
252358726
252721399
201844949
263459264
217570570
251023332
172406317
222399117
248345939
249083742
253077515
222399232
253304605
199964951
252037097
252036879
262602598
205942744
252383050
252357919
241964729
195109435
23896038
166764650
130970653
101844741
195536619
59280008
84899390
75364950
136432286
75353824
154703079
173699816
248288931
146366646
261981642
139670047
153514504
121103096
164336920
84899403
120673498
51578502
54368986
125471812
130327421
23896044
106032929
23896020
7069939
11585305
154497919
108050096
193013498
107347771
112687663
6187361
159717997
170338459
168229054
164530960
261962792
72122283
8945891
116629069
201039062
207947149
116595554
171669779
106385008
92095990
145221305
74527274
170066588
86865760
175157793
158449129
163875673
144170549
174307463
198769926
121053398
123549428
148817644
99247193
163869757
248268085
135727431
152475567
25181147
52181786
164055726
38958449
170066819
208193851
111411779
164253074
195962243
108753693
173882329
174151623
198793938
52725924
59431240
95280595
81126063
261979209
169191202
50888840
177816915
136235879
54778395
144737655
99658714
142213534
171817079
55494442
57678790
170706269
158999989
113473562
73620690
188447585
110658519
132840135
174640521
58511879
164211554
192526891
155163712
10824296
252700835
176530907
76376031
158208273
76795867
120484337
6094113
168220491
36295381
50040518
483022
192519984
62323908
85668288
58215190
206481158
76508364
84899401
252588629
205538899
127315789
195188176
176897703
173716905
76289872
146259801
261980470
52853544
82403342
113581777
57300536
50559764
207778699
207947452
77437916
205538914
144752016
139717211
120427731
111410244
139716064
174306982
252356409
137939388
152055336
73737394
23896000
148810247
23896066
225917427
129916855
173551187
122361438
54829070
205892064
130065451
68603115
180001117
26736947
159717992
76288097
76288490
121009909
257507435
121106668
77580510
130014150
136518252
125471822
175830619
168358846
111152947
84567962
120294462
174104104
8072632
170780230
49785779
160080576
74511631
97562374
112019799
155678450
52334128
66970874
124854915
111410883
181756938
176530922
170699989
159725707
108598173
23896062
76281707
171651120
58085000
144629656
9849166
100413529
157538973
207951770
146206692
56807287
116912906
51566593
117558057
146384794
248296271
12608854
112688545
75819973
114197823
196349237
186271173
142212992
157054841
199670748
177899305
127210430
163544396
165148822
73983546
181170855
127058555
207521452
255255793
173877411
152091953
110170514
172364186
150844391
111410237
197382485
169623095
163698013
72921442
166070360
57938363
59134301
176254173
6336417
211960912
58402020
159971125
164043844
107529392
77451387
168650376
58937392
129916876
203146793
20666176
170312939
193013236
67632614
66220005
56248982
15428733
121102525
162350432
140174824
121078342
174299946
1058646
155219818
113674296
123861440
154495296
180001624
1367233
170066619
173129086
181133440
103512758
207521333
150557630
260927084
83919038
36753062
58621380
158600157
121027412
148938779
181974125
177546531
139723484
120047556
59203077
117172977
176530909
116724571
76287277
136040580
79693160
116554398
50097707
79217824
248499228
178262730
164343942
145764571
173883042
104802288
10104787
222684722
157031036
100131640
195355820
119623460
104744308
96598016
73839387
173739754
133934889
125471823
196009249
163576112
52703674
117379247
114197672
170496331
50945906
81757761
150853376
170779686
105297189
136009223
100084185
167432558
1058638
143420383
113485725
175549400
145208668
154695341
193012363
160074614
146384808
178262874
135423743
115692483
143827115
124039286
199641731
170708721
77580480
26499642
168796275
77580551
148824521
259479276
248939601
123863599
120294588
122356481
70640386
170780095
67520340
96189562
7362777
168987506
8950526
52005238
155243486
20666172
23896074
148807561
169623114
177913266
143826488
23896042
77580597
76226674
55063775
120031855
136014149
1679115
163553704
163793322
85817429
103824874
111411288
170779758
207839693
112190214
51658113
113402427
145205973
145208823
128803988
76706701
96028871
137572649
127367952
182086165
59050688
195878937
182084507
177747695
173830987
207521517
214619522
73593975
123861068
186627935
161461545
67547286
4995719
161295445
59430930
23896040
104489076
170713690
121107885
76280588
166652713
112251113
22415871
76706886
52653860
73738375
88000530
59409960
99659348
123170227
113920550
52490145
62341001
112190136
107342806
25007194
165667256
125548153
150842187
117726616
60739690
120047596
171724662
83196148
76726196
87845835
112250870
52409294
148823609
122093751
23896048
77580487
76225801
151489097
198427163
52488079
215705507
156163941
262045509
169485529
10303935
113485033
146384812
125471811
173548860
203508091
66932112
113478631
71987565
67661297
1058666
111411259
123180929
73552896
205494469
117071466
152018745
144637509
97547746
49791413
161950999
145219281
214168675
117726199
146382153
1058664
178262841
1058670
215727202
174307704
251402746
242865407
167549019
174305260
100309718
166005879
68662276
50945910
23895992
1679111
182547982
49559707
148822901
249646125
177898700
177916338
177913429
181770224
177912834
158773915
127210359
52337795
84267333
76291656
59558804
260805873
112170481
117893059
77452095
73515297
76726338
112251409
182474404
150845156
170330840
143116589
94074387
4213917
76695929
77580434
176897710
76483625
53251514
105821947
172342478
249036030
1679105
249085362
3769923
1058680
175651727
123233964
206481622
166090626
163566376
145209289
113238348
124861619
160748229
175831099
172314450
49793429
175107309
80859554
163720089
53064672
25921477
117726460
6290007
1058614
143521978
146424157
120047814
121291452
72103282
106185957
112020125
50419266
170583435
76696479
77580427
117176146
76695810
23896036
102013922
139200549
76281143
166476328
145765033
167432451
127207298
127493060
127368001
76693342
76695461
161456325
159725804
177757619
136116173
172280528
184792130
177771216
260927033
1058674
170107810
1058630
1058684
1058610
56822447
205509902
70551130
9943939
175654394
103102683
7416243
7492687
74511736
159971114
158716127
249043166
88815430
154181608
145236115
145207864
137374958
145494836
200923229
251402661
1367229
175161601
178262728
208289268
202725874
176025215
155718305
182546850
173786445
77580418
173348949
117075439
112251279
171745402
195189727
127367990
108249924
76291545
23478506
53030570
111616061
121108181
121108156
127477734
152093769
158714975
129438053
75964520
76483629
23895990
180020525
182084525
77451504
195184739
76696085
77580387
176573827
214165760
73983288
214618474
121107942
169623100
77580569
170716100
170715777
91220898
202780650
108616418
171574226
179398902
25921449
172391599
74632800
163833482
217384374
112140522
125471829
111410468
111410282
175653263
51834800
110483414
74764237
58213328
177558889
96289224
207941708
147731222
154495711
1058622
151921591
103769582
122798846
87457360
149476444
100130021
198937300
152092100
178262720
178262840
2109343
214619186
71069844
260805904
170599669
120497071
112170804
177918239
177898419
127369113
127303692
121106425
200985231
121065839
120533519
71070317
76289713
121106075
76290257
23896026
116622749
51261213
23896080
136020397
178545209
94074284
76288689
86731447
148895475
73839072
165586145
207693711
191365798
77580558
127303242
108914178
167432167
23896002
76290092
126037460
177913107
106174231
127303719
170711145
162405676
148812677
103808180
173835830
174320748
23896021
77580441
147798674
127844455
206237015
167432823
106540678
77580473
197606831
170325264
172381711
180303250
170262059
117625125
163866214
117170079
58811481
120294440
100128707
73641450
110698388
162773792
149713714
79720683
76291805
77451927
125471809
60222491
175813084
178262674
178262782
177898454
79323572
146384836
60774037
55137171
96415758
178262654
77448447
77451366
125471816
25040493
170693427
170707140
77452056
182547894
59280116
247932603
248186863
217779346
247939782
247831199
248230393
249648921
247840045
253425790
214094632
178262686
253091284
205538922
252559024
260798126
214618776
249646089
252584028
262525550
262550258
262525407
262560246
225918682
249646136
248782417
203842470
205891987
249029702
247795058
199030735
259671105
260940008
214078184
262522986
262527134
262567643
262569235
218748321
196158273
261946608
261961284
4212059
260926974
65126281
50730723
159499725
146384825
89227284
162410705
54789690
89245609
146384862
204435811
58839019
59052096
70570604
1058668
171021046
113484899
154448800
157031093
144639788
125471815
59582485
154708906
148747463
122799159
103789073
169356000
208193787
73420588
214168133
159017276
170779775
170779723
205538896
110221878
11517001
146382228
178262715
155532442
23896058
51561592
207948279
50945908
51932521
127300027
176530939
96113829
143116449
121064381
131174730
121105773
143829116
118124048
112250995
127210497
73751843
148808114
177898669
159725526
145219727
120481200
197191776
179398931
161459669
162972000
166765517
71069571
76166362
139719963
172395540
98186021
163554381
52661422
110709571
112639432
207948294
52648959
170780170
110349572
71893658
59197811
145494347
113480685
1058678
144635373
149943209
170780263
174835032
94098195
118422377
151968748
205543822
66664256
186627285
2109259
195912858
174305017
108830884
97540933
248185135
248947360
247669109
253091127
253091482
247935680
203202746
249653726
197172493
249648814
247314702
251402730
252559022
249259626
261984820
249304515
260805352
261946461
263392479
205891923
248206077
247823615
247944856
248956423
248957071
217385269
247432588
248206871
248215827
205892035
248204874
1058692
247317019
255765277
249259541
260798065
214617723
260797524
249646122
262550869
225242310
225918847
263393868
249646096
261946486
260927124
247938764
242487584
253425976
248191350
246856215
248211616
253091214
253091452
197172433
248947151
103471797
199022441
259670380
253091594
252812291
260926882
207729683
262637805
262551645
253720430
262567945
217267484
225918579
260805397
247944055
203842568
249030128
247829678
248950028
249649621
251983244
247933443
253420673
253420637
100129915
259672539
214618564
260798053
214618969
262525971
262393225
255267638
248782400
174630720
174639116
178593563
176296070
84716267
102017615
192294168
50311855
34570403
75983400
126079116
121102956
151949316
174531151
58456332
159872057
257535531
253197655
253304411
55118385
205744401
168470113
148073694
49367388
41614535
253720354
176296074
140565376
252631734
216158455
213715305
249273826
31615408
128584259
209698996
32079808
129436269
74819063
76076379
63965696
74429721
126079227
66610821
529874
32003772
34526736
178064919
178064924
187618873
263394080
262075103
249785710
138505237
263080011
204403103
116001213
47045312
128213763
60229889
208176680
6303195
247287726
6986851
251590822
254187978
2244999
73290174
15364140
199020823
168144567
217135243
252590046
200630969
175853946
175153899
2414761
130405175
84593915
169495840
148063636
74512633
34570732
247321761
76099252
76067740
93151614
31647897
143915788
9858207
112695657
6308563
3226491
5769525
245765366
135508245
137672370
136081708
177205774
9672658
213682582
208286604
175875524
73636474
174628053
47130871
2258167
247285631
137481133
46623291
206985843
185057903
174530965
16375520
16997981
2258529
205428098
176295761
190808109
121106064
43183784
247301242
84594079
148541517
153875553
5766743
123234170
164430921
6837719
101125082
195686754
165149905
226296183
204640209
15218568
68771107
176260447
168275795
195966940
81540288
136939459
178064923
136790914
175873615
249206843
181413860
7415749
32134179
62780037
48010526
192539048
173385894
147812851
174110019
58937349
145395623
104841772
89883533
90413489
198572879
191944692
225938425
126950536
194107644
168117765
199118224
99428564
137478913
3226493
193979288
197641838
97057073
9858772
15728157
176842411
685613
2247181
16375504
10395012
50768017
15366533
26093771
51049832
168461661
126950533
139296564
253304169
58976207
253197573
197380355
166397588
98187651
173853701
58449154
101148568
74493390
6879059
251590785
247321816
6306159
98254568
35863215
254186343
25388833
197645080
78878582
16375502
11122679
529847
42612291
104905015
262707459
163803730
176296076
21714858
188492693
188501828
73243447
196146434
207299311
10695162
96924596
62741832
11964070
149021454
149062432
121155993
144230663
50357637
195686728
23974600
10211335
252673469
251748320
251738141
6300217
16375168
217462158
2247287
111174630
204402005
225907227
199671842
15727643
102049398
48884182
17406816
252648347
126950553
135326110
127426871
136828011
178593590
177200173
10394922
75487847
241846359
175875142
263080518
243017736
138667323
148985807
10690701
146649603
186066601
23950631
31639344
111176984
98284884
26479225
104558134
74451647
177631979
166594570
93273882
20202051
50768006
75488465
9986194
197216207
199117597
185149613
195328111
262388696
179398951
73243803
174609362
195686091
50405950
145395887
47126723
145395777
248619617
98185522
149147646
2256867
16375516
47990690
50358164
42469548
249268136
380953
262021830
225952832
127369848
26074140
191689022
217520872
75982179
41603811
23013747
46473246
9672455
204450058
2152895
113753829
252906735
8013225
216382024
75639107
168140696
201698768
25181511
195972533
205075309
180380048
184449665
178593591
123353289
139296598
192911919
129742463
172920238
195844979
262720991
196851811
258509254
229768348
10691107
66631154
10690650
147128848
47100787
76076001
253040265
173126310
123735962
126078926
192686756
166559771
114266530
117576449
259645164
43182397
116739863
198320319
84594018
2254725
2255207
246113323
23974589
27855743
50768035
3035487
190320926
88222632
195686624
145395655
98242438
49859581
10691088
43183260
251590991
242859748
107343217
107342609
53449161
197645738
71209649
71306907
558862
194405414
117667820
143915739
16375138
260814021
53298920
66924605
2340639
144235334
113760388
185690493
16375166
115255738
248559597
143867758
48697941
32752936
56365334
29643173
166227064
55278133
113758161
21711855
17465184
10196985
202026698
67185043
178593524
53904404
229777208
191816943
175812463
158788077
262707466
139296570
32960273
75539332
140940013
145990378
195845404
196487197
177200199
133629903
58453116
195342477
198328273
181252994
11653986
164047761
189458131
99474362
198320358
251591035
252663441
184600011
2255531
23974582
2352327
178514793
85561172
42958613
109443292
153879304
195686598
51448172
68458642
16375592
142711415
189181315
104541137
2254597
31633431
262021622
196470187
263079809
25749112
127152562
189683860
196849235
216354105
170955939
177205266
133646698
200732031
248782399
164047746
10048287
126930528
195436901
58984786
68200406
10691090
88208657
74466093
112937714
105993615
247401916
58260482
51074470
50483904
195686364
98279934
191571607
100321445
23974633
106003621
174588301
153884771
93151461
47050579
252664385
247320869
192713659
10755971
197636946
98190793
23515701
104551695
196911729
111156612
11870816
2245463
2246361
140638659
150545108
101947387
174528866
147103326
16375506
198417094
55089993
22362860
529851
57440881
63967718
58454001
161456778
173943049
183547959
261946650
263072607
213676780
257915434
138135479
101646518
201569657
159010406
76217821
213926146
207537181
195105261
257844555
102641929
229791827
178593532
59142290
50768015
246960313
58440570
196055201
225383482
262724217
191781272
74200666
46769535
43182811
121106743
98218253
51988689
60176048
2352337
2245499
49051681
121098377
23588052
143915858
111176603
140635080
173516553
16375152
147113589
16375588
258378452
111171726
81509562
129451979
10395064
546377
48898284
136975347
260932888
225297547
197218344
112136784
138030410
177200186
178593559
178593549
134016746
134016740
92483288
95138426
207288751
178593584
257535557
192376772
183547976
191933475
193269685
178078902
190845743
262651338
196470394
185492653
196486921
253447670
164080422
100067322
133632147
207298777
196146390
164047751
195686715
38223362
217357279
23039522
242866154
251590836
23988510
35582272
192128233
15729091
210283876
205305067
195686559
50407416
195686494
43833978
51077043
173854186
140632526
47032429
43332661
180855518
90460917
148629116
122909995
247336581
90241252
195686143
195686533
145990316
16375522
104468491
198817176
66632335
95014343
133426595
206985546
49644222
10768287
50319187
16375536
185696072
90228738
36761551
24545287
10145246
178593588
76101769
47182000
78501793
161309546
174220154
2796289
56991267
142776227
58480440
35340426
200985527
68248988
262731539
201429238
34580857
196529965
52701373
102768827
129917352
174012767
108500005
137572908
97844896
15409699
40948871
56033576
164791518
89858782
106553649
145650589
74207065
74001265
91650282
165683964
13453300
204268481
193979281
49223560
177998869
215175746
195636623
52289946
208657951
197852728
52276966
170571603
174113580
138460611
86855456
90574122
134800199
160425050
78497138
108102585
57870192
82074207
235878571
115255567
46305280
192670876
205327701
89919886
57413358
242086339
82074150
203115167
52723498
86844656
235882471
202222450
129284741
113042607
198495685
11709743
137572954
166063302
66521598
52529358
73567656
174113732
203275705
29817313
123833718
170571604
186636233
129389530
203069619
197634853
52719812
50377676
15356844
217143714
126220451
129389504
197186689
133248475
72478963
72870184
128254086
13453289
185913874
184449746
247940657
204611289
200866455
176282145
135094196
170451360
154711624
150936807
79116398
68090500
197083819
75592839
111942642
202768170
230019089
5136745
201429234
208432549
22389124
20012465
189574196
106348007
170571511
196853063
84847746
52508403
129389502
177140468
86715082
5136775
109424657
190863819
191580027
199528011
195891001
106379282
188140989
188548418
34601609
201050557
139512806
52287822
123478406
44094597
78511920
177627262
79551662
259770645
249738603
217515362
219407046
262862538
262861274
255449325
199251367
133086246
174113162
152209842
198539673
152159893
137226816
73863956
156000914
73864089
129389506
202013879
196286068
186634986
248787789
109245491
186066070
212958759
183907162
263118492
68460185
154988087
203049852
205040342
170571522
76070223
203147086
161452107
161454643
263240186
26142116
170959846
170571525
17954891
41355243
170571544
205374547
197617327
129260816
95253410
111851890
201157338
74955904
52255148
113045928
177628094
181069176
75402957
55141423
89507034
198321121
4678255
109248127
252062931
262050539
203877890
248595620
181900226
102017593
85178642
54497778
143709480
8057047
71887572
8177083
44682298
156037768
184475009
197315168
191579900
96306886
203392851
15942464
5136773
172286449
177998694
106376607
32326446
180365013
68125959
98275942
112697491
132899280
115501927
69843956
208054496
86723521
103456781
197164269
78905967
159693883
203049229
184449763
55702889
196337350
178078930
178559961
56697382
121977210
180236619
50070323
75636363
131504740
178078909
184449551
194024662
111720280
205589309
72621028
35865178
34617196
101586529
152809699
145635216
112696133
72673794
135094168
203069621
213869497
193858454
252700305
201054060
262706794
263239540
263057401
210155257
252760214
208435699
262295609
262387913
262569114
262915817
262050804
262051021
263202781
253103604
205322956
249945513
249944329
252762155
213869479
177628403
216197051
262392304
262392696
259514172
220661582
219267187
262706910
263103329
263256392
230043298
263072326
201429236
263436480
248989621
198582951
249505899
219235020
217522598
262299591
213713119
263440265
263494710
249738591
201037229
249942488
263569740
174114032
203069617
247793771
193771212
262394001
208267510
201051663
190856073
254095354
261802974
214599242
214615035
253236445
212553035
262789408
263494555
249200579
225289183
202021247
249946191
252762253
257844230
204052080
247793692
204049499
204877175
250527731
255306378
262973224
261802774
263241811
205335423
252558978
173177081
123833717
89817284
189194137
96633676
154497745
221231627
170571526
170571556
198932806
111680968
170629472
179421297
111726182
74207089
113048913
243319658
112297077
161539921
90153978
131194735
249892869
9436017
27990447
137466719
51988177
5136743
111725481
106633678
19747667
59301613
205254880
156175329
22368588
187865584
203092354
193315660
16375156
263210281
95213387
184449534
170571534
196197231
170571509
129917170
197406505
123367055
216196682
73309407
113045645
128334478
112695795
137572956
184588960
77955212
69843964
26140511
201051567
74571251
141982186
83929594
204896177
109338164
10250575
56808619
251257402
29362699
171890423
196337385
140143870
191681457
201429232
106516690
184449740
160601134
165579995
208432554
252760234
170571531
170571564
189676508
32480927
129438602
79561449
133108491
55292051
192412261
174114061
249697496
199582149
201050380
199106493
11129434
156000552
191374303
185055147
60059878
205563322
176432080
193708890
162978739
174113983
15303374
110357035
114597409
96874594
137636968
111305644
246340034
557833
58210515
1733025
58213444
140957128
136293894
204005048
58213746
115258125
107373724
116564645
96133250
196859868
103814419
22011828
129917319
122417860
73939853
196283484
173633758
7775006
128325116
100100338
78945292
72091075
709571
557911
6872615
157549003
110443230
246172504
172175911
97775503
192804029
90655566
43877163
55015074
122655512
247862300
103789273
111292005
116886337
136116493
140957786
12620266
101844704
173488134
31670785
111295452
78613913
50768032
180963711
179405309
205264936
178078910
119927239
1733905
42889124
182587674
246206844
45458139
155339093
109572829
100101742
208178989
23079051
120517341
2075161
11289739
23421211
10816060
203039925
199026551
196855151
1733415
136116478
74282790
150731837
169812402
192129802
184831227
196095672
99854842
58204035
193702762
11288135
557915
257789795
110867541
59411902
180867734
11381926
967457
130393713
58204122
182587701
152728483
196897054
122732547
109248050
165809293
124275088
36367628
58214464
155751624
188834891
53826138
154495861
103817152
138358685
215160986
171236934
1464637
115242810
152548641
177335683
152463354
184444868
97821643
558037
70540636
170066618
6894661
102532257
215554791
124275775
85047181
48884002
48252455
75542375
129600390
59300334
192531596
182588381
113494418
188739617
59163141
241183208
195111827
23079059
79653510
110852311
205819865
253358210
74616280
188550115
11837634
109776947
185744859
262504003
252024710
176450835
262890456
191144733
263048485
262392430
260801577
263353857
263372402
262890482
262890472
196869305
214755084
252600318
252920225
196860190
196857461
196856109
252144242
214236907
262890476
249259650
260801547
260934741
263295337
263047752
257770511
243043295
147964522
263295332
263372314
262890448
262890466
260701783
262506999
11386832
93156392
252600355
176451624
260801574
263354480
262890420
263494547
197709497
263295313
222615178
210155228
262890422
262890460
253394340
252600271
252600287
118997481
252022565
196866012
161943901
196857034
261988799
241582202
262890452
262890470
263494561
248802079
184444836
262386053
247450019
243037635
260801538
198120155
197745059
196858180
252600330
246282774
215160886
218748295
263044598
253099337
262890443
262725349
262890494
262890464
263051300
262386271
247499090
248259208
260801545
260801540
262890442
262890426
260801563
262890432
196854434
78613911
176119711
15303380
106337452
144179315
51008965
103565067
114644705
75617882
102099587
58214066
57691191
8819370
140639330
152463380
23617589
169594337
19397637
175154882
120168628
263082533
247858822
184444814
145395730
104271677
212269376
196949281
73324164
38749968
21930778
74300731
131497054
20590783
176117478
100103437
196853966
107047883
15613034
59377118
59411316
59239750
31684427
43185589
53706033
103525852
10090797
135220694
204083554
53741322
170928797
168972694
188494868
172950025
249289687
137572253
3275829
200999770
119927466
121475171
185862577
116408948
135478090
129916655
115146740
110653465
115669170
140956334
43751395
102410170
136293805
214756285
241582331
196856757
252600285
184831120
214756607
262899671
263077844
253043432
262784396
263494542
262890498
262890428
262890490
262890454
262890433
146924592
252139492
263295312
229733003
248640583
260115171
262890424
260801562
262890462
263352618
262890418
214756610
196855360
709567
20590777
122646067
249271056
204433615
173126366
76825495
103791110
111231184
41421171
123232109
196518985
136116463
106883058
557913
19731666
144482103
112172758
11450055
557905
557968
110300543
83165681
11132049
140956380
212039300
126079066
260805042
61004283
107682300
3626381
46135995
54077848
113485888
23617642
41274295
103790560
125652917
171574178
184449563
100184065
120169136
16219735
189676790
129916900
58897727
106955355
106569068
1751931
58211558
31681776
193212334
197072592
11413697
203150686
107047877
79129445
203155509
191388604
140962271
111234151
174553066
12232732
3458677
3453849
3606597
558030
11985035
116402795
129916759
252777336
114687257
140959287
102890275
133811245
60722163
113966717
112175638
173765857
116004782
111296115
53998203
173748737
9345772
176056389
709579
253101431
31337843
129916848
129389542
114691487
217149639
205458739
100552893
3626383
10073697
198936477
53652226
252960756
184651387
199906694
3041853
9803803
109344169
54753665
202472904
162978710
59505414
52580820
213910960
213913234
171543768
19917644
133431028
6906675
30708273
124941616
20466985
95881651
141332041
199903943
149175484
248947021
146004376
137677472
137481231
52250206
56248579
248878912
531002
141354540
141128159
6937415
71081515
71080877
19686187
3445127
76207502
67010745
137689274
74816739
6940603
19666498
113633756
213912752
114980789
496149
52579276
15341500
1533119
881348
192795803
119064591
147050192
149175511
21038522
74816447
146004373
15610220
159061054
1600035
52820129
21038056
149430009
160600948
137681398
172668642
172668631
3449235
149175665
243060589
149175493
9803818
77102571
173910854
172668626
171543721
149175471
179398923
36687811
6998379
198741257
91554196
385766
162978689
1600019
149429755
68476140
15601709
3041851
127687078
37035033
213912290
184444830
67059442
149175596
137480968
35119464
34351435
6906425
6906079
1533061
127680213
95050492
143357146
82040933
941293
19640459
149175502
74815607
85178595
196378053
216354398
107770291
31047025
146994366
119064812
184449765
172678112
149175514
149175659
109089261
137678256
84545290
6957557
142349951
6926027
112229027
261809422
198955357
34352039
84416502
261809382
149175671
4028425
33649520
149175604
149175464
17594882
243060597
243060677
261809292
261809318
261809348
261809338
261809429
261809360
261809364
261809388
261809288
261809302
243060645
243060681
243060683
243060582
243060693
243060605
261809384
261809460
263055218
243060621
243060643
243060691
243060647
261809319
261809396
261809301
261809334
261809427
261809340
243060623
261809425
261809322
261809439
261809286
261809352
261809442
260805684
261809317
261809435
263055295
248878908
248878904
254188429
207494457
243060607
243060675
243060671
243060593
243060590
243060633
243060629
261809368
261809366
261809327
261809437
261809433
261809284
261809344
261809450
261809362
261809454
261809452
261809448
261809431
262887516
263055250
254188428
263117266
243060687
243060657
243060659
243060627
243060651
243060631
243060635
261809314
261809456
261809394
261809376
261809462
261809358
261809329
261809372
261809446
261809310
261809287
261809412
261809402
243060601
254188430
261809332
261809283
262887587
254188434
263055278
248878913
262584434
245218235
6052903
53337316
2431711
172668652
12610622
254188416
496215
119064707
17495076
904854
52813936
51427994
94118472
119063868
172668627
149175678
164196239
149175480
149175635
149175566
199910240
6998729
6963519
34349124
151995355
199912773
248947025
71090345
172668645
137480081
149175640
1533077
119067993
151981264
143357157
171543700
149175722
186392496
119067569
123548931
149175554
149175689
531011
149175515
149175546
149175482
149175510
149175462
149175570
141111804
243060641
216352861
73718729
19673105
149175478
149175485
52627476
145990328
3998159
15341507
125838066
149175716
17492255
385898
17492361
147004170
385763
115015628
5917647
67017420
1600043
124844978
73720262
149175631
137687066
192564844
172678086
149175534
137479388
200623681
73325634
34351932
6907001
184449540
149175621
149175650
149175630
149175637
133419684
5031383
3456451
2213477
58728055
59503815
17503551
904856
103347145
114758775
149175466
242785840
262506520
257867402
201252720
202770661
260918919
202771033
202805649
262516088
262663987
262648824
217268254
263453752
158762754
158762715
249764645
263370055
263338552
203260887
263492859
263488683
262515775
262681426
252870517
252870326
249766331
252859949
263493095
263484043
174162770
73979425
8313666
44631257
193155919
220661861
164396485
147352659
46107000
143359444
126505012
26024411
177706895
208188108
177706909
126504400
10404211
43042748
178515083
46251066
807929
214654744
258668703
127076292
185704572
50232553
185578084
130199631
247324160
80627160
1684181
198902095
192807436
59789497
213713207
208105719
205245634
194822956
129276238
257868051
100182035
174162740
208906014
100168370
174418138
198462874
193716589
3873789
206669543
155194310
201518080
26051391
184817799
104354802
125877716
202343276
249213074
41844917
125889397
185882217
140218108
199628798
130970634
196853018
209274423
201851027
183378354
140984194
830301
186088990
13441744
192790788
178064913
139301858
202528641
7483853
252065628
139250784
168359041
140983590
78963828
512711
140510355
46837899
196853117
655640
51976892
84696225
11223003
127010964
6764543
213558660
107682647
104390722
199600746
162089116
197109280
214152098
147399883
111521985
208307697
214805959
121264450
152071441
41843923
50724102
178031460
195801917
192951186
112792162
56309159
561658
201518209
201518138
128792926
140220574
202526507
204323295
246161448
90024922
212285612
242078361
262021662
171715502
10754012
243080678
145370992
212469726
140983771
212255050
199152303
36647675
197148654
103996320
129720336
449542
184920435
181108106
140991052
204322741
455597
69463941
78964059
129141259
21115303
54380
21170245
11707837
220682138
145394212
200415406
172496112
54805520
23379439
156234413
199628732
129719929
129409110
246136752
127076304
195801903
205608183
108918259
198111133
53271803
93743776
205297964
52812967
22990407
184874063
95971993
145762671
1684277
149145821
195801891
198354000
195342988
126561277
199630266
248065664
251282304
249634914
260808323
253493041
213893637
253280690
262089309
206308345
250068000
253280231
253280767
195801890
214787471
201518039
262835627
253662824
212257345
222623794
263557324
263079168
252724498
250960544
206669587
249093085
242620088
249579692
249657851
248608938
261799770
222622465
205957851
229810558
253280868
253279351
253280591
251751008
251575380
253280164
253279789
263056164
125162478
253322350
249570818
250960541
202528416
205050622
210425665
222604392
229810628
262088735
242635904
253166340
253280251
246162569
103346934
202012916
201518210
262846190
262845891
262914993
263076030
114789040
125838638
110925019
99964921
242078364
262454784
212241315
229809648
253267983
254181075
253281016
253279065
253279474
262088333
249858221
222626172
225940575
251573619
248762412
214786055
248482376
253277851
262846146
242716008
263040990
204283152
242141807
246851607
208645980
206669545
204429888
115325470
205285734
248222158
204431498
201670187
249584747
253280034
253279696
207014783
253279663
253047037
246162959
225383363
253309020
214154012
121661388
201518264
176150595
120493619
262055726
13524648
9723347
169562745
216156792
214064767
171003793
171251566
181096020
252724691
108925427
13524652
869460
214501189
204283090
51101056
19705396
124273385
41823727
208645905
225940208
139303855
465994
15198616
106892988
127340406
111488741
232611926
216156293
241616758
124522918
90923401
560850
204878666
171856627
193888006
217514198
117309487
222723559
205387388
248070100
465999
199683037
186879756
105934080
184830012
196410339
198901424
58553682
448754
516917
193702559
36613672
140990189
230202427
164273134
99513987
139301836
448721
125087352
202712796
198111157
192411572
53831893
72954037
196860076
146924615
516248
193706970
253076013
253279498
253280241
253279483
253279797
253279111
262749764
253583981
262845989
262914955
204322882
250928958
215840388
208679868
217729237
242657813
229810759
195341967
248609223
199683685
242621061
229809453
229810794
253395511
253278072
249657407
249271428
248128372
251552609
253277737
253277755
261961817
253279075
248481215
253278609
253278836
249877513
263052752
225200169
198359318
249467848
253142823
253497848
50363603
201518183
174121450
830299
243094460
128793417
171716258
130333610
196853034
242657102
152070785
178000273
195169981
362097
869452
250960353
144631305
202416193
26025144
16992199
145680991
87936692
196472700
114535579
250960547
13441841
243096844
220661346
209870814
448759
167003051
175549791
199020471
125087292
103223695
203435258
198779669
190843390
155630467
129409422
129416716
171547492
26053104
253393956
202604510
130765280
196353686
189175975
655642
174400623
251407027
448729
212256988
225910715
54111946
253427061
558042
164348903
44079091
74959556
213887845
199012157
177929226
177775299
459990
246850871
208905641
198111129
201518266
184476514
198111135
210165147
34690921
36622077
201518086
257786672
220682866
204288324
449541
205298136
40350970
193888751
160264329
212564376
58553684
250960348
73642124
129409414
96324605
108130613
199630003
225941787
127376685
161844746
12110169
98738534
242078366
205632184
230203716
225938203
6764783
242658699
205287768
40768564
242620507
199628967
124180589
172373686
813268
512693
253279615
121661544
36508271
201518055
217568385
116254626
198692253
16255994
69026024
16997689
200513161
125087288
124894040
129639785
40959369
72004235
103223696
226898205
193702941
177563769
110786561
170970854
201517669
251275924
246209066
204286417
830297
78963020
158792379
129715125
129416776
254900615
184829268
198360346
225910677
128783517
111197428
73772811
181698978
196889365
201670142
201851903
129010903
186581186
127076296
201517553
201516443
201515971
201515338
201516080
215741636
201516059
201516164
201517625
215996721
201517207
253280237
171518888
201515477
201516588
201517575
215741622
202769909
201517132
201516042
201516009
201517437
201515884
201516903
91848566
201515982
201515572
201516244
201517201
201515715
201515778
201516310
201517739
201515328
253277703
173808353
33089437
122872389
201515302
201517056
201517842
126533569
196889415
113935112
129715219
201515615
201517239
117236303
176144734
201515424
201516967
201515695
201516616
202769915
201517161
201517168
63175328
4036225
138891933
201517339
184920441
120372016
173808341
201515577
201516242
201515327
201516344
201516671
201517444
201517616
201516707
202769899
201517667
253277766
129639799
120338343
201803550
93175674
116046996
110904985
95276234
201515430
217568388
215741714
201515457
201515895
201515926
201517512
201516930
201516971
201516525
201517542
201517382
201517856
201516740
201516122
253280773
115523337
129637716
173808344
196889422
140983594
180104214
253280704
253278943
253278788
124275559
201515258
201515261
242716068
201516653
201516868
201515906
201516668
201516606
201517211
201517919
215741566
825270
120372103
184920437
127349369
161242022
140983775
129409272
215610920
131506234
253278250
201515628
201515876
201517463
201516380
201517009
201515291
201517143
201517308
201517929
1066106
83748891
253279505
143470038
205885452
173541070
101653160
253278094
119467616
103223688
115524021
253279244
215741684
217568380
201515495
242716046
201516426
201516670
201517571
201515218
215741712
201515255
215741649
201516314
201516986
201516750
201517862
59228038
205387396
117236152
201516322
201517888
201517095
201515708
201517480
125492242
126526831
151556434
120427826
180104144
180104203
103223671
201516776
201515476
201517518
207830935
242716191
215741619
201517702
201517812
201517796
253277927
129409484
120427843
180104210
117236077
107482074
68124940
215741695
201516212
201515679
201516763
201516445
201517326
201515986
201517051
201515860
215741576
201517299
201517268
215741609
126528386
128790108
201515759
120427849
126526030
77662494
215720562
117236260
126521904
253279847
201515827
201517893
215741608
201517124
201516700
116406696
253279260
151553291
114759547
253277794
201516152
201516225
201516487
201516073
201516537
201516896
201516515
201516804
201515363
7999631
128788255
140971484
253280598
253280611
253376164
253277973
68124808
253280932
201517761
201515245
201515411
201515515
201517251
201517163
201515658
201515636
201516435
201515737
201517881
129417040
144269024
120339637
129409461
205885503
89318947
171233582
95296908
126522911
253278391
253279146
201516218
201516863
201516762
201516460
201516921
201517273
201517399
201516207
201516368
201516361
201517008
201515659
140550813
205885392
127880262
89318879
122870202
180104119
117490338
74190634
215720771
253367765
253280292
1066052
253277662
110972156
253278147
201517779
201515830
201517664
201515238
201515219
201515520
201516104
201515380
201515613
201516338
201515635
201515975
201515516
201515601
201516822
201516148
201516542
201516429
201516925
201516851
201515681
201516390
201517541
201517631
201515800
201516694
201516704
201517462
202769904
201515710
212437677
201517271
201517128
201517112
201517923
201516978
201516942
201517410
201517662
825450
140991076
166417100
180104195
173808332
146924612
68590728
45339515
145762636
195871583
124273130
252259593
253278946
89318857
253278471
253278857
253278335
253280481
140990376
215720837
173967821
201516282
201516205
201515871
201516129
201516605
201516836
201517918
201517910
201517722
201516382
201517446
201517650
201517885
201515878
201516432
201515638
201516541
201516348
201516571
201515221
201516576
201515407
201516672
201516715
201516841
201517214
201516931
201517871
201517896
201517880
215741627
201517579
201517348
201517788
212437626
201517238
215741602
180104201
253280718
180104139
126516283
140983871
253281047
120372151
128784981
184920443
103223675
127350288
129527962
253278704
129715001
253278778
84743862
253279659
253280442
112791410
140982108
102796709
253280165
89931605
208662689
201516106
201515584
201515599
201515220
215741660
201515452
201515391
201515712
201516701
201515744
201516453
201515850
201516014
201516489
206244700
201515806
201516490
201517620
201515678
201516211
217568384
215741664
201515575
201515956
201515480
201515362
201515967
201515324
201517495
201516391
201516832
215741614
201517954
201517349
201517762
201517694
201517411
196856753
825528
128792808
203994747
253367741
253267189
253280192
129416850
180104211
201517246
144269041
96459375
120372131
13140903
101643234
180104206
145762650
111031952
253280578
253280115
129624643
253278864
177837035
253277885
253278341
141961501
253279232
253280069
201516117
201516340
201515259
215741697
201515228
242715990
201516350
201516600
201516174
201515749
201516765
201516874
215741571
201517084
201516343
201516794
201516638
201516486
201516420
201516848
215741559
201517364
201517920
201516711
201517550
201516492
201517170
201517088
201517710
201516867
201517756
255653577
201517515
95276175
253278887
126580110
145762633
128792692
127961031
128784270
129409132
117236236
23397954
92818713
116420171
253280961
119064131
253279575
253279735
205511913
253278070
201515551
201515359
201515617
201515766
201517043
201517057
201517916
201516528
201515668
201516023
201515706
201515842
201517753
201517119
201517859
201517730
215741578
206244691
201516304
201516008
201515554
201515995
201515992
201516582
201516673
201516710
201515657
201516040
201516962
215741681
201517054
253280584
129417079
150861963
128785007
126071843
201516253
50413183
129721026
201516000
180104188
100917785
166417095
120339360
205018561
184920446
126522091
173808330
72571011
253279987
208745567
123131207
253278406
253279073
180104184
126521232
201517747
201516215
201515490
201515479
201516147
201516754
201516738
201517450
201517566
201516739
201515833
201515721
201515804
201517049
201516983
201517006
201515763
201517227
201516792
201517693
201515753
202769914
201517160
201517306
201517851
201516299
201515427
201516347
201516173
201515996
201515557
201517841
201517752
201517921
201517106
253278722
253279355
196029300
201517381
120372168
68375047
6598261
177145196
196889395
117235937
128789164
103223689
197885503
252278393
205885382
253278894
210440668
253280863
252857929
253279046
253278702
253278747
253279080
253279225
253279805
253376138
253279841
253279661
136038333
248928295
253280421
253280893
253280488
253281020
253279598
253279565
253279668
253280529
253279367
253280414
253281110
253280610
253280664
253280594
253280747
253280375
253280785
253280933
253376144
253367767
253280960
253281224
253280377
253280162
253279619
253279720
253279538
253279954
253280043
253279061
253280166
253280400
253278683
253278790
253279346
253278309
253278867
253279024
253277867
253278057
253278953
253278286
253278677
253278260
253279060
253278730
253278977
253278676
253279159
253278379
253279029
253279558
253278603
253278273
253277753
253278096
253278051
253280883
253281046
253281013
253277836
253277700
253277758
253278045
253278032
253277765
253278261
253277887
253277746
253279876
253279969
253278678
253278735
253280358
253280310
253277671
253279815
253278265
201515217
201516155
215741604
201517815
202769907
201515389
215741637
201515916
215741668
201516593
201517431
201516608
201516394
201516217
201516742
201517266
201517558
201516706
242716199
253280315
253277693
253279479
253278484
253279342
253278891
253280486
134558655
253280438
205885406
253280333
126073325
253279741
253278392
145762601
253279149
253278693
253279192
253279460
253279091
253279027
253278800
253278861
253266793
253277899
253278281
253278619
253278389
253278288
253278453
253278477
253278190
253278428
253278409
253278450
253278135
253277922
253278137
253278069
253278134
253278324
253278999
253281054
253376131
253277824
253277659
253277673
253277843
253277924
253277670
253277697
253277694
253278169
253278050
253279781
253280491
253280213
253280118
253280139
253280985
253280660
253280430
253279784
253280305
253280022
253279982
253279986
253279933
253279941
253279464
253279970
253278974
253280920
253376128
253281055
253280888
253280903
253278789
252866234
253266723
253280790
253280673
253267549
253277733
253280245
253278132
253278080
253278172
253376139
215741650
201517322
215741558
201517886
201517870
215741687
215741670
201516259
201515360
201516138
201517433
201515492
201516219
262049529
215741634
201517511
201516692
262049546
201516015
201515661
201515559
201516906
201516872
201516885
201516798
201516488
201517235
201516947
201517798
201517817
253278604
253280502
253281109
253278608
253279041
253278074
253367772
253278159
253278865
253280145
263513055
125935618
201516270
205287578
205081847
205944791
253278684
253278320
253278866
253278390
253278842
253278911
253279717
253278346
253278629
253278488
253278415
253280585
253376166
253376130
253367747
253278930
253279009
253279457
253278520
253279927
253280222
253279932
253280845
201516566
201515611
262049556
201516857
201516919
201515683
201515726
201515693
201516883
201517465
215741596
215741577
202769903
201516680
201515756
201516999
201517264
201517189
201517696
201517786
201517671
201517746
201517857
253280167
253277809
253277829
253279030
253280621
253278087
253280779
253280684
253278791
253277935
253376148
203083832
196889378
253277956
249288804
253279300
253278631
253278978
253278402
253278656
253278491
253277993
253278043
253277891
253278085
253278133
253278312
253278196
253277963
253278398
253278700
253278566
253278746
253277658
253279531
253277819
253089074
253280272
253367740
253367782
253367721
253367729
253367780
253367751
253367730
253280703
253280456
253280844
253376132
253280183
253279502
253280490
253279705
253279935
253279995
253280119
253281040
253279066
253280269
253280024
253279662
253279214
253279622
253279350
253280626
253280159
253280136
253280616
253279499
253280403
253278049
260805487
253280496
253228135
253281106
253280146
253279679
253278183
253277745
248345974
253367722
253280849
253280378
253280477
253280301
253280619
253280143
253280406
253279643
253280284
253280076
253279028
253279997
253279469
253279608
253279801
253279660
253279578
253281036
253279455
253279701
253279849
253280289
253280776
253280780
253281037
253280781
253280469
253279536
253279540
253280294
204810623
253279072
253278787
253278680
253279117
253279489
253279071
253279082
253279580
253279180
253278671
253278475
253278272
253278649
253277926
253278516
248940756
208684726
217778053
205885537
253280676
253277692
253277890
253277898
253278010
253278093
253277754
253277705
253277820
253277663
253277988
253277772
253277675
253279853
253278198
253278026
253278386
253278064
253278615
253278547
253279190
253278412
253278263
253278987
253279722
253279076
253279314
201515656
253277897
253277778
253277904
253277784
253277826
253277744
253277667
253280808
253277736
253277747
253281052
253278745
253279032
253278888
253279044
253280039
253280415
253280158
253279263
253279554
253279609
253279794
253278913
253280444
253376133
253279539
253278984
253278780
253280733
253280963
253280715
253278046
255763127
201515304
201515289
215741690
201515326
201516239
201516587
262049542
201516869
202769897
201517368
201517731
201517915
201517872
202769918
201517775
201516220
215741706
201517538
242716047
201516373
201515639
201516801
201517546
201515702
201516837
201516845
201515856
215741718
201517803
201517840
253280499
253277727
253280649
253278750
253279337
253279363
117774764
253277833
253280890
253279602
253367750
253277877
253278637
253279126
253278784
253277936
253277741
253277664
253278011
253277996
253278371
253277832
253277835
253277946
253278059
253267163
253367746
253376176
253277721
253279376
253280841
253280614
253280772
253280476
253279937
253367769
253281038
253280680
253376167
253280983
253280748
253279951
253281053
253280588
253279562
253280218
253279266
253279253
253279848
253280014
253280144
253278896
253279405
253279482
253279721
253279640
253279737
253280061
253279478
253280308
253280140
253279702
253280352
253281044
253278689
253278018
253278793
253278644
253278975
253279223
253278743
253278189
253278612
253278544
253278279
253278109
253278606
253278171
253279567
253278889
253278821
253279006
253278627
253278742
253279152
253279347
253279605
253278854
253278982
253278393
253280316
253278701
253279845
253278856
201517748
201515295
201516171
201516254
201517487
201515637
201516358
242716017
201515524
201516756
201516562
262049552
201516631
201516847
201517302
201517015
215741620
201517079
201517156
201517828
201515292
201516056
262049537
262049567
201515319
201517795
201517360
253278884
253278400
253278843
253278476
206244702
80915089
53302415
49634750
108084722
14378380
249923281
255076331
14451339
162865717
130063475
3665801
49649350
207238502
152780023
93239254
196768408
186080329
196887836
124911840
169476152
58637435
165286204
127870468
55573726
187183489
199752773
133685702
225195394
226396563
83059338
52067128
590756
23556925
510532
56251141
55952629
149145619
207034492
18258597
82921009
70528169
93269391
843414
17023078
252162825
255403536
212559539
58637160
637240
723844
185097299
11503746
262427257
27178684
249086394
14734912
22095624
537132
55709142
168532155
16654644
125696264
219151865
116393454
190725011
164558805
206163900
141689629
14169666
91222938
194467990
21060537
200846417
14242508
184488412
249575723
77875362
105602617
69107487
474858
637236
115918560
252355712
129750305
192175265
129751161
17520107
14929010
129374304
95210095
122347809
191494296
71659452
8313521
26679299
199897120
189533064
11466702
56258466
475127
12390111
122347659
176819850
161964532
730158
53610889
196859810
197354596
235485049
126257939
73872629
205149863
204403381
43131877
253665734
184121483
123431061
199630411
179755353
11584598
249575730
186517427
1641151
205801805
50669832
1995719
197581690
12334266
68707176
187562468
199897410
185709822
253391197
193274262
106317461
97757879
176716144
152287045
553029
86981278
14773435
152780031
122347553
197114087
475119
179987813
113205714
152786264
19769380
251267802
248543725
20832643
80484541
243004031
55158710
221769225
111332801
131027596
49588273
195184829
184466028
122347627
70528155
131024823
117819624
262811853
53017636
20363826
44895544
164559014
172003813
11898366
200846590
45377436
53961351
118275117
19759088
32909998
199034037
205047941
81575611
130771070
253275537
82885822
217099671
22448364
129235018
208270458
3746135
206648344
181687974
441951
178331534
199637201
201439563
1209731
105344782
194493740
252282097
128302673
187315839
174430950
90960091
58497000
72694571
15984365
31693502
20559812
100253597
173409418
129717934
131027838
52295755
181922555
121268653
196399380
3750399
200001459
90104054
63449931
110931901
208629761
16066280
17901474
113633025
16580349
221769193
170144616
198901620
199582404
527805
68689200
190724963
23598123
190724793
197415297
56127667
129234572
45123109
76068541
249208380
174913572
114644252
114514791
235497134
15529683
193274281
11799876
19769205
90746026
21403199
176586181
183332192
49600649
184588027
210437556
19745738
25728463
1746051
966173
54416391
128650390
3140355
129234503
129235074
33097291
191410359
243091334
44946475
128594798
1995717
106541127
208184740
37408017
243024095
42284472
192973723
174910181
130210132
214662700
189336958
68706971
54653764
149198640
52263500
104272335
199999665
22759629
474819
193274255
176793267
16375268
242013192
205405276
186692149
196802584
14519360
197214987
11437129
63461530
80944326
70527517
86630316
16375310
122347591
393544
125731297
52431229
14638366
16937634
20143198
637565
22449744
40743925
209387096
128284814
121224585
53280996
197587119
205915127
207230089
201346813
197581042
54569709
56230004
109776339
164558798
249091275
212213626
197418288
164559643
20552181
152786261
184520937
208493708
729965
82040331
68591369
204005330
196808891
10597734
14378386
252680356
182736710
105602628
260812265
217540023
186617918
96866911
82908072
62656243
203998340
184614851
205216342
21403616
97851399
116844802
63699292
16375435
49649026
185590771
96315980
122347772
76500142
91830145
131027741
21404392
75410047
201623294
107352117
25726519
37407470
127870553
49401192
103757838
23377902
203998297
29208429
255410196
178477123
249664021
253585191
16375409
137611593
262844352
56034883
2009341
30795231
123435220
205617809
3140363
211278413
90148806
20170038
168702279
637676
203511704
96320452
57804611
186442691
187184610
21405040
44896540
83833532
195703993
367130
230081900
84984968
127204498
182744814
36225725
56882376
172002514
252724836
537187
181425308
3746015
182805220
989790
172003198
262843014
21407100
80906359
96586235
199897090
16654650
103754659
21405329
249978706
214785895
367119
250075890
21127684
16883129
108112642
87729836
249037020
197674846
252356016
192587463
123854959
16375354
55138404
29354095
263055055
730047
181115245
176794029
21140280
393553
172293869
20825296
252838236
367129
149145849
205617796
13463085
31595383
197419265
44947300
155593595
189262730
25964792
55170948
13410712
205081845
130063441
84284711
55138406
161242018
19849966
244178764
192988496
186483476
249168311
197825382
129234846
5510373
20148037
174217859
252631670
171193665
190551897
59226336
98240456
23413233
25155876
176793473
79668005
197675094
22173891
192999711
202230107
249219946
198821733
249873531
199753466
169876643
590776
21030024
75411052
53520529
176793598
122347832
199683176
178477368
183053850
54046785
248881556
637351
200000377
104944621
13958278
12275788
39110178
174217676
16082988
15284155
110931703
165345772
658108
35954211
172120574
164559592
637585
17602023
70527510
90503825
263049473
162870017
247722456
189539465
17902527
12334268
103755947
177805306
56706654
201439576
131027808
177204795
129234844
474498
82896227
249577860
17954113
186089179
85967663
35928475
108842466
131027422
152780015
17929976
206650997
214662493
205216353
263021567
474424
200846500
86380895
252573340
202231508
54456659
191900578
93239244
96182636
59453520
55638727
106064874
17497508
97757842
192587469
252725115
111395523
263020715
110931903
174415461
60845477
170488490
20992192
249052301
197801208
22151881
55898294
58497850
242435668
43044180
201439541
80952500
152780017
126309778
174558496
46033627
14548451
113575963
56708815
17624611
206256847
191770390
52431819
126996497
253284729
207831467
96660049
178035799
161242028
198530678
184491366
165666667
209606196
198536642
128569819
247879922
252405432
188687238
252723023
189492549
366884
204404757
161393436
196146778
248884577
15629646
182098257
186495377
199897162
188300794
56321777
197381159
184639105
405202
129813214
251870952
122347629
730049
187184229
52139009
118135933
637646
93838240
199897139
56229570
129235400
184603496
129234980
12334254
131246714
126521200
253393224
197114840
11455495
129235017
176471114
257290666
193723844
187063377
176693071
123522534
13729303
205617827
49649990
54439575
68605932
51009007
130063435
247829390
162865711
197143670
205224012
170144348
182752023
16375374
8420030
176794053
44894831
52432260
190543806
59225841
56198627
184603384
252038269
45005949
130063393
197381094
122868603
44580609
46201806
247244177
16437449
197899369
101407586
2220919
169927294
197568350
93838242
253069738
658091
249483352
524248
152786268
221769202
50731778
55284062
52432777
88201260
16375340
257869249
24879396
12488182
49248192
126861232
176793790
200776014
178952243
162865715
53016519
474423
252798868
117498963
99617817
658087
252913427
5511351
163543521
637571
199897106
130172246
11446111
257753673
13729393
128793056
122347845
253119310
730041
101349120
122347708
204882431
198507878
97554660
150852025
206650911
15658417
73621180
115322555
57271397
59409982
216461063
198206701
111850212
200846423
137184256
729948
11477695
186091059
15420492
57689528
146990472
122347749
94358573
252851312
186203572
208528755
54710819
67901478
204404847
253663705
263092615
20301650
217641974
16375465
11898355
184619621
217654607
86010210
52263506
730051
157666840
37414546
122347639
115265708
199010698
200845802
13729333
161241956
217474672
103798198
174181987
39854296
197824722
249373193
198269782
44520614
122202298
248722605
167898147
54718874
15481015
190708917
187187738
90996549
110251836
50228216
166392044
180905270
393664
92505897
206295212
249666197
249589862
129374048
189658440
43044050
131024829
201439539
14684900
181782147
164295864
181448118
68677988
68599591
20137176
241971678
198536370
197381043
170580303
193719694
82673534
208657433
189460687
253443716
31679854
101296626
13729365
186630876
475134
20292744
185552210
74811088
730181
199753599
82889681
57090927
104341682
58499999
60857339
127191590
202259253
43044292
131027825
130063443
74973707
122347649
4393355
252849578
120538739
100042628
157549091
68823029
74236587
55318691
194489104
66673949
53518733
57042017
2546935
262907501
130063413
260918909
80411562
193766319
7586419
251929851
212427339
190724788
50702716
155763262
118735230
123855092
180923776
535574
186351956
190543764
367144
249783715
160600963
261815646
1641153
54436222
188410147
174626757
205423210
209171636
96659837
79713803
211247307
43927958
225205578
190724898
393541
109179799
15477537
13444088
11347265
70839686
181782042
90894655
200000496
86630691
21222945
262730797
109809676
475121
212564943
87610857
90370430
1813217
13729383
252410977
261839738
46580100
217771102
181699188
7439875
121496642
59053330
204039004
130743447
228768850
168503402
164398784
59263000
52904360
221896668
242410925
202862903
250336326
199628723
72712371
207596861
197652962
244508929
208622925
15087172
195300054
138910823
189657282
173829911
183111416
168254440
95887196
179142359
202957315
230203671
186312778
53091290
214615856
72923440
118285231
172693463
105258600
243808363
122431705
196200866
155113721
139626471
222714041
70634441
155581120
112242667
201523785
122468879
212470658
214604268
196802330
196954963
75439644
160519025
247661084
242083100
197694322
15778664
219133268
183572575
110348073
152093358
197651284
196290834
155114546
202525832
214927087
184667437
199963262
222658862
176711591
59432055
101807060
120777518
217729998
183562096
179807210
13831066
7668447
54447240
186558792
179531115
118285160
186070832
246163552
87930252
213876513
72082450
91512411
188043755
247403151
237850370
20058349
34936636
208212937
197062946
244690975
199965507
113484330
247761885
185910293
155110765
103510822
197894183
153073934
172436841
185603267
75701132
188692105
247241443
181804038
212231369
468539
72802933
184519442
197958094
52299258
205195395
205564593
217104756
215452207
169621366
67891639
217104742
152886989
41374565
210164250
82884137
55169649
1347665
179509143
202496628
196305556
192455954
208056802
73089414
117929505
114445811
202497531
101234930
211294024
109967160
222658829
51600309
202764174
217366082
56269833
158883074
54373494
58247149
208093622
126949292
103265905
134306036
214614823
141479794
184496809
830291
136981294
222659151
162144234
199263190
26050030
193980626
2362905
23750169
206308383
173429366
92296895
125180258
73599402
180320297
199008578
11377431
190864912
253662963
253666147
185001281
201292915
98025389
182134918
196336715
110347508
131192970
173755405
142658192
118285411
214163193
199020335
193765633
250004462
249920523
171591753
230201280
84320511
17031817
243059466
253077144
52720940
13524720
111510863
54445323
90514315
54440655
199628756
174228776
189633733
132080754
126550577
198734645
203547701
196802532
681583
202605210
91548236
116256765
209387448
67194220
222695562
51947421
198735352
138157895
197165556
195213713
117296836
202863005
198817182
10367701
262021886
186579512
250058659
162773059
214615860
193745915
262086219
128205774
86319176
195522183
82940117
209408452
97344766
217480564
47799562
195343981
115020137
253310215
69248848
50383838
45473787
208661693
157544494
193980619
51336155
207936611
179726990
215218149
53029494
171522717
164084870
119111862
7774555
71090424
214594607
81597752
145224213
169720512
509974
222657580
51336987
192709568
29289376
2362959
56334059
114687706
1392589
184063676
149963858
2322921
56033599
153495845
122468958
171668760
23455437
40739696
138855036
52469519
123130902
247407266
194039535
138883262
149759076
60055803
253103369
114993869
97734440
216472572
207747746
217102527
252069086
204897639
242085154
198294760
176289339
16385863
161409138
199244654
184495647
166301968
192950350
116721271
57933925
135578543
193924808
212470652
94584219
37941192
8946680
197409386
42896477
155529280
204406029
198127837
141931106
193639446
199628733
114989746
198734649
475348
200672689
195512989
207755027
153581074
67390574
10367036
248492928
252413892
241668773
183110122
94583629
198934548
193708897
123196509
33349454
193233541
195340034
188636115
197652994
197651565
142473576
209387428
52886920
81540664
214634881
183371176
85180730
262386218
139775453
183355048
95222643
253306687
195840720
11237716
122469324
20107962
168214024
198915321
205632568
137599411
76277429
121337079
177267277
192881543
23450744
173516511
240474325
52419636
153508218
42887283
73175487
170736514
144271164
150815943
96647496
174257224
262085929
631873
111171513
199146060
193716613
262681048
81379353
58534554
92518561
109298735
209305338
188043670
154228355
112086581
248496072
219406554
190543959
196761361
57486062
151836754
116287501
118285305
133821007
193748625
195212003
193708088
222389657
70542586
227135024
98255974
52134820
252726869
136402756
226855580
205691820
94869149
199629689
70626605
12496384
201518226
123196485
247277647
193760765
210166001
545579
202605136
87652175
81007803
225195728
54443295
198735350
194020150
208133109
208739514
134418690
168895968
213558996
111933319
169330227
198735349
247599741
189703031
217641299
57486060
176552554
175654563
121109254
208126088
217317468
131192975
253306130
209399910
184682841
219456562
204051681
247659659
176610554
186199830
155530874
81367229
194824391
19702495
195339453
192542252
131473341
130438200
144349411
91638250
214924232
108231764
185914338
262822099
126795029
168214030
90785316
15423982
137599452
179757853
81507283
126507389
137599459
198735353
217718926
7775221
113545138
212470649
160583633
152874864
205512003
106546251
51984941
252905858
183053883
75558085
199199671
208682431
20265566
55614094
98738167
44354865
79239684
126695509
239862239
49267990
101891193
214125716
217537782
182459059
252648156
166186354
58175011
77033323
52406705
197973347
137599348
130429070
198914979
214937340
495599
183567346
225940303
150820452
199519040
129622747
199628923
230048607
7954822
208198079
23449401
81527864
11504256
180346599
197405691
249997871
204332599
49267989
208013011
185225505
57477313
168938298
123576904
75581732
53279240
171070325
38312331
128785568
137753279
134615279
198203289
262767252
73401833
197652688
196292405
173967857
210400554
119967922
217103019
205693480
115622714
70626577
214827785
209408541
81539111
214591418
150984669
104827930
87049729
204317993
164326698
75629154
150937593
195989828
183567234
174104135
208169331
49823841
193280781
25160036
185751587
54406102
202604234
195525684
10717140
122193746
13524704
97685591
197264328
179758364
47504810
53790153
52085490
248679250
222706405
178001282
173885790
185491694
157449477
106003524
162540621
249921699
156113819
22364669
58247642
97339697
248342627
212050495
209407739
141075245
161408945
253150595
155327128
2166861
15087170
7954918
121496553
108423304
3766693
81791057
58221733
163021453
178113158
149914908
195201921
16256416
106712665
245776206
448833
80737039
205537306
205018631
10401204
122094739
196196854
199638654
214592752
214925859
181215477
203981579
160598385
147343807
19913456
131192981
225938034
188043748
201841007
127428748
213888040
16992193
80140153
82895216
106990650
250086235
91540443
56087742
67874765
129766308
15427727
46214827
97341755
50435966
67491436
202999235
186309308
242695784
170152732
171538019
222382367
89054768
155530494
103086974
114986976
248743801
139242037
10368752
137599428
54405491
199241521
10365752
87652140
193701484
193770586
225210042
141762041
129817564
248587831
7668166
7778040
116397525
23199133
240474326
155762148
262086118
190539058
109850762
195329203
200039517
184650802
94586463
475343
82880367
258284810
249576343
156133163
70550559
106869080
160889219
19702502
77305503
33185540
21176964
161241974
219456567
193504379
205081116
197821059
38370171
106060184
117969615
53955106
221231713
202497480
254181532
184231632
248772354
152205690
59268245
199963162
10369445
92915218
516046
111946123
33396486
165854947
124492249
1037604
66119461
58981749
216871028
70835582
195340223
70784869
1990729
130813682
153498675
172989777
217085176
103399717
207368392
192926637
206064224
208317291
49990542
138838276
209392020
14786661
242629468
140964386
148023138
196272577
121496574
205571724
205279656
143404182
87652171
194011306
50695934
149941782
130438186
252190419
252726722
146364454
150565105
183082210
102654391
182812753
207774469
91127621
179979448
212951886
48722304
262681386
100427109
42641637
146214755
73227917
94582879
248495205
235891166
247858246
156118804
203462430
193980604
67332495
248653892
178008288
96661176
253329100
199201251
205709229
103118406
96177586
195341406
102550091
221225651
245769808
16381287
92168101
137599733
217104740
197650858
57903213
176696128
153264757
120294862
116633632
193685435
116256836
240474643
185762266
97688797
212992954
254113817
124522414
250109535
180846784
166081180
160906764
199177627
196597924
183702396
71505973
96220546
195522975
195103374
42400831
152529208
206502452
214662459
195341038
15418134
137599455
230202569
186649728
206794636
113484825
124276581
69248654
21422985
140141209
68063759
183369750
249660467
197652772
181779270
143378994
205716323
252726769
128790336
195301465
562918
166119185
15444258
161231843
179142437
116276817
11477268
174286319
221223111
248342565
174842116
178595457
102734398
124275776
25484832
27886686
219149650
81084885
249006182
50469108
76184310
252635393
202957319
204984999
208013013
198536915
72314515
192305843
128790180
98357529
75582126
195792043
199630272
112087324
194965666
240474578
229698897
111410834
188636243
194486698
84934421
195521035
99838366
198735363
59441438
163928043
248540527
142312794
137739167
104102646
129734535
226782666
80878157
197651639
192732002
253361971
261824987
129859765
155116318
202340484
249395730
212564010
164438240
198294756
205537735
248653811
184858505
199051204
193523692
59200484
15445190
51336577
100427324
207461203
219138616
81671670
97846401
185929428
195233157
159863502
198281523
143356877
56598866
251930351
99389036
191571849
181523341
97685645
170581183
247599332
174650493
254896475
58444825
201815993
252678582
58534765
72516760
162162960
247766685
162815784
253183291
37941267
68100966
54550286
103855469
117033347
205388042
70626490
97691619
77680664
201841053
55144260
184416809
123949260
246851682
201693749
169905799
124274310
193702675
161634248
13524698
260236953
252125669
217549717
128793060
198777974
161212078
173879291
128876344
248679115
188043675
81639450
198734661
170735347
163927819
253384231
121331576
104107996
195192264
254079002
153873347
197651056
166093677
15087171
2137937
207775562
129606319
253285157
51336961
199021122
194473191
14506318
59213784
193142160
120396838
57652857
194122866
118526228
206330723
88231301
197542916
248342509
66461696
180255274
253277260
4701185
197735312
143410630
76406136
230087130
187232536
242695945
381695
118285203
155760052
183068268
207747748
91547428
150984659
165854512
131192989
204392722
17456628
205533326
67313606
55522730
252185812
191689909
249206388
112242630
31142176
142473579
193512877
190516147
58188581
70626543
195339786
240474680
85138515
195130529
199247228
249584135
52418508
126310472
97682445
240474667
199262683
248358953
46776199
70544386
249016919
196808446
516052
153076175
51337072
107475220
173883370
173878725
194966005
102734684
248561141
248342540
249646326
249645957
248342460
81613344
106059614
117213369
189465908
10366490
7673052
253309630
171592719
253332055
253134384
189189040
163148876
204285397
66106543
104898116
204005270
80124088
207774346
184904844
109403665
198778175
258369189
107993735
186349422
195516274
175470520
138617973
201817213
249393530
205709691
217103266
230086661
187091124
162825176
193980602
230086891
116962801
74537032
96111364
203175319
230083494
186881245
45092019
240474640
129409436
244133694
137980342
90982194
69461888
208661686
150931892
204342673
194013428
240474770
130333607
172835485
194961690
118285276
48038682
77680938
15536845
194346223
155763348
194013362
74385662
94582383
53777392
55059867
248635047
97684173
81802860
110996361
53973692
53973594
52262604
68896884
193895934
173176475
248342587
202558315
252355485
180290790
195993067
195874310
195861445
193525157
201670053
126075125
103057357
59410582
217765988
44800329
137599382
219150509
191391832
217359239
249006404
90922651
70443817
252893397
208170462
92983097
217089340
143377359
97494874
194788820
194788746
10369273
191689791
116633626
116721664
161409121
253101198
87652187
16386508
252009346
199668778
94585893
173878545
239804469
107457844
195343051
167658239
184095204
248939199
126035410
98224861
13524718
144200162
43148567
114946729
89295236
199681547
212470660
163888925
2166849
90110368
183939152
174825534
258668159
230087037
142124634
259536728
193747751
242721369
197192178
135832419
122408579
46159023
224101877
136047861
69436519
140983761
196026378
253317448
199254537
183513251
45423765
98174265
81370898
150963762
204392587
92662585
193615845
191592853
130438167
192290877
183313587
67398494
193859922
68629838
200787582
246162580
137599589
214827919
121972966
52590458
26304296
262701040
55697882
51301894
43784540
106732070
141990432
169330215
214827516
196808750
15944446
134369529
193583405
10365420
262067780
224549429
166081350
198866327
206501242
174586729
258670389
207190536
243059460
70781161
230016305
252662633
140218431
195820973
54080141
67982224
66618312
75636728
115153257
102481058
47863185
94585205
43811692
118285153
202558230
195331228
646599
81012610
84939420
101365872
201523875
67199892
108911603
248610930
128788102
123357643
102734736
23826495
25939099
173665552
196897357
197926017
181902933
217198939
262021882
189702113
67987552
185994886
106053777
102888074
258667102
253098075
74741192
81466970
42925801
176289428
46680447
134364228
185655473
187010871
74441380
263059846
3236093
248244063
200004594
129574673
216203660
213564940
73850700
115884591
98224948
211961273
212038450
3140499
3140505
969024
521430
6478671
200004655
97840262
195254847
204005367
50274189
207553722
204660941
186863325
8348311
55486530
73851380
3140501
200004542
213488161
182556387
520148
200653002
228990571
28280616
185058041
216118008
20339745
242667275
185121322
47495729
97534713
107985164
214917053
249461032
200646601
8343507
137255107
204879162
58862518
43716293
228988139
189661227
3140523
57507423
521402
36753212
248799767
186738396
200634120
73851234
11728641
212040713
53400388
3232879
20730430
200004843
12059716
213498173
207718898
229808705
205986780
204404772
6339325
204873791
195635764
244168219
214603689
142708688
913858
747852
55469781
173474721
521401
204876459
540570
38541959
35204326
11903710
175425804
173410368
214917021
229698424
258369201
3211405
36748949
212554339
146634515
206237457
1276791
36750895
21365908
6278439
3140507
521431
262825752
35200694
2498737
27663795
163708998
36841753
94483583
142709116
35204328
172247996
213573818
204877299
49870856
195972509
242652384
205884134
21365902
20730446
43718202
20373515
739730
213490249
205510387
11725875
180340953
19283417
139275589
11903734
216239577
540560
179749590
177315430
165756694
177312792
204610492
249668530
3140525
544675
102373454
521433
2500195
195624134
521403
2499461
177308409
254114655
175426049
91529611
142709411
113082689
177318681
258368858
258369087
262872326
262877326
262293433
262871380
262877323
247953239
262877455
186712049
216382346
263293754
262503625
244132588
262801686
261799866
262982828
254113942
262657609
204339748
197900223
26486275
243097538
243051073
207908637
214066472
155763133
168462882
222676614
169396822
189674928
106756815
1535705
161241994
214067524
210978080
38540385
42180717
374810
190791213
115992865
188566306
217740569
35861897
45811456
68441477
90165062
99846476
117004690
253384245
214067055
35181164
163170723
186120229
58119369
205497400
198734644
135350132
214016571
54789129
194124697
249054799
217740545
177312008
24594897
52402055
257538128
214012051
204309184
199572514
217386123
149146206
248906499
113899296
205499128
47994714
35861895
77718599
374806
637863
170823220
186349365
169915305
197870171
170262623
125358488
217327141
58865423
143492954
199572298
202183639
202514671
176897122
251442312
125744335
201669295
186433373
178515112
188561623
144443983
80879122
247838018
188576396
196047624
212220026
199950937
150826883
206330686
172378018
113337253
58864724
75485575
201383317
197627327
243034111
199639418
198648714
196977767
205926858
86515288
142348705
113500810
188544647
160377357
188544218
184628135
184696338
169342159
120461557
95064261
249354147
214141348
94784583
214144676
58558092
95063480
90460887
111548455
146649593
199637643
249296462
161940923
38230712
130083414
113500326
118689737
146728660
165668049
147366308
58716137
84453037
192122991
214146637
109088367
192551632
201384903
217509746
214067592
146699133
210276165
72313496
173553137
214145943
58119367
139478709
194125006
184301594
35964301
114831374
203958028
160622228
130813674
251417970
638210
186208167
97455666
14078166
191371004
206308367
120812602
150827008
246979289
201624566
98051386
14216080
201698796
174627261
1749093
206781433
21059144
204421003
204825740
66124754
261800531
214140510
176289497
199682891
90168265
207512437
147366312
146663528
188568524
194793797
47971599
79239969
159822061
159395621
121607725
101613916
246979304
101940173
147366310
52786854
28350844
208327840
54054823
73630543
176289416
206241610
195340135
194796111
101972521
247411187
48330795
199640053
210283870
249934565
134657894
180973209
120829351
177477697
248904730
261809992
255413772
7989260
201849735
167951295
135578682
176485600
55439610
162526795
212468248
199646531
208078391
155761120
45859567
186394890
66631483
143498816
105628936
51730783
74341533
246979293
186318538
181982382
2804889
98122101
199573033
206561068
212559403
74541194
216104491
94346971
186193241
120766894
23198860
194124855
55645745
181908511
51061433
212462242
186646842
106578408
148720986
188545528
192912253
195338230
95063775
21741528
176289465
214067145
194124550
206762538
190792838
171545819
188576895
195338201
199683861
144204067
201518218
176718340
171554441
14135184
214014360
184123557
262338368
248909948
155762723
248906866
188574664
51332858
169625614
258668275
125744496
205504553
38204229
95067278
21741714
135350933
374812
119891564
190707391
106756980
207984364
112692296
155763127
222678410
38928530
179956040
205905594
8335696
162514034
182135770
248766947
47860801
214138788
206769812
199573065
205921973
35199651
174818539
106756842
68309677
13776520
94585876
120778943
59102673
249570682
53982507
169903097
58119365
109023140
94582545
178032212
26047062
38217379
756660
157204389
206781577
198336537
71148311
71054831
169917530
126735051
50248862
196180084
243023798
161454450
53250115
169910608
58119371
161212364
96202418
198072591
188453097
8326153
190707555
170130213
131363520
201385008
198613500
221307239
43950691
72641527
10056080
217641855
242101718
203157218
58864381
51420903
8115827
116622379
210425722
47332670
207270788
201849957
212559805
170354443
176439403
128904979
127961339
192387564
247797151
58451537
124891168
89215979
154590785
50248881
35845284
204237267
1746763
81133715
195340654
36234595
48098032
153486372
100931073
65400153
91636958
169876641
162211300
58296077
212463587
188545524
148747480
108422474
4685595
75365096
31250377
87940989
199640153
68571428
78017417
249528409
120764540
18004715
94586384
206537624
253582166
252354301
53212951
202507762
141789265
104193146
261812200
74541258
199727373
217102623
201384924
14308425
73398228
101617596
189466037
36237106
125365001
142312792
65071520
201624177
119054142
242656494
204310560
156142730
190209733
171116388
131496983
57809672
148732535
120782233
10222271
199683630
121794442
21759166
261811219
28303452
247843253
204421117
106756823
52720040
88262706
68328233
129277947
52402057
48894376
119720584
204217754
96449262
174619548
121748652
52781659
206820802
204425706
204310835
199640706
106756845
247841145
192327138
139262334
201038233
72459551
55697137
96659512
153541245
135578671
139718286
35922676
74981497
199628832
97888569
148732944
181132697
91127616
184121602
36061290
189463404
104412544
248463527
55653951
252354527
220668725
21791092
35198552
57903892
105632385
262021841
204301390
1661879
26677231
187091114
174652517
106756802
84936368
188050757
192368079
38455208
262590227
155759798
188700502
178031743
194794341
67073677
249590236
203957835
120800883
206823121
119720528
104944543
248428203
106303361
26673496
252719102
52402064
199897036
74380022
106756801
213580021
204339675
10046729
149145937
174589497
107979697
48507583
93706362
158462797
112096768
209906054
200761625
48247724
115524425
173885919
125735945
195569838
114128606
49313028
39215632
21733275
76193500
28345086
1661873
71149072
179750146
52219986
200791932
189464516
66622544
242432599
64316369
187777994
19940898
59306411
117002626
148749225
203006079
14348102
213997284
42351140
249028668
220684892
93430952
250336167
190108410
261808099
173155033
84845331
199629136
52853319
204428862
54132754
120525441
246979296
211294138
638198
251418165
204387532
106756850
106756807
191364422
198895172
34928444
159829722
102900025
33762083
58869254
208321856
78015200
58867690
94802247
197104889
117916621
48099156
195341907
195443845
71168966
21430815
52683465
206838465
35041860
206321499
261809570
48964467
87915008
28353304
190298297
192363895
35921946
194794022
106574765
124891583
216104398
177443546
66623609
47290961
203004149
193887155
182515509
113887687
58865816
148733313
200847833
208289330
193340974
252354212
52348864
23172740
134579502
26675923
28286893
204821690
142314098
77692918
186348863
187090984
250960356
106757118
106757147
174618413
186348934
125596248
201385105
51038166
217773769
199630777
108411043
47624434
54133103
125742697
116903634
121748821
261809699
262067280
261811283
254113957
249855853
242735920
186348858
186348929
229703240
198644377
242432840
214659943
207567547
253393277
250964864
254206970
214806225
258668262
251401768
252575310
217530262
214841680
242691203
253116438
183061002
199629203
249966265
248214606
262640287
262780355
252529466
252529007
252529672
252529493
252354632
263353937
186348969
186349132
248595409
263355435
263034421
250059460
186349159
186349995
195885728
199682286
196538029
206123740
248881511
248881157
197115091
249564299
221701756
254189125
199630146
217535074
227940974
262078677
261799820
243084989
253039540
245900784
246856167
242663269
249941280
257373286
262838603
262839280
252528987
252528960
248179905
252002926
263366194
263355354
263517499
251443124
263646398
205914805
214841089
247994632
195340710
262305448
249526968
262790791
263075666
262022100
263055080
261812052
261812287
186349434
253059960
186348882
58868200
48247579
79680219
186618182
181122079
58869639
120432188
28349808
58329307
111983002
50463312
174369390
78962055
87930745
105633166
45338793
192376283
193111448
54133400
246979316
229701959
248638668
195339697
222687466
181119831
249711811
236094751
262078161
259317080
247421148
252679880
197109442
248171257
262690313
262526147
263030550
252529733
252354343
186349548
186350121
186349202
261811163
261809730
204677815
262731089
186349718
263643539
249153599
249169620
248641236
197109665
199630278
253253734
248639120
253091613
252418702
253198029
249664172
257291166
248209854
262839195
258820518
263030782
262780967
263075611
249778071
204317245
186349717
186348865
262895948
186349881
186348935
263034852
247249355
248880609
217524856
262078640
249591034
257866819
257865163
243422067
261962095
253059883
249467651
190582212
4687097
248583433
201282818
207838491
248178105
248360179
196537844
262846068
262846136
123131281
263030604
252529789
252529184
242663221
199681089
58869207
203208383
81126237
249934321
98298334
73628833
183064207
117798652
174824199
36064746
72513877
194368556
192391111
197546476
252252885
170098440
119720554
54466047
74267653
105103168
66941339
959745
54153311
55661806
2805197
212465549
121613856
97923944
35920506
115289554
199638754
192365064
117256542
209878128
125542296
57658675
187795051
138221940
249856818
17895385
17895383
198280716
28342986
104668697
204432065
8115826
192323973
71149078
202996336
94583675
195896536
148747247
176452824
162118306
58870061
1907763
99681188
97102713
98735884
200766676
149146363
251324792
118285389
162113642
48096381
95509578
125384825
198788163
116643943
206771224
174597108
21429545
196906557
8326417
8321719
103674172
104278469
13814279
192782600
181803731
24267321
45859460
192801928
198895369
261811061
172242232
85400233
116209399
192354860
74442831
128491901
106756808
250075015
106756836
57718317
118089451
213522571
186349856
43298657
57903410
191753031
197104663
195340171
179142508
97002927
210425668
203150468
195343303
189464901
90502551
208662618
84940097
153261917
58866563
187772790
41299168
35418629
67498990
120775484
46514695
50248856
47113801
114415210
206784431
206845632
38313547
45092038
193887362
207730056
80014659
174896256
192473251
66568619
514728
50248858
204213780
204318892
189593061
125536854
187090384
28348081
212463202
192803932
171118199
38214642
207767677
198280689
106756852
68564923
106756799
114649358
106756848
250960364
28283680
71895944
48964469
252354599
54790051
196538718
197835080
90503833
58867925
207428988
199682573
48929199
58870414
207489990
135463165
97729109
186619521
188134350
72127340
51252189
184424098
195340894
206798359
117955247
214145495
206782120
220690806
133810352
174371530
204256445
192804656
192807418
103677473
261809641
212462747
106756838
262475758
31578602
192324321
192333219
38433992
106756830
106757010
74540384
58870529
117256607
57648111
87930392
199628697
58137626
181153864
97092365
21604994
117222537
109887345
74974293
120794861
134687676
195341558
200761310
50248866
248205898
8327265
206839536
2805705
35181162
72513500
112333440
105633351
8111142
19613775
204319503
204317972
216371078
57484415
203889317
192363994
192374299
46221811
38211299
133650429
38200480
139270182
176289388
186232526
171551880
263334125
161242068
71149074
71149076
208299258
35817526
71052011
201384902
200724483
54853264
199628693
195339698
149146090
211951728
113673507
48158052
251321893
54796420
8103327
52585310
58870742
131405295
205050496
195338694
194393403
58171969
174492102
252418644
50931598
59106397
140622240
246979284
207420379
214144135
19697369
252529534
206794821
204283465
184907218
3549555
203890062
29354093
103744264
48964471
106756835
88082903
200032490
93838233
216007825
190096957
190125528
77719358
206566691
58829860
201037034
188847204
212466093
186349231
8115825
114644392
189370000
116691498
193314885
514656
188374818
41880917
22876935
113062875
181474252
158867964
48221916
253335233
16624344
195340636
43181787
117932312
127390228
203923515
248762192
21374359
243036726
203204808
111196417
230214564
205513263
126520533
8276762
177527583
190618021
68441125
202203577
52157712
115433346
253184163
124273900
178470668
113484763
55030605
53050271
217728414
253073167
214154911
109402742
197114588
170288461
216867509
127959998
155760120
200701203
55316616
179978649
48310607
99851082
52050280
16616703
112499525
109179375
31821334
119953171
87234656
38189312
43335990
49210975
52113690
200701499
200730372
200701050
190194374
148750566
208378484
104722024
149463802
45293739
176448766
100930232
549210
100930347
116794132
128904919
217722490
116297608
262305727
37943369
46685127
173669400
68728465
195890750
135268094
110357240
74729695
108410565
176156168
75999445
49656127
54481365
22079830
21429755
123863692
200701348
13985007
186313250
23442149
46117734
116962428
10859201
176462980
117172472
114688858
171218640
122367764
150932320
104744109
22426450
181413091
190527708
202179420
16616690
958249
200701330
184914198
46125303
160607340
4454573
193366207
114357018
70771447
177467659
35961607
110163133
95053013
210425758
199682391
19273002
173669340
109975301
167898357
39369499
187240684
140991399
16616693
208376561
135573253
98102038
188738657
98736432
195343297
246164309
51716546
16616709
106503556
200701613
192332112
162395735
80483361
94656335
208684101
118763829
80974135
117112374
116962507
122408506
114685317
147768298
195946307
405177
115436883
249874821
67844795
257532647
230201455
113935086
176440067
175810606
179142449
167445255
157413372
102163285
184226101
57988328
162822109
55363760
80487040
95043942
122780170
49485131
155366978
45581152
261811358
117443315
263436796
253493116
261840243
230048774
246164491
262700055
262417808
262905956
263035718
116779176
106361169
208126965
252355998
263349116
263395801
263436860
263436997
263349066
263349090
263349132
242735229
261986349
262504729
263436691
176463944
199681541
217171364
205102509
255173741
188044613
195338285
214501202
252355970
202232725
252084170
253619454
262766037
263436894
263436774
116961463
200701619
263349074
262052789
252004143
263436735
263348925
204291222
201650009
131367039
262076089
253076290
253072618
257987343
208744381
242663237
263349046
263436814
263436665
263436924
262907471
262891321
252877578
252829925
263348941
263436864
72728091
176443092
398758
73106219
136931639
177639587
70771610
133786468
176815803
202428804
21199109
200701589
152179166
182486474
129421702
250103413
155760933
127197926
55406020
200701389
14848385
144277482
251402392
124209319
55998072
54749455
247956513
5804719
179758112
214189470
52293689
140370380
49484762
120441373
13579519
72728036
95016692
32215494
131366750
129727194
192549025
38646906
236491026
109661773
104447069
186105252
9348369
208683750
109664371
116835396
14485281
74209910
37739234
216900579
195338022
103907008
103113639
106378845
214761554
65440859
199683088
72728201
205529304
117641740
116139595
208127097
55158989
122376123
186318176
87915034
45553784
59304450
150372491
251282567
201702407
140991370
129726908
181473872
110181253
106503081
14296667
200701269
252727259
116812627
173642163
132827595
53543670
202619540
39366435
134418707
12339235
105736401
125887765
137152797
199670042
184226310
14179767
103916903
140998967
81012596
217517909
112347843
53228549
205220166
205388111
114680346
38364889
74152795
200701486
35355841
200701558
46533507
46553825
14119399
21144358
84076213
25432805
153999085
9837590
14493392
187051233
126528276
129008889
151953423
200701603
115525359
185215459
122225056
196887641
2803023
81065231
85682347
13984304
173739752
103168633
193623968
42629368
263045806
205220081
16989402
127961243
105578809
7884847
217726431
200701793
170589321
150862253
136116507
34649897
100308072
116962511
39369095
208684228
126073884
127096743
109889409
253073237
111000483
125743080
208094470
53996623
149910903
514100
185651470
112336807
56398071
120778790
140999842
188045133
127960982
103476941
19880558
193736552
39367776
15621454
200701167
7021091
200701779
103690754
109976958
252674821
195637919
192397160
7412199
156205001
95267631
16729778
213521819
116799259
183567669
53707521
207719322
52206325
155879730
26228966
253274564
213741569
208094641
180016494
115995092
51612646
149443720
50308506
50111856
15640276
70522916
200701446
200701766
200701563
97734264
192333806
204663586
177016852
121335704
134558535
263436687
98627878
177311675
176460999
173740028
195338666
31633601
43750641
54462569
122376348
140459918
76289697
34383669
83193488
15968569
39370590
90647353
103473918
54433431
57783141
115819339
50110477
36259396
72728060
24839421
9322378
207781342
253072830
262076987
222451406
249054745
249384540
248368445
262700036
111177513
262677081
263437007
263436852
263437033
200701762
179710937
263394764
263358358
263436675
263639319
263639267
72728322
194583339
144325614
192074308
255761242
205050539
216463833
51251290
73248011
251551493
263436944
263437027
262762215
263045077
263349120
263349124
200702264
263348957
263436693
263436770
263436638
263349098
252764171
252575230
205262662
208661943
216217084
253071665
205018443
72728426
216867383
242663209
199145266
263304055
263436824
217709083
263349112
204408178
203185720
21557844
214846884
170762534
35188335
25080796
222658145
253103696
215400636
75994889
74623862
25086707
13611850
41588176
115583785
56094931
144213500
23395346
192897268
210298163
179693788
68242254
13788140
50705450
58443721
210298125
13561178
54420142
126075735
105071281
104743914
205824197
54064052
216231973
43228209
121101325
55731686
50214891
124654697
188189695
214847046
225173362
252863068
170762603
188127975
1734981
165749256
170763009
85373761
7177765
56687854
143463478
73981163
77657057
14420014
53615760
105515653
91105580
154173114
64255153
170338840
85373707
125868175
114965779
44112128
163709008
105269196
163709011
105515246
198457926
11591484
200005681
210298120
121101422
53405456
143463479
194461511
186236809
171967524
32711332
106756844
181375234
32653633
106756821
123431245
196800924
13797865
214847042
57960499
248045155
205823902
95035534
126863136
8294280
170762619
188147582
127596331
119198716
129210900
105515272
503327
1644023
206123502
57456756
32371308
111972630
252574059
127527455
160691118
193083006
74311806
177750807
95036200
188189682
50608663
235856653
262838501
122488528
29108052
85373783
225205188
263494688
242742633
54343068
154987482
167639722
181779820
170762964
130333530
199682240
53599968
198459442
42325720
74487454
106104967
160560373
170763083
117202988
106756797
96311040
34438039
57960497
54512362
1644495
210298193
7819088
60092103
193605735
44007523
105515118
24366348
192287405
54343694
206860402
113474588
8946196
217103433
72975721
104557716
262044987
13936920
127351313
64257950
576243
148025943
13594009
170762797
68774279
198525908
210298134
38447779
421061
112073000
105309380
29239550
14434317
126001738
188189680
193902426
104744227
68032931
210298179
206860100
121794549
106460334
119334715
5490939
11512976
10954870
53292041
164959981
22974906
242424881
104744165
164892897
185051323
170762660
183907101
199519760
44114073
109369397
55667223
76304949
215613961
192692926
79193180
66511787
56517419
189466182
72338000
63568742
32373594
170762667
153891547
105515248
82173714
177848331
69191062
24443903
120153641
26350496
205824233
225171875
200810952
200809979
109347689
66643295
198455183
113712630
215400628
12060303
54424120
123431516
207982966
65396169
184522249
64263265
200960560
104406776
13565802
225386012
222658147
14425248
136683165
183501810
214846840
7996421
165106865
59502420
203013400
185051315
214846957
196287735
54072571
222658207
74309815
200005328
163708985
57382440
23017174
54058766
115265205
184895499
47241453
12057178
97511923
194523914
135276445
154125292
178100874
105515421
172009999
87991670
41598951
126863140
105515471
188189668
202010197
24390739
125721982
68496661
36249961
130326810
174655300
8333483
57333104
1644103
183315009
79192858
5452719
116803580
72688084
164990691
66546838
206859952
57960503
12474947
116025040
192375749
59062465
212425777
34593198
22364658
49192065
188189729
48077144
158100205
48436325
56523623
171020172
142211835
189374422
13526129
171006432
163709010
193042266
78017876
5476465
42958544
51201501
24453964
169747778
117171617
104744098
170762737
165041058
252565071
200005457
160691809
42235574
7177749
184080564
130438207
153760819
128267911
205824254
113914248
37678263
32135160
60695321
252093136
214846922
213846554
73980509
215400629
243808104
192946453
10016286
109853760
105515639
6522921
42833505
122156048
64240330
222658190
208417016
105515534
6802021
51201505
109698136
44303157
194497156
170762919
170269118
1374825
36133134
105515662
54693589
214846979
33564134
176721404
170762805
56551761
60871854
215902678
87378640
60166631
109710754
252574490
72652251
196287697
126071213
205040178
36154427
24280487
210298149
44303154
8294795
176681315
192897242
116393795
200791300
55998254
126075688
198512440
197366550
11512967
168157101
210298180
185658073
184226538
104744171
13462562
33576013
262797626
198512348
248241204
71951721
192990195
32397267
176707121
170762710
20319423
104641532
53764248
215098182
252853914
13576505
160686233
132339781
253365828
176708909
52853589
213876644
73290952
55914240
73979460
192897203
48607906
252581219
89424402
24280493
70522296
263065761
119325644
252565069
124283260
115902842
44088951
115097453
201845029
190547862
105368123
181980353
34728411
132207967
119445279
214847017
42488484
252580649
73400410
67090819
64251882
52852644
192943468
130410707
252862673
52539878
116875323
243044288
109712615
56234735
162516685
33388319
194134819
226398805
160784470
215613975
92165717
54341682
54423513
125849803
131572210
136811714
34951648
45957192
165590330
188701529
6522955
170763050
170762761
78946458
105515162
203110117
23064551
194461466
3658661
53678917
164283554
36266650
162507338
188189674
75486077
173636640
201571678
97091420
129198319
37031362
42834904
155014097
72554544
119445296
189466565
215400642
177853592
75632558
130744689
44007264
192933176
97099664
176707109
38333627
163708997
115669100
104743732
121229433
72557072
193900955
165592288
164231321
216461625
251969898
12059126
205824294
103922069
60808465
38165787
128268191
195351660
192324035
107364830
115694930
8294303
126006343
129309801
185762073
105515156
101454553
85964493
31644936
30988425
242090956
200922580
719790
203095280
127936311
143183758
55472049
52792105
6764769
253118405
186091218
115520417
92487982
158815753
130333516
209644474
104935263
190547883
13556663
127351308
170762827
192897261
23396822
45255651
13579237
72540230
22132884
150977054
8293946
180581650
200005155
135037669
170762521
56687962
76069829
14427507
34954004
170762730
185718304
45472264
51961913
164249956
50784322
196965927
153026820
8362800
205824108
112020006
38306523
82959300
198512224
242271416
263481875
217839326
215400660
173463014
197367940
189466191
105515672
113834789
215400618
59206134
68746024
174240230
204872319
182972787
170763110
170762599
136678500
129643112
263482020
248244127
160684899
153021030
197410998
101360480
105515605
105515667
44055737
201580395
982028
115523170
101454523
41861945
193515179
44865798
184895831
12056233
169270426
57684084
54066021
90163201
104860919
40586914
195351594
225173319
73548945
168163048
140466907
222658165
87992734
125535837
601212
45528388
92019410
101454647
72900716
115694916
13527943
242073088
92024559
52852611
169270615
34624212
191081477
197353942
195351656
53029881
222658157
111717795
193081893
55908800
117281917
199701212
11512974
167940058
153367759
195351581
208062285
97534740
775854
247796239
54707186
8321191
188189703
87992697
8295509
252678794
128267835
20316123
50891479
214909167
105515114
164277512
115659869
114949459
82959842
252945698
50348567
170898038
215711424
101949342
104743763
38333629
183488060
195351583
51989627
114691621
104743857
176707100
68049539
119445309
187330324
120035108
28312465
173153258
188189715
42617248
194490468
242090973
112291534
177746956
192323989
101280058
168162327
205824192
105206641
172022989
222381589
63920229
35909004
53039328
72725432
176708911
165756017
214846883
217386875
601243
538947
69693548
50751286
198512287
187375288
158818676
210298184
163708983
195623444
92487996
161397738
125929605
170762728
20966969
195351665
24198396
19270085
85964462
115091739
54143537
217103585
163709025
165749267
104744057
126235946
117172393
170763038
126135395
192897459
58817314
192090614
121201408
52460637
172927050
205824263
201035715
188189727
197588037
210298115
176708926
165118423
164839563
52785670
204881146
8836797
222658133
127462882
192324020
242090924
97827411
120153552
112047349
114759207
109360004
24824210
115795414
142024707
74309811
251971974
57689546
44884808
13568422
8294231
29248561
188447640
32069556
75632560
92488000
127692025
46626514
186862199
45288718
44008122
54061723
121335176
52104646
216120998
170762758
130735198
51988336
170762833
38431795
19345329
248221794
29347714
217181098
59442759
87991712
169271104
187306033
73954258
119334012
126383935
6538915
196287794
35951537
242295745
262450108
52412331
77657215
210298143
205824205
21576217
205824201
188689921
192948594
242091062
54069286
105650398
52792919
42926686
51962110
85964464
170762960
194461464
201610178
200811142
170762699
163708979
39305747
33732896
242090932
213876564
29148724
51989468
125569119
169924504
72555420
151748552
3140349
196287686
115289958
172923087
184106696
53612136
127368181
158817954
550523
214846841
58570323
33390310
251970135
13822750
192946743
45792280
34781320
185051295
194461486
192934137
85964503
53639643
73843695
192354902
183250521
147888084
105515524
248045868
200761824
200624242
35166705
29346981
188131698
186358567
10091477
170762840
50607506
3140347
92487984
54473435
13822754
42486284
173572323
197842337
116572262
178340190
72547648
164319340
92403452
205824230
218750002
205824264
58570601
198512413
55656713
89415484
170762996
28313065
105639690
172022024
170763060
35477450
46626491
114943830
54421682
201622328
215902810
207767788
46626489
73857475
85373649
45477050
215613947
259520544
32796887
73844225
185762898
72453453
170762962
208193379
119333897
105515669
111717802
214847054
192323991
44157951
247239241
150929623
199753592
169712268
252565065
169520849
188712543
54582119
45289116
170763004
98650708
188318435
44833141
201619717
201804456
59448036
6367343
193106688
207719042
182969750
869536
125732131
54423430
74457786
8293889
222658166
15889464
105515149
40716819
242658871
55023634
197366886
127368053
177745131
32704877
205728378
82105957
198867814
221293270
205824269
196287668
54424342
205823911
196287810
70973940
154124160
176708925
57625928
196287705
188189756
29169734
45521981
199224070
53678915
205116805
192355479
85964487
73842399
52103206
85373559
215613965
85964466
170752849
201624905
32831587
225173354
53211790
184119146
23357927
188429671
74862980
54421365
212317519
200761425
138071133
143041096
176707130
106764528
120153753
205824187
111540886
42325967
150977074
55894265
192897231
110265337
77674225
22152049
4151997
85964499
205942218
192297631
54422390
52174842
183523766
172023025
68526559
27577969
203872146
125755085
199216300
52280398
199707988
503285
105071285
184318169
53611895
146970552
42326460
192897190
193900443
150977063
42620808
200560948
253498875
105515161
8293839
215400624
192937806
215613992
73995094
105515135
104744123
105515607
51987857
170762906
161298091
171178176
59484289
201613753
7177711
68692800
67976904
38594754
127869069
82105131
6539317
170898052
92028069
59464994
220677375
135277494
54143424
72725915
115092224
170762574
192324009
59203568
170762894
53121410
242090944
180581744
42189629
59204989
29354822
30993320
8362050
12520251
204364427
115523313
71685836
174469147
92024615
176759248
175209886
247239748
15377562
72547960
128267634
24828643
171669056
209177438
251255225
160684958
49367541
104744138
258476091
199727379
164992370
192935874
6396921
215613951
128267923
52126785
52033632
36450938
195351604
163708994
32851385
170762863
164932910
57825675
54563362
74309813
12211560
170781670
213876578
193106691
15920150
6305451
104743666
189175978
200960516
1664289
53615840
41554501
41555757
171648239
243091518
175425395
72538781
72516281
73400976
52367167
43233116
201004669
215400635
188189700
53394481
11512971
117207820
104743895
79545803
15150295
56091420
14190559
140140433
85964468
105515555
85964454
59447768
192897201
46108035
105515181
91209615
156637053
21418039
128267842
193745603
56245396
49187482
164284528
175209890
192897417
5457603
53731773
205824023
77563208
49187379
121269811
170762507
130805672
7643631
19276402
33062082
134439774
135039068
34319772
50714694
171644906
97106883
217527979
173636775
200624466
200761579
170763109
208913612
44055739
67831561
51953470
126507536
54563232
95022992
216505526
72725733
184227249
104743714
143056395
40602255
125876534
6468703
68746524
29145823
157549478
217176548
15915636
37958326
74312601
104743700
60801982
87992970
126525445
161394615
196911327
52483492
200960567
105515665
56517973
121185807
121185989
121248037
44117454
76149437
64265689
114951775
1664371
177883587
187285961
92024572
92024587
217766248
150977073
89002864
13810512
165712593
165710939
55667219
104743834
128268434
174272440
188189747
101503214
217778282
251969810
209177442
173865721
173464956
192032591
72751217
103922902
175549767
85964456
204561272
54143437
215613948
15083492
64246964
123434046
214846868
239294065
31696679
194827888
182741005
170762670
54700483
163708981
96615111
201845427
24280495
125849822
173637083
53122207
105071267
35156201
206376405
185756885
8072760
55066395
126525387
52280396
80970338
204329294
96615065
215613952
115250900
72513839
184322341
82959822
197164280
89800919
114877210
34728423
210298131
193898333
55900094
44855153
193899019
6810825
200960627
7855198
35925716
92073848
193900363
72517669
198512281
128268159
110025293
111295906
255414800
36249741
217780651
55997721
23356785
8294048
135615043
6522987
15227049
170762843
105515507
176718672
63921878
63150261
128267778
193106681
192910189
104744153
170762542
85964505
104743762
51989350
171321484
242432771
180016235
203998772
156232945
155267906
202885999
77125492
210400517
207200413
198463606
196375000
98735225
1389993
75981099
151555988
87964932
146183241
20708178
208436023
7245819
129634123
47143523
128257850
44216972
150934518
140372119
35211200
20495938
123130744
144630711
6637453
150557298
132023448
193640601
243094036
8423984
187578365
59504701
137564255
1389965
155266742
85671448
198450901
197366828
208411131
198738897
76091428
206078282
76297344
74496623
87966267
114965162
115266131
173637006
201624114
28926253
195977153
70924076
126525984
121794655
33388152
204425412
53789691
204002668
1751233
105345484
92487986
41551962
113914941
263286612
214846879
92028043
49192176
188131717
127515673
194501038
193896756
128268006
72517157
188189735
253046798
217641674
5455141
54018540
128267824
58802371
247239531
176653975
205823892
129584217
141290304
168960460
170762879
105515136
170806581
209863446
197115321
146926758
125756130
54143364
105515377
215613997
59206840
33573514
125730652
170762546
6394145
85373381
201850518
24198400
214502962
184226092
253074460
97031753
54063181
205614452
192324033
44832667
51988392
44832122
72214848
37972468
163709019
27594213
235857864
104397032
73549444
262301764
115266172
222526259
55787927
79435790
33392109
105515191
70963016
204323209
200960565
165256769
197847338
172906945
44303205
113825481
110840388
215613956
187309917
92028110
197107544
214667024
263062150
212284823
246538031
140752661
76113755
171812405
91131113
187585232
199975604
6993627
47143407
212581623
145288228
76103112
63166287
61413714
1389963
205538171
8251266
219135785
117899774
74610311
143784138
47143425
105731986
74860204
552887
193640841
32855750
150350910
138571920
117092322
140559257
193640226
206519032
192880317
1027937
142246690
122363941
1389961
141075740
557115
213963898
187586510
196374557
158501334
23963105
32313671
7458227
46600620
76141859
6781113
208059331
69845294
142677764
210527697
93431933
202897138
214948413
41403589
129414645
9851620
207862295
47143572
212284832
208076291
71762859
35605592
71945873
46476757
32849899
3681907
163571776
33572601
150558953
74496358
127899391
117092349
144631143
112927135
217727059
169565077
40978434
150567187
51437651
156227409
131886209
127706044
73090178
214755978
208422108
201796580
40866857
230004351
78963114
142478189
103996304
186568793
201795339
130871942
204404632
142433069
141052283
205665968
559055
139564362
47143608
9825851
35912723
205538036
32313677
138487636
126213340
44245604
138485209
243096172
202864447
6638783
131906170
152549316
75764761
81136130
127015578
169566511
47143376
16761016
195342326
206308351
242105979
202395372
253265243
201252612
216397201
253342930
263113729
217843761
218755315
242738448
249492949
230032278
262068231
214806219
242179822
214512297
213922515
246770166
201282196
258084760
214518542
243043711
222659759
217849689
249398560
197367922
183039601
99847667
181780009
253586472
261965753
210425723
261957827
41089945
253045187
200845773
243038270
218735229
251252719
263586951
263639468
252200955
214088997
183038724
242102023
261988402
249583851
217498217
222723268
263062230
243092900
243038277
251381600
246852300
229714969
242993492
252204112
213565017
217512001
201538617
253462090
262732286
246851899
263639469
215192053
229743946
210164644
219406421
246755238
213935274
230004385
63162061
1389987
141356259
146145188
202618514
93428624
207764113
90698775
86552547
76091206
35912694
212088211
200004370
3707743
187575798
1389985
32313673
3707589
552675
193640809
3682311
16740933
127061042
129229830
202885128
7347329
202876879
39312301
126082378
39532946
202877497
208293594
91628241
76281189
197627784
24496764
35211233
80871506
213997205
47143849
41168005
208065432
63157897
63164966
63159258
41374257
72926652
217386641
35740166
213574634
214837161
197538441
192473181
93764811
155630314
38542815
35576507
208218072
182752427
170184162
74176095
19350269
3736199
44924859
70564067
557112
32313663
8426364
74775309
150600659
132023577
187564693
74570087
150559649
6637827
33558690
163736521
131245659
140560348
122361882
150568040
126698134
46476725
218755295
558446
141066745
163908132
214837129
135078400
147877981
160830703
148898385
22113604
73802201
214065318
143239531
143322209
67808482
130774213
143709270
202612171
125874826
214836990
552977
47170561
195339939
217385204
1271985
91636972
572236
207935616
1021427
183041022
47170297
119271667
148876503
552946
143709250
164032850
253084399
76202995
199989915
198516132
3681677
83694143
1389983
144969619
198297350
160900743
214662519
208068490
140774572
206308398
225960226
190086378
217385285
145626965
72927751
116406121
170184199
189683529
222659797
116119737
48332930
149145414
242083874
68881806
572161
3709301
198515444
32313667
33570396
32313683
32313675
194463212
46627082
143810145
1389991
160604078
46307735
136811033
149469380
216906919
249662932
208376788
25886711
217763984
165238343
252220932
185227609
77448460
3579571
183451111
16991780
249638785
225235571
174566299
548135
59495640
173076434
109958521
19686171
694848
185409728
548151
185261898
122901508
97065009
132819512
3580403
190251733
54393323
4678251
173540508
248182630
249855957
104342426
82074161
25774859
75987706
32307747
254909647
190739564
908858
88736196
76498264
716147
182997425
51988151
199957529
172920682
205617807
173390358
125947020
54982840
197164574
188303030
11269068
103539715
133888382
186627691
225266075
208136788
52729069
3626389
217439351
174211269
154174088
92014741
658188
78014238
248641845
149351050
109958511
44060680
51968145
114877982
48622808
77057235
1008568
202256082
71883734
202154672
169304676
197041489
84417205
72014928
19266152
198793843
247450483
74550932
33784258
180250577
67169715
189252663
146888394
152095067
150565233
7160475
157840834
72324102
189635657
73873824
57362580
65572478
120311618
20074356
51988160
192879954
259479426
878016
202154579
103509360
201282416
191391169
191986868
249663000
74547787
80017297
74347473
20800073
14580138
204412929
148068318
14913700
188126609
216450200
185239470
65791529
2063465
214160061
199840113
44684674
188849110
106686425
90503809
2013569
185260713
124272215
7388763
48608047
6194077
47356435
212461909
207699537
14058052
20025861
404852
5486433
197537578
137910781
653297
425936
117139112
185241454
5155077
827143
57763788
134342544
183035598
56511163
76754130
169128727
215198462
153995624
201926916
248178619
173151715
252854109
69942821
225917105
2552357
128590366
73278411
143250301
162170626
145457018
196853830
146635098
46745247
176031428
4984349
183892582
160753993
6414617
100067343
227540333
72334102
53230192
47422504
79560972
185079494
9984722
2015259
46641004
25125684
172990397
11342158
137572912
116032061
173997757
79970581
57355240
57357720
109266389
49643953
182456771
5473005
82074159
216555751
205618229
204039331
170959882
1042742
196057031
9881136
694859
694858
8064878
115529728
5472669
653224
132819546
22522330
22523814
878012
202153632
50203619
127907403
150148910
11269072
166765967
88783935
193747116
23448527
109421515
199753297
219155662
25582571
249200325
205511433
58133217
72186898
252005431
194414610
109267523
134522051
129917276
65108521
184410414
64660435
152095963
58563132
191265331
167640425
210952861
76247302
74548177
109402091
1085362
19770777
174071943
97820464
103209837
5472827
74917546
252139511
71903115
25886744
195979247
386178
67240324
263112324
1514825
185889699
202159939
101914898
11302290
183035562
131391365
37411700
173540517
225908312
128590384
18007305
14913696
44784812
59334145
86818800
126478914
58562746
67844331
31912965
196832082
90503632
49873133
5473053
878142
208499881
694852
109323198
190700418
11302310
191680246
248982885
632726
193248427
191123204
13453294
212212739
74594848
174109922
90501852
192586773
52281754
15358224
251536159
173745125
205046670
173392523
194490350
153991323
207658383
196286117
26075586
215746711
248181417
7999153
119988506
74547708
50486123
114588589
26171176
247799984
76124355
176696406
186650081
252584905
185409996
129917052
129916639
128590400
49872954
146887874
46651344
93862771
183892604
185411279
216450206
23097288
173997713
119447266
191381295
90502524
42419274
249204662
214160176
48049676
68040604
201028094
72191416
56338875
154920822
120311884
36085607
75787830
74176318
109128405
190862060
177639407
194104364
393168
32307749
42677264
131007129
251456479
152209836
122901507
133264970
72097469
74864689
127444483
45848783
11302306
177158714
174548368
522597
249003765
131194868
110120813
48502071
252933818
7311845
77163734
152093725
21073789
185531702
133106107
47354461
249004735
170143980
11189592
176910757
207723162
53226947
215398214
55108945
137572936
125341075
75360842
134523116
15165027
90404886
50255553
202597138
211961908
17905449
37532303
177586613
4984455
73773670
249296235
84417221
48050920
249024874
169919166
72294634
176212583
11081257
8712009
191576905
248470724
202222567
109421546
242021223
200816351
252768227
78912258
51518012
3140949
91969719
38312079
70795742
120311510
106215599
188833837
183353195
57351744
74901691
164837242
522569
71659630
3288313
2015285
23097663
19246483
79267407
171125393
109421473
253313765
11302269
225209247
262821892
214088722
204412946
192521867
124272576
109958509
215141224
109266483
249783526
114376585
2749279
77180361
907450
177049163
131194836
3722233
174114124
878022
188564243
72558174
1521653
59631727
65381129
3722441
75575834
32159630
52425673
50303932
36958796
109505686
191279364
120311685
215195985
204420801
75396293
55512521
129916739
164757817
47828112
184444859
172936875
162844490
32580304
20456498
184243377
36823830
139093611
66120756
3626387
88797429
22392479
31132841
107523886
91512896
199931578
19700494
64324740
133628175
184410232
206837536
207005185
240783981
215746704
248641188
173997899
250524419
252600374
252600320
249487441
260812241
262689485
252170928
262758578
252052265
207018895
201914137
254089249
240561361
248180456
262783274
122901522
132819426
177350739
645321
96990847
134254156
76753978
4397951
134598673
66599075
92488200
57499393
184414803
184414946
5487703
48608045
141759944
72744163
188849264
190726764
87520711
184410355
15350460
146462597
126478906
186276800
51964279
23704695
21176164
25428759
74546499
90504140
2013473
75987732
173745886
63895641
172905848
96314616
103815339
148063815
552009
4984293
694847
55208791
140543199
195444123
242024665
214655751
26299415
37455395
186192772
169810931
166764954
170523433
147057921
122901531
262783368
225915459
54476449
157714005
214090391
20549938
255328990
11919797
20821592
133110436
134780079
56303720
249493199
84268087
68049878
230055072
193639206
110987524
59261120
107058142
74548187
125341082
171044975
204401446
142426819
184045233
192544082
216335490
175718456
252024202
213850829
188147237
109427737
191695483
177154342
186628506
183035601
160796099
62344157
66604126
171257583
190732080
32307732
252767038
160655228
81287590
994849
199737896
7681755
2904247
185411422
44627366
25035246
198588111
9982840
98644899
35413759
958642
909290
4984347
4984345
72875782
70503927
205817154
221836436
252600383
252600337
247681676
210942001
252600324
252600396
262689010
262457389
262550997
262681039
260803470
249206510
14134811
248519327
247862064
263295520
204444991
197164561
197164572
252393286
247681798
131504862
252397191
252559360
240573238
248000743
215746590
202797093
183684090
260942295
248957314
152096490
249927250
230098253
249682569
249716397
253309933
249712272
262689180
228930728
262860468
262758365
251442282
262517119
255317231
262895803
247879328
191752925
263395281
197164623
263054104
217519647
217482153
247445419
212054478
249200272
206125931
262783407
178320946
251400188
260810126
260814036
260808743
262566615
262551678
262689370
252601623
252600351
242999892
242725541
262755669
262758528
251442307
263206948
205816870
262842857
263089731
247464811
188585902
261945431
253363320
250562318
249861434
248177527
262671776
262873797
247843943
225208378
178321008
214153789
252600292
249285175
253311617
251575691
249664128
248788492
221836403
252600410
229804631
235983197
199592696
250337396
262704606
262844173
262758380
262758438
248684944
263239534
263110139
263274236
263563882
253361397
243094587
263627532
249200323
263583366
198587487
249309679
225208358
230042005
248770188
249400136
252600433
248684280
252600362
251394748
249309494
252681128
247823110
252600303
252600381
252600365
252600317
251575395
174108442
262506867
262689385
242723664
262865649
248519388
251547392
198339796
188660334
262047098
213669649
249006820
248178060
246857064
249004376
243092557
262800935
215094516
263627908
183684338
196906677
205576375
205576431
255601911
260325927
262451920
260325915
263590116
247661087
263630226
198524031
19762847
247660882
155594983
47318853
176262958
21609314
241962900
201892141
58256018
130441162
254294938
205407499
96634633
250102146
191514929
54977070
96575330
68481383
201428516
2792703
177312797
197384483
52178974
58814720
205499646
26149568
149782844
25979280
205499243
179206416
52711368
54976632
201427098
102923209
19762693
263294393
2792691
58338380
112050699
76117676
14702356
4785739
147734870
27663358
156956079
4981521
198427052
199053553
138773695
174231837
90525453
254410506
103798108
185446768
96647498
184245800
4984313
171644908
19762949
19762986
263293713
214085817
52711861
184444756
103508788
69658058
241769046
645587
56263666
46601528
54977252
191515153
191513244
66573791
252561170
252561176
201430940
8141103
260837746
171648730
200652524
262460258
248541005
27526185
155598416
74755584
36618022
106460430
75120965
70115681
41091128
247662279
134592238
199058544
54384675
881252
112047180
193525797
195523966
249671584
247661249
217103779
174113011
252385631
12063335
247662255
199053647
208738351
73544502
165041806
55335584
175806926
72579641
68481228
45602336
10116419
20148303
56697901
56025873
152182404
175807054
54461576
68267208
90527566
54976856
52791704
100128910
90585142
97816551
52181022
6192783
138747212
32580202
963625
247659909
247661708
184245975
55335582
216199185
881246
14926738
98955598
12061680
26044401
160186316
59423556
253363824
155603870
227469206
190726715
194104149
191621145
41172861
247661592
209177045
73591587
19763218
109266538
580781
160186318
162747889
98956845
67257671
68741546
248209119
72794327
19763156
32580289
202046064
130441158
70117640
4786121
130441156
178108449
74401338
76129211
72773331
190355258
77014357
13568361
188032520
242493834
215705135
262652486
156956017
21481890
74905028
141647255
178325529
201430793
195772449
129917084
156956980
142782205
195766142
441423
252866700
184449646
102017546
54384737
149253695
130441129
17010432
262581687
100128934
217163140
252561140
33736625
881240
106457516
130441160
27661959
76129471
22508231
155601459
70179389
156956162
43750981
199052474
97816384
191675182
4984427
472535
2792745
5135793
43183828
217524818
193315126
247658641
74599139
129916642
263058695
7696993
90525953
3722189
197141941
100150716
90585100
182997426
59423771
4619801
20265990
262464749
214503913
205050468
155580272
130441147
56263315
178032450
130780795
149785007
72338127
177315366
75487779
170571633
193316276
184444642
193315931
248539008
193212449
20224926
214089150
262590895
261952210
262591940
225939715
241964108
263294183
248939146
249173586
73287613
249170362
199052843
229725752
263100888
262782973
249200364
262782969
262464358
230062134
260325733
205500343
260324798
249382925
263075443
204824804
262571768
260834287
263293514
263294462
249347137
230050746
252561174
221518525
241767311
254037201
263293564
263630178
247666142
229725195
249398619
174113797
252565896
263098330
263101279
261952042
247659654
248538467
248225817
248537204
242696572
263074690
262782977
263584869
209389677
129916938
74238088
22399878
106858252
91882740
116086716
262434254
217512095
52645651
108966360
144581193
92912384
217514314
38351389
52251673
66803314
19908641
81540619
65074037
198584193
248802052
3838881
1601745
88861979
53549996
17885211
210438925
6391701
248002581
20904940
17887581
485702
7415813
109125604
79115674
131886212
143528212
51040090
85170389
52630055
14173799
52992617
252283640
34812417
235665216
242435487
7989820
55460828
204438109
248415247
143000394
194139651
485404
191299974
172566160
12084578
55108911
548118
171784155
4115561
49145206
17003815
198588133
47148562
35237865
84487531
51281391
130440999
230082448
72179464
192729628
55354133
80964781
196559873
53728451
215705163
54987505
92904549
7075487
74215566
55893285
185279527
252357910
259679318
38143991
19901241
251402176
247657091
248689959
150819648
380258
34347931
23098673
10099736
126881567
192206652
143915774
65107525
109068810
94522047
49124328
92910757
160666944
242431093
162122670
138506483
52750223
14237399
252397175
252174939
90574422
173767749
54929910
4055041
66801541
52251152
70795737
247998961
16397423
74166569
52252624
32973273
9837540
10191629
150200707
152095778
69337134
58704954
20535339
7086361
52111096
49254825
22399842
243300064
124491574
7331131
65493293
73923184
175815887
20890682
263024408
248002870
12478875
32394245
58364167
71536394
58922868
47142561
113926156
52111388
13415825
45881377
80583436
249874093
172662282
55228564
869318
4115547
191390561
147760413
460404
93819927
113495515
19561157
93014692
85049177
58261704
152096342
57866008
41323471
19799802
19585776
160754643
248429980
207751215
169128867
184449724
152380043
601063
139253084
123863335
102551322
55544534
90144260
123994399
74003566
118788491
49549427
143915758
73758911
108724729
72928137
115959735
92099874
2074689
94519583
518999
193546189
225908315
7837090
167434877
163024859
46604838
115959548
168067375
173971137
43388338
2006285
82074172
172143542
196912363
49208763
16423620
235664876
52130786
138423267
653216
51539481
53238658
60185430
65490662
10673755
134800193
13293460
197551400
12084586
52992564
85683258
127598448
262787502
19800058
138134705
262818488
73758353
151491194
94434508
107334969
159298289
74257580
192004708
57785315
38637773
199641081
16335331
58903070
136116468
179805518
112834968
3722629
32103609
924116
7389713
155112690
186199459
57461275
55426171
11518124
70362637
82074167
106787046
71092336
206485280
12478859
180387760
28349925
51988162
41319689
158773833
168663729
94528447
171439334
159314131
153998703
212470938
187382444
102641209
19269794
460407
143529603
262466739
241982826
32395341
48520332
204645859
41195553
52111449
155225312
55211160
129458780
52109537
153411693
52109425
3722305
3581633
112570313
124702912
74239015
23098693
113475525
23599350
85035279
69461979
511432
141235757
55427168
173641758
131194834
71322959
173765005
74548903
924110
924108
127950089
11301934
195221783
251403343
525402
152923747
17003992
249019547
208120829
924104
16375055
165626213
156956528
126479071
149507452
29643187
206672862
109958571
108174909
191717336
80582979
25182852
63484790
75630887
63146513
175815808
160784197
147759684
155772071
110170243
92111401
123863325
7675644
152369070
68179443
23836781
52109893
150998458
59097639
6963471
11588584
2005943
172548663
53518267
111348943
72933658
1601621
58716757
14319234
188554050
26299441
196337366
152095625
112133691
165600186
204442584
13801942
11189590
3716195
19882263
23098743
174114279
81177417
16374754
25704651
53203366
193605261
172628807
44856025
222673166
168666715
74907768
104682227
72928902
46647008
79104536
176112829
131504602
103500995
247892139
35310493
155517287
131879603
73370704
548117
156956614
29665446
138812148
75987684
55108926
204680512
101732093
217765835
758825
44940293
177564208
3482463
198693279
58853738
173067325
20891825
139025790
20930361
68282031
210138293
155510145
235665302
20889684
4115545
217481800
235664805
198573066
176098221
173409530
147114089
159267793
50253876
106320906
128590396
52217914
510880
120658711
74264973
179803386
150998305
114879473
52108455
54450877
143915832
197539063
130441098
16375084
36668656
3581635
168235025
89622275
57628747
81808728
181233070
11526784
74566713
653039
120803086
173956018
6198241
973574
73843825
181232884
206590505
50768380
38218333
171938416
77681887
41350239
6209671
12478873
193186998
192698667
171574142
173382944
169128504
168947622
248177251
52253315
131504900
262781465
169128389
168954394
261027067
881170
120800142
208497156
106320158
159298222
5434429
243299915
249052104
216446238
23098790
93819805
165108098
153007416
38618792
4723121
68763758
16375039
2069457
196287377
184773124
172997004
508585
74555443
47310106
194114632
19901130
193623097
445563
19932776
75632429
21051453
63161404
20918325
149847321
184449579
178559985
171574238
40875026
131504650
153489677
187382428
133426642
14329681
195979946
37486716
147885620
77937129
38649284
53037858
107561116
52109730
32768469
47498768
64667139
155693882
52108564
49004743
120120515
38641925
52109465
52108666
106215637
74679103
924112
102087548
7357665
552028
56981840
53262453
5473193
1585279
207220366
74687442
552072
3940953
878000
194063446
155678692
20891109
136942742
159299879
171438879
133265035
63162150
49204282
262818401
173382922
202815737
68066945
122901471
176098225
235665406
217480978
601066
169128449
235664916
252159641
235665044
91258480
117473300
7676012
136981111
158784817
120569104
39632224
5203217
125729566
206658457
155685989
155785317
101750544
172676672
172564447
172662408
198898188
101757143
54476800
45950149
66682073
95213403
108631221
78020955
214498084
249881298
242772737
924106
48507191
89482823
55638104
15777286
6176987
16862642
66490578
21018180
186434722
206651062
21057042
152205636
192546853
221233640
19733493
55275815
58853740
180009563
168217874
212269374
145773172
15777977
20205236
202816787
129278541
191716991
108009844
108067088
148924357
76269606
27829816
194114638
128590367
35964298
123863328
107580469
191813432
878820
52110654
125773330
216231401
146384884
74003796
140510279
144034923
7837398
73759059
11189588
248685695
56030227
199641100
106215615
52109624
44062945
166543125
166499209
3722835
193638692
216225762
216226791
6966225
198941865
56089039
192210116
5851407
72037151
194032994
16375043
16374750
884876
57909245
57628689
47351978
133426634
199022471
172997087
172661907
74192188
173864574
101816947
173671793
101778180
173864428
194105553
137432709
72614315
13801938
116125841
72969820
118082004
214498025
4984367
52874503
121980624
118897611
2010003
90413711
16861414
210138369
75630273
16112911
15777324
185637763
119665037
206648743
110928734
140621875
19731600
161253315
133264991
196218682
159299960
262781383
235665189
235664861
176112775
160786690
58983747
196337376
157841512
127444613
239687770
242696828
20586750
241794880
120800758
1192845
129916958
181973920
128590382
16214514
15284575
95196001
151497001
163024863
32891828
59098573
15281783
139956635
134690288
15326906
97822136
52346597
60192944
252887495
120533557
216450197
46041616
150565079
77156457
12084584
7388241
23098864
207898851
94857601
13416191
105363097
73731480
249243167
57628678
57822743
80583769
95492820
168321585
156956365
74387444
122869306
131194804
250102848
213858396
207196489
152095093
152095851
207356967
17905152
206781756
13801940
207400099
207400250
73157700
78017111
54929975
121977040
73912310
12968323
12700087
173641754
511440
196337362
19819730
216385323
196337357
129917034
121497722
201290754
186457164
24267390
168946266
69839197
134350845
511439
205040874
19772726
262651525
152380062
187382455
94525568
20583522
202818227
15777362
262815694
68066585
201911073
217510719
175815735
92129402
48975775
187382508
208120835
58572184
128590370
249576513
71093347
235664927
33572974
184628872
98275848
52111040
13624824
191822388
13293466
88821530
8349242
7076671
44877988
78025769
141235881
56946109
137572930
167128431
213751525
56880024
14736628
74453398
58365540
8638094
8349209
179563042
163024857
7837255
32303287
134710545
13453292
74543459
175901708
169775092
137671484
103375330
884880
79671505
52108894
214498115
174088908
57868731
71516550
38628016
21043138
47144723
21043160
52905181
49182905
139512822
16374742
57859817
120311558
173968461
908494
2006329
7636346
208109225
5472879
5473139
131194793
173383189
172662583
176943922
62339995
173767553
208175580
172629282
134558033
155929662
88048884
127597576
131194847
109424803
248685750
47476552
198671705
6233641
172819759
20459649
10649525
84837067
155642550
4115551
139012678
191818866
2582757
169128784
52332620
20889261
19749294
76475975
19749724
192134571
192137683
192519714
155638051
4115549
66792456
235664992
171574229
206652470
183554970
68066150
262708081
21032192
107523403
262842884
147697089
152380035
217481317
235665135
16261076
162747775
153999132
3912307
121497355
69999261
179805243
105530351
49783282
55585435
181927410
8349248
77156463
52108858
20883773
106215589
53266470
106215596
171853590
159298250
193229378
101586443
20821456
197379419
44456224
109492410
68083621
48963924
20288657
244133734
184830221
101270699
133139689
3722607
52109650
21046337
179805772
140537939
183538437
20074518
172806581
262730652
73914875
7358361
117376785
54625068
110931332
196967123
168217878
196337365
198186699
120215860
19774226
21049748
15778207
235664914
255459827
196337373
133426682
73850759
248431421
207751077
198261309
44223218
46651478
235665179
106321154
22485212
193528375
74767788
194769988
32305380
150984628
94582938
44746830
52111342
125773293
13416182
57628804
68712933
169842627
167658517
198577416
121954475
176549858
65486264
85052177
15332012
74261832
74236907
52110478
244300579
115330759
216336021
93820139
3581631
78560442
1192833
166482120
877990
47106478
95917428
86636570
52111602
52674689
74263412
88248941
90687816
69212597
19799690
511431
205527719
53468876
59082377
79671155
214785311
878140
114876967
57867716
204665766
511438
109392875
90074000
151222100
8349240
51597531
74759172
55462384
73735842
176712139
113673205
113156707
19884884
74768832
9837538
197164951
174113706
174123093
241883104
48065717
71007378
511435
59445714
69438436
16374718
91947073
55198450
117375144
121497855
241883094
124276819
5472959
24695195
207227109
207200963
207225619
172662041
173194761
172629161
172628611
172628405
109266178
177617855
42561737
551936
121980198
134560085
48511967
47334832
21233818
49212639
24636632
176271242
198517077
69883457
196286101
197603347
196019455
175815618
119438045
4055037
159267414
159312941
263120166
183035606
4115539
263119569
139030056
52727839
38692207
26299429
106703833
147370917
16644954
11620558
173382941
147380616
134341647
149496013
177163428
41348788
168952748
187382484
152380042
230002498
110184617
207946143
235664896
251403728
235664997
129916896
91344064
173380233
199262829
44088858
202258601
203815036
252782664
103595833
111976073
205530483
31502285
160051720
168793762
16525688
197175858
118685518
229762161
194102679
217519973
200935544
142667296
97034274
179421311
252240024
201295621
127958105
193858464
54450889
121607753
250461373
222272664
199617859
144513025
167458039
205857240
74494251
20709315
91891183
87120006
186578798
188329075
175148753
180365015
241869435
198300662
186693178
250110243
156718489
187829718
225385211
252784637
249664663
249700424
261942778
262750333
215596638
253247703
257763858
263645292
255317104
205312837
192206660
198588205
253686673
207920292
262465160
252576627
209753532
219155929
242983817
263645990
262663824
252584771
262818140
262049020
262892149
254074576
252559364
249936685
240626479
263580045
193007087
121954517
225208944
205046913
252612298
249802073
259482594
262817458
249012386
252578369
262689515
253630398
253182054
247472473
168558902
252166862
249682216
252597412
252584810
262652965
249029162
249200281
253498463
252382296
75987725
171628684
183035582
17475502
169966656
199240431
139012739
196069125
44057376
112352028
188324767
197175741
99180096
253182299
126505073
16581687
145626285
107334394
167952134
101832118
129917141
210155233
207660430
195443756
197171734
8309687
129917005
119238014
157850225
884886
176718038
101901187
185717457
250518250
197173713
195634877
133246298
199034548
48608001
7512375
177763427
193288685
157479254
192206657
175148768
15687838
174109593
173058544
221238228
193294650
173058738
242814165
179218695
47353366
208417714
252859449
114432802
199639641
162123496
82074139
179963349
124272411
104089623
103698920
135282799
185466024
50253415
194449136
129916683
110681547
146370925
142321409
208051853
7642588
3050187
202656373
184409998
19991747
205576544
204645841
206832574
252600431
186756467
173766792
249169765
248681281
214162333
250103944
243193707
197164565
209557652
247704663
249036035
247682170
172975143
216335497
182464504
132899338
124272201
249288815
131504743
169558739
242866697
194041164
109267183
9949717
197164991
212557301
196292328
192210098
174113592
199263059
186654756
221231279
184816744
252391030
242997689
247302217
150148868
253182286
162844464
249288571
205573774
10705238
197175681
179219261
75627645
107789458
199223873
120311687
51988282
194133702
249288688
202735892
171716369
121954478
44570981
19246490
144324518
174109595
175102015
192210026
145658799
196332485
226063228
261798156
124272274
252559272
21146177
172064226
119988615
11443403
103563412
187296686
174546435
142667311
162212188
192206655
121954507
188837673
193007078
248704550
193007088
247016945
188837066
263210190
247901600
247953388
246857065
249639244
186668985
205814971
174072084
130011828
252022993
204635011
57496081
106805890
172257180
157019683
177350748
457074
139559956
186192779
52658930
36664738
242453425
37486720
19246479
58897443
20783666
183736414
7159587
185229861
207896436
16375106
114894597
182997506
108913757
19264681
51419310
214744963
16393127
249269235
249269203
171153506
16201172
107531759
199958863
186192790
51291362
26299417
26299397
178559975
142667128
3216039
239170274
129918938
92505867
38288310
184652093
235871438
73581510
105112907
48049611
253580348
175110336
26299399
51287540
114689253
102506609
51136531
114459192
76730283
150555281
51630042
68646298
170959894
193128490
48051085
173997717
194489474
199137512
217163324
93541225
121059037
2616283
129728428
249024148
6986483
222176461
26299389
152380050
110757546
210455806
96246441
188585578
131194705
109424616
171178077
208621336
154414251
227215454
47361087
51580562
16201515
55261486
186568812
14913676
82074110
37486738
53897221
53827975
16374756
61298041
129232457
108907888
136980482
127980908
130063350
23463770
105159428
199515821
160396200
108912408
23306658
106990540
448899
216888887
229735520
9984749
187804623
179216250
198897589
53011394
3721361
60059874
199103139
163553664
178559989
26299385
177350727
3721331
50479918
48975671
8647192
118685871
73833837
129956246
152096289
4984407
253393978
173175556
188299176
85096473
186192784
177281113
152380056
194489493
102792270
207914311
185440579
26166247
109958565
102470900
110918869
10065826
198801248
253585027
119320936
214745290
4984473
23306294
4497891
21720173
197676821
113930297
25382513
19636458
5893971
64658916
136796275
166767917
227343827
9984744
175998573
20074354
186342611
98879675
131194697
137033072
75987679
171233811
52477826
75992645
151676642
10159308
36653633
69909587
121954474
170959880
77156395
150148917
154174146
44615253
102469480
190791277
162850336
103730535
216450201
252600311
252600291
199102642
230079384
257773751
259482598
259771522
263583818
249268780
199958963
247684188
252600332
235731350
213842276
210430021
207018870
210155235
247830825
235665109
242453094
200816719
209376820
193858472
229767399
252600301
242486988
252600279
252600305
252600340
253591416
249268723
235664833
235665121
242483147
239729905
252600277
207920047
199102655
252991786
207920060
252600326
195953108
249268933
249268676
249035511
200763259
252600360
252600349
249683882
249304301
213522728
262704584
262755719
262787572
249268641
252559366
248787385
243098969
239480844
49204584
162978663
72536345
54349408
6312819
207894274
107799148
73611176
245198654
109088458
113407232
48958528
145626921
3689649
154447237
124483763
135458636
118409810
107238196
97652085
107970675
6320273
48963167
5804007
101286499
176282861
111200447
52333327
50581339
60151014
52409678
186136492
201610674
58989336
138956151
141422930
3689387
47868545
253079317
205217815
169917231
50331044
50334881
205262830
171933788
225907629
50095432
51848038
107450511
55108949
58731223
53301641
168587342
22029966
75634528
152104768
137114227
165241339
51031627
77156459
65489668
183268023
20947927
169714731
129916668
169624923
117425375
125358501
3689609
55023416
75637254
229698271
166764675
114683003
162971944
175111553
46006547
6184323
79712404
155632165
159439253
161510699
173632704
169621205
58673158
137548185
214701305
205217746
164317834
152523251
123204625
185846319
210155426
6184281
96024612
79695008
48636912
54467148
5803659
115990688
159848809
10736937
52617524
52072384
262784683
53788627
174511666
46102598
205303241
180298383
58840937
108589550
141010105
54393188
117459509
132899354
6320115
33744213
48567260
174381231
601094
53544554
141012148
58716484
59548360
146233613
166765316
205234276
52637973
137847720
52273228
53450001
50111053
154001241
45297979
52812648
19738637
75633374
175815818
139947325
177158731
202043051
77150321
52412482
117344210
248362455
200001492
141013995
212212782
247289172
171439058
263119857
263120648
263563106
263562823
263200301
169842432
204051695
254186639
217271356
263338986
263119103
263118638
262795679
263562308
48719548
169844692
217274109
247288330
257863492
249304549
263117538
263120610
205163218
169843979
247289617
205301761
205478139
214620232
230081274
261813249
262980193
254087754
263562591
263200382
205303508
50097769
215093927
175815864
58807703
50090865
51832476
134580110
129917241
49227173
50111863
108003784
49213096
196332540
50497517
95044339
66118235
74516236
172108305
49264487
51843302
4319257
171439277
147964433
171937252
172940063
10737100
196141391
48418757
205302756
108155277
161238616
251548484
49591878
170331268
168926095
58838078
137125976
178483101
184603096
117927076
119442367
51239728
67369463
159626428
52486542
137548159
96633741
162060157
6320043
206374781
55022597
115701327
10369033
171439226
192880132
175815886
20954607
160570315
184449759
205172565
207558011
205245318
129916633
119329404
129916989
48920441
58666359
184881002
51038941
55021474
51289375
53645532
53640296
50086392
50599272
52181590
134645540
98218586
77670431
194504552
53715753
170807002
135462689
149459452
102019183
19824313
58876067
71984560
137548205
195880351
202782564
252933859
262295699
167316037
262299871
263335882
262795748
263562718
217734235
204054933
213588891
257863792
137548195
47868634
6184305
81692406
145626679
159259029
137548187
52046054
205181510
58545433
51700000
171021848
200001834
107954978
55580393
115832442
51151018
148012119
205177027
119329361
55027997
205223798
48719652
214583567
172674167
54774862
257610532
44476269
51289397
192172154
117254403
48719183
55578524
48636536
47473361
125278449
114144950
52327050
58664960
149421928
207889784
118430449
136007305
135456757
58860358
107955677
184875365
58672740
118333568
46906215
55576592
172873102
161397707
10577544
460403
118947794
19875880
122219450
248428173
49721177
50783478
135457372
200001925
3581639
52629046
108003907
58622690
140634928
186096461
51033168
110309003
108430737
180104047
169933454
136971137
58989074
117337030
51994509
77117734
117927074
52481724
105167442
115832753
257864018
205115111
205236560
51586094
52046841
138957001
139010293
175815693
205257179
154447181
169694613
126796128
262801127
19872113
184449769
49096552
135094192
205246472
207558545
209873019
175815780
54149428
56398514
251548522
129916661
129916972
170270764
107011695
48730086
144541200
134632650
200803890
22030291
123994234
217272329
170268244
58673172
51600417
107959404
102077607
142561596
48175111
36280914
48099311
3689807
175815721
175815694
180103487
158091702
55649493
137639272
199957301
216459816
262795606
180103990
58853333
136674617
172678120
166766253
48720777
214584461
215093831
169918694
165239197
50090259
98219364
68052558
52885686
212212409
210155739
116155787
208058787
109959837
55715279
49031282
58629035
48987571
72605826
200720029
122395193
124886834
74317964
19857014
166765317
136482685
175815658
4318459
122395775
193314905
48719944
45841451
49730899
137548208
134578018
38369776
109957427
134641251
170273576
3689865
51930559
100899568
136978501
186092168
49035267
4319013
6320143
129948121
175815750
11982336
171439156
137639714
180103699
178559963
50172803
49301708
20701951
20701953
185340439
180102912
7461285
172120330
69161820
3924533
217103048
28278902
166120677
179062859
135111727
160375595
130441118
143011966
1581433
10115423
50599530
1581221
50519601
2658633
21124637
184449631
147697111
140961696
249369969
72743929
153535283
202185387
33762397
184449786
52780310
198335275
3924517
88088119
2123017
15429379
34650593
199593688
47139473
2821485
48326353
35611412
3924515
10285680
102017684
3724337
47141113
140961426
136936296
102017046
2080351
200784176
260814525
208405649
201917398
243045995
225906473
34438487
14267354
694895
184519587
20841158
182997489
5491085
2033973
4183115
7936965
48328589
97823530
43186230
201110947
191332093
76215893
21087521
100390469
225934811
6177169
33905236
140957719
205543498
115079007
140954931
144492249
50749378
525394
4465555
184063633
149500424
184063659
100569294
246857085
16461910
56218747
46131418
26150409
168325640
31880471
252131129
239548432
136045639
260805040
252559372
241947412
240614864
252559302
204645847
259515171
262504378
241993174
257682745
263325923
263303256
205335853
263081502
199618348
263295331
263490167
110347577
22446645
192210004
262659976
154988291
262691978
263303258
249972533
261967985
263494553
263494556
262799045
250094964
263295317
262427269
239667161
225914923
262660084
262660634
263051316
864015
263303262
263303264
263494563
247940655
263492829
262522568
248715617
262690086
253412135
186305097
80628785
17908007
17596195
198914792
71737638
165948161
203875201
127814518
100375973
97844776
180864565
47181006
178059010
46249968
212088022
11556234
101363512
136116480
13303376
215184894
217474729
52254401
177064146
136761252
17605043
177564220
7514265
102018480
50571808
102018134
38232504
138815544
184063644
192203260
105665006
207236283
201859750
164837901
31172697
188127391
179754775
249857741
125101004
11885659
184449858
27659196
125140879
247940635
184063670
147831975
257857323
46246769
184063637
79136843
151676613
35458686
198956803
75453612
184063650
178078915
36390752
10131831
207819110
193979251
3924535
101613232
77200139
7640361
179755795
21088598
10194220
184063642
199133068
34438945
118692941
76167914
11715846
184063646
252132585
694891
196047580
66076524
3924529
205500126
187182638
182555751
180576324
191911700
125341089
153535222
864033
140954651
27537843
10307038
2079813
51094904
140961788
4145243
184063639
35611269
248361222
189574260
174113695
140954727
97773697
2080061
121241312
195462602
170066930
2080751
4465971
2118811
109421477
219360254
31302811
249945313
49301633
133720358
17596174
100067261
114679801
174109621
557895
186677658
115074804
190854890
170779608
209804825
170336936
191320876
125140855
10866566
2127435
36390709
185812532
248223232
262567823
257535561
253689101
249022476
252600390
248680830
249042887
174283299
248445865
153996402
50245850
23132354
59349546
138935841
23120791
26299401
167613354
46941287
23128704
249050843
129639876
169973174
199515373
149935965
249051164
152410324
253051951
54787024
160860365
73310265
206834427
53897601
169128404
72973629
54450963
4452741
172975929
8115293
4799283
16936139
105512933
15398430
129917338
46751099
23130348
136407128
13741586
203927190
200840458
212460727
71890664
176282863
179520686
96300944
48948636
28724530
43388351
15174412
173134817
5057409
205160200
200788065
159297877
197380995
191429702
149496000
101270728
107049538
1041830
56032939
263053356
59245813
193128534
180365732
204444567
1042686
197211618
247199884
73310401
193128567
177564183
137947926
249043530
16936114
129916845
26299431
209556715
176286493
59488584
114462251
189370267
129918958
153994432
66404862
44465172
81289429
71346131
107606409
138954511
240459832
132899452
6571569
103935327
66399677
11470941
91720904
129916754
206835164
150567216
174053403
263056043
195927828
242767972
263072603
248221467
235665303
235665200
235665264
213553930
255338265
263054354
195901131
263074643
248179519
235665281
107072761
117570597
249369953
214610973
21074580
138465525
45688549
263028555
43231624
185449918
204071225
249059055
22477650
522590
119026155
136116471
121224522
193511648
197833359
191752946
9984751
9981680
183725357
198081945
127444451
188660634
11470929
248913389
46956194
193511772
192714162
46952679
71934537
21076969
252600406
7632903
176294555
210155215
198895832
183506826
185888547
4452787
248994381
155464891
15399770
43378288
107075867
193510809
172905697
129916803
249050984
142667299
5026169
495278
189267672
174243170
129917028
157198759
119026146
187913504
193128488
252600315
252600377
252600328
252600289
197164620
261815240
252457075
240978568
252600368
252600281
261945733
176450840
260808766
235373818
263054802
247754761
249785862
206833611
248685908
243034780
252600358
263028381
252600312
182785113
209904542
263436189
252600309
197164592
248704453
261947464
189191016
252600388
260926033
249019889
249017091
257856971
259697054
259678652
241983351
197595280
196337087
169128672
254141193
122901527
208432576
193413353
128590379
128590386
205527639
189557741
180236562
248215879
176112781
169128500
19674198
235665442
72008149
8427500
59170539
90510141
176301248
250105885
242766995
202762628
188072934
196336692
199011245
205229128
178560003
187787413
173361738
235665455
235665421
169843981
203852637
72092473
209177316
204989480
186192785
198120038
235665481
169128817
196925900
210879538
235665041
169128489
235665461
72008526
8427432
145601943
7128137
141235753
202641271
242760770
16495436
122901533
143105936
208237120
235664900
250105880
213517842
197551451
235665213
206952702
178559973
164575169
235665222
122901493
128590368
22019709
190455947
195960182
139681920
139672302
221836448
173153212
242766993
242761525
253400739
248216015
248179300
246857055
222665351
242760289
263295314
248007301
187382468
248179407
187382443
213851858
255263690
263056285
196287637
253364999
235665153
235665262
241991117
255255773
197541487
127493499
194032661
142827909
209417241
205481828
164590225
31252882
137543901
207644524
98763603
193133170
46768480
177066141
135149650
102059970
125536262
57653085
160217562
135370586
128876301
39671288
34513769
214838233
95466212
72510809
12083812
106032481
10116395
193186384
19257313
186111269
374118
102488836
107405220
115564035
214943725
148000944
209899029
171903406
126258240
79856785
194473550
190690632
160294293
128824319
48657304
229810556
160822265
94450921
182708987
204914388
248703834
73601724
877766
56714558
136835712
98899406
212240520
147212184
174219699
207964336
248703736
120542784
85816594
72549351
75697859
118275076
189600140
187604354
146249620
179142415
195256361
76283071
112191329
128876310
189388023
115872952
217750407
186277470
190860233
19297969
208886779
48342298
214771269
31252889
179175096
176759494
3910481
191650698
149914940
149557474
164238421
73360215
117326689
202883386
94348670
175194540
129746824
115691576
147835122
132904116
72123094
15966624
22526340
182729131
148877075
178032759
194208368
72334364
143645027
192790625
102798861
132075876
193186386
25733952
252390734
169209663
149146280
59522974
87967786
208285746
191515472
128783651
121020694
556272
207238513
86552638
368438
90941066
144233784
203786976
208201616
155760948
47837483
134550146
195478326
205326968
127578047
119404248
182754657
125171093
235731530
65317638
51200047
195840786
125696143
103536749
199683634
121257203
254022839
101075601
205889126
121036328
446216
4629933
197629097
12117702
190739662
261995759
197499207
112810331
106919023
145771462
142985841
181904746
103732128
202403218
157030256
207337055
148651517
154440389
251322112
34511642
900796
2891419
110737414
556264
19842823
197645327
199224377
225381571
176059896
177613950
168869000
144252634
160207237
230054306
177699577
2891075
73718397
48526108
121010501
136853930
176061530
48274298
207335528
125087293
556576
151613985
138778702
87960372
104948934
70520257
23107541
207341483
178092820
190737855
360652
197536831
203998746
140100860
176282756
178574939
374103
199022191
199022383
176403536
32733327
173130360
186364108
190586864
47504424
175154487
188543045
113045361
96072759
208285309
70861351
185745752
213706071
200721501
165660891
373494
126091436
199974236
207865290
32724720
186105271
252719797
25683267
182558023
15339259
123521319
183488352
129297189
92481849
204043205
202021242
178301949
248286715
56029960
137543950
130042619
155554429
214503237
21163487
132880276
811794
556623
174817344
176213620
588547
199568828
249084919
252819415
162564775
871704
15424054
217087971
197216256
113409035
137817528
20373507
198817174
178595430
131094268
126320358
116877326
133067136
189468815
37941179
51520868
222638625
41183605
156681122
217334267
205293452
127577050
91271511
195840791
207502486
75628931
217561336
195840784
72089984
125087240
154415915
44352217
42771689
193701523
87449582
162521850
225967294
144233786
121257611
47574235
127366276
54442732
56603109
205293456
221239902
144323588
7285805
186105251
103497275
116877695
143223557
55024782
75987944
121243837
160096343
190586825
121739784
253043060
126258426
192032887
244301817
29347959
78615845
134560292
205292910
200820000
203575357
103379574
201087729
140864366
125087228
145289548
136839729
170737334
14034906
155786108
169475201
212481031
71055994
150673005
169566442
196892009
44039825
214987578
127096684
128877282
102058852
6618607
81186215
159872085
35801233
158718384
37452739
129637417
125087229
74884006
181114197
181916858
46799657
199739897
374109
176213618
103629342
75954782
14035887
98983333
53729331
25683265
398449
194456966
22159660
67344085
2891533
171500126
47273565
212461721
144241664
22120781
247435365
200969364
102497190
174820904
24666522
197720645
260931534
189369746
105936437
225917044
87526967
76176373
59480287
72519557
16758159
25146502
194421081
149146076
2385791
126344168
54025677
10564858
199851190
468680
245773343
145557219
10707141
214114165
53980223
7988818
52686893
55242041
122494082
97837297
145770366
186110833
128805360
230041512
160815779
172976218
166051915
219140753
35469465
194134652
100280862
11311238
198897940
92069535
199269783
205622254
116459478
124908843
182749929
52859523
199123463
196241545
16682666
72456298
37596285
193152350
109240284
128257300
53295197
101935632
100280097
72793539
200969816
201843632
418008
988379
242618713
202414105
115101203
109658396
112218301
51343835
200780663
54710851
192693517
206305930
109492219
548740
36755455
55931588
221255334
72537078
14256632
76105154
162521848
194498686
69230408
86725682
220700757
190517542
21040216
449082
195981455
58065291
192714727
69995905
184218732
242398166
147441796
201292836
221265124
203785522
253097654
171816262
74746965
229735908
242078301
28310832
186278421
167153805
212562896
68338891
1289251
23865185
204416287
136516216
205499410
53565763
115955953
178313781
72725775
198034827
182733310
159865308
207954161
196686424
246931269
165251209
175807302
155705196
196897057
205632161
31579268
119961734
196249474
13523315
556696
142677770
55235502
178595455
172168346
195922847
125087198
556682
242078303
124908548
116118830
106075475
200970096
145289468
360648
54655653
179221297
250104358
200928981
556667
41163717
114680834
124481669
62752463
155142298
249485280
57041563
121257532
182487086
186272456
201600396
192705726
169309599
10007045
756662
117571940
205223127
177467364
91632040
109635280
19847588
253133968
155255208
1860525
33557723
212949875
196530671
111496877
133723098
192135025
26024212
25169564
138242751
111635601
229735723
549180
179142200
191600018
12116573
136931358
190507534
162564747
58065293
13604188
114538765
55511817
149146401
176759456
242078317
103764312
172111121
214079891
104352934
52682358
130970743
127216079
144270593
201829989
177922334
149146244
149146000
235810269
151756158
229808770
72933729
548511
604939
175153934
230049347
22762023
207360024
194502961
179142425
76102963
189065586
186111465
148872080
193195995
10707310
960505
205299001
137018030
169553803
208285784
21163489
72454600
128523799
169778432
141813059
60152236
189658336
73922993
195091395
149914931
252823323
634786
134016212
125087330
208206889
26484002
127551087
164556682
134015989
84195014
90972536
12711774
191650700
164227405
201518256
14753662
31627744
170284788
164558907
1368775
199850978
208071601
167442347
242501835
961799
194183209
208653361
192990036
143274474
449141
229760983
6769381
52058588
124908455
184591383
143769898
107222274
262503917
212469334
34281099
197379815
109839636
136839732
445884
116277852
252178413
211945375
185773665
261957779
229772324
97077767
171702267
204414639
203909556
173947706
203246988
203291054
418051
198800272
257844828
55583869
1826493
164559872
217171567
67201638
207512770
222685270
197629095
66621564
144252665
125509145
193596028
176062301
556615
162130505
53129486
145497761
6959429
152893125
17929604
97765000
176071647
72292970
160606300
171677886
163572527
213708352
115102809
188623437
21740927
57482798
111357094
193099397
197327007
125370750
190522559
248947002
910047
200126188
398457
149146084
76521670
191689788
556246
212562859
121308684
14710408
126700432
144233796
58792373
136037615
448999
196188362
426242
230050045
456029
189959794
115699455
160832191
161370688
86297414
576869
31398813
40913745
127003055
193186397
74854181
207335636
42426591
449001
12724852
205397074
204421113
149146124
198240097
139484422
41665720
187024531
122958223
170283231
187012061
48838150
456000
1826489
7524187
199539927
191375635
10208337
185657631
90708990
250462501
199269734
167937786
196353708
143274847
19293734
34461179
213705613
158785465
55093335
246931723
9423260
16828452
190109501
118100531
12326546
184466017
230206935
470206
152492511
36132065
10207500
486183
49601294
205187441
112658060
94586248
24363706
190106335
152492485
243052523
242712858
82440689
106561842
126517528
179064450
195117899
176144757
252858814
53729308
53040589
26525402
2789423
129622474
202292399
19333143
118102106
171811946
246345000
121012674
252604483
900806
127960216
191751517
126478593
199539909
195991996
160744010
33359328
73834984
207360196
179547716
193160047
248931780
187301440
207382162
193289835
70832183
161908894
209805660
516296
184919622
111998788
202849243
179142482
100947612
7244393
60845229
199267700
225954268
146250691
208748037
177923626
147061168
197499394
10402002
92069145
210133433
205191498
157062324
165925876
141678388
195874358
80665479
117308380
24017307
193708924
128790507
104860757
161968232
198778546
199869443
217577436
143872627
1890287
249026644
173349978
176071687
7974419
1826507
205813690
10564085
214066470
76582554
205511582
141192125
170807513
142875041
163549718
28937887
34708400
171378586
31576018
253057035
214767253
199532381
113578876
93401817
196837737
10564950
129296971
184919394
144448100
42438431
155769343
118219557
10208831
76061695
183558363
116462212
253284888
445882
68843733
145178148
204069031
6875211
193081001
225188584
126700466
106075223
74432174
247327709
199539908
201832688
12080534
252878824
230086069
243299956
156163906
186756297
230038881
144324545
187725500
214772154
176213623
204053521
23089693
208285764
159974424
105395501
398607
205018213
195822608
454533
151525683
65399813
56643089
199994545
417994
41190704
108404933
230238799
149146259
214772424
55615212
199727505
205319499
203910435
199856883
41794440
191422249
59103586
162507108
48188170
20714479
80022729
173628188
107469221
42170765
210513035
782215
192790636
193524425
242658755
70086302
538205
214501257
242657405
10208500
242078307
192942231
200732755
174121438
212606688
70692477
162564843
202512502
173523796
205663258
164231501
142793043
179230818
194458619
195991557
201518128
12082753
194468263
53389325
99081935
249143348
75444904
112736063
76061699
548876
208285770
212580561
127961564
21163485
230051267
195284052
157840139
208066622
187063545
171828127
249213561
191143298
72549353
197499677
190096827
20260935
214150925
205191117
129715071
19455644
20636532
179142511
186078810
35775879
40925178
204415586
247796642
75661182
198625064
105731854
110925203
152097516
21243901
72123356
149145741
76521672
247938311
36094425
169778632
214189620
197628088
983478
21358078
125087278
138918900
91096262
185841695
66605190
1733839
191681454
192917889
983470
16369387
191139473
197856950
58357807
20363159
35494008
20534662
6715877
248788011
200672644
200630697
12144121
191675205
200629585
67575174
185900289
217567297
113917615
115922894
186084336
19253668
90441066
76068545
213915418
26086741
93249082
140100854
36107545
22936018
982544
214182030
32200286
66777716
208645833
56047161
39785166
68027047
193725308
72519608
26086153
254879485
32926686
196808683
199570836
149146131
198824393
157158320
168161470
98333398
12084045
192655962
217488906
204765441
2741789
58262933
71872811
86012217
189946227
44067194
13698019
152743219
197114256
202804220
93882901
186069947
71869652
78279932
7286651
34543950
68608376
11906972
49618142
32127235
22760526
20842135
7282531
127003093
134714366
1730803
168587438
566939
496820
130361197
26147642
53256358
115922882
114140642
165989574
182304110
34479739
32926604
988660
900810
242657401
194501013
21090654
208121545
249389599
189533348
184518288
12144179
196703197
158748856
186955643
200844250
13238129
151576768
67956738
11906970
26583996
208623911
242696796
202817960
183896423
32768554
16084231
10284120
210402039
4637643
26086211
144236288
96544632
179142417
150977290
165045987
202804463
183349648
24931358
196837735
1733757
680867
11930104
194811726
98064829
176730260
58916298
68845695
208065997
72099080
196149763
189700986
187011755
198864229
98059169
67982936
4440957
184617760
3946749
496854
151489083
171725397
197646533
567486
161409134
68049206
12051176
12082071
174012955
74596988
63859261
203862043
35611398
68842545
11930113
76067625
7282529
19762690
70878967
11259199
165206683
49334802
101580994
217085232
96414473
98065199
102107908
130308110
212564690
199709964
76067975
173057794
195568266
105342410
215442108
151525757
199708162
241699527
26381489
3243475
164226440
120339155
200970210
49613420
191216292
188936650
113623618
58600772
212250165
98633839
165238620
200801984
191418494
153262013
183896447
151489086
216125580
225934979
121744432
803539
118036307
177628407
74362896
201282559
184597933
177662553
113962626
2581489
66619108
212356380
63518245
205886363
101870090
188561969
68780993
203216262
10284121
200969861
186640015
58357809
27538445
198824587
124893383
113918723
126233873
42587133
166643067
191689551
366226
214491285
983474
207238438
516019
212583188
213498801
191584938
136837061
184298593
173771750
13237426
6715715
27578300
183290524
125355322
98064654
191493681
70646824
185395243
185857725
189473992
194199636
206053712
175886051
13709452
96310127
212564214
184082483
26149168
198417016
115922868
204374651
198857878
121101428
38898670
204640613
169276547
4429041
164559071
142030151
205256421
19739490
143810552
51596992
35611536
191659429
205886302
12082068
188833891
197856162
12886341
189541751
12081968
204332944
13535385
31252968
225911268
185811698
41340224
134750654
204267164
130861242
106378953
160286697
532233
471907
202962735
33223941
216333321
216212022
182305938
52083960
114894191
101743747
498202
93021493
42689155
191139839
214806300
217577507
192474328
173766703
212551744
212466089
26114672
149394752
198272668
21089453
26749764
293102
498200
10398345
68053901
64759362
149506963
205889550
194135742
204803732
142211865
51107670
32574498
174130910
200931187
176681317
207853689
213998968
172319018
54926202
34731383
2611991
192288042
98064862
125799794
195221828
982500
141584453
169333005
198419939
182969984
207502232
13239533
199570417
192453993
34636379
11381056
58471067
192288030
66618310
125793650
103093461
10284114
198193993
113918693
186977963
204765639
204450202
189420379
29107210
133775548
198865100
193563139
104390782
2001081
56047557
152808621
215871872
160518636
208684143
149146361
30322482
38567895
60064865
12051159
192288032
192298208
198419891
89501511
205632153
35155166
247327854
125087238
983454
177058511
225937614
690351
164598079
121268442
130308012
26464484
108242712
176289288
20659766
1955261
89501469
230000421
35487948
189181371
74527627
32926645
32787296
78946082
142205120
161409093
195245425
174247442
125753558
51517941
34543838
185673860
35483260
212553106
169606691
34476485
212554920
192298212
198427156
217510032
163803714
63912480
188565142
176794322
188695336
139611011
4426649
144250663
125685248
183290678
69672419
171144467
195238573
982540
21465892
179232618
197695721
141495239
49337969
183896461
185051324
102152645
37488402
98059208
67821261
34636432
213862669
189533372
214187506
74511417
27997325
155367529
130757055
983468
125087322
192113802
49425343
143810445
34355196
107658956
159012050
136592742
10284113
201252220
196152817
10570667
16565643
33114297
33262189
11341378
262475443
167208624
189533350
262457529
125684812
263206963
34913295
143829439
214163780
195341431
183896465
191140566
212580472
187010459
186434326
56085595
189634605
190519681
39176757
193223049
252908699
253096078
115922877
249485396
74386218
195241219
25939127
112728710
198202645
15279924
26305513
183343529
64754969
21265772
262405407
12339819
163878467
225937494
160879192
11906992
170263025
112499260
252908716
174586653
263352515
196093381
178513031
2001071
129427750
680800
143034679
185051333
191675235
167575796
35484837
191494847
73920484
197695361
197695510
195863841
26462998
191749198
21091217
161428611
214806117
204646037
189474654
189533876
180380918
203912144
176800783
176790208
151525721
10378576
56036591
983456
155924131
983486
160291500
19285130
3857057
225940717
126473775
198201116
21354058
192121207
21090203
204430095
32574527
14656617
192298210
185757476
102630346
498183
178593117
67715520
205509308
153495047
186312551
26086727
2369827
87545038
182786598
1733841
212562560
185717426
115800178
117973320
200752685
197695732
176681320
208683489
73091328
176681304
26223801
198419932
32395788
124893371
32574507
34913317
156114308
125696420
194811741
127127285
68059080
111499799
161409039
38452179
11906976
48305318
11517986
120441911
69441950
12238852
198419947
191490193
76068544
118137805
7286579
191689793
10782392
19253672
204765813
110942877
187115046
12082073
22812929
212426627
6805875
213730422
212257066
195568291
197114778
119286440
73920341
93016837
43237060
21441493
121268458
34731150
143810386
67983717
192146238
32926663
73189108
149146345
121101424
183349608
225961689
186312461
191141715
24378442
26463109
153262156
66090417
213937051
9839824
149145900
19413493
570690
516603
90073508
90082566
194140444
184497494
197162283
115922873
23241107
57679906
183359999
149145303
43181772
192724953
207494709
177727477
151756256
98633843
78279983
168585163
31251785
15628698
249039223
19285122
50686565
23240524
31251749
153262053
56525677
1953591
102795120
5082621
804219
26468349
112499294
161408916
181170469
32926384
67325058
153262178
161408992
67823387
192092202
212427508
66631481
58922025
26462084
230082445
190543985
191140843
208105982
747447
58920977
91020989
12051185
107357832
452422
44156288
249261905
205581866
204374437
1733769
16197607
21548604
7209015
136047835
68021668
2523777
198202160
197695700
177628070
10161848
123434283
12144119
26218771
1708173
24187029
199839047
221233837
13998163
13224952
6716083
249386950
205236556
983458
182786379
7209027
144887565
149145242
164598031
10161961
197695347
184298565
159011508
29217848
210164235
32787186
212564683
198419966
26098948
68590169
32064164
186999747
745418
2581851
15628734
25924154
153262044
207989468
253356845
249010160
195973310
22934792
860743
203953222
7208947
31251711
193222396
189536227
249578925
164598043
137553265
10284115
95011417
157185578
7270369
52131224
130829520
251871989
684528
173979620
2369831
42325319
160291330
52128920
225940607
199263279
21352394
230244470
87092764
201670018
212462015
149146389
11906924
242657454
55988613
183896456
139202937
93017001
125850589
73091330
746485
212212592
67723735
34639810
167374803
115123551
137944863
186333385
70654778
32574529
198859181
225940221
127532154
147255690
195919145
206140598
13997902
160684476
176816453
927320
68607117
3579419
56101998
110474110
42689775
161553037
230257621
172668012
52129844
19258459
190355353
253096074
130791935
205234264
498083
496973
243091088
194810596
125684725
149145224
225913380
66107847
204430491
203954206
191693306
67541090
153262175
67548546
32926676
93882961
191490416
176681302
38561384
48836679
58469734
91442564
114856890
214162147
90481162
32926380
7691671
192650518
13524706
19347523
12427570
167941002
200789180
191557019
15397125
50696245
192395441
13998313
73573464
12431130
68059838
29269331
16805735
67054609
12466590
13103888
183529886
23199419
244299147
12431168
22368530
89501466
191978656
68006336
13997173
191916940
74826096
90329414
63541544
75632364
227282437
194957706
227292944
107355391
42492751
11907133
116757843
90240714
102639803
63536903
11386748
12466699
11875041
111509891
11907124
26478735
15628726
166449057
11907217
263274283
100294062
194957692
194023800
50779711
191928478
10765845
168099553
13998154
99364918
224880899
12428251
12427812
23241073
50557189
5082251
12428053
192678724
13524666
66619120
205478437
15972611
26031068
13997524
12466709
93882997
69466451
73834126
11907239
50736058
26477916
68677678
532488
229974534
68132583
143751393
532397
179786128
11412332
12051148
179993443
192706039
15628788
12431454
186148361
184476059
68168868
7208991
66113402
184062711
173766705
189329860
115922890
189946223
177873733
205886170
403427
14685375
244175167
160290650
251474192
184597567
195242520
214194394
199607803
152860413
15628750
184298529
110473819
67852109
212438165
95297651
3713907
184298589
6616097
58068320
199022015
230200620
217610716
153261908
93882869
191576746
212463438
120460634
67825845
10143710
164691807
26069261
192298204
12144120
32787200
202962333
201039188
74511165
185051340
25552429
117316552
403428
212212171
184298496
747314
248602050
127675177
21407956
67806715
68106868
87898941
16993050
7208967
22663703
982560
128923891
189363549
240393702
107350644
145254877
3197571
196839552
113001300
173766716
178779244
189946219
194811746
213587524
14232510
258204128
225935448
192196059
192547071
927186
141584469
42964934
114012578
10113798
165250877
91128897
167547428
188991932
793326
204620998
68846869
197052887
207355005
57730502
243045304
683006
89501482
187103217
195568287
89501477
183896433
34640086
58209120
204431246
33224331
80627354
153262225
147006178
93016855
793356
183349638
26219158
34640144
29217725
161242024
31252947
177564239
51987604
425032
108824194
249579997
205231959
207193056
125755245
194810577
160446090
189190785
183896439
32772328
113252107
213780278
151648517
747510
452427
183896463
216211998
198858427
32391761
49455516
11906938
122172062
68679717
198419926
683250
1733755
161409112
122706143
217351094
68845899
7171893
189267138
25422816
263062421
194033177
11976727
3852927
204317883
197663148
177947167
58801221
146676608
199628668
6716043
123433372
205816677
192886981
37941195
212219449
214155505
58053772
15448946
189533546
195568292
927458
195568281
149506976
216206361
200788543
91512524
67953455
98048579
7319891
16863525
12428077
57677775
2746825
194957687
452432
192705835
21408792
32867188
23176706
177727851
19347531
11427005
161409022
19347527
204430351
12427837
93882910
50701850
153262152
15448973
41791720
191949358
48989808
120346968
135216239
12428007
176289350
10409242
195103882
192679299
19285129
1076394
52128942
23241256
50703543
23076371
112357333
166449067
12466606
50996520
568240
244173745
2744719
194957700
15628783
204646041
10570676
21975129
174123193
161408960
13692831
16765913
119463805
13997515
67012409
10412711
60678087
112499223
194957680
242658681
242435386
12051108
198205820
3409987
198123141
21408507
15972835
50562498
23176871
16767020
199601290
42493354
1953391
239212450
90483222
1703251
26436894
26427639
10280930
10412704
15413908
15972720
100294069
199844414
55507444
67270381
91038129
194957696
194023790
32172658
183058081
50737128
42492739
67987043
41794446
6907741
11906731
31251766
16873243
12431422
73240177
29831052
15972565
204646060
260812786
192360574
260113609
191925724
205576603
194957668
194957682
194957690
533846
194957641
9985935
194957674
106422126
194957704
194957632
194957628
195103787
195127406
212218651
57680170
19298029
10570679
7226313
103804530
73236398
93882853
15972752
16870183
12051114
15972597
98633823
184074104
71954051
37289528
191823536
191893891
153262026
153262085
153084565
153262043
161409070
15405545
16879567
23177564
192705943
15972740
184298525
29827227
168005684
54421760
247416077
116727397
15972556
5082547
21747673
42493381
213919823
213961008
212920369
32330189
212325526
37685048
15972742
176485630
10280924
23244057
12431128
68677822
202804243
15972549
15972537
12428256
15628795
32926553
22604689
191829843
10409241
90480470
158091933
93215612
90480607
90192266
91513446
90184757
90485541
90313506
90502227
13998142
68132015
26874677
178312402
73196571
13667092
15413491
5082455
7070719
56066922
57720254
67017448
13997614
15628838
15628755
12431092
55142426
26588577
55511740
57656940
244178165
179783428
192683796
182462151
62332953
194957614
194957708
194957675
227270322
194957638
1206933
10412712
161409104
19285123
10412706
1076400
29287423
32883325
12431178
37666756
214160539
12431218
119719546
15628811
177227338
29894217
12427851
36097075
26594088
11875027
73223516
37665216
29307993
242658698
241966254
93882890
13998331
11907244
12431124
26442489
161409101
153262172
167684611
12431196
177016079
213714037
15628798
107355059
214756021
75815519
19298028
7332307
50744337
229966273
90241570
90229498
13997388
90503193
177747606
67015054
73196602
73238913
13524716
16775789
15972808
16761085
7376449
67017365
23241016
12431166
10409244
830285
15628801
41662106
22262433
57720335
12051116
15972591
15628777
70765147
12431186
10409232
105110448
182994671
197626227
50716038
39756489
12144141
89501462
107342764
242487748
118330309
13997171
6908631
68832521
13997708
90259531
21126898
39962113
10412702
10412703
29907015
12144152
192643674
52585062
112499233
105104846
171289481
194957669
194957644
243054278
214518226
55505744
55508483
194023795
91419359
26168391
1701419
29879782
177216057
23240931
29166195
191921997
63538755
204431633
111509606
29277170
204449667
32926396
235735332
118330771
11907186
11907159
153262221
73983449
7282569
219152273
73236322
73236511
50564908
204450369
191981212
199753627
13998169
90501209
102639134
177620725
830283
31251738
11907224
10764724
56089898
112499240
194957678
171291878
173979671
182459035
174236835
161409115
168083574
168112139
42492757
46651561
185995670
153262188
153261896
125850585
204646048
1208519
67017272
119461673
89501555
15972724
212935635
72634167
13997616
184298583
68856986
191933427
168076831
50780896
67889310
22154902
12466703
11875034
191820429
5082529
177499877
52645952
37803516
21408475
12427827
13997361
13997739
191977781
52670901
125850583
199601285
204431278
42365702
23241849
198204699
219161730
184298567
42695121
52128649
12431385
11907147
119462599
161522554
5217697
50715495
210910393
153261998
98048398
13997444
202804255
50715580
22473278
192706164
5082631
117256666
73983453
201110602
230110437
19702581
90502854
90331569
90209430
91475443
13997589
92995485
90304672
217729994
171553967
204449849
12051128
15972730
452448
15628792
42591029
10412709
56091449
12466424
55509402
112499227
112499250
208411889
19285126
194957666
114533691
112499216
194957630
194957646
15628805
109888958
212558777
188408963
129909673
161408913
174247954
10409233
32172665
194023797
67323372
46651903
73521284
198203285
247016360
168063118
5082641
194957624
67016829
7375547
50771441
21408596
73190720
67013161
37810059
198239861
16870537
37826534
168094035
3402739
5204921
191919670
16874154
168928790
41669305
36094437
42365693
50741666
15628786
12144138
12431192
12431202
246971749
198203100
213847203
197633851
31251754
19298031
21408540
121747384
32331026
90304069
13998165
13997737
90332007
102629446
90331837
10280926
67954092
73237436
68832406
177726635
108798154
10570678
22892958
12051130
11412667
105136572
38659801
199840685
100294091
112499228
192452230
1751215
2001055
1206189
139420322
205576436
7319855
194957710
194957656
194957672
194957647
60715444
249176597
207566377
32926510
717075
25939111
58907540
19254273
191570426
191891992
15628768
198231035
12431163
19254270
23195945
90485777
194957658
1076344
22044723
34639800
10409239
10412707
68119524
90496019
112499296
194957652
63134102
41674069
73198973
11907222
15972821
11907127
12427577
10280927
63543139
194957660
191780364
10409240
12427835
12051127
29054476
90491146
125544165
12466693
12428281
191926621
11907115
198237743
204429488
184125971
196357375
199601278
91512820
68132340
177205978
12427979
11490549
56086354
21976249
11382393
26589726
187407948
197163066
191575838
194957698
194957622
36098818
130438175
161409032
10409238
109295460
19298027
213518910
16769926
89501464
168934089
93882891
15972569
12428031
204431037
184298490
15972783
73574056
23241178
5082339
41791565
5082241
19298034
19298030
12427887
37819759
177204088
168092616
205477596
37682148
153262181
210429758
67953032
212321294
12427845
90327330
90194975
73242500
177731245
204535795
10412708
11407363
7415609
55515795
71866232
227255333
56087829
214092884
176289242
31251787
191517528
10409237
194023810
22041169
115529106
12427932
168216768
120148631
105707943
212610578
12144160
12051110
15628721
192724864
202804250
12427907
41789514
15364283
13997533
176485632
42492748
133887560
15628751
207499119
11906743
161409031
153262119
23179699
91509611
217832208
177610538
177727361
177615342
109981590
11406996
12431189
15972761
177874367
192650037
112499239
55516528
253096076
57646593
105112347
204646040
168242065
31251807
191956650
177281458
99850977
50709701
44303104
177497673
98633821
177487879
52129821
184298549
212320924
67954233
112351991
15972634
183727715
205479705
23241056
117597561
204535681
11907219
121269321
121299307
119791146
198203378
88083838
22258503
37809098
26483489
50702585
195149511
12144162
13997735
191925816
191774913
177191447
21974384
68832895
32926486
161408990
48622043
19298033
557442
42695124
12431459
41679946
41657543
177287563
21976177
11657489
10412701
204646054
184077166
10280925
31251768
93215258
90491082
90342604
177212375
90485442
118331753
91512750
90501065
13998311
119448347
10280928
5220899
177207835
67936529
178313775
89993614
68832946
73197445
68832761
12051115
12051113
191510999
11907241
16779029
11262873
10409236
22359626
94278483
47511535
29827971
204431234
247662056
206537657
213489677
183524018
213531731
212427005
247659784
253358472
191814167
247661309
29151445
247016242
247661761
207498590
247414675
205477780
247661519
177497579
191800473
247679694
205477455
247415368
204641895
206307803
205823459
205817963
205715234
204431222
205818494
204450478
206062359
206308239
244171577
192677544
243244466
251531803
263040521
194957718
194957722
192655787
194023819
205476773
202804193
242657455
202804306
213960464
246852209
246915979
198203624
246854265
204429952
204438812
247659940
247658160
205478296
242657409
242657397
202804235
115897474
253357022
212425716
246852034
242487347
167968154
212214967
210946729
90242653
204641084
13998173
204431244
204431226
206307452
192637733
260924707
253096062
192641444
249388045
244178437
173347058
263040608
249169185
191770694
11907156
13997354
1076336
100294059
212324243
242657435
204431204
23195440
184298509
206537817
247419106
204450013
198205058
205478044
191770263
246891718
247444988
212667412
246851567
247058312
191800183
247662421
242070759
197695331
247658665
247657421
191930727
246852678
213701922
242657456
204646046
253358564
254902094
204641763
216465773
216436543
216437692
204431232
205822385
204431202
206307890
206307471
206307846
206308263
205708433
178313359
178310784
178316293
178107794
192642341
194957714
247661847
242658838
212600062
202804226
247020867
204643156
246851340
246961971
202804363
202804273
184079621
197695364
246852455
204644280
191778192
253358620
253356860
253356760
13997926
205828185
205822199
205819801
205818688
204431242
177281979
206307668
177614102
463169
243057942
101598340
249052271
212927295
204431276
242658816
246853444
223869622
212922448
204431240
204431250
213710241
202804188
247412623
219140765
177497468
205478157
242504791
246971528
246851897
199844366
196525511
112499299
181903086
45262437
49095437
194957686
2745495
173347060
71210438
194957620
194957684
25939115
10570675
149145161
19254275
194023822
194023830
43181782
19254269
194023848
168088582
67952685
12427573
18013044
21408496
12466604
167951734
213884993
15972576
219134073
198207115
15972681
29314134
153262229
41665223
26811503
12428033
191825144
12427832
75815509
66619947
51001817
119483343
12144127
107351140
29869200
42695130
68679497
110996062
120346791
42493347
73983451
31251741
73834780
90211740
93206939
91513291
10280929
90493267
5082415
5206167
12051126
12051118
19702470
21864527
10570680
830944
57675827
21977524
21974916
11906727
37810581
12431411
15628742
15628836
12431213
197164732
67451834
192643089
252908726
194957634
149145408
105139500
570294
42365672
557322
204627135
191448593
10570672
15972899
161458274
63532867
176289291
44915721
177496084
184074901
11907193
177482716
214755482
246971930
12466610
222679426
254441530
253358525
253358659
247679844
204431210
219133428
242658731
246854411
247661661
209906089
247661082
198205258
247019480
208137335
246931930
214787467
204431236
204431270
75186709
11296685
204431252
206307811
206307532
206127670
178314200
178313274
205696892
263040625
252908706
253096080
249388043
253096060
192673123
194957664
249938418
263040747
204646036
213565107
247654920
242504988
212426604
191975936
202804294
177493771
204431192
213922161
247662270
247016774
247679180
242657444
247402447
247015957
213861057
247059652
253403135
253331095
253358517
210879463
195510681
253355270
214755326
247059419
247420349
247662509
177286696
73233622
213883821
246931309
208169780
191782062
247785036
213914295
248538989
246853706
246851092
247413386
204641239
247419708
242658729
246853559
205823149
205716681
204431208
204431218
206307943
178316466
178315044
205698315
178312899
177619595
192670889
195111339
194957626
263040641
214517921
263040721
262462256
167543552
188376120
208105698
198342274
112499276
198524057
199941365
195184147
11786173
125501930
190690642
170184053
217827077
115639627
84372330
225210712
71011700
197856359
262022356
208642023
737887
169930396
199897779
161409097
25766876
198381925
200960781
188409516
2147033
198382008
846159
197854251
25976426
73422053
214508724
192460469
216138751
116669873
529130
72840276
23195395
130863378
208496303
214515918
19734190
164922486
188487069
164933117
72099082
214517804
207220253
31251815
860797
125087324
207910637
161408881
200623567
213703926
213598638
197619456
448867
207977458
194023835
198240702
164962486
249668392
34500757
35385178
193605471
161409000
161408883
167684664
130813665
169566209
68848568
38296420
8420035
93223891
26735782
197855100
72095948
72095949
184304591
176289449
198382062
104012867
212562590
160999991
173419808
2146715
195254962
33114241
132788568
167898087
29868820
24505460
213558544
143867862
194463343
17337861
403255
195915621
235635237
244303212
244813186
38454755
195339886
155760439
737154
197853243
208106449
80982954
198382137
36060614
747810
149146140
15972506
52285271
15628780
129285290
243084606
149146327
17974611
190690586
197857823
742792
220684392
90153943
7806502
262022313
172183155
35232846
38451729
34710565
36053516
195255177
204646064
153262018
210153232
122328430
243084588
26735790
190690666
55471372
11786171
509989
26735780
66968314
34710461
19263123
204644668
15346391
52237066
216158101
32574524
11429852
5015587
34710410
195342311
213558598
404952
200960745
197856547
202042008
34710448
33114303
15972807
15972702
33114246
15972706
34710401
48606572
209918765
200956781
190195037
127003069
178096693
217462610
214242641
207802336
200960452
200955125
35401381
207205824
516417
36072074
248867718
249765100
249287740
242665637
243023861
262844549
253096050
253045230
213586917
242665219
249219922
213860025
242665475
253393648
214503858
212949318
249390959
247717345
263640685
263639722
249650823
253070725
202804285
202804349
248840623
190543820
205540003
242699273
263639192
248641351
217516382
253398161
214103396
242215091
193608467
203435006
242659008
197964527
176289284
149145696
161408932
197854467
219262897
197854898
19261121
404770
15972811
15343930
89911739
31251789
38452809
193411177
114831606
178096211
195918273
198638325
40774130
33117488
197110376
70527336
34710404
32574551
32574578
738315
153261948
101800947
8420034
23464733
112695140
203199218
90165229
15972500
198815230
198478242
235650305
48657049
34636450
90161593
90503828
31251824
244883625
217610704
206698059
243087586
212973769
206696195
247240539
216157421
216157877
253074698
214114071
250068647
204444427
178095716
202804427
243084999
247316798
243084676
262089315
262089229
262088520
262088977
7095937
254080601
244852582
217610722
212975845
213842958
247304459
246852873
11254503
248798221
17341827
261988258
213705687
199629757
204444413
17339597
149146357
2776517
17974650
125087326
149146079
52432222
510508
510506
204668372
208783624
174550063
183719331
208106547
98736127
700659
100947955
174401312
172114175
199630667
210156101
260928451
261799766
204444408
242883312
248789372
202804315
222666158
248798776
251573345
115817178
129716557
402506
558616
185684505
106063121
37006944
198426494
140988159
533355
129715329
129646339
127586940
80165346
214488075
198478103
3131333
149145237
129639436
200651667
120762263
129623751
198413863
197651933
149145791
140993820
139497948
126522120
126515063
138119486
139497971
198425344
162173087
129418322
212924060
129812444
262089258
251550513
254904387
247717499
247423834
262089164
253193808
262088365
235728529
252044442
262088323
262382989
198426370
131135741
262088500
262088433
262088529
262089455
558111
136987758
196837731
720870
170184099
49036800
184497095
186192874
449211
52861898
187012128
110792734
194124806
179754071
95070077
154128698
244301609
449210
29018525
9414318
21025508
114877316
811610
193649682
243011610
169000196
75831204
57711419
107652876
161978480
139188077
141734794
192113320
135561118
121257255
190574359
187354123
170964334
147853693
152549647
52683384
249354149
98651467
20239549
187354161
29643529
97827408
101297166
133135288
72517171
111424639
21758859
29825399
91645738
79948011
10114033
163544201
1749167
207758420
53729243
110345275
52393270
104762996
210273472
192113314
107351549
103104182
165046256
116019406
188545538
71088311
88222426
242321692
212470656
212924631
101698433
49071633
175810128
26033691
108756765
185568983
2386915
229808703
179142150
87652197
860733
126303703
32935432
22883000
248894670
43937927
563674
173251811
25960326
197725671
147210052
116897975
125087309
146373024
11509103
168989748
126302767
110448769
184465112
41642277
25747476
119639138
171856533
130849482
184497100
177601618
155267719
76124825
76180334
176723662
183338001
97321784
257226371
48891089
85092658
89675345
189601484
52868216
144329730
680672
201177157
84102736
78473108
100386859
237751509
184791023
359498
208123883
87011055
14604986
20372571
210163905
468722
76592363
563600
103776648
50331023
141418110
173754912
48608658
97822213
115523668
181517892
21739140
60694379
191650694
77284930
51062749
249889498
197344478
89963675
242660588
90740862
98898489
252049515
201518074
53267473
80929843
249208160
207368609
179142171
192193285
137533118
184696027
170780607
16800063
242486984
46985808
209888074
184743385
182557054
723654
246856195
119025884
217291175
639084
57142354
48323831
166101655
122324811
21243211
123729166
180343480
192790969
48480262
253556970
406659
217529015
169734523
197538673
207360452
48492567
76443179
67627648
207757302
128896397
250063656
93212673
197421712
125087302
213914330
199109679
125087284
172989660
184218808
184895366
147210051
20914429
149496415
135416573
174861970
199994305
189684592
192113302
192113308
73812619
151756223
126309749
108543324
97851095
198915768
127051875
225937492
242403315
202611233
197722961
55056036
90361137
19904772
194125353
186293118
209878102
76527743
258773595
52433503
217612143
174162771
249215433
263021556
207512447
133135287
103804024
198204844
128972371
197603318
178595528
150622157
48757352
3873821
72934178
217642115
639152
248703751
177269878
117026088
47158391
206052011
165205397
149914943
229805393
88085663
252159885
242882260
208772091
181806659
184697582
217612089
205632181
638919
877754
196802685
37817470
191053038
114909541
84945083
167161361
174249378
76283068
149145318
92750391
111952897
183054311
94534291
260744013
19824343
84783779
124198430
193768656
21758824
248936894
100947678
204210173
207947692
94534492
155740303
1988273
48891665
148692071
253100253
193701470
120523064
195872417
202510926
70853801
250731523
187354132
90275144
99080788
192113306
53455647
105529310
140563189
14107127
77122350
92746448
227389401
49104912
161241933
184895407
163265449
141343742
111475742
200002831
152530843
50692207
205195364
32231237
195922817
48630053
88785035
184919016
120431771
176769889
5775039
246163733
242753815
54755507
23186373
258766867
22095602
163169886
115768321
189601101
114831466
221515631
178007082
173393361
16369464
207718612
139968818
192113322
53111655
791811
229808700
185668387
194099561
140607185
26096689
118285278
20372573
76440393
181806616
151525726
99083509
73611238
52851522
26096676
129720800
198390795
262731058
92750324
26350599
126092765
68472963
48607968
129639538
207778016
119025722
253318852
205818604
147365356
159695465
900902
29825392
249207985
54582437
253100887
76448602
197344479
92744455
188695878
125087299
559180
214147226
94535211
94534475
23053569
20538207
171551680
20869038
95304941
181780053
192931602
7957701
472150
217333436
57356806
253179220
199962497
155762190
8240545
208676917
89066183
189688735
247683598
184521768
186254793
249136355
26180823
253236326
71049798
103060675
95294255
135961030
179076065
201039182
216475881
107273677
50679939
53833727
84844739
76176515
252755847
176874325
216907811
184697578
134863280
195103683
171010422
157030514
177563305
59084199
111999521
53300233
196232644
59156937
113834808
134285816
132098564
143598411
53069740
188260927
29825389
94535030
222659467
217610753
177797987
169191252
129624532
17948752
1091816
135727406
228992660
217266821
208734415
141191330
116190148
94868001
137123207
187282731
250079895
20372567
125484507
55442406
199629054
186290761
192008422
172948656
161395640
2274667
97428885
838345
191221169
199012045
48892027
172907574
449019
184592399
258766446
44784326
170916341
105592579
208121601
106188521
110428455
178313832
190701600
254094983
11311235
229806089
247764496
141729752
205297893
507838
124500683
186434260
152559303
187010288
452600
147965480
21124708
190586858
183054120
1339109
213703067
221515588
53026481
203491169
21010376
87926522
21184883
125087340
249400414
56308742
97904109
114251751
197108042
92743919
419109
165239978
246856375
126525776
79126680
207947490
206669553
29678017
87652129
184919040
108770087
208170549
100947622
253526374
22613462
16215432
76499964
252103707
178553225
74750411
190574353
185772685
15813375
151460301
191689732
138217710
147836343
184886816
120484789
248703749
253201183
7798270
212562647
79351329
199041199
26096672
185995402
205018402
76473038
193459668
149178837
449059
190574355
179119596
149914953
41862432
191650692
176427488
203945168
201518031
203483364
186120489
214153090
253236215
140859216
171320501
158996419
15200820
52393268
229808638
6002945
196515732
126075097
97826811
185995725
181114632
227418175
227401636
101349358
217727562
52683182
187487661
97889350
9412481
141191700
128791272
124497995
8817541
207779963
559039
92559365
201892213
76279021
123669851
39089041
208120382
200790111
25960802
184919037
182787167
199962945
212351553
112092520
249384598
134465545
98001449
242077845
250752492
41213501
145773174
185868392
149145614
22631765
208736680
92750496
94535270
129589427
166101842
172172236
516058
217441586
197750467
229703967
94535001
242483981
185097297
217766712
142787178
199264262
106032499
197421322
193649402
128800376
203831396
465298
145290701
184759265
190702467
217612067
60702683
117076918
74953453
22030599
250737261
35460857
187354216
103497130
31820902
8420018
133819754
92744355
187354168
196801285
181909414
211556440
94535286
76543231
201518072
125658656
203827202
253663859
129624279
194950290
457086
171945063
141982464
123576900
205769505
70524043
179686383
71931616
208285782
187354137
198921902
192113304
130438211
174891319
196685137
92748061
92744490
177563088
212992942
97032289
20797276
214501127
105732020
194140790
182820969
150815791
242634466
248319259
90475185
29825397
99187318
173230765
130015620
137636916
106127266
191587047
172305588
242078436
168924306
638901
94586245
176485636
51645893
252753384
251403803
197345144
15654401
184786114
20202678
82502427
191221166
132829702
250735124
16183893
88191588
96414684
191605796
212260370
98087628
145635190
137723211
65399009
68611521
103774155
94534525
174841644
154125985
170169666
195169937
242658826
83929775
117594423
154859336
225938100
41135428
23049705
214911071
71542406
207990670
94535194
40916516
77041134
27982751
201670965
152548051
253628770
194953279
55207601
252640309
66643351
28979115
75700615
221254937
119054688
52691319
559156
80665332
136483949
154496035
488329
147496417
242704883
41231720
41127250
208769364
172373158
33597006
198301094
39853626
22155753
127052034
27982775
8014373
54029194
249947058
129720736
58300150
219406512
196801367
55541622
185945933
185592186
128650166
188940951
196802718
195786632
123159228
192726191
466185
195528857
117831066
419160
221256595
192628898
174878928
261957912
167442338
155563226
162188183
94535215
253075992
184429860
217574810
60222456
185858577
72119502
35487483
42410014
129715253
171171952
248319250
249004981
101597664
56835417
10404227
192790876
199629736
155761612
25960778
8239255
181806605
98674983
84453282
152521567
242078448
227143090
183052023
202343626
466184
189648741
206669584
176422236
184781210
38117337
199542849
119111848
155762275
72742515
38501499
88956809
249635176
39612085
444700
190739849
108841285
21759158
166647486
1640807
193233385
194825616
261957836
22365428
177582427
247767320
414530
198909748
15403571
252884740
24352992
118285207
73682328
116105255
210952967
129415955
196137958
129417048
179142419
164559318
197217579
118881314
127096705
43349203
388647
50562873
73330236
176725026
193186382
152069494
151460298
77225301
27982758
32428839
123836483
207295095
28912047
102796694
207697693
155760711
92750541
20352871
169778606
162541542
70800020
68053770
97651505
75453574
58901877
2393313
48477974
202016309
208739377
75800497
900906
190690548
176289384
140996731
202034685
227376867
212334254
198296626
109581380
109773375
52873221
213861006
208736058
26210544
129011019
126527383
186494670
155761611
22631767
152059620
164484792
225188534
206908571
208070305
212883472
200789858
212427506
170963017
26210556
48481243
215247376
97734143
250742999
148356181
186142178
40765293
86306305
129624378
183335427
46221112
242162549
242634442
206669586
558988
181779343
92746385
36614872
143034678
205897904
250734262
229808866
92958720
199267552
108223406
118285345
248703832
212041534
263021500
76283064
120339350
197496648
94535278
118285293
194200344
116144536
171132337
239661324
200844312
959368
170962612
90923634
120776476
128791579
222687408
32740543
182726985
190690503
213913539
111151829
127299578
202804191
186267082
153541457
134773541
198082309
201518221
77014223
113293749
248555034
252041338
159849712
122646037
70818064
158692291
93857790
253179560
21091087
140543419
174008275
149146081
180722221
7989989
136073679
91515669
159962407
129639512
134560500
19841850
177859786
173403687
193699511
116104080
207360487
125535792
196529842
211025724
212976072
22608811
199525411
112047160
94534879
106107135
31539882
129640142
217285706
36770842
197718630
126527449
126527394
194346827
119698259
130773904
174137940
144380629
176452585
140999108
190586815
155251881
124861692
40916729
29825391
212465871
72703397
197186108
181568332
21095272
72637445
132296452
22653944
419093
128791358
20523961
129637445
6822773
152550161
200719283
159481075
235604565
15252345
175438338
115334825
171850667
175422159
11257393
94534994
182740963
37494068
31889247
128790118
248703710
128790517
262732525
210438497
838147
118285323
213712703
251589032
205216348
98191156
160786699
123128980
92749986
113761813
191826522
57111455
106760940
97889361
88917178
57807211
367450
163265592
109223781
237105265
239661142
203769749
6073507
43767441
88091259
126515979
120776471
49399101
52807951
227543350
213708692
181109620
76012211
49098491
169467562
187354186
196522158
196802697
94534511
119790563
116972161
140361523
111416809
154365753
25200775
247275270
141061570
66560121
195482243
186274245
189938430
213491020
204414150
113886780
72748091
32429064
145367606
197604209
263487717
205843135
217169894
197602462
159766274
113408899
143526460
193701521
98224946
74279298
109245433
111978725
177614324
129638316
186860969
246851142
130871919
21480808
184895507
250960370
258894633
215843072
33597002
100788265
45092044
74401481
100948002
246853057
111519513
247719355
127961131
77015351
32429168
13590584
20864130
209177439
243159057
98025622
175885517
213701927
202011531
227564285
51074545
190586891
2505941
123844381
192196477
163281274
206127024
92750001
205285791
174379413
114256109
35155451
73577851
42298973
130015626
109850606
243228150
188585540
247194225
125362382
147352662
112236570
87652145
73395528
10309087
160561177
683561
187152452
45150788
248556388
194961498
51373607
244317615
93882843
136952661
188446213
58968959
38415781
168972477
195342429
135478365
247806553
162248187
224744952
8072630
116039942
141191755
449796
202038015
190844181
199578732
17486987
13524682
182095243
131879428
199576540
174162747
144279271
49034453
245790341
245769955
792752
160843263
201182658
149353629
20916761
213564231
153509073
179142247
59407925
99212084
31855486
179968561
242622325
198500075
208105715
7170585
11598063
488826
172081643
203511342
201515173
185439751
216475546
125137736
204666747
17003892
185809369
178951574
190573373
157102485
128783473
34577258
206052452
248545058
112816122
149145719
225910262
59409608
225909422
169566169
204404261
164559270
205339423
201382518
199166943
142239389
164374083
197605070
151525699
193111582
213559427
212985208
124088342
201305524
120777512
179142316
121361740
22526343
195301365
69064196
97731439
186292134
117405536
205618285
126517022
120777508
93883053
126518120
169000258
249861477
190543945
200663658
486291
125751481
1288329
205113620
175875105
105529298
647177
179206827
488828
32564261
50889008
202033107
472148
521522
222680961
136689381
3873849
113405299
35250084
648111
205081143
214709061
24356469
37495656
123441743
61912525
73119972
54353190
72540533
203093984
194860178
8098784
32866389
207273687
159786659
247684183
203200763
158788050
164558753
488827
72869916
739945
178515106
176536835
208267200
136032935
507791
195189554
201067576
141673657
91820885
199671812
19615163
112448929
178340696
76538721
208683956
74859572
171545431
129750096
213564239
466055
123413632
3480507
23583694
11596130
236080379
76676890
51844679
149145673
113769641
205113649
173443253
24312588
176485608
123353368
190543881
52069744
172068617
41265134
49254339
192888203
209603353
194769444
34784424
86277806
54814931
21190041
169778648
137826470
149398248
144367666
23618699
184700425
11240242
212438488
206794537
89653080
198501311
166058550
133775669
121336440
31712488
176536826
197848262
99912105
3873851
3717593
58805555
17924153
75740555
145773086
73569771
210968458
192216402
178217025
50780832
198336631
193670519
207270755
186740942
203201312
129004253
59299628
253426615
262022074
188688346
92949098
129409166
207718758
155431454
176280680
252641117
1461209
123583109
184738047
135799089
34579715
85811047
205591798
110895548
85671612
449787
41463133
125744409
1724881
967568
213706050
196352905
205114004
33269521
193670025
174453535
199601951
249884372
3717577
1064668
135476217
31576026
686788
192462662
262021999
38249968
199705913
188714337
129622150
93744718
112328891
90329168
207417295
129417128
105731848
248221893
248783021
99213689
22526352
22526359
214166968
16667102
19734004
23377455
160186611
221773981
117171862
48536263
217641420
151967482
149415388
242712795
90693256
195032583
697746
199840798
225909691
105880665
204472216
32415635
249220007
224123757
140983532
126514910
114844773
104629789
12333150
207892963
188408318
34383401
32740534
263108506
52037121
160584223
195342435
192456153
90207656
53217045
201518238
184495908
192173473
51985445
225271268
745787
10731894
262503892
15096434
193006747
152102846
246855302
13984824
102736420
224778874
236094912
48537711
199739951
212425749
225909317
127844509
179142427
211961427
179196322
128783497
224252081
22631769
129714951
109992103
33759008
41323647
10731535
758496
170262456
213702422
130336182
207194565
141191178
202861550
203467727
32160259
213706199
138674766
503633
193146069
224064193
249883852
81082780
125744306
23296781
1461197
184738919
105257983
38492612
127586854
189193934
156640949
24594845
149146335
205329478
239735246
192455679
813338
209906106
199681579
177794805
114568236
196537903
3717539
111443462
31519588
28939718
242078444
198127839
19315257
201517987
84791540
171732832
225908309
152104553
171821979
127844540
1272027
136713830
176485620
193155075
129622074
242994545
532622
199269641
184742208
128786675
193156050
193146869
7170601
249289379
35215954
198334750
191425958
119706861
129714873
166054723
260129157
50739692
36211044
16567326
33235238
58890469
140983727
208264961
140992309
31614190
49034449
129416476
230139211
129639683
125995842
126056344
126517046
75791814
171926776
207888530
23405384
207885040
178323385
48572222
149146003
206481320
111158140
129727779
55788619
242658804
197219040
175438540
59299240
215903755
178945368
651350
197185977
249467096
242075075
175963939
208192799
205996031
124180579
143302694
149145209
153314658
23391084
503636
192885462
201518258
140983506
185411479
23377325
260115326
73411019
200803722
171545435
191513549
200762488
117219344
129409151
186815421
173089458
200762477
72517941
13953691
34746253
129715131
129416307
184745568
62799997
129409174
31621173
242078450
137927182
21023049
207752566
193524390
1024798
145620975
199576518
51983692
206852657
213702760
137793579
170780327
130364549
127586930
49509623
117172325
192291450
191425973
169346093
16063632
48536548
248319243
193717006
16968006
208285671
152557128
199628825
153460826
128117511
205287580
33352731
190543903
198335651
151525777
466042
176485618
193152777
201518095
160377360
195926655
200802018
198500178
217412575
129423396
129416632
192883654
199745641
565614
49944135
120777515
116893714
116894407
20581215
128788652
230139212
48462342
137481254
207891558
193637889
16391516
16960644
109839586
117125081
171554104
24653083
104668147
35108254
208191897
225294418
208745582
216087112
224196667
203200636
140986614
111864832
253178854
190543562
41294852
16567365
877770
193006979
163143053
193006483
395080
168973931
137552119
48462951
189200924
155021226
185563923
149145320
74886433
55955807
94583116
149146023
208192241
209171648
198500360
220661356
120337638
129720381
16831059
60903414
114992667
262503812
22361531
114773054
189194284
206669596
10731942
196373079
170465850
181699354
201056522
208285778
199630953
374776
126514822
41294460
877768
21059317
129416582
40368293
39536056
126516098
126516827
117172437
112641742
140986620
170445211
48570583
20647348
139030309
149916439
118123829
138103850
49188079
207869836
217085311
183729005
52656034
369274
51558757
197496841
248181927
262461973
24509833
252877493
179074046
140983348
133776040
140983364
128788548
140983578
140987470
128788199
126514950
21924437
140984266
138914810
14534798
173715916
129720500
57208883
124522672
129622132
128789042
127586900
7170577
128788885
211957625
217525225
242075077
199629002
247681078
249093147
253044152
253203182
253165943
249684233
249780679
261799802
262461867
248882012
248800182
217576303
248894639
253665866
253665999
251423636
251424881
262477243
262511956
249289072
260113461
262982431
263034448
253400427
191453950
201047371
215794313
260920888
263449812
199607003
263487666
262503928
263576664
178058652
263558675
249093056
205113391
200862600
262089082
204050169
200862608
201056645
195343626
247892553
253043772
253205593
251245473
248894541
240454015
253621845
249145007
249683118
250555809
181191145
259459412
253400432
242448291
263077187
248199256
262730778
262891711
247244541
207891250
263594558
213705162
225909934
196198272
202770032
205512028
230081858
202497423
205113753
249145301
208060792
214786604
257867834
262088337
248788000
251789468
252356056
254462076
251405201
247680691
253621795
248796509
248800075
239788758
242881295
217773056
202804266
262077577
262936470
263049287
263202446
263293176
129416918
215746584
263449900
202011559
252640927
202804483
172844678
263590383
258231071
207892844
225908527
263586785
263558488
210968261
247683604
229804575
200790459
201056532
200762482
200926355
211956974
229797800
253073509
242367050
251243553
251244834
251244090
1724879
242096501
253666140
249789539
249780036
249682012
249885195
208662265
248221835
201638798
242368171
217482802
205285722
191296812
262652433
253074561
263293759
202863028
218754649
250093774
129311918
13778950
178779043
127586927
120337768
212566518
54404551
143034699
55956693
225909654
647178
35362412
452542
202496597
211442562
186704472
73230177
115699186
33261848
146943213
127191630
230146049
93933532
161930798
25733855
19734001
143034671
503635
15252166
192887297
192889583
193154974
23890496
199175080
24358371
96739243
129416836
124522822
140983558
125734586
252683477
142349559
63249780
16567362
22631763
115011885
129639496
204392631
105609344
32564260
138910436
138103857
145397078
7578643
138914860
194846107
218755168
201932787
118123859
129719865
199579087
208506194
151499370
205393117
213702372
208648584
196048105
190550311
178830950
149145238
172151629
647179
115819796
16993743
49193802
35108846
242658742
129416808
503634
143034687
192881897
143357211
237404116
19734003
201122773
137847070
230139209
8438390
143274757
143341783
137938037
251756332
217268758
203200652
207709582
156936014
116896506
129714788
90835662
52044571
128785578
131879409
139049042
137483910
189203773
138910201
189203548
142409835
263557870
8217133
222679002
207192414
208273208
135639068
135640075
210967819
127191679
128783809
132150907
248789004
192457090
17049529
100947802
124405661
170465843
79409093
189035839
134557421
110699118
120339640
12333149
7939816
962319
163935980
126056071
158788387
59409439
207882064
75332177
213704704
225908994
452540
149145484
149145691
129416494
97902153
192933396
144870492
249219915
176522044
49077430
146676772
176485587
245218785
192889708
7170599
50739688
143362928
201182617
21485207
46640462
162250580
683687
16063250
16063637
114696023
35832580
141673650
74892463
134283310
41198556
52385675
214200274
95315703
41297778
167146321
449720
193669635
140522691
36752865
201123013
263558680
962395
200762481
263639151
249682541
249885357
252084135
252050171
210966456
242000594
200762486
205288058
207998708
207718823
205892465
242657798
247892492
222660393
250536059
242075073
248799078
249135635
248839998
249634570
253621931
211315168
205031965
262451443
45879556
205892601
262709262
262726563
262844348
243245578
263071329
263293721
252797668
186348961
263440430
262676955
263591571
213702227
213705785
204817121
143034651
247806452
208273237
206308496
200762478
201057089
149146216
261809205
252084047
207719294
249883043
253258508
217750411
217772411
247577953
202804493
226047827
262044758
250565640
229801968
253202998
248788006
263274092
263294124
263293171
229771063
263058588
263120645
263360321
206669550
262648827
263586990
262424687
700383
220683878
217781135
3912707
149146279
190522813
557160
42403363
199600942
204669385
198282635
49203610
557151
113586148
213942399
208098995
206202588
206249561
229804638
191268802
362084
181414047
188687267
172107995
43935660
191268618
367198
214770671
105186426
149145669
208137745
190527698
213950593
191271000
215705391
367200
214788285
213951219
108050375
16379044
216401308
242609516
199601534
149145941
91550734
191270048
123513625
160065328
149146114
50337450
191270218
213950156
190586814
8176605
199646506
199645568
177085628
262699772
198590021
218735548
20859972
169562742
246023085
216401340
204669325
204668621
216401010
446355
214499961
213949321
160082634
191271880
249290610
209381731
208178204
139625644
206091030
197497267
244133565
214499524
143645095
243477668
182713853
404082
152492533
166563926
199641415
191268284
152492527
191268161
112659071
206256559
128897620
101032952
24819611
177994990
213951955
213942605
160065329
197649456
214499796
195542809
216401314
204669598
254138306
253665089
213949894
253059429
211391513
253059623
207831456
204669063
261988261
249290382
217621685
262606222
246162406
206249542
253662436
247539496
204669671
249391787
263077726
214499230
201121401
247667707
122956979
131569703
198611055
203288833
252880515
69885823
159828516
198069934
229699237
195111899
174296420
198076060
212050273
74235812
262022606
121433769
249146664
207991385
139061979
96659998
202052096
144277948
198069823
207360645
252522622
141387218
74277432
204646062
39033515
187622264
6902563
73156736
112687806
217725517
102832692
199606936
179771866
25172366
176309759
242101678
173399917
102859161
143703244
174293483
252516747
76206690
215183786
112929011
176304269
203574369
185862763
242091901
199629825
122949092
198612394
190690598
217517947
190469143
58228044
171945124
94091444
121325522
131724763
199682018
107538985
174101628
216099376
106363457
242282492
1724885
14706939
140831057
193742664
201067598
131922653
198933447
84844676
15169448
197636174
175686999
203293365
96183899
73103640
131593325
142470964
195937580
201622469
214760395
195111063
241525738
77155190
205428701
95558510
114203213
45163168
174824901
217518596
212427094
205942677
105737468
127907759
46837600
93849514
208623469
187316658
109111451
175683649
179771867
132144093
130735099
241525763
105737507
251578011
201910939
14656098
177968154
195340701
252882196
173631471
98735847
122820874
199606931
195754884
113572640
203498546
206874135
200831422
241525660
32660680
246432064
120527123
130307675
192129971
102843799
217726812
117773991
160601069
199630619
131942530
177467277
189677427
81364433
125874375
196233545
179771884
242767930
196086237
120548996
200701958
252842465
203293435
245889367
69347880
107076413
175647608
198069977
202804199
67545647
114946928
36753425
106591977
226903973
172927117
143769895
187622413
175435165
91775407
107632064
206202408
217564106
261963813
143709513
251404654
248849156
187604352
187604323
149943125
164575561
200653405
74957158
201763277
122696129
191410702
130012828
68462504
160835293
143700753
23018568
249150148
107076467
204367044
217695390
253608529
28104958
199629679
197598365
73359174
128330383
207998567
31264586
217610765
125876666
185448190
120777500
184318232
77927204
254147440
262461400
28105640
204942164
72774562
128556326
162563028
207439152
106863889
212259349
202600276
198072461
151798656
250337122
229698883
119369811
187604332
79549623
200928163
58935242
198361222
195342137
207862074
143761315
205756315
106363282
142460741
201643966
187604335
201067569
92934421
111439451
77150742
263297034
243090242
263034432
155759727
78965445
248894687
163283211
110463187
191654773
173155143
127869206
54036355
101639680
113166322
192125155
241525745
155759521
211681655
184318116
203399044
74958704
758480
181919597
249051421
187604358
203463277
130012826
198076812
107632066
194490510
121414123
90972680
247841759
195340092
155759968
179771901
195919422
183702816
45092032
176113458
76088260
94584864
207439068
73438405
203772707
153500700
262447467
175808666
44855468
112930299
758472
23788093
199606929
102391953
166340277
120442538
252882719
168214020
206189734
100899638
205899759
203397412
198077183
120539756
207343467
168563387
196233680
205410650
155760379
155760778
242093719
74154420
214497022
175653195
205929086
155759514
204535685
758475
242200678
127844503
758478
249044070
138198906
179771896
203558472
184318187
198075375
198073279
563790
86141968
252430956
191592770
121434041
252870677
212050539
125929728
69229436
44836511
204535789
190703201
141478179
200833455
88223350
191320032
53516953
168503366
75391988
242782490
252575518
171644956
196001476
39033495
21824598
138189785
213499840
758502
211957192
252632012
205723007
121367238
175464968
197148883
205561965
197925066
978204
201375554
243091863
217478219
44855362
113626058
31445232
248458409
155761667
758469
247667720
251442822
5218671
249900162
162574045
109096617
171627953
217476984
155763150
155759510
194468274
221248874
141420965
202519217
58447245
174259348
183702888
192126947
198613535
105366984
72819965
121433956
68205145
194017371
140971554
186243918
73117256
98736575
113625700
44855612
20123764
76047925
96655475
23018572
23018562
758468
247401607
247853451
2582381
758470
758504
207870508
166084687
73103349
208565603
190703185
257683363
95932639
74897253
153363086
198074414
247685767
37138011
204005339
52130978
128556827
201538605
189470498
205693477
194017196
38344458
203770526
31178773
128344966
155760789
173751772
73371866
106180605
73127311
128564894
155760070
196133912
138158430
171651099
23788089
38163654
22735376
121661516
198613894
252566057
79116369
175875698
202722997
196559754
241525665
194954187
74342509
194465469
217733429
242092149
251514605
214769904
215221792
261815158
253269107
253181464
249156814
252042810
113396400
248761466
248761243
248761200
248761235
248761153
242747619
263419941
263484605
247720872
248788849
202804221
248212385
253489329
202804500
248761219
248761139
248761620
248761196
263053817
263277898
263591584
248761291
248788820
219255979
247667696
171871608
173382916
253306997
251514503
242094380
248761647
248761300
248761267
248761205
248761282
248761265
248761185
255349730
203956950
248788533
263053776
261075595
263466247
202866495
249130044
215223376
248884175
248895229
253310509
262088349
199606928
262082575
252648780
251520804
221239260
257683351
248761171
248761187
248761234
248761356
248761269
252568885
210280671
198613812
263099676
261962564
247667698
263372762
263505455
262818382
263484890
217478477
217438670
248788490
213708294
247950409
202804477
252850810
248895315
253229968
215615580
261979760
262082309
251421960
262089028
262089232
262646410
248351970
248761224
248761244
248761250
248761274
248761142
249590638
263274083
252804024
263110063
263593243
217478161
253367748
262088119
262089393
260804531
253220025
248797286
248842676
253310695
252568782
247856144
248761204
248761632
248761213
248761628
248761223
248761280
248761635
248761169
262460282
263055921
262461917
247681671
242753458
146248682
171546908
174383323
248717031
133577635
211012962
157212358
164535051
173742742
213972390
205081308
144233792
87883580
187141613
55211970
71061454
113490127
143174591
155015434
201127152
186564098
168696984
186253933
153368550
188658022
139732276
201518184
187725722
88599518
201518244
184094125
211278452
197805322
252755457
195676606
52592398
162051859
215244383
49719440
53069389
191389748
195859329
199269527
32614026
197539001
143274702
132144117
162162188
168235251
181378944
184697580
367204
249746506
248319245
101001048
184909102
196802693
242710791
198577688
210977663
197552519
50745508
20445205
172218982
78945599
163169891
190586843
210430958
83689913
206051975
214818934
194199078
145425139
250098084
181779356
197410052
207239047
195127459
195096547
173669419
249309670
199962590
105795343
199240699
121740606
153368851
129593614
263109100
192795314
124650587
242663841
254021765
211949512
187354196
89643382
162051814
253310279
126949330
168586126
58447307
161892502
153584781
168097803
116350969
132339759
207838986
155762534
132105421
155763232
242663863
250972058
159974653
204914379
151525631
196802691
146620591
132777880
134227077
249611339
262517659
174371026
211104349
196802650
145578632
145369614
85671607
249289415
200918982
252759532
183070402
196530635
251007896
248788008
263046775
247285722
157409687
168373977
263318454
195970836
261024807
167351625
174293169
253227617
210946639
252063960
263466613
262462331
253473999
210958448
248319255
262646337
263058000
263294035
263293784
262021961
259519457
263449854
263586550
263196582
202012762
253731303
262044201
263119831
262043971
263385581
263586783
253410405
251002809
198204838
259520283
134794348
130849251
127219206
50367279
202496022
134314144
74783219
249893637
198296878
75312780
35861947
17911981
48654083
198100872
196232447
103576981
244690356
122431696
127219138
214789516
201375556
119252530
125659001
197635880
129625566
112019527
206669571
208178809
2794583
126522132
195105159
123647188
23785045
198091167
74792345
106003634
253308480
191390686
140987992
186078110
173771927
230200157
211949061
140523844
2620311
106032497
130848941
140984080
186584108
72684867
197835102
193896159
128589794
179142406
147341088
117308401
90502574
167473816
249388079
85085404
155762624
195888441
126030663
193765267
61405758
155348558
202509069
199166194
146649465
134794345
203505612
149384230
129716125
73742706
127994314
138190097
45682605
104191121
126522975
140994037
74404700
198474781
199217054
139989888
130849217
41228993
35924581
129639516
207988813
192628251
140989393
173554876
128790309
162583991
229726171
188658156
121082586
129716277
40264770
105652033
128336902
182547908
213682852
122193146
202379572
252591414
198364441
36681692
96073154
128788243
206669549
199007717
155762388
230041987
30987209
130848981
112621308
129410188
162584057
198364721
188701517
192459706
113909269
179142401
127992196
140990576
116367792
162587092
207176649
126540763
140546767
90368325
137547805
137547789
137547783
262089645
194004210
108209364
126131988
129625460
160289069
30023697
195343113
86403252
112791540
129417871
124276801
126525671
129644087
198363636
120339074
252632017
129411930
247401565
124273241
129624980
116596766
129715497
140992991
129418225
129625232
143302682
24350104
167932678
198968049
207999643
192459389
191973693
167043803
129417743
56706934
103576942
137547793
137547803
129417717
198449358
138159584
139294300
102736446
116145985
190703203
36494050
140985909
129716095
129721386
129417168
77657171
130817258
155761950
195341941
198451434
24352724
198119470
161217451
129624602
129721335
128792710
162587055
140992063
155759545
130175134
54621151
140987191
137547801
137547797
202491909
243742239
128112847
112106930
90735354
193055683
219147298
252632234
120339458
140546653
153890862
108891374
155760060
129410210
248633927
211948795
262089234
263393176
262833399
262089453
262088948
123128891
123129002
93255463
105092066
49730339
205285825
217527535
72510606
13414928
20035696
208679787
210437260
123131320
21408866
130863047
179142286
201796386
242871976
214636487
93065034
166563924
140481987
138076713
121748687
207252984
115524622
199009042
199631719
123140628
4526533
138480195
194861941
89675511
89693508
181770669
252645303
101422872
217527206
171869228
70183201
135061316
93082638
114788458
98735916
262338490
72669748
93068592
20211183
215543403
252645023
109638375
181772045
174893453
130742644
193308791
126088470
187871363
98735839
126525447
116596790
129626562
252644507
147919459
133817386
128787802
205991005
210432719
126533224
116734716
94091334
252785714
109958980
96126111
128787404
67706414
16741841
52091422
126533014
195091382
198644559
252645414
253663868
251583530
205996184
18083301
196193883
107682398
202282358
123130967
72475988
17949654
75368530
133819183
23122276
96609805
140579207
252645155
185190035
129414289
167147487
56754404
217526811
191500971
99626545
120523038
55695281
198436486
72672757
201872180
94763645
109662168
252644571
133817084
263486349
197175736
195339373
126562179
155563603
199683581
199683162
242166790
263348226
263348089
260859559
263456223
209171557
201039233
152568385
252102860
242785776
242723639
242867378
172142354
217527977
263390205
263393977
252645529
214894331
152550242
263348330
257848360
258316033
242162365
144203477
230039909
249582935
217526941
217527426
252356069
263404053
204537595
247879130
217170695
217168099
217527356
253072386
262338392
263348326
263405261
263293148
252645593
142006143
21761212
173964796
187722387
108223296
116729952
43334061
128788964
134355209
123129036
21173508
127045283
108882946
77155455
72505897
123131469
187944344
119790622
123131057
204285488
123128928
179169586
108285780
29172477
129849454
143915229
173654470
146062469
187722381
69021186
77144447
77149608
101995732
93744823
96480323
174826996
123128909
108151209
155252678
175147230
48654945
119266765
112280925
52408711
178761058
11385321
103581300
123130881
175110139
144204079
117235805
173660414
21612362
67627900
123130937
127052098
124274716
96459752
178780416
99144922
110905427
111821359
174836807
174070489
85241326
71063241
77149302
33395072
50465839
88003263
178768204
175147002
175155746
209366043
81776472
67237259
67527385
102116873
71080875
109652493
133258207
110905367
174057046
101739579
174291925
174829808
87730496
77149341
178767320
175139226
178760888
29164588
123128953
122317025
69020876
69015157
117498531
51982903
126517224
123128986
124275556
176070969
71081590
104944756
55614799
39335507
175142661
102106813
187632369
57383801
113557749
19737671
25998604
144183080
113706339
134355002
123128885
99097791
99144898
144203742
174820711
123131260
104936243
21657425
71078956
187927788
175143346
187644581
137734628
132361544
68856913
103623839
194034347
123131327
111298147
175143846
150333055
11385477
102103675
195640692
29574443
107088587
175148889
123128996
110287133
123131318
108994588
93712746
80876791
107090900
105087197
68482891
174216174
39028774
77153542
188447169
86310859
21610374
105087131
52172625
188087719
96460538
253075241
257683361
109179796
262888550
225909267
255497386
261965688
248012855
210164212
253663815
253278625
142766879
253072190
253076568
253278860
104944598
249882572
204291170
138339825
208288789
199730889
46628439
167433084
141317974
119914944
99944154
213713347
208192784
253356911
200002523
210126008
93022628
8358087
202331804
185028057
196149759
121795462
204282985
202331774
190322420
192032001
208323236
114451170
21175827
199682347
197110249
112865322
96335773
29168386
116801053
35180824
137948844
176057650
52675155
212014008
220666874
48255050
178534522
96336098
46131118
201670449
36758546
208683846
209408560
192976039
94091446
98065254
34288062
73293365
56868724
208176126
155760788
207938940
214768230
55510062
197107071
216923958
136073806
113966631
81639689
167148753
22448851
204806150
213710265
94535267
209888733
203872087
111679275
117213215
105653965
59284910
160265870
161939167
94535352
186618199
122029681
202331860
98610270
119915028
96336725
196904414
195338063
198243872
194406416
22611741
92744451
96336774
230201591
45474352
188844856
44833127
202331869
96336078
214770031
35766845
98065272
173125854
35344451
205324717
244306608
119361943
199112455
192376381
209906087
196148878
195341598
180509905
221811860
184235708
29269785
197109573
146932692
36783825
199547208
199542648
111510896
91291866
72711534
34681736
58861997
212920893
67544519
24637562
193107410
188447555
121973082
144973684
72507503
123131406
114045170
262870486
217520594
208062347
192452405
204643047
195341895
197105009
73206007
98065339
26093617
199144687
216215086
208061859
96336315
214910540
96336200
242472520
28938707
206955124
214662301
109161015
250214616
118053127
253542012
212319536
96336169
213498198
199683646
96336716
99717247
197497201
121367381
209906050
94535109
210164285
96336113
99091198
201803633
209388158
195649457
66953148
119366017
157549273
30988829
251547854
176645321
216900519
188731075
242657133
116584184
119363074
213559287
142315286
200002459
35165688
56319657
125010666
235532991
255454183
255455450
138214811
208192724
195339371
201639401
125947939
178724038
118998141
129723461
198452157
89052529
52284850
120337786
94583431
120339438
35453667
157549191
116798112
121604006
121604863
35755071
195918607
123575040
146261716
177311241
249112816
186278383
99397144
106419610
121496541
105608745
143822104
199630282
80876678
130061046
130356120
200985452
26738328
113965876
155762418
137123305
200998255
196031521
52340135
98064873
96336077
107355388
96336076
96336325
215632025
34707770
34680951
195506187
214076188
168659471
180380868
193340909
118889429
51351229
114821431
208662447
134515847
157549304
28706647
99717369
31656634
51710904
116778669
35834700
120339642
121712079
35752930
202331783
202331924
177301575
44664586
12291931
37891439
202331863
108890911
197107804
98857623
192973623
96335758
96336194
110198259
195341108
111151669
110657329
51940747
155221875
89675654
37888768
163733831
216343257
195338537
52674692
195342732
139275614
101160359
94534512
214911043
96336033
195510576
201307707
121496575
199684406
212463306
205382787
132014196
198203451
214823477
194457095
56854576
115795873
179371681
96638337
144203951
99081689
188844798
247411512
113098459
200875358
92744131
193187014
199682443
173151275
214591525
85817029
198960966
35332696
165916860
203498422
252102921
48563382
194206820
203606136
198572208
242449645
205216390
188844873
155646366
99155763
114251781
116276279
161842187
111510872
188701180
180737347
117950696
199217543
174241923
164558833
123673084
190641418
194208331
23299339
117220787
211979090
202492866
202283786
142948108
199218456
212920922
220666042
202331919
200689438
198254435
217145347
61762752
221229277
193309706
198278885
180584464
215141552
189586752
190298405
144184641
182478447
96336202
205831433
209171592
203995711
197117555
173383437
199009758
80876926
180528001
213950212
166079879
113525615
169081116
149969097
195339541
202492444
195647494
181096075
69015143
151519621
145472089
196031400
184912162
86879223
80876428
181429171
262067665
139253019
165998014
213852059
202526468
30986911
186073223
205033989
190464052
96660393
201307678
185889703
197114562
188844803
195340708
199682374
209885890
179520172
203000869
196904729
198240692
199009430
199630455
76657258
95212891
212921083
204668351
202331769
179520247
35329610
248683128
94586814
229715496
261941248
109427164
192006116
178776625
202331876
109160389
8922895
191919944
197104888
194583237
209163470
141354699
96336021
147003796
205509593
199111915
194421522
202331809
199118197
79680325
192637831
36963308
95315946
195340463
184082450
129520455
207719783
196283423
142762627
199217668
188844838
127303444
117327218
208233059
46996956
204643029
206658462
195342715
6446999
91383659
115683153
119955315
98610170
201307663
157549118
195339871
167433621
198935594
210425699
125972851
92095487
97032171
37887453
6396713
197115174
209906091
208235503
42587157
210428182
127196170
209387590
113559729
195342773
80469489
216335339
96657556
130829702
11898499
195936845
118332346
195338054
249373453
124275383
4269201
213852081
143779675
123895193
198202512
197105595
27927775
199113491
210136189
32653026
209408566
52385572
4491357
215146555
210959846
203956943
160149131
202331846
199118645
92747860
191057354
80617064
217741614
119366175
199628901
88998863
201842244
96335777
36722992
24472319
191350230
195338118
199682796
98065197
34692888
242761204
222723281
52149923
30012890
38242042
96335615
249021544
91295767
199630417
123131235
196912506
195341966
126897378
221786730
162817681
199530487
198587763
147010866
34281538
94535166
80617176
33395993
96336114
157549127
52286567
106420675
96335854
198280669
213923395
1733767
251532911
173383891
92746370
96335670
216916776
204643039
85837029
21469819
253076899
130766950
195338059
137940463
96336115
119914895
179937600
200701591
254410967
144407235
242745744
124575758
191725773
122293245
217472368
196068292
155889222
199683555
193108340
167146638
96336086
197668957
168222855
74331504
171848887
216927506
96336251
96336124
208219757
96336777
96336452
100446861
208173616
34278549
96676408
201037323
222608830
143818390
149685310
98064814
35148593
2683007
133923295
257863693
114448827
59168119
195343318
216230237
57651677
202508613
50230383
169922359
35159443
199629508
195651473
96335993
125363425
210416002
109089863
97821543
205851524
214501262
213670411
50230192
55724047
30691351
184218739
1076406
109277039
257863650
51926216
203923287
94535017
173718616
118331924
11875052
199678945
111613645
59169984
196068288
199629802
98736164
195344168
23561621
208761752
201803535
204237209
174286875
52416487
34707604
34700330
251402425
130175059
209906052
91296732
168654355
21825617
242453901
196203102
203763214
110378876
89583973
123131177
253126628
113966255
157549102
157549502
253281673
253278009
250335317
262464652
249388493
262747184
263030554
242482579
204444405
263096784
253125751
217526719
217527882
263349094
263348988
247949976
263348977
253890987
263348990
263445272
255758750
252904269
263349118
263383584
263348863
263349015
263348905
263349128
263241785
252859867
263625488
263052885
225941002
221808345
207522011
136038913
247263467
252575233
204643057
217171478
224173934
199683240
130432393
212263547
253213506
253185710
204444425
249465702
249582270
250059012
251890570
136039031
230040562
249602833
242875813
201307647
262088319
253402515
252645950
217574738
253216090
253556152
253048169
257683478
249388184
244314052
262780647
262804083
257847362
204444429
263293843
262794996
263348889
255455361
205840419
263349024
263349062
257864016
263455764
263348909
263348867
263349130
202331913
263348911
263451395
243033650
262878911
98610059
263625580
251403454
250088127
250089078
207564162
247891685
249777210
190319368
204643049
207564333
222610493
212055114
80617308
201610117
190703166
122029667
121974342
121755665
143165840
252719448
116121675
153614004
192376327
56751159
204404798
195918462
202331842
208310621
198230663
96336099
141001019
195849607
191592872
213864717
190519668
144204052
204444423
202803550
178329618
109601863
205543895
96336372
183248997
168664534
91619561
108256109
114568582
216007585
221791140
242654400
122707631
51837421
193994117
162177019
208286733
109601512
92746400
96336089
128117034
144490896
55509781
212213279
157549483
195352649
52703664
120339520
124272992
138473673
98064656
204008161
188551216
48586992
127217955
202331801
167926073
217775742
52386064
107428282
36270029
30299093
96336123
92747690
242796033
195341780
201671397
120483537
160445152
190703174
173559601
257683458
74178050
80876932
35347135
56706385
36620493
160175229
157549384
44876573
91331456
112187253
91331414
114586756
257290818
173754770
26091880
198983289
199146186
209400933
263062541
206846007
263062518
72716113
70502428
127245775
126526019
185272777
160372670
94535209
216343252
119915158
83801151
199630588
96336775
199630600
92744555
180736360
217477382
35181770
196068289
123930203
52675056
96336005
119915018
40796509
113211604
136412488
229715499
175576905
136713430
34702894
34705908
6475417
66578940
96336535
194041552
195881209
190703193
114687072
205921457
199600722
119633209
52206639
108966611
248223707
142315265
120339752
52782364
201070981
177960848
252645195
119988495
197115100
197109765
52336058
4670399
57814145
96336778
34687464
92744559
74282167
127350000
175539955
155762296
113669839
195342975
110677356
96336476
128262089
195919317
113956594
127216159
229715371
210428977
216343289
225954726
207564415
247654486
209906083
230201806
209171614
225220576
166524308
249719892
96336106
249093075
195339270
212263316
192986019
211284432
209388149
204643055
253396968
253393560
253403254
253043920
212485823
204643031
253278900
243034043
201307729
201307593
201803690
216915995
209906056
204643037
262779574
262790331
262779985
263030590
263045065
206673684
263096777
263102257
217527164
142719400
263348919
263348883
252084213
263348933
204444431
263440207
263349044
204643025
252902624
217731214
208683802
263348943
263348939
263349072
263349080
263338428
207568107
248214883
207699292
249721251
222662530
212485694
199629047
209906095
208062765
249001087
251392861
195341479
207563615
248484094
206308516
222723278
210425727
248223200
252457592
213559856
252292824
253184129
136038648
249657975
249585364
247862181
249146668
249582471
251378652
134354656
248485191
261799919
253303471
261965487
253280326
201307705
201842003
249035886
258341951
251756230
176731540
248596059
253393451
248546101
262727395
262850881
262892486
103996847
263091475
248225806
189683851
249263352
136039866
263383585
263383582
217709289
263349017
263383628
263348953
263349050
263348981
263348913
263349012
263349006
262694582
263604829
207596440
263647699
250087879
207719353
199683960
249662613
247894315
247806197
250087452
206781233
191764926
248172367
248221469
201307691
253077132
253279777
183719274
262465521
257683431
257683333
262694738
252356001
253237396
253446474
248127755
247402222
216920090
249581249
203023749
261944421
209387644
247461230
193611174
201307712
253300433
201307578
214191640
201307718
136039462
212053713
204444433
217814496
215217320
242716061
262846791
108685111
262982010
249037839
263096746
263096796
263274077
263349122
249774392
249775188
263348875
263348999
252795189
217169343
263349022
263413684
263455996
217709284
263348895
263383630
200701153
252089986
247946082
252135440
215098420
263625677
130432408
242692892
203055650
240474468
209906079
247861062
206141399
248559674
212051986
246946549
217574606
226094829
213515157
202804765
205289279
252460041
240474641
253396045
257915370
253305212
249824821
248789507
252676395
253263805
253264297
243030944
207563631
208683551
195341614
248537480
211937002
216343258
199630738
136038778
197115170
249602361
200729838
206308378
204643041
199630260
216343323
209887194
208684277
248647577
248649333
209408444
199679674
247765975
212040981
212262811
253278095
258403673
253280428
261799921
251997622
262295665
214133425
253468090
253403361
249033653
249389732
252878235
253892229
201307720
253135449
251404783
247811681
208299266
247063279
246855249
224161742
204926041
204643045
250059680
253177967
252589971
253278437
250335298
261813621
221771114
262726857
262915252
263067695
263096731
262643608
263096766
263293844
253125950
255455101
255455401
263383610
253277965
263454723
227768026
263349020
263455742
263348915
263348992
249966357
252644360
252644337
262418879
208290433
158492084
29347957
225231444
186060246
203498459
14961349
173378089
249778920
53627321
55506646
72711012
198586957
73370407
117661445
164775294
225960122
132712954
23055680
106066364
53240543
167418913
120522962
195821809
129720304
174025439
121354738
53388180
217612097
253306653
738590
247401419
192790490
121363082
129721034
117657003
208679478
176485589
35392036
113579153
202045891
212563039
198082159
115126077
249017750
225227120
98047106
144233790
111998032
548609
141114249
225210501
71892924
199974102
140986216
104103456
209306464
72511171
73369403
192790755
254908253
204537617
135897572
204537632
99846389
143774967
153539643
204429406
638805
146256121
144272562
129409618
202517671
173865829
32268615
53831135
90524527
247261854
248703808
230086770
198462901
112258007
135839765
96073189
195787224
139074454
173420549
150205143
198537386
10681064
252759303
117308709
55066628
172812345
140983789
103692656
130398774
56603117
156795385
168341806
165968735
124631359
128789426
103679232
142651209
155762242
115128943
54476638
247707146
113570839
123763121
204914502
155761019
129641238
113687587
126517988
86637461
129941282
113834605
198638629
247716960
247706908
129409458
248703811
225210520
199684050
19578975
155348546
119656429
134480169
145393007
210137758
117058209
129639618
129715559
456335
145275417
209387294
57316483
54759049
58862000
198780122
131135531
129782044
192790606
126516117
184920095
191605801
236788563
126049772
54858186
158098617
117811588
117000849
64311001
242724306
140992740
128972558
152097840
121250280
121366996
129409377
202954057
77284932
178515077
129715187
209408446
155762207
155762175
176485628
105731838
55506675
43174959
103496409
230200817
111511380
160576175
102798850
91876123
207230451
201381541
142443012
142996008
103578026
197114277
253141893
262646157
263084581
253663478
81137650
192790916
212225877
260668232
260810317
213558891
252902004
249385170
262745009
121660408
261966870
262646268
262021942
254901652
263592709
236738971
212041594
258509165
252673926
205287593
205018349
257683516
262646262
263083827
263401480
263493717
261829971
242979583
205511756
205509559
249093123
252292830
253265028
251725600
253628814
262089081
124275765
263179304
253663751
250080908
125659426
171567227
205220160
212438323
225948292
205273392
257859891
258542871
248587526
205388037
252673895
257770206
112187342
129624211
128790074
155223500
181110446
172815679
197345146
129568655
197776134
155760496
81257833
144380599
257683439
129721740
193247506
253310052
98870503
197907706
127712794
261021790
208301206
197799455
128516226
128784618
32154407
149153518
87845602
129409566
129721828
129721764
103365981
120430947
120430945
155761262
129639460
186094817
126072652
155759912
136073953
142218778
98540620
129412303
143468381
124575749
194790803
126523013
202862934
140993800
148074421
262671782
113577676
54972001
53830520
117692717
140546553
128789645
105934104
139275657
262022344
103534607
129637541
129639908
160784208
51390281
110216754
191911825
100948034
140993079
109839678
126544138
108196699
129417849
197114293
54054654
129639395
129409653
128792942
129715389
128791723
126525579
111197504
205262682
258508999
247404365
261964663
243054642
247254691
262746145
262745138
263086093
253664633
250080694
129144145
262452808
153522364
195981347
122210907
249947564
261840213
205031835
7190085
72710984
193720183
189234884
129623248
128787946
248799638
111510256
126518136
129412264
53094674
129417511
124275482
124274798
129284932
179397382
195340097
122411619
155760658
128724696
150672681
242079951
195338312
208290396
111518001
128125591
117042386
155762933
108890958
199110599
199110035
198537344
164027625
140990688
107367849
74380713
106075984
129715341
53271810
45560700
118102109
217516634
109850650
263082391
135816136
129715731
128785811
155759890
199682287
144357514
129624528
122223145
140546776
128702620
120674159
208650078
121260273
85005979
155761093
251588200
152521574
142719502
196360139
96078987
129720047
111348491
501972
129747385
182550912
189604348
156193086
129417376
144345793
128793080
213887967
167148277
155780490
249012314
7189901
142541980
85344803
142437257
88796292
155759513
96660501
122193704
116277455
126518140
191911981
93747423
128100708
135082456
127993517
129645481
140101713
52093500
199041254
105880674
119407706
129637483
138747684
132308810
127862533
190370012
187364983
195866674
112707704
167215059
102566896
106082819
86038623
173347900
165986605
59525412
12480825
147838175
79768232
141663368
129524625
139059083
104851805
155837387
192220920
196728259
177588926
128280535
118139867
20192311
183337193
198088235
143348924
75626890
112361129
176264914
140150716
173173028
176135087
129092868
128281698
171956260
174253696
198525733
115639331
127673949
179955108
152005348
181775476
114291995
167852341
191629522
91161268
218750942
133662002
167854370
56727722
190114228
248696453
173394692
199049482
98667997
157206957
124862428
225264070
15311836
171626404
118090548
130456647
138752278
35911881
125499852
168519369
96190105
249603480
174237800
105327089
76604632
140437272
178003771
219156953
140149838
190642003
108270851
136723202
158869565
173172885
174853801
186737593
172912417
140630198
91160588
150702333
68959265
253040240
128280789
104185025
80975807
118164954
143766554
109725812
141287514
174263438
249239740
168529476
126341441
88197494
160882641
193279960
176599069
46107285
102566872
174253699
167854658
117185536
151230120
150956801
176165787
130421792
118097991
121306839
171852858
141835567
195886719
184947649
140149533
170652155
143350620
178004117
74593339
170607739
193747338
160990297
176264201
196323028
167213939
146988833
215224548
56019855
10689016
91403409
12509546
128278224
76451451
146251190
175525784
90718559
129074349
74605558
174379848
260791919
202622361
152700514
157063832
157143669
16119715
91161701
78623744
125910148
111034693
7838345
66608013
127014812
187366540
192357710
87556401
91159676
134849637
129480354
125500322
141843460
111040820
108472336
210878532
195091274
133166897
144096823
135572109
128281087
126170351
186508301
82743036
111820680
174626659
25748629
157206604
141336902
141844207
181941362
169879678
79768487
195702454
125911034
111378488
13968945
109737167
144692968
158475015
172172799
11340396
229732307
185276042
12329995
131998845
203602205
76314020
193771479
241938050
186805678
127050256
249567054
193424962
165987060
186510903
73353880
117767037
90065225
64679961
177996448
68258266
169025620
3829595
176137181
141279682
104367236
156314036
100544889
199198632
249144962
177653761
208642262
51018896
153648222
129074626
192545682
112644021
179517717
111859939
111376985
154274762
151778407
91973398
52277277
109817043
21495541
179539969
128331689
167646202
142367170
126187614
35474287
205458028
87671070
192222724
124903404
249144459
121284756
262505415
177919249
138932260
172588512
154897081
168091123
44849722
91717455
121769788
144955284
144956339
144960865
147868271
141773902
87558320
143766163
166346059
185560934
174269248
169761546
37140134
14905185
122344368
181506429
90403329
175575365
22666503
125912679
151574169
56514174
72957463
186803216
97942253
136723167
206448595
140216616
130417386
157206051
195024712
141328209
162541121
70965106
141586940
87563213
128929376
95900695
170651697
192414026
131302362
29190526
104799568
128331369
13900598
126764932
14451716
69054018
137154341
87548845
153491195
144096777
158669503
184105236
76317560
181691214
72216482
167630528
128312997
55609805
168487196
83605448
173521146
190118593
17972289
253629650
195685920
115561640
87551314
156290584
16912111
76313394
139530182
76056980
53122240
157160354
206445025
59522674
177315216
27935184
134849044
170653753
143350861
127050599
12550341
177792471
13969209
96311120
93050790
139604282
206502362
139602432
195866252
204645996
222570641
13333344
195686065
151556402
79872066
68595228
176104718
162430135
171957342
126162178
192216675
126155716
190426433
144955385
79628299
138491753
131525080
152818163
122257001
111037702
147838184
130424869
173998873
14909855
20186742
189750159
225209546
230084437
170085122
112708732
68552244
121286703
195864973
242447063
125916941
208074733
49871893
106605511
160173227
51366443
252657344
213931403
177753647
197854116
172909777
83779026
31264930
167853028
80618001
166348139
115824911
76176245
123949828
105541516
170275692
78892999
91404415
142325288
166390118
126261891
141042316
170374543
106647955
84865664
190451927
71778756
13429740
172019902
195021984
203510597
105306686
157171825
130141388
143351866
125605420
108271282
104185081
126180322
126723797
17928527
158475253
150700934
173583186
170275379
201423015
167184171
125500297
109310574
167853613
201422929
146636191
172542304
177226431
263080618
252631452
179438952
138755770
190118408
217176867
129543517
135223095
177633181
175526186
192544596
144963972
82746395
126178580
25009518
125911959
50493903
220678868
17622447
230060757
78894357
68959720
79813777
249694129
207959054
157425892
200522054
172910320
190118652
112857096
151230411
130422290
181253256
166331924
82742522
170650075
143349537
151779242
130416662
105924626
50384194
14913986
143352093
174132062
242717244
125500245
111377796
52851396
165902976
125913151
170141499
112855119
169567394
126167281
87555096
69048114
168091239
91182923
190388838
29257222
206469204
144692505
128689318
79814372
76609097
87553607
184827572
151229607
83768462
144096593
200665840
111978238
166331421
55883725
25742241
69091415
193737275
167850950
68293802
108099605
201074104
190449631
50701036
146267553
96310837
104926635
179414575
77953294
68958945
31375190
98032983
180750284
190792347
121290820
192140099
195022356
130417843
121770307
181506215
117900810
181980723
138491722
69090355
141650889
89042193
130421235
144183067
150700425
125912017
68660501
130093158
128269121
14451604
111378389
123146610
126177930
174931542
23330236
23312785
154696104
191896574
181487869
54745696
12354481
101840980
174482086
190372814
262821393
152042074
119334800
208172422
251296030
183337184
230222541
136625516
104184774
118156497
150700951
185098925
189161653
136114690
130140645
95940589
177588060
134389783
79814319
74176937
128311975
126340394
55099662
167668499
251259348
249144648
205729144
249849624
249387027
259654989
108491266
174894981
151230689
210878845
41212020
111379525
124772508
105337622
118589417
140177901
174310507
143351474
151946373
137666666
82748879
126158452
176266549
170756508
143350275
244170094
16391097
111643249
167631190
137155783
168528135
149412240
78895140
206501150
217176698
251385334
193715588
253541664
177587160
130423068
141040575
168091013
143350805
87564807
125605261
106634890
177315352
81188014
124903468
130866241
127459332
144957578
138491746
195953343
108771911
87549360
78893659
68644115
129480244
158656371
187550346
136134525
56650855
91165108
125355256
127584821
225209004
252603395
249602790
112707526
78894806
203464891
127013908
121279882
249220996
48384550
217176625
128282043
76617047
155886986
130418770
175575602
81094788
135322484
49603176
198927719
98772287
215901209
158765469
126279826
126169039
156672574
175147040
165895668
151489430
174297890
146458748
125500460
217176677
248247620
121763215
14914227
68958410
141532766
132961703
110593769
169685723
49289675
76544444
56266412
89501043
172908218
172908437
199916284
195028557
156280584
154367170
167853797
191926031
144452508
132381787
150703337
176105422
156275252
48124799
109719801
129088548
164550791
253115943
248536993
87565064
174265599
123147379
190460847
126158085
120593402
87552515
167213820
94876700
30732799
190439842
212241100
199050156
104394421
199541368
105306631
125912124
81521377
165888542
174894535
120595484
253617724
168842294
114434249
71904104
23318486
16718520
128689309
177609578
222638172
113244206
167212237
191506467
121759344
92517906
198529020
177297545
155789100
102600605
176267155
177588392
123146743
201357720
112604430
186617032
151230392
207278497
83765610
150703320
87549039
168842223
146485097
170756463
127867218
98655853
217383982
190364379
152101461
173886421
171258642
160172908
185899043
74490705
80975736
195865753
164549480
235854464
139060303
249532433
192276448
46581583
168842320
68945783
178239002
111643395
154274685
109113432
170713489
125605109
91160684
126723831
144463312
185949028
143767031
165883613
93315500
184824513
161470303
69078474
125911950
170277005
144967311
154206402
209852526
151228625
125910781
82742705
170756482
109734942
117766431
167190257
129738265
130391843
124710456
118311576
247007301
123148101
32519028
91404393
70818826
104931093
206489942
112707150
176211928
249258704
196761194
185310825
193425872
217176853
98072030
78623821
157518919
180996221
82219668
121287776
121281050
190589063
33257846
67201617
91169896
130391812
10197825
50335963
125910056
73258306
89250463
70283552
36871605
173098841
111377605
176447405
129543119
137155563
140506468
112646259
12220002
95910932
125500015
126157441
176635012
84287748
190467100
51477300
104885258
244301449
130141713
14914720
141041219
110593791
168090918
105194226
152282908
221288581
68958428
46467725
53627975
191982375
253405070
126953695
168842344
172542215
71926051
183045562
206483854
80977315
204269209
172023353
186584467
155790650
112706669
125499760
129060934
87564799
177588190
171626499
165907472
94199034
174271234
12489924
193590037
147399833
151521339
23337849
95897640
122484093
140149263
162595798
128269202
126159407
249199282
54695551
168529329
78624031
90461498
103544264
174550813
157814151
109083850
186587646
23321753
172910802
172542408
195028019
177587166
171258467
192452764
105307355
128270128
111378987
130419545
154898340
162084863
154909513
13725232
178239371
14505711
100271730
144925241
74574636
115824914
196374795
192217099
94226900
82743068
117771430
158666264
132846766
90525935
167216333
158659714
173582171
167853717
130425293
196800922
152352810
111321012
91403505
4316305
174379565
155834168
127014223
194961432
199539045
137804168
121286498
178252983
183908443
176104612
170653734
196291209
91405252
185869873
158595853
186369881
141042413
140218022
170650612
130425136
87549735
150701376
167851847
134304833
173173080
143350069
74388495
146364485
206369875
175575474
118100069
139058812
190405564
68959049
230126626
146575058
144924939
143423270
150703491
95910425
126155574
217466915
13970404
108099945
111036145
68960689
87896083
87954806
109409403
171247601
116018969
174379591
90655504
146580528
82219719
83778848
190118724
121635690
135536357
136029380
136091271
113786376
168349963
175973131
175986292
217522445
121690515
162197890
179128235
181419452
59553022
193886657
86999979
207283136
200713811
154894478
175787725
173347036
192230195
165807386
138113999
82642292
83160308
149521381
20559687
151556374
184241646
102581951
78971087
158141056
113785888
195958547
138116808
139567337
48263754
97537435
69171214
90476087
139625494
134388787
135217055
169709856
198883836
189699954
253358109
110689027
139623548
139618546
192379531
154175315
53143383
125279902
179237389
70623764
10590158
197692663
194328230
103106396
135521490
174085485
185226261
78958822
110203032
196184762
247841502
198120977
121305063
169707270
198198041
247342539
141101634
147123018
220824439
147444328
115650657
162430232
58055703
139620466
178070107
242196257
242203195
144629175
252004424
184773980
70087249
187826936
50451978
173421697
161027418
137150822
159849833
105949794
73494403
138117160
70307205
110202410
189528669
199045206
177704099
90476150
165236773
132313808
138115830
149211605
75396134
247884838
103918488
262736712
124748963
13722214
21265392
218750676
165887292
184117450
108173920
156957756
170276747
144629276
21286817
93086317
260108467
198120225
109487589
176266695
139623917
144629584
174023622
118150328
147446614
125874869
248605669
83395649
169708223
105673892
27808122
214691297
72642023
102096536
247842276
144629381
113174665
195217941
178226684
96752070
127617401
115769229
169707275
200716642
105327414
113359813
118690571
179547063
137669443
159523871
9016172
70233406
100745930
165888443
125021738
127511052
113785974
199904083
207213600
152741099
147796117
203861228
74915788
48783585
183745606
162163430
135521658
162427491
165236253
168367463
139618924
105110675
184124043
184124087
251267577
162429143
131305165
181113028
198320934
164791629
214594029
72865725
149211420
191366011
251262799
166463225
144629513
105327332
176402721
170276900
171489528
135524628
110202630
168349999
253067244
13751343
162351244
195217901
108019788
132313535
133166638
136839447
127617156
176752079
171660147
177483239
58034317
105953854
105138611
137668282
52303452
57455037
125355196
74533667
193647756
253096805
113046240
184242779
171323268
155166952
162126635
127617253
179539768
215388981
183555270
171955416
140635186
122237285
170144823
181255029
186876459
171009155
162599752
196184298
83158982
191630791
162025473
160264804
206180816
247821647
74913155
114678214
144629514
50107542
104703637
171323301
165898136
175986418
140177567
173039439
170497801
157616331
141278211
177315236
108270898
118125469
155167015
185797005
253069350
247377611
179148155
163562930
107326821
106453256
179151013
46695130
35367361
126243655
105327448
97820472
188553474
180908313
138119221
118125842
191738553
230242081
230200972
174426314
144629406
141844256
106074262
118690010
55469038
14837995
151035623
74829876
113786354
137916735
199910659
189582685
86773028
179211210
197263848
207236354
147914541
225938017
127994936
159523919
175786773
161027261
151233504
134977539
200727498
114442659
168357034
101279208
10173442
105653792
200732562
142313141
169713273
169712685
230201248
118691835
172173749
139611192
155795218
190116179
182783515
186994356
82645390
83158076
76686139
141279282
192116734
185333070
162087693
179539033
135520930
190322085
41220264
177750493
157027290
169707700
192356116
137153497
108285823
174234371
179113870
139617712
23520740
178034890
210943226
99850501
48970691
54751321
178216977
170776422
105326930
168351504
100491588
171659859
115723019
125736821
154094718
165236648
115467346
135525839
96046647
168351077
170954842
126210020
184847377
110202333
110202080
129823337
83395210
195938249
196942751
76547048
55516026
198791820
176058835
135533280
130621189
186876528
138117281
138011946
181186381
72181681
208172386
210145437
203872022
151589094
158661287
215594703
168370057
49995621
135522234
179539979
137384843
169713064
201629942
218750634
145029734
139618808
176460569
178227689
151816831
188379397
104166083
200728436
178534206
105326861
214759635
126132008
147444578
168366854
12020774
108853479
139622764
165807559
138117466
168350521
130621850
210943581
167655131
111550032
177727694
177747251
177748988
179439189
180724772
57018507
168353573
111709178
110688942
109417314
215389532
111709889
185006162
35964489
188318631
131578018
135524509
135519119
218750573
150207861
96993234
135527570
132326028
162430282
178069819
135534199
167853516
164221983
189692455
48875997
168311894
163564996
241908198
5552593
162041528
213890196
141773385
183271086
135530978
140179163
97941785
168818429
135525506
139621182
137404035
181257352
150207723
47199203
262887112
168363496
168322199
42462748
205692971
21753427
177998889
251401606
262504400
56716261
153499320
137153366
139625112
159523477
141591221
159523297
176849382
192230337
169775615
135536415
124485082
160801668
178101111
83159346
56737239
175820906
118125675
169712482
90061617
174223480
144629438
158661810
139621591
139624826
115650486
178069848
86148243
139619465
185871973
168367602
182783153
132327862
161027194
195217858
162164059
98071020
67182852
175107029
130121514
204082202
34668678
205507523
49301825
262787451
100750802
204916799
72050014
21974482
82383156
48427576
84416331
147896804
111548979
114255462
111551883
111548940
205604027
112193803
106220375
97825604
134887000
73825149
174235705
139611821
214759534
154175049
170275429
141041208
214760094
105327110
207035395
170876622
121441463
218750576
147837769
178070383
96037664
40885424
55606319
99850311
191428297
11447496
166079306
28310941
48873741
260215156
181255032
204372302
147837218
49353678
75589711
135528013
105327417
167655126
147444191
168355388
74736949
135532686
139623279
178069791
137392328
174234863
170569106
135521319
147837718
118126758
150209427
168828850
5863783
37709140
21609191
67281769
253059520
253090642
195352660
82877154
72561590
218750681
114295160
150207991
212556154
147445586
25309458
59497558
192134459
249027034
147444205
42739607
140463265
68351468
13607346
105326900
196725816
194326550
33402244
137668547
14436218
14435993
7595772
44008492
42594878
173943983
252574177
80885797
17943235
177998566
179146934
144629428
197170474
159653517
214920565
184761656
177137642
159523212
118690290
139612954
173465754
193243074
125725421
113065436
126210190
107904905
213890304
144039585
173891107
139623117
139620456
139623718
139611627
124070679
139613719
135523351
210949218
14959922
162428191
181688092
135536647
114972997
175957025
181419056
10571674
91029984
175786114
137666729
82642944
21459551
169706438
197974792
178309192
144629277
131552679
181789396
213890195
115770805
115595807
134818009
184114578
196184362
201628974
130622321
207212303
113409822
118692376
140463525
121482754
14480046
176751923
77700750
196184276
136007128
181402157
169714487
144096708
137407784
151521204
196184595
162514231
115651367
173448254
139621082
139624022
135523454
178069765
170275396
73658076
141328269
105952220
141843482
213889675
135523579
188599244
95049783
200940265
105951287
106304791
130625619
141281131
139624910
126701453
74761990
139614146
139613042
39852531
173448380
178070255
179539076
248302968
196184730
202223535
135299247
247841575
169709491
241906626
178780449
108428723
114381173
137387179
154094398
140176854
53570242
196184343
155887655
112694859
170146502
176906013
179788995
170277322
144629233
195873031
127050298
174253561
127510982
144629291
75418416
144629512
127251258
110202344
114329795
21264406
166031954
255912823
179439146
204000063
167655310
165868504
140463233
215593922
147442597
157498934
143035316
174823316
132326115
139621851
134889190
139616622
184647158
196725880
105951728
139620628
139618525
165236526
162197508
139617189
175786204
128467147
186580967
46599026
52025399
110201972
173388495
198519114
197300941
203469240
177723417
200712117
129705496
138932285
177702956
168350338
105327568
171323294
49289165
121597269
155012355
154889155
144629320
162600039
150207328
171323259
32104722
111147538
141533199
160439682
67280966
184762124
165867625
169713551
179538798
150614268
168357675
125725092
141328388
177272217
139620288
139624509
138118340
134887565
101199190
175986385
150207516
169714182
138114236
141774594
141773621
135520477
186876437
211927095
179739313
72657501
174823719
134320587
174129046
125875729
135522897
139619274
72018178
79557139
201628849
96012512
105179193
144096877
111822957
67207341
118126510
121597296
196726399
73623604
196725441
183554786
155166890
116142879
154909317
7618176
49745708
109933645
121039906
210884142
135514406
253387711
178070013
207212006
70088695
151556268
179151870
4983823
225907312
100756391
140174028
188835202
175140928
102093936
251254009
197689995
228494170
155704123
198543821
139613761
141773540
51639637
151816589
139617192
104740176
180001558
96046789
146230507
114442009
137396289
124241069
131306074
17920186
210944280
178006825
42465494
106217222
175787606
24916211
77746820
77702937
262083560
106546805
242720019
103849431
35229590
168357641
154097935
131579395
141591259
138115382
183355790
144629191
111709155
165868403
139617709
142759875
174132674
135536515
135532625
170277262
168371211
140523901
115824593
53980186
122834582
113359960
213889638
52001940
182479286
49247869
5863319
140462950
11840019
83158307
136041328
193701368
102013807
26052272
3706473
121293794
204000146
257773721
138932264
139615636
121229286
175792966
192545863
198510117
100805347
114442365
215592875
135522079
134304155
138113986
162428683
118164487
134668849
135519090
136625580
170277456
162599127
210943523
207038004
247413421
63072868
52610901
82642843
249091958
192665934
181991402
86773292
184874108
105327471
150207578
174426440
168351245
168370213
158648252
118159294
89503554
111147695
184113479
147123059
174025430
168364073
108217660
176304619
112654752
107541289
68722471
139625279
135535208
139613535
139623184
139613785
186876512
187382760
157500021
115142061
130621482
74528026
162599568
201628931
135520525
210949224
94874660
145432421
110201681
166412504
165937771
180305844
114320738
56645415
8018912
108030340
203875718
169708856
252191149
217292518
49129918
11652538
179151604
179155278
49391863
129246956
144629630
171323233
144140479
173421149
119220632
36494693
252632492
67484412
94733048
96776477
161027018
135528222
138118468
210948665
135526780
170956538
139621823
135529277
188553495
123915413
122590444
147837616
192801505
109683199
118153743
173418100
156963460
171866470
167655824
164352951
248383433
127510594
143063504
135537247
50597215
149415237
195744041
253135622
98731015
106304234
13855473
168366161
83159018
74348258
149211258
190085293
191648625
235855478
247722844
219456885
192533359
197139528
56096163
136503118
169710252
253629286
121597264
139617283
107450528
250112300
188553077
238139039
241601110
114441984
139623643
171493567
139612734
139620476
114442156
213889752
139624736
138118293
177136954
167656358
167655347
168370342
74793329
168364957
144629206
136418258
171323201
168364958
171866455
135532796
139618276
53529725
118496321
132326680
135531901
175422287
186994290
58802046
175791486
105370571
210948389
213890106
177247969
19613023
108329347
220880996
99005726
154905038
140898889
99026349
172498495
101807647
73630925
14436071
200721001
182463739
122846648
174223041
170876620
110201509
252137887
187927588
170146875
262504846
96008452
249143500
262486461
225197347
48508475
262787074
48970286
169709177
143419814
44183726
241997657
91162813
137997431
192288645
141328351
168351252
102739885
140465163
173067597
162124631
20824271
105327460
171901574
162973769
216901405
125022499
38276994
106223106
144629521
70128313
252567908
143036590
187788000
115137889
198543671
147448257
161026736
170275799
180305267
143063425
149414672
218750574
174232500
147468693
188552584
147122778
134890050
107961670
138932276
150207280
183344000
170569103
119974490
96037684
105950560
205952794
210944305
204081620
139623511
196331234
168370121
104169868
104174333
49047502
68659354
68292774
38073664
229754409
215536691
247794611
193536479
89764170
149567211
207900470
182147955
163564225
263038460
41622540
179513178
262971489
168366974
168370177
189311533
68233034
80355021
168366474
134667952
196726057
135532889
135535278
162087410
68232440
72801228
105327228
118150664
105326871
179941881
155191273
184646930
118140010
202226031
160404123
241601081
162198743
21362249
214598421
178228031
111711306
113421709
97004698
108243237
185871030
168364945
242618660
58472054
162197560
192105926
163868873
138114278
80968229
117217169
74913077
134888830
135528690
139613031
133427677
129641657
137153431
130619517
132326705
133165756
139619407
210947943
249387546
207952119
22944560
87714690
118690697
248998859
203478140
188380204
139611943
135524351
113047456
78959210
229754055
249566206
7595750
170651297
135532653
5465267
151034420
52248731
73254768
127046579
135520291
121597321
162041484
135531202
241893925
192894272
141650904
185227972
119974377
69167178
217764854
134245630
102509536
207280648
207285816
249852251
125022229
154175403
59498417
115771244
90062514
187845700
175786238
204958702
168358862
101840814
206304550
73253636
91475394
174621295
198945013
101457067
139622695
124259185
38593569
105179201
206304386
92145013
163803666
148701217
198516948
150731926
159523474
184113840
167269335
135531633
180921151
119047765
109319891
212332827
198240389
104172132
242070676
193011679
129820332
139625268
121597857
135528776
144309746
90062028
73200262
189688941
98056974
116882387
118126022
20855177
96128764
129822673
118692577
225962882
201027472
155166568
192383176
130621894
124420645
138118641
113174784
95750808
184116535
99374896
115441791
178314328
138120783
125888547
139618003
69172389
105112578
241819316
175425359
68824114
168354213
51500660
166075391
135527710
182825747
166498923
138117905
135521921
97941492
193398272
193245569
217764916
105327296
127515097
90583918
241788292
86880368
138153709
183494721
125174421
97942730
158671257
135528132
192382410
139615351
208100624
144466076
181689820
115853129
225304051
204081426
125021753
262050499
180866231
149414483
138153782
134559547
139617873
139614622
139616094
100579347
36028277
168371096
144125525
138118918
170881326
138118820
121690376
104712259
130619820
179547249
41892692
170277088
146286880
249849762
252859143
68940588
162531250
145629607
20855172
26083990
175145893
178330016
158662819
184114464
183041369
119050956
193645511
124426194
181417165
55958737
73253349
210944204
14838028
179417620
73347538
169118694
101426628
192710459
204634478
118164622
20279359
135532548
92489025
170275762
170275833
154202359
145061491
186876454
42421266
193056460
50395396
181691369
48515177
203472283
204436325
122240697
182104368
181401936
168351809
168357393
115440166
53981856
49009829
145662950
139616634
175424048
133568348
136007275
164242222
161539084
181266498
163725629
204278674
138118411
59527059
118690716
179549242
121635962
139614077
125020808
135832158
27880905
168355317
76202574
127515112
253127123
187515722
192386654
138118664
130180092
85134810
86530161
63584742
134245673
139622942
182825360
135534214
139618366
78959376
248383295
205605504
101155102
101291272
160534731
125727738
189533665
121597973
150709785
167976448
130622949
139618335
105179266
134885560
178011993
129706239
160990572
168366451
194947447
160990761
91247347
170146320
176906194
115443749
118692103
135536000
122237297
140209140
183481799
135519741
173729549
133860143
135514640
241788138
127046098
204008176
75338572
204378347
162174846
192395893
90726381
179547129
135525168
23231772
134381680
186214398
42700752
191816055
215630526
12124127
144240105
110689139
141259256
75410694
68940517
221822478
134975935
249789596
115769260
176529912
74457796
26052875
95200387
126040299
107540670
121597762
108175335
139730934
188554146
179127670
138117788
52044285
130873365
150385654
167607586
170275631
206408389
73833163
20855222
105934766
149414615
7614351
139621887
139616948
184117978
194588117
208405786
57710004
48515179
101979761
160545090
253656226
67484164
42226726
118161237
184114510
105178667
139612225
139621733
139611924
139619611
191820456
139623137
185228145
198721274
195888117
107541634
127994586
114294658
75132959
48636468
202657916
110201731
39852567
49022456
143010636
195527830
70133963
202179531
249263403
130619258
75651281
121597659
118690435
114352711
116005186
139616063
183355786
130622579
149414848
135520008
161009859
201422999
187116854
90061527
153902992
69172366
98640558
252604531
193244032
178012048
157096919
159482248
143915429
105327507
178232044
179987092
185228112
135526521
208219680
23397338
49391707
96515100
74208263
201033221
248637540
192560779
249269739
99992762
157110905
165030762
107541140
37376827
178236932
161904652
107540630
179982445
105138212
179539220
105924665
108093124
176905834
170276950
139618211
117606042
110283257
133617522
36283666
192710944
195357682
195528822
214592705
180231507
155886839
104637705
171258375
130180257
139615584
135530690
45460841
155163512
135545214
73881515
91247115
139621246
204379057
97079827
139617533
115138933
134381028
120116580
26084041
120519525
106303777
132840363
207947285
90062054
179128564
135519463
138113914
73353726
184114338
171519345
105179659
139614285
139611267
121977513
135537158
138117867
107539886
60039276
106304429
149713438
48515181
209893102
199120753
209403594
79462170
167607673
134025694
171658836
170648982
147484469
171793995
135532620
75632796
13607132
11199846
140524134
182826270
86533872
135520624
74762963
46581481
68620553
170276700
135529786
106656951
135526922
138115720
135532290
184116576
143003833
52254550
14841727
133893685
138115679
54932517
205160041
162259588
246161802
66677340
115650514
192801503
139618246
105658864
13445981
179986935
130620003
135525055
118117576
131419627
173740176
159438230
69107264
139619468
137386293
98178502
135528202
14841770
42366116
150840158
135289351
60063213
263035799
115737918
242764009
48343090
197974693
11517227
207965295
251257406
123948375
109310571
122295977
119221154
191816208
179547188
126040196
14537399
170275980
138901623
135531724
139611468
138116355
89714335
76686887
135525175
105934304
25292541
73881381
13306473
117242695
179128119
130621236
130624791
204782571
262089650
174483123
54361606
173944248
179418140
173300394
20238994
136855294
208405768
252858718
196521673
193055701
31513507
148910222
175838877
17972721
129823279
135533019
130619890
135521480
48091262
121597877
230365408
20907534
74776584
90062060
121597556
141243391
184118360
182825663
192454628
92049505
139614316
170497567
139619098
139611633
138118884
130179994
167976401
16645084
119974195
170144862
130624228
139611553
131417623
137454575
20909994
168370559
150938942
169115590
143679260
203842350
9799151
183360062
217782644
80974678
14180173
69099951
132309236
170145783
139621967
138318260
155784356
176906017
114972672
51628500
171536972
88144094
184823634
131922479
184116475
121597467
108173433
139625330
78633971
139617629
138116263
139614912
75725366
106655190
74212507
162736247
182783465
105605594
130784886
74788073
69498764
197973701
252180354
174509213
120789870
191690746
208075568
73253018
83576135
192580327
96501585
121229253
212086709
161311491
130621914
170143297
139611646
132221680
106655378
113174417
118314466
119943358
90062224
90061857
14379990
169116465
126672937
132380092
139619758
135522619
139623670
139622969
114289652
255474432
110201800
175146983
195912255
241915028
127122481
3689291
13410621
12129760
215094229
121287814
125729046
193056581
157067797
157501424
135545219
74279033
179517737
129009507
106474763
135530011
139616728
175144486
5436479
170145651
31590334
135534532
130756573
201822892
121598000
176019934
170143738
130624372
191545326
23115727
114002589
76202500
201477500
124327001
157032387
195507484
41380339
115926808
121253246
129823171
10933470
11184999
150835917
170962602
249012660
168367379
210946815
147208980
135521420
135522236
20855157
115441357
139618748
118156921
127839904
141242791
112783708
170073727
167950403
138318590
167975955
171788852
139613133
138114633
138118197
161008740
155887351
182826592
114290933
106305092
133675201
139043509
105179142
178012404
165758512
169712285
186439298
169103233
139236449
122235199
115140533
155889329
29372988
136016136
170276912
74793982
195799356
262286383
181689964
205739358
216007538
115009782
90062252
248683328
207910656
68824120
218736054
114289016
90061729
129822382
145629647
59498622
137482308
248998126
163872124
150258511
167976327
29645833
252582182
184444146
111824557
139618769
46243178
149414285
132221642
153599282
59500198
135527985
68548996
44018339
59498911
192899709
86534111
110268342
33596860
120597027
94735657
139619619
162084864
182826629
138118307
174603643
40932526
204082014
175425656
50395526
174308077
61274272
127046163
263272410
249730456
197974486
249268694
125383773
193056690
74792298
139614282
139613382
121597515
184114854
151592990
184114237
58988593
168358779
179128069
121597583
179538803
49034125
116775658
104739957
140630290
162534362
199999319
53500591
171825250
184249820
139612210
139616682
134888985
170144049
6641569
59525251
8890375
57702288
200017469
193893550
165987551
94635642
204056402
162973920
135527378
107539440
19913042
163580079
119043797
114292682
101223814
134381207
184115712
184116187
184118417
170276943
105327055
252139117
225919993
184314139
201423074
178329973
189201257
175795328
175090736
169111979
126265221
170275665
196925769
14841822
194595295
106304072
121534458
164596614
86772682
192715175
253309231
73253096
73254229
190118420
252858270
134232321
118691833
32494748
139621039
139619040
139618309
192288574
125888803
139613644
14549177
168371945
191815824
121480033
74237027
28619264
121635654
155187832
167655370
169112593
194865797
141843324
50476416
169116152
229735673
107542280
120582068
182826552
115441315
87739778
118155528
220672176
68715743
139619408
180608888
170146947
134560796
179128191
89715187
51101422
86533843
135533974
135521327
135531300
64693103
130621808
157496522
6639699
79484811
101840545
35364565
177136516
192545823
186215841
167977483
115440185
200557869
121597466
172216292
185227909
192380031
135533163
135534789
20911963
185227918
137383801
192383983
48173398
38103665
93956916
109923184
118163319
164245396
168323144
184114963
146230423
186214572
141840514
202657262
147769551
137153371
198612801
115438844
69101091
114874054
179547244
109836723
139620722
165680557
179539493
124423647
130623853
125285422
135537324
184248969
140202857
92049849
120519722
140879598
83778426
106654553
143036789
20853927
178233048
87125589
90062733
146267369
40056386
90061519
53495045
258610724
175785915
16609059
193692058
241889398
192698580
204281165
251514079
200861569
86773303
252200113
192693719
192714118
193971001
248467467
197974913
197212501
248243969
225919751
69166421
198239835
225258970
16767478
113942211
170649544
103296321
164244972
153584258
113041216
105179149
172570586
121597998
173151660
83531059
179539950
35213175
135532328
138115676
109836767
131921677
184115455
107539569
134381609
106857180
43733178
9154044
152819222
134381991
124238995
92048986
118306492
124239284
73253542
175790320
16888953
11572580
153505880
195769421
179412230
195638626
124326941
26323558
169114053
215990332
11184495
173321768
102446118
192704985
198100520
198698922
3635671
263038704
155237733
192694165
206678869
109921607
107540764
121597318
121597558
184117784
107539947
104843404
118691880
153648057
169515549
148872536
121597890
143643734
108271014
179127730
6638823
140524106
197567179
191816286
130622746
115853539
127250984
32494921
19440575
135532027
63061186
253060327
19293945
167618554
167952191
134381607
10933509
170275659
170276785
135530104
67693642
97448363
104739399
152740781
110689438
206513561
135524912
92061813
139624431
182826057
134580186
182825471
139619519
106656612
170649783
107541158
134381038
195483812
135523240
170147200
13451626
126507985
130623607
12360604
46176623
176059813
193974166
141243259
249165236
106655110
97448510
170491546
154913065
171526006
138273962
167162403
170146058
176019702
139614567
165085373
139625238
41556277
128521088
195915846
135524505
165895845
118311790
119050606
90061808
82384016
214788143
151425520
10813538
195477862
69101247
168351537
208170638
193600695
197971260
121286421
196378471
175793487
75650176
184315254
130404144
109310639
135522203
122393296
138115459
135523654
115439213
135521861
139624077
166649147
167655155
135525332
72667519
141644015
171659397
125782954
199028790
124066080
155368719
92061302
192475887
242433109
127840148
90062169
105249243
135536282
191754028
130623250
140423691
135528286
138904819
170275872
119220725
115142820
119045463
150839477
187488995
10536804
109933683
52072477
109089209
188783368
49091164
253227539
157216725
208173056
11195847
188755446
105099680
249092549
197973703
122240865
121285605
192715727
73200984
161413331
214598787
113786186
242617906
215205830
191816884
249162360
134245481
17411143
26183199
166650084
262209303
124578582
190118621
132703002
262785457
214942125
133167211
125737644
106657384
185870161
131418995
68620319
193056629
179986839
130621147
130621883
135527455
126149603
182826315
74544817
127511362
198025243
121597284
184114747
79672191
72332326
43314282
119221504
191816438
157025288
184116515
115439392
186215932
119220895
178236479
151233598
191816069
141843366
141242781
186816341
112071932
68938039
191005212
140898827
134976906
170276682
171788853
117324993
120519454
154696411
124148645
184115069
105138837
107540335
139621018
130623647
135533259
11196379
149414588
98846846
143951809
185227895
97079741
220669510
126631236
20855151
171493269
139613392
139624678
105924853
139613307
138114033
178314319
135527512
112694723
201809789
107540217
142994327
10531682
175144804
59499474
121597470
209848837
170276493
80968492
149449127
96501359
153255983
138118539
138119155
135534950
130619777
135532151
139618290
135519155
198568352
135536846
143037241
135522930
94635170
102143578
139614913
50699051
119042300
193578670
118312516
114829696
44428854
174486925
6639457
160990292
201678406
182783365
170275922
115769640
68216148
114878870
121748667
50434133
74958957
149068596
198122562
195799069
103121443
101302205
215126220
190118425
105138041
253253205
210425571
198482873
192717522
248466285
205006400
201938435
175812723
192712266
200825875
208615739
263036657
220672373
189676518
190118424
249092043
10206239
9976855
171515918
168704039
129705554
52846600
175431989
178011928
184116005
191816016
249162826
177444308
42221484
118151636
128519838
167655833
131239108
169107021
113281451
68006173
135531877
124413913
139624219
71021505
127936208
179538962
86533596
139613815
135532210
137219200
135522855
130621784
162600334
59498615
107442284
135535707
178601048
103804532
175144673
139618927
111385796
107449807
106221453
127839875
120116600
110688959
95507828
107541101
179538750
247722610
87052290
130996399
121483044
106068905
151816931
151817211
68713368
114832906
166035233
17452932
186214539
69051305
89700078
171493165
173944965
244132204
69027625
58056905
135155284
124238819
127868024
106656565
191506472
242618478
195893795
173944930
194950652
84766202
69028851
178509231
124266120
136839319
155166770
146224323
113617535
106243145
174661381
157636202
148910215
128310416
62675398
174621598
133165716
183029140
85086541
217765397
208781978
139146944
181921957
69030367
148910622
107631983
111621555
141843327
167980710
139618365
97539401
220823589
108508923
90942428
155887978
144379283
89250904
142994260
262819195
207277953
178509063
152816852
165767107
163803716
77200023
151233494
106189972
142994334
67704633
192105929
105137907
169713841
178512243
123955897
104884675
25135599
148808095
140436806
167850852
122650485
155888134
125910802
69032485
151816941
101353575
167750707
122650461
174638438
210458977
147378262
134976375
104843416
73791317
110896774
89698976
170145206
174535662
194087634
95765910
152458428
137551600
107876530
188579401
142994343
205606053
99410257
113172913
205606041
84741107
129313880
175793003
184847425
97900591
173039572
174622128
113617483
121761902
155166661
104843166
67415959
125196636
115441936
67711732
125500197
55791363
107539576
195470731
179499614
205606161
166007995
142994503
140332048
101456514
189368594
86534302
184242543
142995163
112198519
121635972
125911397
125196083
178509156
86534177
127050277
155880331
171096954
66090347
201672925
173328053
247500640
102110345
174622003
178509124
139712734
168368396
101456476
171333108
171566451
53179192
97942447
178509236
174223225
57829635
132380548
90142844
174442883
213889730
92649705
201562024
172588588
123948331
198764482
42746410
72749877
225269360
151817137
68857986
169119382
69032227
84764919
108249866
146591406
91159920
177315220
178511311
142436038
195887466
171096956
114277310
169515046
174028296
86533690
106175325
150181450
108352859
179945183
167853042
141843393
208782010
146252181
69037345
100858133
172535498
101456595
106654214
134977500
175793040
117670002
149147322
73235613
222475303
146224128
149239016
114289425
122183495
155179377
192379204
141242969
125196326
209852190
109113442
150942300
146224191
167852112
113173157
67548400
114708634
69028926
158597082
86533982
202716882
185035507
195893903
103379096
198740893
170147581
88046467
70308350
149098720
167976375
97900684
170277585
104843256
124239479
100579451
89745103
68712858
195799038
130996552
161410470
183056807
155887989
96408140
47161022
130458987
130459488
178512059
177552464
185872378
193243695
179517243
187316215
99518324
9841870
186523033
74005072
199912736
101456792
122300534
186615683
142994419
202657323
106108179
71307469
193579744
91160329
104843344
225380731
178511938
155888083
114290905
149097419
66577278
226029803
192355745
247722875
198352036
169515554
151817352
232248322
92557770
141242968
86533975
100584457
135521702
154696118
74245804
141243243
97941448
174622223
124067085
142995173
105249227
155887924
195241804
208782801
91171432
130996218
86534057
106655253
47166926
199952810
247723117
170147074
91159717
162777120
181112088
185869996
170145874
125911570
113041231
104843306
118156208
142994727
96846911
56920667
139701767
35150218
157827207
69030621
208781448
69031796
50362114
125888836
147378015
67484151
84765691
125910324
142994276
25079073
152520878
72610187
114579014
109545472
177552560
173308518
185011447
140436759
84766279
69032015
244332167
199899733
145790608
128803891
205080624
141328475
214167188
107540893
177552417
141242946
184815519
175433153
106655638
158380467
148910639
106183241
147378108
152805400
119904181
142994959
113617402
69031817
118692096
125912847
206366271
96407979
124259205
178511982
125189164
168883233
206335266
69027417
73997329
14421889
105179074
150940639
248133542
107876183
181271007
205605690
178509289
139701836
197401133
168271232
167975684
169515003
195241790
171020871
180308550
118140351
178511705
179945448
95038235
104843215
106655815
178509083
208781236
197973592
97899899
170143857
125582070
124238923
175787949
192108167
189750154
171096993
68749492
106007098
187659507
95247673
179547215
23383622
189369144
142994549
69353483
248553259
113617285
187316282
105179129
150942263
178512047
169515517
118083304
106351606
169515323
20907379
144082503
87052228
199899029
153648101
146224171
57732071
141243031
169304873
114381462
178511943
118161296
175790750
192537512
106654588
177552487
105211599
162124419
71509589
118160184
125911042
167270149
141843823
89699195
147838129
104843209
248173422
203404416
49011005
179501073
189140645
66928652
161410890
195866495
176759695
202063898
192358212
192355579
188585848
125285712
167855509
173138115
205604341
205606093
109113493
59513503
191126925
192230143
187383118
154095462
142994969
127936227
213894911
170144605
152189166
181927574
152874470
26691814
102124933
85398040
207040729
112781666
244332280
145290121
178509164
183057014
191690744
202063935
101456730
109484819
115552964
125195468
130996711
209863262
124862666
194087298
133883669
189749478
171493171
42686991
69028567
162030548
104843219
57386430
129768719
151817367
111040788
192960486
136627491
205605769
114279991
68233627
155192774
147343555
186214553
106208689
116776533
104740316
113444203
125039736
124863203
163831291
183056741
176058988
51112715
36495199
192355575
101456899
201390606
247722603
204611514
174443039
125383665
105138950
106657517
124772197
186617311
96408154
151817606
177552389
230201870
99992761
153255733
148808088
181111705
98875342
108270982
209857250
186215818
161008956
102039193
169515374
184629054
104884723
214959691
170145007
171492657
170145539
105248978
160221529
158473547
135597510
67548404
220812196
69030870
192544598
178509194
71424805
104740054
118141027
119362890
153934413
180908906
151034497
69032360
50691251
134498221
53183966
157825422
142315410
180866265
197626875
197218205
115891209
101456807
176506310
208446753
190524949
105248118
135155289
173711669
154219176
101353557
59511872
135529514
130997005
104739958
72753865
185349739
158019487
189368599
113617344
125196213
109138428
97942088
115441483
183031754
92440755
195241048
114293210
152457903
142994281
146720305
169713323
184631109
141041619
141243453
194324979
127936111
74974337
207354965
170146170
208781589
155887127
133166418
106188280
113617493
136626151
124772833
114277296
169117079
194330068
124259125
167117510
91162167
108352031
201878537
168042552
100234917
115773828
111653019
76822910
68441661
151035134
73253607
185465524
160989985
192801480
248467643
191800954
113617240
174442672
155368403
179945577
193579536
138342485
67901186
176896809
105138147
140422562
115139205
114381264
129247016
59158356
159653596
104739820
130996924
201423069
180915197
91162193
125926160
191821440
124065553
89700382
205606099
201672964
104884666
106657356
174442513
155193190
184815843
185942722
177687836
176747119
118151758
180906772
105248741
114292803
205966421
133166238
162087545
144097020
105138583
209847307
130996849
12414059
169514894
134025714
169514733
173945010
214856759
146252205
69029350
93201433
114291036
73253216
101353866
142652016
175655481
192355863
200677650
101456566
46781047
86377026
69029211
129705430
174650990
98584935
97717840
170127900
195455326
113617250
160221527
216955352
188408335
118164413
179547422
89699909
106812514
184113322
146720519
152188936
106655696
141040808
125285532
194087804
158596203
114277262
12124084
209854699
90194178
93074079
193580043
155179930
124067021
53228329
105602072
214106893
170147160
206169377
72893573
145629599
49729156
91165085
174128134
151816548
145790587
146224265
170347300
165145935
160221531
105179343
139701828
106083309
192801790
115441098
135155345
178509262
208780786
98846922
121480100
144589271
130996478
113041227
206335296
176063743
104740218
170147547
72606662
125747961
72610032
171493334
130996433
170144769
96989467
96845263
104884700
205080613
121482979
173138114
97901410
106808315
178504597
114379774
113174540
133167234
138120703
73309656
187382978
73832386
220713700
219193584
194033485
175791874
169264033
147937824
214702998
195951206
124067035
142994762
113617423
133167505
104185008
123145005
194583311
104884732
178253267
173944985
195893609
115439407
114277949
72620277
124323350
104740576
178543504
90142684
97890124
105626186
195241060
139665248
104740680
111037632
184245997
137502826
125888680
247008204
67548402
123146405
93956552
175786939
93958205
114292700
124259110
115652587
73308194
174622645
114277303
163793600
193106517
112528441
124067146
123948055
106654189
146224305
97901182
106808127
230202438
177554295
167521918
179539335
185871366
119362876
130996660
178511625
114277980
177552373
105178647
155191568
158461065
91162625
121690478
187316251
136820414
125888774
179539451
167851317
67473607
91160419
249165601
167319087
130996868
171493449
100573277
141773441
121480052
121059342
130456536
170143721
170143415
100573225
177552413
123948374
178509284
68724475
124067022
125912592
115139822
96252355
183056695
150312716
80399448
153584365
84765794
28074862
45570908
51445414
62678902
74300983
67511120
102142825
167975771
105138853
114380164
217782455
183912444
187316237
217781357
123781440
104843151
179539187
114353821
184632512
104740250
115441179
181776683
115139808
115140133
154094701
162541634
217176815
192960813
140108880
196494915
124774420
151817206
139617054
151817024
162541082
155495972
145790750
134025689
114277073
113173767
184247417
190337043
89058387
192411683
58898917
198628024
76145619
80401305
193579808
100728321
175791716
118153888
70940503
135384238
108176097
109295294
80046342
208446869
171115036
220684545
221223674
101456917
101456420
89644094
74677687
207039578
174651003
188585774
84686477
204868868
117926100
188907195
138318193
170147032
5436425
84997015
196904834
127964444
125285552
115439262
177552566
125194631
100580321
178509140
195893634
118164794
178509175
104843279
192108170
50262409
194088143
183030910
195241094
104843228
114832764
125911711
147868391
112783658
178509119
118154117
178509131
121760253
170653110
97901600
190522893
51399743
195886877
147995653
176105496
126271546
73252887
104884676
106654804
160221515
120857589
179987386
181927724
194833528
69031626
73622976
182485772
144082020
94149828
82379964
195800470
108400872
69029843
89703715
58673657
129322783
105138239
180318252
192355768
192355622
195864797
192356761
21146646
177757817
180866672
166007704
248467378
199731922
199900497
116239795
193125812
220684318
161412577
225918951
192801714
101456469
195800380
253395010
101840671
142994778
195241039
124259651
104843176
183352819
97901595
151233544
185948998
176508314
189263547
195886398
104843273
144178974
125283494
46639506
174129219
125189062
24603419
176264063
155194065
177552499
174640924
170653244
186616339
124266031
193580070
100580860
168271555
93074083
193246102
105824578
118083298
155180484
184629147
159653846
201673024
125189166
186370215
168351297
91161291
100580831
114353778
114832839
170144054
104740112
66558427
193579636
93074114
191125331
125195745
146485537
148017494
159653373
193579627
195241832
189677550
173612949
119362824
184847415
103223023
124862470
207217463
97900659
105138842
106087240
86533614
130996813
86534140
44086645
186533623
148018732
104740313
170144466
104739784
198702986
111621204
143353074
148910616
198918601
194110120
104739395
133166837
161451768
195893576
114832760
170501130
132380318
56338065
136820186
107876487
90194735
217782004
137834912
184816019
67477241
104843255
105247859
181789431
69035959
96846183
59339568
142994524
96183136
44877258
108101171
67980754
117045794
99335793
135155219
193125799
192411204
58670044
169861801
168528291
244332108
218750393
134977272
180318324
158107571
181712764
247723028
101456631
101456916
248466742
192356217
187826576
199899894
195992039
122301623
138905181
155190550
124424633
153647749
217781233
147343268
125912897
142994759
112950158
191547882
142994617
191444887
187845681
164596881
122650619
100574677
121690390
178511608
136081522
221223597
188543959
181926651
163563715
196048475
193149383
185520980
248465194
192355625
192355681
139199270
172534904
204784341
189139095
135324900
114279964
91162057
143348755
167852050
155183140
171097050
111824525
105138405
195241127
157991648
186370027
179945097
160221521
104884703
173067535
114292207
136046902
114353779
141041681
114832909
100579382
106997555
104843363
178512238
118141854
124065628
118161729
169714409
191604371
4133065
102573369
195893566
104843155
173944888
134025696
97900083
106225425
104665067
106656271
116775607
101841083
193008157
196291347
152189005
165926851
91160166
135597559
130996684
176247013
166548872
155887815
86533621
170847941
166500840
44814532
130996335
177552448
115438733
119362818
140436757
112528522
104843178
125195945
110806458
130996681
72769929
75382344
92048600
104739398
130996427
170146804
127511460
104740325
86534423
94561909
104740264
114832907
197215171
118692826
169713627
185872052
125605067
114832759
3187751
14843837
191690939
171622224
106654113
175790603
72605803
120519430
177487282
97941442
125194898
94564158
167182458
161904192
194087323
105138576
155180516
125912822
86533830
92066982
155192570
169514813
86534194
106656015
105178949
186617110
72794736
176247145
170144151
128281949
170146442
5436435
127936222
74278985
130996520
108365099
13354954
129705336
106654462
91530510
183031763
12412419
118165091
185872810
96037620
167854514
186615682
95914495
170143526
105248428
170146310
127995113
160399759
138318510
127936140
166499135
106140237
192013832
179504039
72106602
91160332
113617290
114655393
196889765
106654125
125888540
75750877
166546580
106655806
167220947
158493186
75382121
168365026
142995128
104126396
138562935
114277191
72078839
149097568
177552384
133765905
195952993
114279984
99992797
42687053
154094075
132370599
144379359
138342447
187382788
171490262
216951535
206373214
170144985
130996619
114279982
180308718
105935389
149415046
186876714
90143117
186617145
77543806
189369129
201886650
183920266
93957362
197400927
125194507
55674182
173585749
109487501
134976015
108504438
192357606
187660069
199903974
192355527
152805812
189700149
192355582
161410418
192355731
195864800
220688459
187826350
101456415
101456425
14844047
192355730
192355517
244332158
261801000
23111312
69028593
167855581
142986150
186215294
42687465
101353652
160398750
100584394
139712414
153648215
100580871
195241057
97942272
130996333
90193412
104843422
91159594
94792987
106808087
169515442
174661660
155887121
186214232
170144806
105934826
106654423
105179010
167183583
151233601
154097100
141243051
168271695
185092891
125039050
105826564
183040633
180319548
125888583
79768215
162541096
49917747
75750931
22030494
126243288
141242754
170650974
195470730
174442671
146224297
98857581
151816977
105139419
112863242
3187755
100373636
91314325
119362821
175791556
133165408
155368654
155193041
188407879
100579498
176383156
183506164
141042664
225300491
107876546
48622636
186215480
100578143
193056556
152391603
73643544
207281794
154201485
183056714
73788941
105247772
171489757
174651123
152188923
105193473
169515431
115443748
105180758
187383128
130996887
219144821
187382993
86533574
104740125
109938175
73254137
186633041
156642090
105248114
104843202
98907742
193241942
67474766
87499565
192801484
155179922
155191420
174030542
195886711
174442587
181112846
194454920
165807462
141041720
114796221
103498616
189368607
125197161
198537714
105178750
179539122
186617343
142994258
114802294
148018249
142994459
194087441
106655316
194087361
119362846
159244322
125196594
194087353
158007662
104637788
80638612
248888748
174132287
147379050
167851321
121480233
94381311
165758948
96747737
106655867
206165881
74974400
118164368
159653211
126219170
106104896
152189074
194087805
152819445
181271021
57828050
133165686
117670122
197172767
130996183
210400768
138318394
103750069
130773496
248696430
242434192
167854856
180922431
146253180
177680338
170497554
186616304
118164067
141243381
181908756
137153567
127936172
170145045
166649647
184629126
169119486
194327383
159241818
193243819
171806138
97901910
15307010
163553501
92557347
89699918
193579902
176304602
76310203
203869779
122484096
69029897
53459890
171899202
208781280
197788491
207040601
201240307
199646211
20489554
191281791
192357496
198350942
220683253
199899580
94117071
176759627
180318389
178572862
192355611
153255440
97901452
205605836
124771128
106654884
203404433
155166743
96750393
104884699
136626401
141243154
177588292
136627118
104843364
195241826
114279974
165926939
207639653
124863355
192801822
106235566
169713951
184247496
214661056
125888667
125280341
181780099
105925822
118150547
167656660
104846883
173580646
91163740
192128403
104671785
139730711
168118810
153789682
114290906
111704429
130459089
98294233
126039727
195864714
161904770
118150739
24800232
124065413
248498436
197742646
185333930
117668913
115813513
155181476
131180077
176104122
108331243
115140110
118166109
118165459
180316366
192642842
156672877
109922539
132380819
145029242
123145009
194070187
173582381
67354016
21152991
192355524
263414097
125779804
154695975
79545652
253580279
118160218
114136148
99684678
108270830
130996873
105925500
186215446
202658065
127964398
144534455
248783139
59526216
144769535
93958365
160990096
252630967
198351522
147798302
139146848
119032409
142994619
126040679
131419630
188440075
20458789
195800208
95059458
128360810
75438251
145298663
155886955
182462997
137219938
49542128
101840332
108313061
83779032
112210709
126348788
140330303
168370233
21146795
180000619
114277576
128280301
166500725
167156722
155190564
85012040
174483851
168322725
197742450
67222727
195864919
200715637
83779206
153510887
185333185
263414086
154096547
128268189
54914447
127840284
100576684
170145814
133166898
167855521
141843352
89704439
73832848
96408121
164244967
131254848
107005156
204610882
123147708
174482995
101840160
77032162
115738472
116803626
202657238
153584369
40599623
11438520
70895791
124239572
105228676
195864929
198883969
179763754
124259474
93957524
118159230
249164622
192382662
106527026
178012569
177551911
68192525
49255198
155166636
118162966
184226403
177588043
189750140
196905370
100574599
185333767
114294125
176697229
107539525
115142924
173582241
197325186
181983898
202657539
52159657
125888637
176156407
88081905
101840152
189595300
184814978
105248855
106793770
72712631
19698397
187815575
144490831
176264295
97448357
89704307
114292302
174485084
125348903
134299090
170497593
59522792
105109209
128288296
168350357
174224069
195886800
114380046
163806114
123781511
192796355
124259512
15882702
129706173
174531581
161311536
115139584
106312799
121690677
104861689
132326020
165798240
197742753
84820077
101840361
130179920
74257953
114379979
110165803
252859792
165807402
171816353
157636693
101840723
118165731
90061397
96501578
107631638
83781254
166499987
90444897
134384749
101988004
124239425
105248496
174550076
158676375
98267973
185333122
127511194
125911888
196378180
94380768
165124067
117081473
127345117
128278754
199945496
121480185
180604730
153609981
96501232
162404390
144445193
101840199
54583911
109490882
97091069
170144514
181111593
101125512
97082195
118153495
194205905
197742573
193702351
97082270
192802747
181713974
165256270
168351713
160990755
177609217
114277855
123147104
67554850
195799830
105248434
126339542
101907495
118142455
177981818
131419521
121690646
134381644
261839673
164245031
67862746
67862410
119415539
189373807
201357505
165807522
107539500
93956024
154094781
195962638
118140359
122650425
189368606
247666759
97360328
200931156
2366945
31641184
19466929
114290421
122960930
146708340
118160305
155704010
121480030
72798530
195797892
161311525
170144127
167478863
186745256
113256595
134977383
187826537
251788250
123145018
89704669
2366957
90325047
75437977
205605066
169775372
176104644
105925794
117324832
175791487
104380089
164057863
92050793
187316196
174272547
191056883
155887048
118165029
170143325
174450253
104843168
186745973
136624912
54455894
148067057
249819146
155887794
120421207
108271524
201244865
116004083
196905210
64334249
185333529
76150760
195798078
108926619
144452668
134887597
134232178
5863733
172537892
114380956
173581397
2366967
105111843
171794486
102500831
127343185
131524102
118152226
105179087
141042420
134381928
153934425
155193028
169859791
135284710
59497684
115143638
163806140
102500549
98118020
86324225
186737663
113065268
124239226
114380995
104922762
198461300
195799819
168363566
184075572
127964433
73257534
115142219
165184197
170263288
168323883
108035848
155180381
198612820
174224072
200557891
90325027
131254299
118163351
151817559
168323776
168351770
99030457
105178723
102501007
107449840
168322587
150144584
168357908
96748718
97362366
177587863
107539542
191822059
155192398
155703846
168362932
96751321
168366776
155183186
115874045
184629672
129706140
125830823
174531105
85377832
107876496
106526574
167646607
195541731
195915665
179399543
194567376
128281926
177515524
59523149
128282500
114379565
175415014
202657888
170275536
96846534
120519671
180231515
185006960
114380971
189944994
128280344
78969803
96502429
183056946
185919172
117669094
157635559
105248688
166650304
185333702
134025780
118160187
122650457
121400803
177706991
96501695
198918914
217781558
155180646
95248500
147868704
176105600
115142053
191739503
189676820
144237082
198977601
135283078
54455882
202657249
126346151
168354081
168370540
152892655
113058174
115141366
147868553
115137832
105895975
178057400
84765122
114291674
118154039
128282120
93958736
89706163
168528627
184607427
197743172
195864787
198883774
183545058
168271152
155190876
97889978
170145335
154201550
217781501
178769978
169515136
155193181
195283515
104843214
170145452
144345515
7641439
113174438
122183580
113144441
116777225
121480082
167483171
114289605
128521374
185333414
152189122
90062012
186285081
168364548
104739953
168354234
144237899
168354227
185333352
180323549
98655825
147868187
166071542
195797817
180306094
73399870
54803813
183078820
146288645
195864765
134976499
197974184
195865620
217525282
167475746
168322966
105248749
133167176
169117453
117668983
114292342
116995522
249027532
175432352
115144418
134976284
204610871
121480145
87379892
185333411
101353602
145509557
174603839
177483354
105248833
162126632
195542199
142367248
173581265
179500314
101841002
183056731
13151150
197743192
117081983
243244624
171857637
167236083
216472960
179149248
75558245
179150982
205977469
199650800
195864893
198210471
263414153
201237729
189267413
105138956
184814983
168364503
168363224
120856485
154204980
105249143
79878656
118150392
155183337
192686080
104087198
144045953
158459607
178509130
96040728
134976218
105793514
134303682
184220400
217782367
155166527
97448339
159482246
141583956
104709199
118157286
176265682
93958196
128361077
170143334
91247142
98875273
111865912
138121159
101841020
178113324
193056747
193054718
93961979
214078131
184075745
195886780
185870974
124259433
99992773
155191109
187860360
107542164
176106255
124266301
131303092
173417628
126507891
191986777
118161578
168371389
121479891
169115262
114291259
184226410
171936160
105247753
96500373
170143781
189368632
181927975
84996951
145297857
158476259
133167026
135461339
114380392
170277401
161208094
105249473
158404487
114379142
195470729
130459011
161844434
108101028
108101190
95053900
247900719
118208885
114294003
97448443
105248187
84894080
128278334
128279538
101456663
193009290
189595326
188453194
195864698
205978455
180967263
122650469
179517689
110284448
121400963
176080661
207211682
126678750
153789754
127345360
124259625
195797959
102501282
180324392
207282440
202658896
139730894
191416191
168366842
115737750
96751473
91160216
192537739
167509364
92649123
174128997
163806178
113174579
173581607
124239104
197623403
134977326
178078256
142755880
67484305
152892550
79960327
205287410
161451626
118183050
191415121
145176967
168073879
202781763
101840612
192379215
147769475
127012933
118162392
217782502
133166724
111621525
97941885
134730691
158668548
141328540
192700605
146714065
157158864
131921481
90194305
134232187
126507878
130013053
127964412
126678250
114381207
98584952
108101207
109921514
149466083
176905802
167475199
157595452
167475882
115552975
179499765
52886293
163831266
54852340
142850337
115739880
185333242
84823875
158459525
134977442
166114101
157096843
74429151
129651507
199267739
54907795
134294382
222570894
195864772
187825563
192355494
174382856
161409997
195865461
195864838
73322036
195799014
174621694
195572163
102910305
170498079
105248374
137153831
134977531
140515412
167478412
195703002
118151715
118160499
146160520
186214946
141844043
127964403
78969755
176906026
96501100
127510496
96408186
183056707
162573838
114381710
183554771
114382383
96846673
207037245
73397180
114381683
174552901
170880731
167855004
105925190
102501266
184573115
185333476
178032888
165236521
184115521
180231492
178227283
97361638
125888794
187063598
183506212
186214892
139730774
186876560
204610894
204610904
199244178
104843172
107990027
140330444
130996168
89705897
209863343
118141492
168367627
134977013
122240529
21152338
152805432
159653621
98846803
170143591
86533784
126508148
111621430
33090314
89705920
106654821
78970497
106810065
170145484
96408107
167811732
115142878
115137767
89705016
127341766
101353558
105532089
96749220
134245636
167852226
175791087
155179482
120519548
91531297
152816348
165922872
119031774
108271500
91161186
173046604
176266997
159654073
155179806
159653379
168322912
7614903
114277131
73276258
101840187
196873526
195283487
122650455
170181786
126240354
127936081
154094542
118157098
151803929
82380089
132296759
105247862
90108976
108271122
170143743
127936166
94569392
157497942
185871566
105178926
105925100
196873484
128270633
140176921
112288948
171571005
93074557
145972055
73254019
93958485
112211650
98629316
135374144
188545464
179547296
199022826
196351104
207040872
253351929
253352010
253352059
189539719
176106730
249162842
197696654
249163868
176266279
177588521
121635891
189138958
206325820
249167845
208911876
167214462
102563562
118117367
154912298
173519626
118163037
129505364
118139447
174549783
144490791
171790811
97901678
9977656
114279994
154695583
97362319
96751853
182462362
125255446
143807926
168354893
89704532
191732441
100927903
124238836
195148754
114017379
160097083
174823490
136155980
136173326
183100169
183056673
222570902
262049036
162245692
121293146
122240513
195866272
21151814
134977113
195865611
197664974
213527904
105228772
114289871
108329605
146230480
170151223
154203023
167223151
139730510
154910164
130012005
96776483
169515031
118161446
89703697
169116190
119362863
116104957
160296366
89705135
67473613
174856011
125285693
144567498
195283475
115139145
33789728
120522069
195800617
176306185
189750173
123147377
186215327
112211287
177556545
119418677
179549654
109625901
119112040
74934000
193056360
105249512
178952695
126048583
179786001
150963605
139624582
170146464
111869092
127936248
193056567
194114396
155191014
101353816
171247667
154097107
168370832
147837228
121479989
152459861
132184360
114293999
97448415
189201299
59512918
167812448
176156660
136046893
89704732
187063387
58440656
126339779
193578518
153584263
113207152
174641210
87053026
146713024
126508139
19485180
154097372
106273253
118159164
178228139
174069011
128279378
196081282
168271161
124238982
114294163
138890454
152817723
122183471
187515767
124259387
145790478
192381274
108335270
126236976
106807914
134560860
184761799
97448343
134560744
186229967
105603267
108853485
150373397
139143249
113059327
152805425
175655858
116594854
172536991
191738337
89703772
196323228
83490029
167475194
157063751
112783681
150144582
94380500
105924819
96148381
118141605
119040924
157044069
168371862
170143602
94635385
126052875
74598714
193893579
138318481
115139863
84765340
157124870
124255247
186215093
168371824
174442586
176247071
178597677
154919816
139624277
89703992
167482076
80397288
173581879
177552394
95967196
102815961
139140533
155179376
97885332
174217174
175786626
171572468
96750361
96407934
118155033
101353502
155193035
184334600
125679883
105247767
168323030
189943810
73925923
113173945
96501147
173434374
204646953
73906101
75661432
115737736
197742816
197743338
95249188
96748207
127050248
192913296
200001800
195866375
127868617
171854034
216007912
202492301
198351833
157063486
204932604
195865187
192113622
49255215
91969994
196951871
50391000
105248224
186215916
118142634
153256109
114289378
122650417
139730716
114289989
185333612
195886355
157043996
83387040
138561161
95038718
108926989
178078261
85008856
67474683
202417254
147937780
105924746
191821448
158696974
167479188
108572023
77032322
136723265
180604794
164245456
179399530
199244185
167271526
141583998
131921154
168366695
141596102
97941774
140422130
126676962
127964436
191571074
188951758
154096466
197259591
90326097
97448248
178102626
100578192
168358472
114518797
130468817
167183139
191542753
217781211
179941814
249835117
168357401
186213802
125285759
169114629
168350221
195541391
168358697
184760184
97321989
116105099
153604817
165865647
201048998
177483192
205819469
174215407
191545496
179399546
179763682
180604619
179764021
170144920
168964217
170144490
137153579
170147150
171455197
261005927
190404457
261005680
249238886
179399467
191584963
194326866
177587993
178534190
179986904
247007281
186876811
189943990
196324739
114289680
177487378
208909714
214599882
208308038
208797746
167646521
167655567
248068798
186214053
204712086
193579989
185871808
160853397
196811435
214116169
204610898
192699288
201049420
118160869
181237024
196291151
179399433
249167537
248069003
140330502
134303538
83490755
174215358
191546011
225263812
218736370
201357689
139614092
208419571
154908288
166650962
170497562
101229197
184815008
195798335
205111209
91390617
247413767
168358728
196326083
192382325
186230065
167656908
192014047
218736105
168350543
173328070
167476818
200619530
193906731
106331671
222442194
189374652
144097134
179941902
208909019
202658392
154202406
179763759
184815771
189944693
221226866
221701876
191821925
207358467
259542001
259541334
179399506
190701791
206360220
170497469
195661410
170146940
179399558
179763688
197696211
86533723
180604686
252716901
248067882
248196781
118150780
198917011
214152131
245764685
119032035
216199856
249052518
253352399
253352185
185031764
205527683
195542306
197419347
176991362
184067119
167210341
139730862
192462496
118117117
83017209
201672926
249162439
183030895
249166150
202657110
262820010
205594289
193906681
196831433
222441700
163831230
263303401
262043976
183101231
209858883
262820458
261824577
252764418
253395148
257857565
253394937
248251069
197974165
205978669
187826759
198352150
202063996
199899416
187825347
155235963
187825201
263407548
249028222
248184591
249881894
244302470
179764369
261005735
235896844
248745422
253352051
253352391
200763969
255175696
220678089
252763004
203943999
262749945
262902207
247717109
168358294
168351381
167269186
201931419
202657272
188952011
263338534
199217658
249026719
263413711
263571472
263569868
263589474
208129730
243244631
252002620
248466300
122240502
198352668
198351229
247723060
248465726
198352529
257858109
253394938
249027942
214707252
249227862
255632848
252764489
252764365
195798853
154094420
19485136
205527474
192383046
193012039
193246078
205605265
168367626
167655751
118159518
184248902
178227187
194340910
207215526
168355061
155190628
208912735
118117279
179539453
179763841
242225426
179764046
168364534
216149787
168370788
202658965
188783738
195477885
184815818
193969949
252762865
249833549
170144687
249164756
94565731
179128320
180604664
207040292
196028326
180604581
198613123
179764161
72799823
260930147
261005681
261005920
261005817
235897558
257914939
241889496
262292993
262299806
196911977
72800001
202716921
253352312
253351569
253351513
209856366
155191990
217782277
196873343
132295903
248067698
168366355
168323395
168357835
248069220
183363615
105924864
120519706
180604241
191908069
196873968
249285308
127942459
192364851
168363328
249164809
192686106
168581887
261005859
261005776
261005725
262293044
193056294
259511075
261005909
253352364
188380819
195542433
168353987
209852180
214760456
174217113
176104426
230301552
168354889
193056520
193053349
130405069
181112035
222440959
206497046
170144254
179549578
193577777
198977860
186214820
191544553
127942574
222441998
155191488
184815450
217781248
209849084
111824600
217781492
178227236
196873469
167221585
186229950
194834143
249164175
248783134
170277530
172498013
172497640
208910654
179942753
167665892
202716943
181789277
115139105
175794075
216149925
198129142
192685992
195541331
192899581
202658527
202658213
201049050
170497686
128281622
173884925
261005934
221712176
221712555
262075355
261005939
249163956
253351944
164536183
50391252
198692540
186737626
174027539
214151909
167270768
186214991
197048049
183056755
249165540
168350844
121312346
177712206
189944114
94567609
214927969
179763658
207038122
217782036
178056231
151817446
209847802
154199984
177552443
248234821
167655626
176304693
261005730
259538196
249166564
170145629
180604636
179399485
179399474
200974274
206368678
189201287
180917847
173884904
179399451
128280602
179399503
198692456
192537602
222440297
157025662
176613000
183057116
31951016
173328008
198703293
165029379
197393218
158494389
249027255
163831218
209644583
249026943
175793206
249027379
202658057
249027329
263075463
242462160
248593230
261824271
184766641
198698944
155233150
204009225
193274291
248251092
242446976
187826702
155239431
220682528
251788825
255623215
94566849
134976536
114430173
134389506
145029606
136820280
73570866
200768051
184242873
127352761
145499565
134304478
182297666
109934617
114326523
60848341
36079551
193056347
137667037
168351311
196377048
75632023
95205136
134304273
129499270
112990585
59464773
114318427
155789851
108174006
131524633
109415061
172546477
130029612
169515050
196369948
105533421
114316686
136938987
75440005
154901175
134826056
126010201
72973321
127352194
160169481
79863020
83778018
191821084
109923295
195470676
178577510
147881643
206425749
72217519
71754420
131023925
146924457
167620004
127339112
170144891
102687032
72464427
124891589
130873874
84750029
199932581
112141252
73499823
8533806
72902870
32323159
109843499
117901490
81121996
158658285
54130964
130104581
194498317
196350149
198254977
192381003
199547461
201422960
101860443
113426857
125790439
112251473
102743436
71919701
163032094
191604366
114055888
158652463
170144188
11894062
166402126
146515173
158647446
37883455
187861576
109816955
141273393
157026755
76682497
195470714
120352094
183343984
109359122
173837200
140125512
71206185
89477931
174129192
146482932
168817501
121027155
196349954
196905335
79861493
109843473
155811488
144133183
204388674
208389087
105327495
87217008
122301128
109933030
205820666
25310962
125732073
105673887
72281755
66704691
125858279
101840873
105793536
144130104
74342782
169712320
196350089
137454645
42360274
141282537
113426547
218736033
130104594
137153216
112227686
141100256
192694494
101090044
146366488
95054265
185350495
112651141
154890030
198764486
134976740
160989849
75622037
151618637
57160413
41388045
176292824
126677076
148845189
167613165
203890923
158672261
168366562
98276819
129821496
96846587
133893770
95204897
76099517
91530852
79862105
118831778
167655130
102653769
87729184
26344874
72740555
87737322
141844144
73909087
195798048
205820795
140176360
158648569
113412070
109413189
128259839
173581197
115439905
168808189
92488539
114334174
204252303
68440936
201508709
188050600
115594207
99838531
196350098
169347619
137669555
141279622
113417876
198463724
145030755
154916668
157054940
64263822
120459752
192355815
198197253
73438742
72299531
140177946
141279375
87729011
145029817
118848321
95059535
196375063
200847807
197696323
183056884
206185434
154906456
189161240
205533038
7973495
86533868
104712312
141541505
194022898
110471078
71936091
125710909
125098293
66611327
71979669
86772431
67208019
181929570
154477231
126010093
140879482
73353395
167617500
162177410
131579475
146503016
144133561
189655618
102726397
140823350
192623360
158667970
162126140
132379701
131020016
136120925
127366092
102639268
176416392
178511328
145030583
130104668
182842742
144131722
169515248
179982977
193720094
205955241
125856532
201562052
207852534
213557333
157207107
111422065
207209089
108364902
72040019
174295747
175575038
90065774
196370307
158672803
206240376
201678525
173582535
42336973
114273015
182486387
162428238
94379905
100579324
121597704
141272136
177723283
153505947
105026180
179549637
134977327
167619261
91969971
179982924
71636984
12308490
198308535
26115312
125923407
72728396
147751632
138490937
123873297
71511059
91250162
82895750
71894594
87789345
175996130
146503915
168584990
147362775
137667540
203983469
205533145
102876108
198968280
205239741
68279775
138543163
145499562
114415731
198543198
195283454
113422510
74277376
145499586
68231149
201423025
205820757
90064463
126127149
107451435
125818853
167157233
169348902
104870034
137145154
173815187
204914138
216911678
195972753
155887198
105673805
68229643
192108191
96408123
152374850
169348849
124507034
115594569
201088057
169712459
79722366
178231998
158855480
196369952
156936417
73926780
109923402
181419580
126010576
127193358
196905465
203890931
113256783
71742738
133893067
121534530
37818966
126344345
160991105
20627434
95205153
226053224
86772975
198463359
73339240
70128259
127493425
186352386
207192991
196350132
109817145
197215166
205955256
151824842
145029354
168825792
168351550
168367297
127353041
109410838
201057576
160175303
136939598
110802435
102663552
101866294
168357626
154894156
154890545
179982645
129389942
144130761
165883589
154201034
74556346
121597676
123870685
72137980
196370061
143403379
168823576
95329833
196370082
73494498
134977565
213711314
99379121
121532166
121534387
185348129
97952370
111552520
198494418
131178234
72331718
71063014
126679044
173627548
80692540
109359336
109408421
112645927
144130357
154916121
185646278
137165059
160990185
72137507
201802676
141663169
121597805
37885529
34610789
69003707
41768374
66568902
31218973
48852396
67720777
44899841
34624036
57159698
34623864
113065461
154786713
78282539
185870986
49563339
154888553
196370377
107336065
167210352
134388634
204041572
104709190
119321227
193106466
134668961
134303993
181417757
39027228
71939260
199946026
208389198
114326900
44041781
114320249
73535836
120789801
200960739
137519111
140901391
197596440
199218603
196378297
145030954
162124659
154886735
72736962
167617221
60184240
132379783
154903473
165758722
162481787
192623303
127050217
136820366
195269542
109933421
114429997
91753804
153508285
82303343
140151106
100486838
175789437
72849959
141328322
135283292
34628200
205820753
134304519
196370274
68200238
137408865
174132635
154206995
112650496
141591028
71933668
71626184
119363852
175991308
37826536
117082084
121010169
185310538
86774227
144234385
71919746
162359341
145790594
168322101
121597531
201477475
98644415
71926516
164071819
119210094
193055723
167613157
178931587
196905864
179547069
180391633
152282850
158667064
100491598
144126010
121597979
71920649
205615686
104515725
129220492
94658902
136096351
144140330
158647640
205533125
159251360
198779740
197951901
102680973
135078916
129822516
202613954
192178190
143349034
184791798
101862839
168365427
185349293
158650646
210143333
109583360
198536584
196905012
109922286
97482416
134976506
97980817
125791461
90078888
71919720
199922955
185439557
126676997
155811182
202613945
152336579
195800485
109359420
173812447
154730120
110461172
159486368
130104705
90689526
109921887
137398553
168005968
121597532
102690968
168323297
169712387
138455514
154203406
73222455
142547945
104510848
139212502
73317060
93956716
155809312
20624820
190253867
134389899
93957045
158777334
183057103
210145792
143429568
199565704
111551802
196350067
68217062
142718255
97982147
181908037
139241858
73241396
213702002
111978605
139779384
129500124
71888509
176987993
165897613
98276504
72736262
164781309
132328214
41216819
196897400
160989951
203961872
142265802
76196845
72764044
191148661
196286444
114429730
117083118
82900828
115981829
90071813
109359246
178232014
85372893
82300242
139295275
121597795
41869965
139019469
168366486
109358687
121597700
121597652
144340589
167655771
87217340
158651320
147868035
145029564
87217584
126677549
144133573
113066460
154904389
78282551
190857088
126678992
126679483
79863043
39852313
205812290
69690404
196350147
247466555
129039519
11894037
105168960
118849823
91779739
162197392
196905185
198254947
170145526
196370530
192385646
154784570
140179357
140177240
168370982
144132669
121597653
185349795
158416976
71935025
98640952
144126583
196951704
108401826
139212684
192859959
196905579
145029840
129498711
206422348
205533026
71934624
128866321
178235280
160989885
204041479
49563793
160991444
117210838
181418253
198613467
141663085
195301774
155619472
69058174
124148895
112650083
143990830
199944563
125855697
110471871
155887111
173813751
166229041
205533079
196350023
195263569
109358964
90064599
101273454
202763403
125828515
127365768
122093241
5902689
199930695
72746712
95059013
75409908
200680065
137511249
137519083
112140925
216006616
134977567
127050461
124148930
146485955
81094481
141273832
141281370
165901691
173816033
141534390
98829718
181929758
198542929
202339703
168357532
124149193
157413033
97448430
124771247
104704209
207852492
153409801
205820755
205632290
168242209
124148695
137378953
118847381
196865462
196349922
157058379
137668370
126210044
134585708
68841024
134390024
41199802
96846455
129392635
82895708
155810237
173815374
129818650
141537671
113423301
144129504
171824344
111551543
198255246
117903466
70128528
93959749
145030455
164491545
27578994
94634802
90073602
190582756
198255325
144690800
169712603
206419398
41508160
196905266
198255327
82895786
175794335
141587743
195470712
175794286
95194363
117082995
91250188
91249594
91753831
199708225
66788148
181418144
112645072
198327248
174295985
125172304
201057529
144690889
144692395
87216790
105534117
158670309
173815184
78282569
127351740
196154227
168350937
192385352
155166441
174661466
109816918
165896181
159253236
152819086
205605511
173815047
128124150
176417722
68232157
113064621
143863109
169108373
95059711
167617143
178061975
167157255
118836511
152074808
165896386
141041043
141042110
195886558
171959839
114055828
168354594
184115125
184829318
195708434
30695280
86107566
134387273
162032560
152840050
98830623
141328341
87737308
104703983
172430420
121597680
175992165
124065875
124149037
181419283
181417221
195267439
174487038
160990170
109933784
195454566
125791621
199565888
174295774
34536706
141128878
73773927
142262333
196350134
145029234
168367869
114334050
72688657
114320844
109932483
199553140
130841654
104869308
99080087
82296475
90069520
98276506
199645848
127122574
205239905
88020881
132834006
204251753
205239601
205239832
124554013
198351977
200768601
206633611
139245004
96408269
117900633
173816725
68344570
185872036
187862495
101532704
144134096
109408715
71522638
105532135
73494178
178061739
121597717
173817298
146510321
74862996
133167629
121597881
75439971
144044720
195798197
196350107
71930364
126678932
146510115
146713112
167637103
115441448
176383361
64335433
201880425
142321336
157046005
130767939
79864062
130104625
114430126
178061882
124239109
92491488
109359026
117083119
166412496
84750119
169347831
137668398
169348825
140179322
146515209
76147112
98640279
157140576
196349984
108206980
11894048
205820808
196951225
171096968
194498314
140917705
157025237
129498573
198255141
203404470
121597593
75440012
95330255
158664211
141843502
72040239
110439189
113065735
112645323
175992151
195886459
170143656
208906389
117606011
92490366
181428438
205955212
127351972
83778753
195798319
160990067
133890563
121748552
141133930
206423014
196905122
36459826
34621661
167461356
202763404
86768821
94024072
91753955
117083452
140143672
86771844
109359476
88020738
86771115
91530740
75409917
72736176
75409890
195703817
171809948
86516339
200724599
155790987
65197786
204039423
121597314
145391424
178577800
130767866
141293277
150788649
167543359
86533711
175993002
95059481
80384393
176416489
176405619
134388031
68216259
137669518
137666991
166412612
95330326
148900319
168358104
78282654
165901907
158664321
146483630
196949052
141843862
138237398
140523870
141540592
106073829
112644325
82903935
91530845
43854054
127351770
121597486
196873904
74677333
134975975
154786300
145030261
144124346
121597290
127995276
58131093
155887802
71887999
25106587
157046555
82300976
166412497
108997599
98154458
183056819
118789306
121597867
141276922
151523018
109923121
100493696
192623230
111551122
121597863
121597992
90065887
125173917
185870513
169117962
198544376
194197795
64261220
196202123
114429781
176313082
117081607
152189023
180391294
154916228
80383053
178585032
178585571
114805985
89929794
162973662
118841525
64238572
129019806
129869518
133419510
127352798
185349520
113420284
143827380
168828237
141285884
196951548
87572138
174068986
113418540
109407272
169349022
126127054
111552678
89350236
71148859
71919784
177974854
98641531
121597996
70133727
121597710
158659415
97448239
97359866
170608462
104511506
117902159
138901717
185349929
158493283
145029777
78282692
145030462
182748398
158651750
153471683
189972464
109406276
175991786
67743496
118847895
144287149
195888008
49564304
125831058
121747420
151844255
114325038
126342088
117082761
172438826
176506198
71929248
73321346
137396764
114429995
117082148
105327168
172204694
141289313
129395243
99838575
198565286
146510945
158493453
198255332
151764403
170275441
171956332
159244377
172457558
168954132
168350881
154897280
129395897
124149370
120353561
91971804
131524238
141544905
126344909
193082967
163725898
114313759
114322256
151844679
114320325
201057554
201057575
205955176
257915832
200972128
203187195
262278512
195800476
106083719
117081606
114429761
129268127
205239663
260646237
75401659
137167961
202763463
202763398
125785193
155369247
137519028
71919732
130265678
199972975
199916850
153470267
199901169
71919696
73181908
73994398
72185517
184058903
84648191
142716938
195229224
216006446
154886906
165899438
117082066
117082206
191473977
158662881
167656601
158672981
109817085
121597416
68282862
97482335
90689633
76543685
76293679
87737389
198240520
71935875
198255369
104678101
71937255
136939803
87748187
159486330
158474242
205279032
41333887
187316249
119363721
206244840
125280066
207767635
122344255
134976716
124067036
199543000
181428945
102663500
199548294
94023633
127352833
198957052
198254846
87729459
117082430
198589515
204321273
155888100
196904902
131523740
154886512
175789237
87729303
185349055
120847155
205533050
87729470
203404511
71919767
84471644
72740548
102743603
197214924
125730186
126035461
82895920
97941855
108246361
165888253
154916419
146487363
192031781
117082171
105710551
145030965
118842875
154901164
114429740
117083551
117082754
177995671
71934903
141044415
105248135
185871241
158476598
169515586
165887433
101840399
141044403
112652860
127936126
127366322
114331469
125789299
117081953
197215128
191994662
248943821
205278043
205276983
253380879
195454255
193056361
253223443
197696586
259317982
198240445
201802645
196799236
173817815
168818609
189941343
158664860
191417813
144045987
246967566
94023776
255759299
248234792
191127022
172001514
203983501
259318928
176823848
203455527
208298227
145255397
168354938
193178269
168353943
192383306
249167555
144481989
198543757
196955408
249162156
167656741
73097294
192650880
194328343
173816440
208906302
198543729
192019802
121597679
249165526
165899895
198308469
70537921
195708766
215082988
212603008
220667315
185869922
196905005
196763420
192383050
203397560
205279043
203317357
192380216
179547079
205275383
196291189
185869895
118849194
168809832
173811953
168836854
197696235
242716704
198978144
197213001
179936918
158492800
138455600
173816543
174295183
158678473
161939610
192385853
197595900
197595971
177995452
198978363
259317947
201880057
199547559
193370628
210428470
174296063
178071442
158493949
205710141
171955287
166399726
168363313
206390224
206422719
185349401
262141594
262277683
262141427
188846902
262247505
262142978
262274961
262283418
262282622
262136205
262213337
262141604
262148633
263337088
242483171
262808222
168367352
197259277
165887778
174636479
173811972
165895887
202657384
168367751
168813874
170126884
195301872
165903080
203958901
192383430
145030849
170146294
184113532
137399773
173816017
59519227
196905421
185871349
127351846
183920789
169349059
177996193
195454463
169348062
201678526
205276975
177045560
165906901
168370666
192355170
202596240
41218343
169713027
106812468
167210484
49350617
160585748
163831782
104870622
171824687
169712857
191821003
196873794
191604361
212988998
155887663
192178433
192382634
158494479
34636513
158777370
129495222
168355090
165898263
173812054
112644208
141271834
208127234
137667931
172439062
134976033
116005488
118589898
34628521
83780702
199951244
83778368
181702941
73088881
121747271
121748591
174295810
196350048
113064850
194407413
195798049
74171571
117082701
242483392
72179552
73338619
73500891
208687086
198502076
121010160
184057149
104868994
125388442
91530887
71919713
73357505
139952560
115009631
86321042
198463753
72682602
102753727
200793095
124148919
102667744
121597374
179372109
161027439
97942631
66615228
104708215
155167026
168370496
175992534
69536943
154903657
176293051
165920087
79953437
208906346
117084016
109359443
109359156
81092520
87217043
127352704
168364032
128781981
184334512
125834327
129819970
134885936
114429666
207215088
168239395
45461342
68679774
58127744
55366963
40634559
51885670
206952772
51715328
204667671
167613136
172490210
169713561
53922128
195245782
208785797
201565657
87729090
194809416
174840320
58556635
189542984
151967005
73584475
140212881
144938932
162143759
248727240
209398763
248061444
179153460
66592828
145790470
188553476
158012928
104380400
162142625
182084276
134304136
154783349
109585278
178332449
208644205
247814617
205823523
200947585
50738499
190706499
141242753
91978906
103814552
129396334
78968120
111548929
204319883
200731983
151033752
185180009
179524962
225210940
189174117
114316084
202657796
101933813
179153167
187248040
199101108
191148702
204626804
198530425
190251491
155703379
207697294
104515202
146594998
130996199
160990326
175787827
181358464
46061015
40543501
192355694
125167956
251983113
198940004
200688635
149567278
197386832
195797953
115722996
147837268
186994490
78967368
28145511
258734641
204610216
220667527
191547445
155165743
107063398
76696116
179147571
198536649
75999561
102038696
168775746
165807449
198025828
207042477
114590141
106788179
68694991
193242020
169909684
97901659
172497903
87219335
196904850
59455662
111232103
237027821
196480216
187593586
199112754
200849454
109611305
72038206
114207309
208645869
208493937
14809547
184114029
204665794
155165935
168832908
67729376
87612860
112254009
229952259
200520196
89058354
177994523
199031476
207817488
204667172
103369023
248087672
200619559
179152971
179154734
252764419
72631005
196950026
182297575
147837900
203393273
188553021
69286182
137387723
155368359
143761290
141773480
178602149
154167262
173515117
204662961
135461275
174651050
207492309
42866622
210403044
39070168
208173368
187315048
201243165
252891625
242072946
187255914
149567202
210978105
196025846
179154511
179152366
197973757
197974540
196756712
198939604
126032573
210445448
147443620
165895189
201057568
170347294
204665068
175972337
206360583
118162631
155040481
144140869
204848202
14867606
174217548
159653367
134303808
24742457
170145716
74212144
51987784
111551879
102394809
190460833
193511893
186490121
78967403
179149238
110689169
174893021
181971952
183921295
151817054
209882036
151817145
146231624
194809644
80901534
66670292
23837867
179152297
160105079
184629961
165775413
101118705
194129372
194428695
198932086
179152044
195902180
107541366
134304020
110688513
109135216
166008089
244311492
201629983
141516017
100321358
163896870
191148823
208559294
209886643
175791529
87218080
154886508
122961382
141588773
175787886
198958846
197173687
199098953
193763050
124861809
161960756
201356716
124784273
137387031
263287917
179151256
192706048
253188356
173204512
151817156
201357197
200913586
247651117
183920919
162127361
34198527
110688681
125865982
182315997
104380403
192578071
172157668
207357805
137414522
114293474
177315303
202658707
155165857
189648118
72025357
10601296
189490977
39086576
129332927
252892068
179150684
216007901
251926439
202763294
253189230
167853805
192386563
188553206
147837969
209332150
205047775
14270772
141774545
192070134
186494522
206335641
146595465
145790515
141773118
122961459
170145899
141243131
170497527
141773136
199262649
165688988
197781310
252558375
87130468
199054277
179153733
179146740
196026103
50327200
196337496
176447308
66714607
196904849
201630036
169775758
134304357
155888622
205729989
182305840
176057175
73605849
125096012
201629741
76090569
116826697
98846796
141774576
104380137
146628886
126048276
174893331
197139000
149914551
134304077
176247091
179525199
185439362
248909074
32577284
71680078
207709866
192679236
72769364
198426872
179151926
187826728
185310560
208686584
179148910
171069412
179147608
197974570
111552149
165807387
118693386
191547683
104548009
137393594
160991352
189201235
151817519
164217695
20638088
149414486
192523004
128360650
198957718
165238037
203925853
187826177
91848958
204666479
104380331
141773745
188552931
78968677
128261050
134885613
204668286
129825272
179525259
151817047
167618477
187825780
177705398
137380830
119904345
195455124
107540898
162548918
67930302
108588126
208195177
144245497
118043700
128260445
14838008
103875236
247820735
196055558
134664426
197400403
68820481
195638661
253273230
253259462
205423269
147915140
14258629
127995345
162164094
97847955
86129341
140879829
155888065
168664597
207217211
200915201
172524885
201766721
208184222
154474005
192445513
252876398
191218942
113198926
253175967
229750233
46575947
179150576
127617533
197974155
185310558
53919083
202229622
40420797
175787679
178028744
186994554
204664238
136839291
174893086
126411917
117344485
144082045
155549234
72954040
195148746
253175934
187825778
109134961
161412679
198536632
179148315
119220445
201381671
201356397
201356240
104515116
129833005
144141426
195797830
192129773
204667363
172492912
189656945
158647520
41073883
124414900
197396605
197397417
131299851
157827653
89057465
73166126
184516927
204667578
183056715
80053677
248106848
113186611
149567345
199900239
185310505
200652532
179147836
179149600
209273592
253176828
106083043
201356639
127510884
151817474
122344907
64700720
195456198
124238582
152892614
91053920
161956637
103260281
151233527
131505340
138118379
51887807
147837994
115134663
204645805
136838982
188553300
187851235
194421535
80878909
168324445
46632410
186084742
72866881
163824793
213855801
163896871
173420824
58397316
197172088
160990933
252892533
229704645
195283583
194807297
200687584
248296432
104835262
206651321
167543398
151817225
64727841
191570433
144127711
151817132
71692470
190250966
110023555
188553630
146207959
172493115
172490131
172492372
172492252
207212730
172490390
129820471
205730018
182550762
151817343
157133675
109406384
174551902
167950615
141840213
126048315
170318125
146138989
167972805
147838227
140580379
87227298
14258613
181119009
117202599
103806448
71675461
136839113
202231673
201629171
204646011
127995531
72709854
172157699
139622241
169712599
39309638
41931700
249163020
195887286
122712058
145790789
200723537
108997374
176246972
114292454
197397938
144083529
54119548
200912861
185172764
242432371
188371257
189177154
198958059
127485572
167616271
192801211
163676329
134015220
151712137
14886068
173383391
248464922
206127333
199899513
149567144
171069828
186318812
187825961
203969632
201712346
179152697
204387257
224026734
161409884
75618199
192711834
72688411
81290231
107539407
39308187
184474425
100576592
167950402
141840272
161956805
122296127
157133794
163934967
151816950
173863815
132305201
146593684
125021833
198984123
72556206
191545264
154784716
162125906
192379323
192385503
209319803
188553512
62759086
174612572
198559298
171659697
149396401
14270710
105327190
132327895
146120334
178712201
132329331
168355576
179549476
165807572
178329751
132325383
169714139
105086146
196350208
14034993
178012057
121597309
168823640
195276537
204666684
135461361
205049126
105093343
136838657
141773946
204667145
196866041
182550779
72753518
112254921
201357175
189945108
7973497
163927874
122961566
155808279
108562862
196990766
196901753
197390747
210143741
84875696
32744299
63798615
203964861
182849727
179524867
185068517
179525102
194025335
212048129
72106646
206674296
146512745
208172372
199539003
100924324
201057486
102089091
201062327
205730624
187826130
213869120
199101273
223997263
216008029
188429605
201062486
179146828
179149967
198536887
206873407
253621649
45576049
201071295
165019552
32192662
73909067
204668383
190116471
155166943
130996359
110688578
181563608
171659585
111199299
139616176
171660110
141773109
110688658
98846893
104739795
124414639
111509854
137391188
179547120
157991577
126047602
132323991
104739389
124407895
181915942
194809746
119221575
58556892
158141480
135534788
172950109
147837272
147837939
126149782
184640919
147838096
141773619
183681876
104511065
105126610
130974711
110997908
12135313
108506735
113173299
230126540
131166613
98386916
181113199
185077771
202346790
203965696
190700004
189173863
196353609
196424587
68233656
190699985
191329016
212088223
197400955
174893030
56447944
154175190
157475668
72203945
101301033
179152261
209888081
207900538
179148496
175541591
187825503
179148422
203967502
127868624
127617601
216008063
192710769
161410507
161413074
159102137
161411018
192710784
136126134
113198969
251983170
251772920
203848024
127511779
132319537
174056797
70968836
113418917
113511328
97901844
183354823
176447242
74684386
90659446
198027706
14270744
139183331
174651117
173760594
202490976
121312684
200698709
152005904
177247655
13645398
167636900
74212115
132326544
135536781
147853219
196811595
172490961
104510876
208613641
124239891
130974725
129829037
169712705
159445330
201678727
104380421
66715022
208681233
174650992
157181402
155809991
20225478
167432862
227254575
163915120
136820282
104380249
196156186
193241602
155809561
79891013
186876749
118690618
187382895
179981900
168824684
89644100
137396511
196155614
197392162
157825423
198958695
199254117
32192676
190700111
178335093
41095217
28126623
219133445
219140544
253629265
199078126
188437840
167543383
39931254
134359004
160990735
253426002
72560521
196593928
256302234
251881622
252887269
263413484
208459010
198939854
197974049
197973644
208179746
213867872
216007902
127869016
179146341
197974030
191356374
185310823
179147341
196925648
208065476
161410958
35763815
32577301
146502512
109714377
180610420
125095969
192379706
73204335
115650458
122344524
32577127
50570785
129397650
174442780
187283226
107539595
192384084
101530999
125022201
41095013
195455955
57767809
129821781
146370692
119220807
89705418
174217813
195887130
8877187
72712161
14012845
183354713
165906173
165906023
173039486
126701444
158810889
147768954
73204279
192014445
196905256
127995175
198027722
177136638
155166457
151817285
127995664
147208747
127510966
141774662
190110650
52001619
111824157
141774572
111333443
72567493
196350166
186580216
186071576
190321137
46575725
186318718
185871072
191406131
188553220
195341267
104407000
147838128
176008846
174612006
147838060
177247358
167433103
148910548
145663248
123948479
108271412
173183558
108747658
187826713
198026266
175864891
13730863
194947005
179549320
168349994
168821846
192385459
49623414
167856319
121229274
167636775
72555534
185397205
72567488
157468974
96608084
160749877
175812933
46605525
175790985
189654999
167978038
140753816
37516392
91849035
141243044
179549237
147838211
196350110
167965762
111550977
86129820
103256746
194025411
195799232
46575738
46605545
180991884
105327019
77108770
150715702
176056901
157148055
152741200
160105084
72029427
163573098
171658776
126049401
186313220
74211022
137379066
181682640
175789018
179549508
14270728
134303608
135461267
135534093
72762137
255407055
191402929
162125396
190252022
205519632
190847922
208389098
192383120
167856809
192381354
129593151
249815909
168110351
186134952
167593992
93074129
192381951
197046850
191389781
204669755
183270289
230126382
220667338
230125729
214884229
242478542
173125027
196800938
179547405
108504307
252568021
207212805
212033195
253572361
253232971
252038433
208588415
190445844
198585517
204057227
212087568
262816415
252754672
252136316
263304064
195798721
214732624
262016480
262816632
212042372
249874952
249912043
163665199
262816925
202658619
263351544
202658036
186616089
186615491
208765664
197392223
192733200
262036048
263349497
262816483
208172435
262816673
205083718
253274814
253206403
262790661
208271287
205008942
262708169
249227001
263055148
248342327
217735024
263350024
249027673
263350587
263349313
205083906
263349987
263349730
263350890
263349350
263349937
263349604
216077148
163674580
195798551
163671607
196905329
197397998
186616300
149973461
263048540
212333890
262816757
262816638
262816266
262816053
262816596
262816349
218740529
218740594
263485280
262816218
195798256
205083892
202657577
263350601
263368443
196025832
198536613
252275521
187826387
193268399
185310511
203710793
204050146
185310712
252002730
253272148
251267775
248062279
183354977
183354923
181656835
217464652
178577482
184113279
201355991
201626521
169117334
195713792
206418807
204378388
204645635
178251649
174650939
144096610
174068959
207211683
200920639
103266169
217569225
202658576
260930205
261812403
210441614
104510931
253293779
206641138
247008005
206640796
253233096
262584565
262584918
257846862
204837352
253413327
205730565
230218653
214620455
251021381
104380168
204899857
74209039
110996238
147560821
131505947
163572311
160934988
198978078
131506167
171659346
178252298
186876838
155887256
147498474
181656910
66619567
196996588
179517675
178227384
144220560
171659513
151499499
121637192
151816776
168321172
155795343
138116249
205277242
118164350
14258618
196899309
125021272
150693748
192230328
200698236
117344526
108270757
177247679
113172926
214788129
185171769
190551777
180179264
198579462
39292490
173645758
199121289
173672076
196423923
44804970
191329085
205083559
207215355
204669330
189654988
196905234
201208807
76454141
32577144
111549126
209175220
253227649
248084901
192717317
191366458
179146733
185310797
206988142
171108771
197974146
109134991
179152009
196025853
75558936
208171901
37982916
9859912
141774501
181463070
72709558
167636820
175788386
192383147
68090737
72306922
134303960
124414927
158476208
73540709
152018694
90960412
160989879
160990035
185310885
187232970
46613780
262816705
263413333
262285664
263351330
263351445
263351737
261799280
253274676
253184610
249004829
248465530
212048471
212079223
216120720
247723032
262784851
262785174
168704022
173675448
192380575
199962439
168370247
184760358
197215188
252625482
216080102
212936804
198027455
206335846
198122547
200624110
207192877
174068953
185871253
204667698
169775480
199962425
262295471
260794049
230126281
259318653
253294134
257770279
183354737
189656322
183354688
185280292
147838229
174128917
201356077
206643790
198326942
213707983
198024478
167177954
201625944
193578018
167666180
192379098
205730264
167393929
185872838
204669616
170144031
202788110
206335794
169712646
190703156
201629418
185228063
218736502
201357493
184098911
249384123
222697129
251014184
253242559
204320373
229726935
167655275
196801214
242459939
260918768
253406093
197215087
253396595
253655061
262036091
262799945
197400926
217464923
205084365
205083767
183354903
176700387
249974356
183354676
247008017
185870727
207213571
158866396
179547424
183495999
197696403
176613005
213914382
201208025
206335763
195265639
179549690
204376998
191402486
176447315
176056927
191125470
262601990
196799943
260920976
261861879
207288290
199263423
207357457
207357949
207357789
205084262
205084382
205083819
205084055
225211648
204766269
248342856
186579957
252754675
263349537
263351646
263351690
263350838
207357967
263350398
263366991
202658869
114327599
262566488
252626996
196905345
197399427
204668585
253219569
189652999
242454836
263351671
263349418
253525482
260811526
262142048
262283177
262287018
262134670
262271950
263479793
263350769
261799339
263297413
253355648
252887553
252764482
262785285
262787553
252764412
263410532
210444860
252764431
212053917
212265182
199900637
187825918
180750297
187826869
185310535
187825888
187826145
203957523
203973667
248467788
248464920
263351020
263350217
207214801
263349603
262783535
140149389
68719618
131180117
131179623
56525010
31621584
142838266
44233599
137805683
70719740
131254933
41588409
185466171
173816268
50228266
12120915
114321570
174535698
141539345
125911641
109407653
74847073
154893683
134304084
107472790
190794623
154918643
168829438
198544032
189653104
214834522
14436058
205605818
167683121
37737976
203396554
112647938
113410842
146503001
138562349
83047493
182587802
168828723
127352942
141042167
165906634
125910623
125912350
155166867
109416424
115593785
46241337
75440030
196489886
206658532
179981959
71920793
107473637
118219034
90690004
169347988
134389019
125911726
144132402
175990062
113419826
155368306
186285121
193370409
76566751
148813439
190466940
8067870
146723294
71043897
36175836
126344776
114324322
168090985
108997410
206426083
143767486
141533042
76359080
113422507
127860769
131177828
127352815
15670425
144925172
131416439
114415750
177996494
7360299
104681357
141260870
125790558
72656219
176634944
216193830
141543675
140149187
201863544
171901563
76478280
130013164
100491079
144689647
143579302
143009255
144135691
113415656
134387025
131179409
166233578
75987169
144127170
75987297
141041284
176685072
118590066
109410993
144689462
206364343
207750735
145029385
176420309
109922610
174648881
150701521
168812036
159035660
168812473
175161943
153841106
137667761
76582439
144691759
171510865
199122911
155368600
112949899
113426050
56658784
208070236
162584169
109413596
185712822
114434261
43842296
79663124
114322101
177340425
131416922
98825213
178584633
206406143
74218646
197891914
109933439
262503587
196234559
193419535
203863484
141041078
123367168
125886335
129391415
117083308
84749445
134387629
143766647
157600358
177643016
181114859
100489720
153470671
129394014
160518258
113066331
138503809
208430733
74892299
75954844
201694044
144239010
205181915
37737142
84749364
194199560
141532629
167850877
158764458
206410607
141283357
109409996
109406879
174931161
157713905
131179313
140151470
187511494
173355562
215083388
87982688
123927251
193367276
16872744
117155056
96384793
201307036
112645014
202595864
133892839
38159769
206401476
129310158
213039432
84471774
199218196
15317985
143767161
175718431
144631516
136581709
164987633
160517297
144691046
145029168
144690079
169347379
167618326
206416067
71349663
153471855
167215696
191124707
144692106
112645826
207293106
92167003
114429665
72512842
114317252
116903907
75513738
207777538
52417249
167855795
109418574
107336061
145029089
169714047
140218125
216975346
106590858
144138520
113421873
207294967
154730905
134388108
145030386
106707507
164987381
157414597
107335982
146512829
98154366
170147866
82298615
91754247
201883122
134384827
66708141
70491245
155202380
178572853
204988851
112653009
142362649
154911487
167619327
124774447
143150007
154906773
168505919
91753979
130873753
99838588
162100270
164986958
167618149
130012981
169348949
196068453
14700625
114035703
213488325
208127220
35325643
144238571
100491143
87127475
75382506
161461236
202804116
134387651
71160248
131578110
181112639
155368789
135368653
174648189
112950057
176634942
175991598
167850947
153470727
135578711
164985901
130433915
146984035
196068793
153553420
248276970
141041321
194098431
129397359
109358927
193639230
214794380
168929046
247884218
165041023
163896816
206653256
176634729
74643137
193423695
112646271
129390778
154695443
91160970
158655411
170607903
131179928
75987174
140458206
87218329
176416986
114429856
68607755
111039868
101370428
167616428
144961125
175787167
189336681
141273220
145092433
158671274
173813832
166231238
205847619
155647934
171510826
46601357
153497034
8067975
82379599
84583837
151843841
117083047
155234691
44058596
262523665
5868367
143967530
114429951
92511701
87219653
91181097
170147804
112656244
68615905
127352317
158765235
76239633
167854287
141275343
210439080
72210902
166346637
91404557
118691077
193180846
143766596
213720306
141586565
158114384
144692310
147981244
141541441
90690271
206423675
202422370
162032585
202384746
140865462
16154027
198308720
104512496
109816977
158656838
198308487
75412947
68759328
301787
207459063
206394447
204255897
167617627
175990776
81935344
55513647
191373724
191373757
104912005
84471800
143359387
97553861
198467581
104105474
193419555
131180356
216975772
190316216
173815478
104711367
144126103
166412267
114354168
125285496
176634804
121970685
149153966
128287054
194960564
127352886
189232651
162359541
109359466
183916602
169349031
137220336
163021699
144691774
121059286
23383685
153497068
162359096
146504746
127353069
217466681
175991971
113418127
167618638
109414710
125581843
177754379
84749544
167619841
207773162
55940863
151845373
126343201
126340397
83157262
98156921
83857477
192668277
193334640
178585562
77736330
76359671
206409359
165888247
126127137
201615905
83777809
120630167
165893760
164985568
141544992
165901130
44012700
127050474
154912773
154891905
90065419
140148997
96385184
165905678
168818467
109411935
181114906
144691588
144692890
144962483
131525159
141282644
112646405
140152029
172942939
242634433
75832191
186285082
111039857
134389830
80935515
90065188
175574965
122256998
182997529
198672448
169348646
100490549
104511613
193148753
217444043
141538778
187902471
16918875
167856549
167854098
114055827
82302637
168091229
158657418
96148630
66897847
145557128
79449711
69658726
207839827
114333186
208911315
208912651
196815454
174636383
112648552
139244119
143035482
176684272
141277716
164986743
144138612
113065152
144125933
104106166
84749161
147371810
111376404
86533623
144692001
201884959
127661098
171510867
201306584
168528522
189171934
185465499
207774851
207775300
126345472
158476390
208093824
150738191
31688217
44054926
49654748
80647736
165883853
130029008
176634897
158474624
167851888
150962683
195302476
124065445
178542246
167853804
168832120
165892583
132255466
95059674
137667604
169348595
104705064
144124582
196189841
141040936
173815011
189654466
141543293
167853554
162358471
216976371
11858932
179135539
128269260
164010884
132830772
4043697
157414478
215820026
167853085
186436437
78989347
154905943
76478657
117082765
168830171
167619305
173817141
167853183
143766726
167855782
154900983
126127049
144933360
164987781
126127048
140178255
109419047
146566372
82900703
179982992
100487224
167851236
166412549
162032546
169348261
198768177
131997896
144691608
73262552
150688969
141537751
207831478
55319678
136278638
208910079
114337044
164986055
51462820
195949890
90066726
129574605
151921669
151902769
75664088
56689568
193424965
121597959
144132066
168203157
156188999
68994760
74451232
128282133
144691738
191124746
143766500
82895773
146509963
188845309
176293033
167619005
162359079
168577516
202384323
90194435
145247561
154910968
193367314
157714011
155165773
181112425
173817637
176635030
144691563
196509059
197293224
196086089
197595843
137667145
117605306
162032571
91210697
33519463
140865473
167856451
114429901
173978219
173815293
153471720
165889917
141586378
193366437
109419358
158648871
141272479
141273392
140179622
134388470
242728099
8058375
140150859
67309975
138491828
207335945
174009000
87241905
173817569
84749110
125172289
208123001
208912946
207295183
146502971
157205787
91249452
153471535
192167707
46214778
190123063
183513950
127346756
145977719
67316300
113050413
174842689
135272439
109415883
129398907
173978288
71338646
158655322
165906088
167853396
175786885
158662048
146515251
127485205
137997407
193590035
125913084
87220934
71343750
125516650
118151631
167855446
106525068
151843745
206407533
196096488
166232228
178584874
90689346
186285189
137669434
134390013
137667230
134388213
195454017
193099378
137668245
216976116
164986176
31687416
164986551
191219778
86251772
115439042
175575137
137553852
144693990
144692976
206436041
91160527
188783998
154909879
109413854
168201432
162030289
140176569
165905442
141538581
177623367
154891317
144693925
158116752
167619927
127050654
197723582
158658161
207490223
249240398
109817170
207767883
126345217
126340620
126340542
114322293
208910323
49998401
82298903
213721382
198426920
208216840
103543068
15317887
162359159
177137595
107181807
102064853
125910663
207698715
73981131
207924050
192643886
140922222
207240510
175995526
98555458
50570768
19729676
175995207
188845049
201846136
171916181
177532820
104703434
201616046
167853871
165891909
104950860
162032597
166412587
207493461
71467589
79285317
176310557
138174933
183916791
206391050
167850915
113064301
112645038
140151899
167854613
73139027
162030468
176292504
158672856
141284924
154896888
113412213
156936864
146511791
158675163
112649932
159245619
141587017
123781602
158184470
144690859
144693551
143948957
144690647
162030483
154914736
144127135
194958443
46636519
196154743
46698888
140840942
176417532
117082874
114430062
90688842
194825565
8058340
68881032
138014943
154729122
66707815
104712771
36334995
67536954
71941978
41072227
31688969
191918603
127346902
96147467
136581689
95757643
193583974
143967597
131255430
109407491
127351854
140177608
112654719
76582706
143425440
139683089
167854609
90475828
82895716
113420920
144128178
113409733
141285290
165883148
166229323
109414941
141533354
190153159
80646111
167850909
129222265
106702695
193366382
113416476
128287056
76293454
206442437
201306416
106541513
199123416
208910022
155718494
174295721
98155183
126340533
208908600
117402468
68789243
154889123
66968527
145977827
96148572
242483533
186352198
192462809
95053975
108364701
68881350
48093987
193421335
193425589
152936549
16894028
190826878
129395352
189653408
141041369
126127317
190092290
98154248
168825173
164986251
104704576
79663100
109414719
107659312
145029950
75987462
153471824
174842613
189653157
175993894
175991252
214835394
130891879
139530116
76795912
110688369
176634642
160105053
144692391
145029170
186526860
192380245
170146300
160516413
135840827
128817355
144140218
129397419
172942943
187511500
187511293
186352423
192729240
203402746
183920649
196517942
137669413
207493145
167645323
195873002
202006977
140426851
103308831
181110735
203402924
140175697
201618262
122650448
90689038
96384578
117082710
114429702
109359624
79663117
128278743
167683040
78282666
190794624
151779058
144691073
110799027
127861890
128281237
68376676
109416294
208906258
189232395
113422933
167851325
155808361
192710205
71742758
141042708
71921260
137669151
167853847
193367336
127862088
168822262
112647087
177374222
121597575
144691624
144693281
158417762
173404698
144287173
87563132
171681898
100486755
141544945
165884483
173978378
147443106
140175423
165900260
113424248
146512203
130012983
186436226
132305379
208910153
158764822
115140928
136419340
169685717
81091838
163896832
154901803
140149543
168808246
121735600
127352266
201867429
120641207
173973239
183920523
100489994
177340042
140175346
141542442
162538330
167854758
113289939
145977789
147882782
137232339
118763432
104105673
167616320
194788380
176310537
196516163
207771794
187511279
204847927
193745847
201888550
20551480
129869549
129869476
196189437
121660634
206288682
167854101
193180845
167856705
72656602
202959598
109408472
202595865
170277363
91250094
68892765
134388743
189339657
49629263
180398042
186533041
153471728
173447644
167854217
167854496
107335950
173815152
165894846
164986466
112648424
214934402
168356471
171954917
175992979
113413564
196291455
109407180
121059271
144689726
162030255
166412575
84749750
134389232
194101469
198543116
177996965
28619252
178595219
153076266
138119587
44800367
115444847
176292444
164986982
206458465
117900893
206629478
114335955
206403212
158473856
141843572
206416950
103311277
104885620
68525681
90110334
46247614
192668357
223921024
252098860
198671760
176634956
143156000
206430647
207719777
129869107
16874432
151842588
73928889
167851538
83912895
125910852
141287604
214832679
98824272
141280575
168832823
138318202
112645154
89946395
91407251
120604301
109415512
141843425
112653715
109407275
141271813
46581640
109412980
173973284
154910077
140152260
165901432
131177812
170241729
98830955
167617845
184646968
128276415
78555635
98828140
113418838
140149091
112652894
208908222
143148147
173813770
191426504
143766822
167856111
167854135
152188973
167530177
125912597
43979945
153470639
194405817
83378677
181112324
197824402
137406579
144689824
174132178
151817129
158474250
158473617
165904360
177618441
86129312
180397489
141541241
141532684
151779192
144957412
173814714
113410578
164985257
165902204
168808977
188187698
217131313
45585910
184313368
114429999
146511151
87220827
106308848
109933035
216910531
206429448
215820225
201802822
6010693
43044136
113427039
25899352
95059744
151845186
151844514
206112599
114337822
126348586
114317344
114324717
114325484
158493403
201883956
147004022
68552621
207767794
168851176
206641300
96515413
176635005
114430006
114429889
180044750
16591021
193433604
155238431
76258508
191566289
71919685
235728970
196791418
204914652
190544475
10569449
71917406
145030000
62706955
177644372
180049404
141773601
121597981
216902151
174036660
109921083
69237828
33500890
48872449
14301287
55812156
41262721
140149639
171659274
145029072
72315158
174036764
222207609
38542494
157849385
57156628
31594441
197410966
56271676
134304021
128260190
184761925
82907348
42945439
104105240
230002098
113166974
2424779
147446757
168815946
87613290
76600883
157849404
197397594
24548119
213859923
198199600
15135474
45799804
191739264
145030830
11572589
205500667
180925393
56314115
99538798
119333513
11587587
179547178
174036297
157258958
152690108
137398821
171660158
197142869
146233515
31594550
87612853
116999108
57491938
116999743
183371539
37502383
213740834
136626855
167854885
180051047
113558882
42662358
99146569
13307584
47241122
75364011
141773934
196798796
207228880
135386482
28057477
26208960
217650691
75331382
56271612
200653062
52416652
156725395
22055300
72024141
33405771
12335269
248499444
262050933
263456182
252659275
101644994
170144541
31021999
99145659
201855731
99146286
196873362
163664892
171659195
193577830
196798535
205643427
262813833
263403925
262877194
262246739
262246738
262238124
262235659
218742609
217652163
245329042
218740919
218739777
218740768
218741745
263403014
248499404
263561302
262679245
20600895
29401207
17951336
165865803
145030540
109921599
113558911
103982904
82379942
34670081
253465710
213969291
221508276
229984816
11587633
104666112
99487132
116351578
71988820
142208968
17592942
169817126
113559040
87613008
114295241
137407317
94198166
59060422
118161236
11587244
145029719
111070160
135545210
179945200
145029021
75363999
157849350
102653975
195651029
109932348
28324586
175549731
15736496
23229983
68236408
72055476
49834667
248498972
190862024
174036712
41273171
145029011
113558874
71959916
174132642
71560951
107392781
196873715
132380396
141774226
134850499
113558919
99146571
225970392
137398936
196873709
179982191
157849369
7365691
90576741
247855910
73742275
33502661
218742966
218742495
218741766
35540720
41273209
229701892
169129807
29347481
179944969
110801261
76600959
76600961
68863168
176410467
176401713
74227247
134025794
115441771
145029099
145029018
145029116
87613255
10568809
48277257
141773874
207176894
195992155
218742668
218740708
218739049
218742021
262137747
262986532
217685356
263402957
207037924
242457594
153380106
113558892
191995278
252661574
259541150
260819060
158459411
155165769
189944902
196799279
113558878
262891296
263042533
263195768
263297871
197695258
202786108
262971448
262246650
262235209
262241155
262246709
218742316
218739829
218740171
217650109
218739354
202559307
263456617
190794647
141286323
136624395
196905014
196873649
113559007
174036185
196798430
163673376
145029019
127339167
171659386
242477241
176254485
188990817
262814283
199170513
262861625
262862247
248067353
218742103
218739791
218739050
218742286
262287831
262257073
262706466
263456147
263456513
263403288
196799299
196798575
180919379
32677243
185871681
125280128
252660809
180925326
163670490
196798969
251406862
184760606
173581396
196873434
263300684
263300117
262803454
263099820
262283687
262213330
218742129
262272450
218742149
218739113
218742185
218739446
218740212
218742846
263021839
71670965
128269183
145029275
226271728
145030064
7934492
101084156
17910487
174036243
137399588
113558889
44107740
75963414
217649924
12293119
13773719
10173328
9465124
136927383
103820947
87613544
200652048
168653444
170146115
144136380
196703603
10173318
19365929
19713046
46188144
4278325
118165094
42684472
131171074
104664711
105948711
113166921
99146052
139616621
127338813
134303728
191739547
169817305
106654880
28632412
159445328
182735546
171660178
104171312
218739554
41262422
213860175
53135514
121637428
141242962
59059224
113559120
145030160
141243376
188990839
145030686
178593417
185350117
28055774
44154789
152318121
137399850
136624315
174132230
87614902
196873298
157849336
157782385
105634876
206681520
72143492
36331282
109584188
31593626
246163129
178233182
150713185
42688296
38609788
121307204
213860920
213715505
21972141
167213019
137407085
124772027
141328416
104341321
184114615
23230977
218741813
26749590
17582335
10173340
248499523
202560269
136927502
171492408
170887856
196905501
17455486
41273075
164758200
116995606
155166710
174036060
164775849
163668133
35578392
196799373
193244584
86377385
159438289
164641745
19449279
104926430
129821898
191986688
83532532
145030823
163675384
103296018
76600957
157849340
152163260
79279558
99480022
46654713
99146368
196797743
31938932
68232729
19366013
103821003
113292223
10173348
145029656
157102712
249162458
176491362
204069369
252660960
252564553
174036130
113558908
196799326
170146605
196905164
125285650
113558884
207038712
262689391
193625537
263264891
252892260
262991291
262793276
262275115
262225692
262246903
262230364
262246698
262258566
262275612
218739136
218739253
245329184
229982871
263402478
252661540
252660992
113558873
221234319
192899717
262605240
262803505
197400892
262891277
247884221
263300061
263300537
262274248
218739078
262987179
262242640
262259019
218742815
42891088
35976449
58815537
43769242
43951059
44043834
29186362
134303703
47681027
68994990
68341733
43372581
40871899
67208259
68821024
22939349
20625945
63279982
32998648
68205827
46642612
37524076
207040704
144126457
173580848
135289824
158740960
242756076
108042510
198024534
198327301
132296311
145663093
129213705
23076268
133889318
43181269
133159382
249645053
198481168
134976432
134976722
36013884
205820689
101990600
150713948
157025698
198122625
118154560
173519617
124148927
162598483
147662700
249161512
41222899
181428415
199544863
169714059
137668035
141773501
9732135
167852423
185348299
120232387
141648832
134976353
198498470
121751852
208474862
202461596
83778850
83578348
147442072
126678940
118125327
118125797
167543231
141297812
109359515
143828373
213891398
185872062
202413459
137386807
191821654
155368344
129593198
126679434
124238815
73285489
212352904
194477543
23021924
167613201
188833658
205533135
134480405
157497141
144130199
158653791
134304105
162975642
145627026
150691316
64237003
152892573
74971658
76029302
205820724
133888807
4932791
193012370
205730774
44579670
247414070
212555561
29892642
179152243
115770782
115769225
64257492
198026341
44311544
205955221
198326406
193381493
35577838
43026632
195800041
70079397
116005849
79861055
74541992
169113177
179982334
71207613
145432843
162429821
169713158
133892652
73288053
183056782
152005883
68372598
125789455
125776542
111551045
162127327
198026033
179983141
167620149
124066036
141773692
132320827
143377937
167613077
83579012
157499594
32400501
129141518
213968863
58240379
201057585
117325030
122288748
173816703
191821369
49564038
195798424
198327070
7958748
38104700
196326074
71639714
194444145
202658508
191820926
198027525
150693941
185869852
196200347
209129463
119220586
96846910
58858655
141298599
198023418
136040510
128307185
147167517
182588031
108043329
202413434
205820804
214593501
34458282
7958795
160989830
157496892
43827658
69149151
169108613
74541217
179982016
75985615
152560141
194114541
129820842
128268160
145621058
198326492
118498068
47363249
70933997
44145584
168825040
126035471
124325124
179982406
7958766
198326960
46642713
162197558
174823315
40364850
74540154
7197569
134977131
212475398
5904481
193245930
48758504
152743146
9732151
9840949
42205295
68459200
157025423
14997067
242775236
128259740
162124630
136016622
196350033
123870482
157027065
134976339
23805538
58693757
196951816
171247971
40813339
118126973
144136467
101382955
22901637
73679287
154489900
155789252
179982093
205533086
205820718
144709372
44040449
162125598
114973431
109922339
210440500
44013401
134977275
134976479
160990565
79865832
68357443
43871162
20138501
205533095
201802796
173582412
121637338
208389129
39333256
193243950
212924026
133888744
201057583
195436163
129819871
158658493
124148360
179982345
125348948
157025625
121597945
64259831
142838039
146112933
196905715
107370809
158659911
66602306
186134987
73859765
119220583
73611420
162127458
189162299
118125278
103825156
128268523
198035058
145832198
202657321
209171461
176447041
182486466
122344860
137389446
20620638
122289346
162124600
262262245
138543894
202491054
157027046
121597576
208389155
212426329
96846921
144128087
171659287
253090184
202526361
194114132
183056736
213868642
130470415
7973512
74541154
199693545
197325167
173417192
118141577
74421935
158459465
129818733
146483768
39331143
81312459
70520774
202658110
134357894
90188125
178331603
195255043
134480408
204321638
176288631
162125084
140148698
134975815
196342846
157496749
128259800
162125032
157026945
46581748
195564768
202528072
37511197
68106353
195886401
199705803
76033238
118125855
35302386
201523051
146003267
177247266
147328042
133772057
14994296
59455937
109922533
143420975
185870728
205820690
118125333
199693542
173582959
139212381
205955261
73323108
76032294
76030080
73316320
43868830
202522252
37799434
44038695
147553144
16160623
115009501
37936824
169114949
64336292
126523962
46642649
122092173
144044703
157497084
157025444
68785107
117045819
146482256
146869433
198516130
169775748
40365540
196350139
196950320
7697454
128309810
178030647
49563977
37544659
133892904
202528418
151844615
196350004
125168589
70838447
161411596
208524702
140899906
194814825
64434117
189896714
19551459
205820788
201802823
155368311
169515154
157493868
205955175
149847283
198026896
146223359
208065479
128774392
136040204
66569928
141916959
168821486
189896808
157026014
160990180
139236530
185870179
54732974
161542881
11453590
68231914
54930130
212951831
203514129
64251465
126677828
204321265
134977464
189896753
118141016
173580654
122288307
199543535
7958836
140614054
195456397
38150575
198516487
202529733
156957714
71055856
35939218
262252351
262274886
160989907
43848893
160991258
134976055
144170582
70660049
42205508
60814821
143429624
6522933
58695610
45170479
72943700
64345636
143422796
128781988
147751642
39851820
39371120
49563415
49563915
173012863
198255192
139235824
162164534
130180034
205820813
40938610
152462804
205955206
168817078
196349947
125020676
207852541
198326831
145818178
158424813
182783506
75704014
194785610
32380112
32142480
209392730
71544552
196350119
162163796
70672149
158662815
167980756
185094742
168322751
64357701
145663182
165885293
14996969
137413321
198255222
146370722
45414568
160073026
162125514
156957720
72913426
141540001
189896701
124149445
154176464
242761889
146763299
216084712
68080652
131363539
14994580
126677741
144044919
69107565
118125989
133893404
79861011
74301448
195716003
42759131
204090388
7938857
205730095
32932416
11677271
119220582
69877019
32141820
208442557
144234075
193637056
179154525
58858481
200950817
121597525
126677797
162126422
144044688
49564070
130013148
157497927
201057551
162973717
181112445
108043665
197171621
177315247
114380394
198327154
75401583
71931658
160073043
188553676
165866973
158600951
170143496
205955193
19485273
168322575
198326787
145167607
140148575
146757709
145697711
146370680
145653959
145666540
143915411
167490280
68232186
155166647
197089887
31268382
198327360
242717246
79862452
127936206
160991264
132322706
196349941
144709840
129823379
73860665
161960567
94735223
137414922
132255537
112651605
173581639
192385797
105925015
185870039
121635703
157025102
185872182
178234778
73540756
73540773
242755522
33064309
126523142
178237868
16875471
132329742
162127236
146370738
49564342
162124962
194416655
129222273
167656048
23060939
70210100
181417739
181417909
133774209
37398692
145549141
34635697
196200603
196350112
195446416
133893952
133893412
34394029
33652686
202558578
73498431
146366448
204083667
202558396
197695845
78891369
35730355
179547373
111552368
40752574
208171898
34579537
134236462
44192005
72688118
143818460
199913621
103372447
139242027
204639403
197974904
209401100
58858837
26612794
38952576
84649167
4953581
58270825
42494852
42227096
23923582
58694697
6421627
161412157
200820271
136857241
73289180
139147311
168809514
196350083
129593088
182467998
184113595
112651297
144709804
162973688
132380969
162125537
157027072
145780401
191821944
179982447
162126595
169712314
129833497
162124569
162427457
31876152
6338307
201013049
208389096
134304104
144044950
167613081
129397296
144045444
175789064
118141132
157500224
162125099
9732133
147125126
9732144
154206074
206001213
179547454
160587171
23303454
198025910
73540687
173581900
9732153
83576338
155810791
159486257
23228792
205822405
146801679
146630151
203558528
169105674
108048688
186136566
145203199
74541566
141293122
196865426
64725894
73611446
198254887
198024779
198326730
168110448
141734701
52612512
64254469
22365582
162126238
66941332
154205259
137423299
162976543
192382601
195799642
68358703
43617551
137423585
195749227
59548556
16869679
160991371
36569473
16871082
205820749
195798007
68362205
109921281
129071973
125710526
160991399
97364014
134357844
136012337
68231093
160990101
167656411
43634955
73527651
73527685
168351498
94734699
141297590
195477901
205533033
196349949
114322881
41373261
171492999
155809120
153412238
122344905
81151309
201012764
208615429
136820286
139185204
141843879
187567452
179547195
145029309
198025945
192380259
168807524
68279398
157025364
167611927
39332296
146486934
140150818
157498314
101981892
161027053
121597753
135571730
159849666
109932760
126523121
115139152
173581554
134976085
198509344
133890194
198501535
148600516
114318183
202558340
194845653
125797627
52574463
199569189
198364594
160990670
178237588
206392275
262286312
44842886
72323137
202657597
129981347
159486234
160990011
58815540
5766121
203481077
42670992
34448775
58745625
23026222
4933061
42342017
42660193
125789360
161411573
71540320
197974162
72689663
67573885
6279915
159486388
160991111
194814560
9732146
83576073
72215435
76031158
11479404
72800392
76022908
196955355
143829043
154696852
134977021
124149607
195564726
195456319
198501316
203155551
35309237
72193924
204083720
25103353
133893383
202526562
7730862
52529872
2918853
202558317
84475269
162124666
157494969
262248776
262281729
33000687
38080276
205820654
76686894
74491535
65201175
58816578
42755651
60196600
160990003
203850130
44836691
45416921
73832670
133158639
67263771
29445444
167235819
25444601
58815538
68995338
37992191
144130376
22972644
147664446
11453261
73516012
162164206
70115781
189161246
145780398
125725708
192385624
134975864
190117834
162126040
174893255
147431792
144135971
167644520
141729501
134304153
168835963
151816540
184249690
192382008
139235862
198254968
137389407
7958757
207492270
139843650
198499602
204387735
141843415
157045017
43838016
22967495
141757347
7697437
156963445
23228631
134357981
247008687
189896791
157499690
126677722
160934899
216977350
152559552
120541998
64249096
184760533
131177619
199170208
167543469
38385731
208173511
111549991
213863302
179147568
20676987
29187725
43009074
156286015
217522517
179154234
187826343
121754697
125796925
38326779
161412465
197627308
192844608
125730304
42496477
58729420
28660689
32257277
202558361
195798009
134975848
100492694
179547269
165807536
205820675
160991492
192385329
205533087
203958937
167613075
150815457
167613172
128268563
158679383
173519487
198327351
168826470
146511024
178061751
187863980
157025100
160990076
127193335
150715755
129768561
154205107
149239531
160990819
147664427
127351862
144133373
184117624
41394022
144239565
184116616
96473420
202729257
169117542
49564137
154203504
118496941
205820806
7973532
213833820
198327328
205955191
154915922
208389186
149847262
149397180
198254728
208389134
192381388
162163935
158600942
162125249
205533091
194033491
202657400
190320688
147208713
143943756
74683073
74769645
74541269
198026047
146370726
198327424
168353523
134977342
169515623
196349997
189161295
157205786
36311551
196350104
198027162
143098616
200520287
162127168
72216171
19551641
11480145
37745622
144046381
205533062
14272487
157497597
141774127
158652949
160991128
73893213
185348867
157025896
197325209
176288914
207852493
212950603
59524958
71681584
71666715
83780361
109933762
69014770
49563811
98225394
206817980
198510421
193970650
132841554
7663997
38960559
134976947
75407009
185350018
43869329
262263205
156957780
120672697
58857776
75358744
43842370
137976897
70163590
144046546
50300617
205533140
173581735
141349343
198254743
202407243
74010857
179739531
76596334
77850029
213802032
178238498
145672535
120459725
157025592
179982976
141840856
160989904
184761172
189161839
198901881
168322635
64313363
150947006
126035491
198326874
73476280
170145307
157499400
157025128
146573577
112949917
39851596
154892617
178239991
185348622
155012305
49563635
189896784
168371583
160989979
134303513
124148580
168227495
157494124
126677988
173581650
160990489
173581747
134359289
73329581
72539164
205996955
238140183
163871318
125020661
205533056
123870489
117210858
68084940
39332974
181417366
71733456
195886575
118127020
134761381
116005510
128308258
35180994
199119675
195450065
133893676
199104641
34481894
44180145
43869998
203393112
192850858
43845963
198547677
196234371
143824739
197626563
4775491
67695850
194477806
68779861
121755822
43758623
141217081
84484474
193645283
205730632
196350049
160990255
202658456
96860875
38408148
193637158
203850211
122576781
126959214
161412749
58815542
75618288
6526869
75361593
136853788
83779729
160990588
202758633
116995165
118165621
146486016
159242356
39851516
144269464
175788685
142837539
176447324
143827513
207746705
141533287
193242479
46642628
126035674
143100203
128270794
160991003
64978266
64332520
71935151
198027517
208065536
145696265
147167512
127383754
137382373
194769211
125732678
19551186
16869608
161027703
126677869
204320374
192380007
87219140
134975938
32309090
189896837
80447353
198327296
158418507
141351665
163874545
196955168
79861082
168363694
175791096
203959010
43610423
184761920
73908792
162125180
134887289
204229201
141275771
201057530
160990650
162975544
187382856
123872833
169515227
146374802
205533047
74770988
164793447
145540439
103817797
209611033
192385044
185348665
144045879
205820679
157025224
168363122
136784463
184115381
168810537
68233289
141739455
116827217
22967915
181418775
201057520
189162462
191416673
167977889
121597782
144596812
114294856
173519436
197696320
137397088
154175118
196455852
147146339
157494782
198327459
198026776
175820756
162973593
196350185
162197720
169515242
212358337
130867502
108042581
169103419
198240406
160989883
43628146
14996434
144062581
7739723
73500907
133893525
195443966
133893823
134976028
13444099
73201282
207245105
173581107
33365611
26184492
33365645
143813784
186745366
84478992
141356090
198254748
167650571
198326836
163032109
110971869
14055094
152374878
178234836
173581009
176416749
5465201
189379619
204321703
109406835
185349858
34483572
98640463
86533638
144045056
118125307
144044869
139713028
128781998
185871377
118496751
169714385
179549323
129542903
192385844
79706421
92995085
181111857
196951888
104504706
76795109
169112495
140150150
166477674
149239314
177315287
197089559
110688370
192380955
145780421
198326939
16937976
128661977
198327329
171658872
154203682
31198275
117210822
120573728
44014089
133581512
47146221
68102246
87219957
160991450
93956285
137996953
160990030
128308648
204668399
133889943
133892439
133892797
195444577
196206105
199108608
148629371
201106390
73554517
173582623
205730488
4333909
121747165
130792138
202224508
202224674
203853149
208250965
3548511
44227778
157025209
196873473
134976649
160991572
134977006
118152324
58271635
213867472
203481359
194431102
125392397
204660057
198481848
148840919
73833274
36022492
84649687
136850814
128588372
191977256
58868022
58684459
58814116
45416653
66777977
11338125
159486280
208134668
196950355
152892640
168351854
160073010
34638139
167656820
168367148
108423314
49563554
160934896
143036802
168371418
144138072
192108175
167656300
149239168
143063587
168354289
72818281
196350065
154916293
179547183
198240450
185348132
126679057
72550116
37877632
49563515
109932448
97615402
151233486
128269052
189896752
114653872
183113105
148674449
139712965
125095967
168828509
196350024
40820267
151490140
154889102
44370475
103263021
115138682
168812033
154897561
192380156
179739252
160831108
134556757
144046337
44836508
58731210
20088285
49563756
146484149
118159952
169514794
42971764
194327727
197529235
157497525
155368576
141773520
196873377
162126856
159888186
139712981
162598297
154902431
178234473
134977256
133893520
40752921
143817257
130867376
135562377
248541626
190544224
86066435
89473315
183920178
162538217
108932380
168934155
96846988
171824637
81092673
162538735
113051800
83517216
168928968
94892815
150493358
158417206
175151506
196899522
82502661
3720651
101166330
98690602
96846321
127675918
214731293
174383011
162600534
176416910
109415180
118140991
107101931
195959425
99838529
126896588
96846994
96847070
73490818
177771884
113051207
186638660
104165245
110914591
84159054
114328068
114331628
167357912
127557830
173090215
125658510
104664974
117579728
118143389
162538075
162538241
24531104
134388739
193618721
79874870
143468041
76404890
104160170
249309405
189652454
101280331
101280365
196480319
158417257
173814642
173815470
143149485
167617297
156936109
113052022
126896700
176416192
73495730
125911673
169113582
52372935
98156441
158417754
174217348
72302918
15730079
167854207
186617821
125913307
143148124
89294736
141538398
90689150
91754258
98827137
82299777
86126344
118155098
143150202
71999433
90065304
193187056
125913345
191392922
114473362
126896612
91181198
113063738
146504053
193367661
126347933
82502504
178056545
33246934
153471844
137219545
117582129
158423611
83517180
114652753
114382384
82188982
174217281
57983599
134507377
158596078
158418291
104709054
167645548
176634802
126896666
128866821
168830506
126896777
101278807
93157993
134925444
120470993
162537718
91853283
144244450
167813161
68574055
168816892
154917042
158421772
167358116
71311261
91163001
98077048
67847238
183684505
150965765
103104971
114291154
191127241
171169433
117082290
74171222
178311284
117082228
109408432
86873750
2436851
158417328
162537511
175995795
114329757
87670815
162537287
169817080
201888201
109358457
175790181
126896848
96845385
73494096
71519936
194084671
165938697
175997195
91167281
129396187
118989970
91167810
73495130
137219488
169105686
186435993
141773582
71956582
153496270
98154920
14966778
19630688
126339936
214705125
72740298
141532395
167415134
194198716
253556054
122943589
142322885
29346865
11448905
84152334
139144918
125912200
169102600
183920486
91165347
113471739
126345691
89052560
91753993
119813277
83847989
172576956
70242306
99924425
85350979
158419884
117082909
162537340
158424616
182588030
83616582
3530517
114323031
99868450
96845930
195865136
82499411
180397754
117582327
177995815
187511352
157414458
73495109
158425173
168934156
97095549
168834480
75664276
93144903
184573167
175525675
114334944
102122385
83159030
75398546
15511596
94774575
129396238
169100913
111756460
75363636
96385322
111748467
176701040
85741473
167854598
96846964
168271724
174296584
125910965
201889749
167061667
83518550
96846957
86024853
93323994
175526385
174486534
171510842
46636446
96120728
130973782
114318987
166399898
151843927
194950515
198077220
13895484
90056824
117082859
95204649
109358720
185444856
114056051
90752306
73612405
96324707
128674903
200680091
167852672
205720050
198544303
173815017
113065068
113050964
130459252
176137747
113051234
169817143
118159835
199269134
109359203
6639043
182598293
177771455
153496451
153497260
154730997
191219900
162538578
107336045
175525754
155350829
170151136
194958594
83847881
205710614
158417793
95563512
210947215
171290707
67844152
48557634
205714419
253327634
176634926
158424280
87670597
114471848
104170141
155567785
158419901
91648073
242447298
143151772
84997881
248544028
91530770
190544740
239198107
2433051
2436077
109166200
176634142
178584511
193639448
166458964
87827033
129397157
198542768
84086040
166403671
104514761
201883978
69001001
95059604
52257138
15817053
117579830
177627335
107372996
141582883
191125088
158659771
104004900
84750036
114291713
20677654
82502557
195662760
248675552
82502508
137221255
131239289
91170143
176416552
126678277
91161962
90063531
78555734
141537514
109817247
141588422
19335322
169817629
168819189
180391723
108964787
174217375
167855450
94774393
155350726
158418011
308531
242449333
66064409
89782891
5773845
260932279
101182909
84471364
2408101
91170524
72540858
158423534
52140347
154855442
143157347
97534984
176292920
160585784
191126712
158415928
152163254
113063753
104017065
147981965
180391852
112646228
184777442
100168260
248789538
118143206
114288720
173812330
98156563
146512915
98276104
115095795
167645649
178101040
138602585
139245156
98829371
144243783
180391372
143115322
162537290
126896550
108623826
158679607
168815432
195302077
162537840
162537763
165901005
173815252
94774302
158416957
112949914
95061102
124632068
173447784
94774745
113052892
117579650
144124174
90064957
115142163
11651922
173817640
177200126
95753046
101279649
199731930
126896635
139146668
113051856
167607839
114380185
141272378
242634502
4466911
197595836
95059903
112647838
67912465
36784810
90070163
114327200
114316082
82502525
252948275
170344364
78945538
90689777
167908067
189641794
53298213
112651883
125912309
180391181
113051147
188089065
105533749
71920150
83847863
113051329
133780712
141544772
100168249
100168279
171934723
90689449
117083353
114380460
108928607
144135864
180958054
205712408
171511021
198984171
249239814
93144999
13307699
114334805
193550816
94776512
69913052
118141494
75391803
104105204
190133787
90071284
180391632
104513064
146510611
170745005
158419412
166458515
217131120
118144134
95253537
149450581
125083921
158418003
4463989
165044402
189651119
242634335
94892649
103952404
127675869
53788829
112949890
193366969
180397028
105532271
113050650
118142601
102129892
158417590
135351386
144243692
117081645
90690001
141274252
72746558
113052017
141041264
76240292
105534289
137220294
107760970
180391928
114320722
75576179
189651054
89152051
82502650
242042845
181804414
96847532
75414873
109444009
144753982
167853083
38430646
197547056
2892533
130419455
98156509
217131140
162538648
141586831
167852907
117084040
90063809
90070286
73491796
98832704
118163232
73495695
97878661
114645174
158492631
171083266
53034828
129395820
162538151
143156117
168078320
167854328
108271200
162538542
108069394
109407976
104908647
81094402
109987033
113050814
74541463
176634668
201888496
201879880
69472359
196182886
180397188
185465754
83847647
3712309
82502510
82502712
230207215
20538865
101280379
101358091
221712572
191220095
75765293
171022718
72707844
98156280
262465808
117582077
155795098
180397094
131180354
19436838
162537649
86126118
125913333
113051516
169115932
141562683
109342680
164737842
168820953
158419524
144243576
115982273
168078036
107760659
129394681
134388346
137669983
117581316
86963174
82502540
146287184
99153246
12705222
95019181
101279577
101182930
82502585
82502601
213862589
127674388
83857452
78555801
68196201
117083390
90066014
113051397
87216945
126896541
113053066
174217324
167645349
98156575
75576044
116104918
125912431
167856046
91247435
113420055
125873593
162538467
173815803
167853850
87217294
125910608
117083309
70853641
125782970
185466178
158474890
113052018
168836282
158422803
176304529
87217587
158421486
95330162
118153398
168766906
190117490
154900679
76146641
207477096
144124534
73319734
95544499
52835942
91118279
87226902
114380137
115138571
96846933
96847009
119943057
154888353
105751299
152643556
127352753
112990701
108930942
156206459
104705695
104706870
158667818
113051016
81092985
113053253
91105680
126896956
118496385
118152161
198825011
95037877
100168286
118139433
127936106
205710624
114292149
154900949
175997715
126896701
113411415
168823464
181805795
167852869
112095346
114379861
187511530
85816349
185568267
113051205
114055917
125911152
83941704
113053212
119321210
126896676
80901457
158657576
132327655
113423041
109415557
162538199
109410005
98154197
193322165
104704602
184776287
125912235
156189010
94103640
176265134
96847046
96844833
96846973
74970173
80935758
88798421
79315614
135459671
117581379
154907337
167645639
73462116
125910406
176135766
144245253
118159859
168082203
118159847
6638689
114325359
158422151
181770745
97589199
82502644
252903482
101279008
101280807
93048747
127674027
174217286
91161265
128268321
19335719
117082926
119321021
117082912
117083340
67842581
194769691
22771417
167061541
177755094
91161172
114645025
108069254
118143435
114288889
126896611
72693314
113413053
106792773
117579733
109418086
165899324
136016651
136681754
285045
158783889
114318484
126347587
126345108
69343678
82502656
82502593
82502506
110927681
82502514
82502671
173301589
72729037
101278973
101280698
178056511
195990426
253578428
262659721
117081431
90066638
31851743
84471334
171587846
127676472
197007205
31822046
140789515
2406645
252007007
94421275
169392690
87670679
193366334
136873810
113064083
113052274
91160806
109816959
169656503
118997752
78555622
129395242
173812791
175997222
207853308
119943049
113052408
105532229
113059716
180398306
83517007
82908135
158421808
202959438
117081727
205691097
131289155
112647355
112950031
170608921
130735225
157414791
189656894
102500796
180398133
158420596
73462128
168766894
173815710
88793945
90688933
91753951
24013271
173811917
178775902
152730098
196182874
141282980
94104131
188091307
125911644
167850991
113053382
90066075
113050819
94774932
120508538
113053409
167856437
155370410
176267512
154175551
111193440
96846968
96847064
96846938
73494493
158474484
126896907
125911172
126896985
162537725
91182775
101533874
129391410
206565611
95059623
176292316
141273151
175997388
87216927
195270557
129396614
113051550
168826047
118153473
173813844
109843335
86129934
141040950
173039565
134390882
118165493
124707998
199200585
183916772
176405656
194022870
167409665
115142503
176404365
117081511
109359007
91754276
70442208
129395261
91182912
130459028
158423662
107760714
180397283
109406626
91183854
167618597
107760435
143156144
125911521
144131167
154899561
106857781
94773317
90066172
94774750
114653137
162538191
190605925
97858162
140149188
82502518
83518171
155399954
14966798
182600877
128572119
104514760
96847005
158419336
158418290
91390993
96160067
168928924
258610145
103985045
115893430
262688249
84750132
66086590
146950028
151844808
114327375
113065002
114324611
195454312
120470973
98154139
180391392
84471605
144236495
174217270
175991511
97641392
95205090
155703523
175992322
100486509
139144933
195319605
93209840
114379904
114380681
225912595
96846914
113050911
176313091
194116170
174294078
177995263
199268984
225919783
137398613
99705353
158419424
205711550
108069170
180397593
158416623
168833067
79315087
176293084
205712019
117083545
109934211
195964627
109358574
158106395
89151749
220662545
54860398
75575043
153470728
69343655
98156447
114332872
126342368
108070587
190134142
153495935
158664829
104168038
82502501
82502521
82502719
82502545
114317161
98156867
24764906
101278943
101279004
91250138
192946709
247268780
2435237
244303057
261830187
167767816
163315378
156191277
114313053
198210452
195864892
87241958
87670677
98156136
173812018
108069281
144140187
91754182
206565706
126896576
167856073
167853810
189656828
91184645
125911517
125911893
117582824
126896789
176700076
125911000
113457757
105533922
91160568
183042658
103306497
87019702
158816724
135289931
105893839
168078047
247316349
248671241
197003150
197007230
248543782
139197651
246852587
73612412
87670763
193203103
87670862
81938100
115139971
98828860
95059602
166458557
76239158
76200752
109408329
175471757
162538463
104705097
167856978
125912297
121597808
100492746
134303616
158423166
125912073
175164254
131238892
112654393
166459261
113418337
128287128
115140189
177995527
83518245
157412776
183920336
109359265
90682814
98156564
114321891
113064682
104166801
90689520
185440399
96752857
76239917
72729023
176077992
184777723
118589371
91160818
180398205
126730586
70128315
169817631
167616659
166459429
176265084
104515590
90063984
91249531
176417285
117083736
96847026
112652921
114056101
129394184
196189491
166399491
154918440
162973763
118156548
162538412
184115431
162537406
184114419
158671896
112950102
196189925
86961203
138897393
114325109
120413624
82502563
82502614
72323266
73490861
94104277
162538115
91753902
125911044
80692537
185350482
118143119
117083795
117083996
113051064
158493158
118162794
87225358
118990122
98155517
125780962
91159733
193758121
174294116
193366844
158420219
137385006
83847099
98830478
107101376
141284759
167857001
189652843
129396566
90070637
76240255
174217326
94871676
174842595
162537608
139530104
167854767
105532400
176635071
156188944
104703978
124066021
134387539
107761037
162126092
180396962
104703741
124065853
115139815
90689821
108175172
99884523
157412771
81837013
123789747
76150446
169716089
158420515
201880658
83517577
104512210
87220878
87242487
78555612
117090693
33439896
54726220
69343659
82498994
48161345
79411945
98156861
83803000
126345728
158417751
173814632
82502529
104160377
104170736
158784933
105532538
82502512
199700226
96112752
101182907
101280813
101280316
75439501
195864898
198431154
252942489
106675536
185439343
127676485
186739873
185310780
127675908
87670896
154203418
113050425
174255190
112990587
167852379
167851049
125912009
90065500
113066364
70307143
145255207
150213913
91053508
91250067
178585377
91753538
90065438
98156241
194022279
98156618
153496525
189652083
86127308
141536481
98156857
95038034
174878217
158420599
158422832
10143466
114507892
112691596
105341263
158422103
214655083
162538069
120342345
96847040
96847019
82648585
158658867
79315429
108179043
108070516
113052760
162538759
139530207
167852943
174217279
174842587
212555897
91182782
134304556
118166037
202959426
107761299
126896584
162538108
114293007
144136235
77874918
113053452
158648577
143154968
87216802
167809638
113063988
134389816
118162400
121597623
180402268
91165049
118162498
174232692
143037061
196799591
80946481
167062732
106856367
201879027
87241932
143149103
186157437
97569105
174296625
98828545
106178251
69343682
69343653
69164441
126343628
186616266
196182841
170143296
189651028
189655213
104160528
130769825
82502535
104167740
55285160
91249829
75439703
90071794
74363100
10414835
174912530
166412563
187511419
169014341
118139725
86129663
125910822
173053863
167815208
96846925
199012486
131177598
126896512
117081660
113051785
154917028
160830261
167854815
124894242
114250696
113065310
167854510
198994259
91250214
108647163
193725740
116336856
82502633
101280627
90064329
127674157
115137838
162429439
94773602
167851910
134389983
83517863
84423489
87216821
118161511
154918169
114289267
125911811
158654778
155350755
112019934
128269171
98829769
162538474
112643896
109412210
113052659
117579370
141281812
84085352
143280303
166459346
126896738
112950006
136966374
73495717
110689509
169101815
116345618
114320407
82502608
82502519
101170800
95061104
174217257
91754348
155647986
84244549
113421980
167854331
107761246
125913113
87217412
81382605
86126019
185350019
91171500
94776608
87249997
111377096
111193565
109582009
173416870
123236606
109408158
154906210
174132181
176266836
198308526
162538380
164728245
113457911
180391679
129396258
113411975
35526521
107227640
113426655
197314947
165894082
189654515
191124887
144129217
168969713
193608607
112649705
244169227
134390217
173817568
162976249
50493073
144240307
83780400
176136167
186436003
167809953
176313084
98154941
106182650
127058800
201619752
92488405
68369099
151844965
193858671
142651829
147743684
222295410
67807360
157592506
165889119
16153347
55439843
158660011
118496340
39853057
242717536
155166968
113050586
186529097
7973548
139183830
158673927
132326174
142837569
146515172
146510927
125911410
141539471
109411822
144126791
191124975
168821734
167808575
154918374
146504084
144473675
146512644
137219889
178577615
92381983
158660892
129947669
114353852
168928881
144237800
128308671
114316176
151844504
197966538
34289244
217520058
213866901
179154937
195703758
201390297
200729421
182843611
112651629
171958449
154903242
146510522
154898461
144473663
141287720
147255692
186506080
178585006
154897486
173582668
202047285
199251334
176405376
203455558
154893275
125910410
185465772
150693751
68881102
128117205
148613539
86880952
121696794
6397531
7697522
101279979
193056218
214096511
204317256
176682850
177941283
131524396
200939480
155020945
171957111
125415555
158659817
134387132
113416991
146511457
182709994
171955597
129392383
185712927
127351763
185646264
126210159
162032551
135724654
7973539
154906516
192382358
153611181
89715066
201881722
40732698
92491116
107507810
42565150
67392432
168929059
173580938
142837916
113417752
113419073
158680798
158673212
217445884
167855939
166458723
104713573
158675883
208911489
158664822
146512972
141040675
111978267
175790693
154910629
158651030
174509001
158680977
184518424
165883266
173581886
193178196
155153303
174518760
114292825
151844235
125172191
146513068
121700343
262525262
41887232
201886705
17490343
168077818
167645941
154919472
177994540
189653848
158661929
144135637
144127059
158221546
184333964
168367484
168323246
114291188
104504272
158657907
182842877
158649384
158416656
158661722
194393763
113420012
198326507
144141094
131780227
141594556
129399010
144138165
158652361
191125233
108997407
151845583
151844126
113424700
134356472
118125432
114295081
116341404
151844963
157498179
79707354
176136895
118763448
131254666
113419864
201884606
154914035
171956027
134771555
112990762
118165236
87043877
131302827
112653151
168356189
215084082
158667406
154728390
195210579
120526892
141541262
137668768
169349122
131239171
167855314
134303769
116636178
154912158
38055893
122759728
126339003
77875677
207853337
141539988
144133073
178585099
146504656
150565474
195302646
106181864
114331804
150610907
154892033
92489379
157499054
49953395
31688872
162830232
72025638
158657991
120775766
68496524
173813922
126347467
151844812
115242214
186615420
183915165
146505215
154920101
144141409
136784506
158215221
154915897
158676719
35190183
129587622
115886090
178577927
179175751
154909792
158655593
158658379
120461077
111038115
143747128
200862572
173816096
146510360
7958732
40129422
208909891
165896361
145654085
173580864
33093606
71612781
171938583
158659766
139245466
136581650
141542170
112651938
154786474
157592518
190320768
173581398
208907933
114318270
167616797
204056163
217641434
175167508
108364714
176292564
104705071
154905982
167809041
154905639
131524761
144243681
139185295
103281262
203505826
208913206
171957811
124903573
127661463
185466090
158647487
144139915
182587725
160896383
195708694
167543259
151845804
171777056
180047171
122910909
176417470
196798891
146510372
137666348
242725475
176405294
198498959
184800947
14995615
111381018
176292475
214077185
158663216
158676812
183914799
193367652
173582943
183053751
154914830
126343237
145455014
113065106
200723756
161394124
162539003
135001002
118588922
158647317
165883716
144473720
154784167
193367338
109411578
152839026
163707361
137822714
162975527
154893312
193763878
72131096
131384369
141483669
154730269
186285107
244169954
144237772
183920238
173519704
72139342
178577530
125735411
154915824
146515257
197966541
183920721
129392202
77702040
118589028
154895652
165906321
109411853
144140665
129391758
166458674
73329374
90189453
134380859
132255601
92491507
114324719
114327670
173812607
150270491
1077690
185498575
109150137
39873496
134388121
208912548
94267392
168371819
187511541
169348144
112654746
113065582
215902055
154907023
112648623
158648726
170610518
188587570
141097342
168819554
144125424
136106107
184313251
165906785
109411706
126340158
114321604
176403014
152842276
176310477
242723593
141544431
141541400
113426518
91640597
68541845
89060989
253427245
144238530
77700341
77700957
114430097
141531761
165887455
192729219
169347650
167616194
142838377
183920339
158648028
72798849
171510858
68580379
146513172
193124249
199198329
168351183
176134708
131178104
167616481
171953866
154907395
154917286
185871616
166459075
191126341
15244474
205605414
76263223
126347903
114319551
126935629
157025799
86880945
146511003
206669454
262874937
193858691
154890451
207420833
176405258
76795210
111378500
190252955
141271744
167851638
137219600
154783424
158678503
168825474
147421077
92489449
62878879
128287106
79928363
126338986
151845011
151843917
158424237
114318291
146596142
128824023
78032345
162866693
157592561
179148636
112990698
184301703
195302161
167810315
79707242
174295160
158658091
158651480
77701006
157499692
168370791
113063853
79768494
193920522
196905028
176417168
176417150
184081398
208911109
199708173
198978865
193180774
242735143
169348472
169349102
176405795
162032598
126210068
14145037
186615557
113052823
153647589
154893756
176292639
131304177
146515263
109416508
144134154
144135407
112649562
137403449
117155043
167646023
157482584
129395650
154902197
144139451
154911122
158666580
171959260
198978396
182710040
194131206
189654206
154855003
158666623
171938747
201047126
95444673
146511912
168827517
171958299
157412749
118588461
157182950
78631505
149189101
165888874
158660014
203455649
17042512
118159676
70639734
57455123
152838219
151841788
170610396
212465716
154890801
154898897
158656875
176417732
113051067
145029386
158669586
109412687
158658953
154909016
170149651
167645224
194125549
154886582
143035381
154889421
151842074
171955796
145030352
158673203
144141025
145030286
169101552
154897619
154915085
158676437
154904585
198983232
77849509
166412478
196791345
144473658
195708359
114292324
168357893
14990669
79706691
77702060
103317292
77849363
158648212
158665193
144127366
162358894
190240888
184788602
146504843
13577528
135600484
121667549
106237295
129303490
45174129
92490461
120378453
58802043
68816297
150565344
153491092
208908630
193368045
195708329
185465783
146949063
114316458
205605773
146502945
184114907
86881225
138335632
199562457
151949171
143967729
104375549
155240189
214188141
138357499
129425476
176418102
170610582
173814400
109407178
146505284
145030345
189657028
154889019
144125118
146515430
146515193
154783511
168812300
144134123
91164936
140150231
154893150
100487506
125502071
162976220
203402664
193365898
195453971
193367741
201886898
201885761
68892658
118588586
106237121
103344585
73221035
141590211
149425087
129438064
128117059
94267322
36332630
117498052
183053335
26691960
70671198
150351209
108364834
13576902
75549245
43045087
76204005
76263057
151844582
114313044
159056133
193370444
173814567
173582034
184518370
73390808
7490405
147550450
217650308
128259873
204660944
149627776
133248317
252528824
242618176
204317380
74640222
178475600
162866597
167811825
129529322
165885529
157206071
173814066
113293171
195872613
144135346
125911575
168829184
183920470
141532435
146512069
166459188
79378816
146515183
146502925
158652868
144139350
109410075
195210613
160830729
53402177
140151570
117583344
154899208
182710471
175790562
205846701
146515227
109412949
165906929
174931496
119209926
86533478
43127537
77692977
137666672
176310502
177995548
186352462
199243293
208908417
167851339
115138116
173581990
146504778
141536154
158672320
158662673
170606716
154889477
154886848
154893437
170609324
158664367
174311581
168364383
135496483
184785941
10317325
162973639
118126876
195708168
79696796
198327290
185712704
216912585
183920428
141276436
144128783
108997595
125412807
83519250
176310610
160940968
188584890
208909499
114704897
176292596
150815439
91159818
141107769
133000150
131508579
129566361
114559405
168928877
7940150
113064560
69032246
68816108
36679462
109151197
167646160
49272586
77705505
208908443
50428701
172001555
32855044
126339695
151844541
173813643
121299244
208911228
114704057
143776723
124150639
120904387
160990617
212074199
74571772
74640668
67807427
195703579
212256330
185506124
160941528
185447902
178575306
191420839
75597339
170150641
144245200
14814415
167492264
131238990
196455904
173817082
141286131
165885329
169106555
144128614
141276944
158657874
167683094
144129440
145029264
154908519
165907753
208908154
208911289
79722089
66741598
176310497
137666695
195450568
158664883
165896388
113066342
113064996
154911743
141282368
154892067
154906603
72692641
111381331
185713086
76686807
174648463
190238201
120460736
162537900
210431471
225201292
184244090
83519093
173581610
201888643
176416875
49271717
158417413
8348607
158420128
154892037
144124768
144138959
154911017
173817024
146504787
168815212
171957391
154886690
113427020
117583395
173582450
92489356
176420236
182842848
176405678
177995279
144237786
176405703
137666360
165896712
117901166
154909634
154912744
196905615
176417165
178585596
178585459
114430095
154903881
173978216
141543283
169103591
166458936
112643997
141285490
158657766
154905446
144138330
60970388
176405685
137666926
129266004
92491264
103386725
103385915
149423641
68579966
128312166
148924635
112656464
108364980
164343997
117676869
184114961
173814703
10792282
14989743
183053124
114322901
151845213
151844259
114324346
114314447
138335633
90188198
167618772
139745574
168608012
7599589
143568776
152762656
104294391
184763331
155166894
77702079
141231434
79768323
148808423
157530151
212609331
168354053
77700096
168808381
154729961
225201236
100486404
183920162
113419487
174636665
112645451
154897632
144245180
72300903
145244014
154262680
72516951
150565705
68445544
205605138
195454440
197708900
8295860
144238528
144238485
45848111
35579611
126342838
114328946
151844662
126347935
146503880
98832944
100027768
125022439
252097511
117084063
252528753
101278646
190544774
155234699
178256485
171809956
171510493
176591234
162866530
225954700
158660478
154908385
158647481
168817202
158651424
154903768
158675451
154786402
109411531
158649071
169348201
154890928
154901538
154912166
158670956
144134002
158658198
109817199
133025897
171958591
154893432
141276171
165887265
112646225
158655572
154888375
141273222
112648288
170151864
154900497
158676175
113417301
154912364
170181762
168816437
127352207
144136560
174648423
118125689
166412706
192729148
196153438
114313484
146512744
146504583
146513289
117498247
125911185
100029130
128307569
128308507
195702635
112646349
193858736
153491085
183371694
79721647
114320406
126342618
126347302
126343978
114314671
173418745
225923524
146504894
118590859
114317865
104289022
204315708
248654515
32175832
67807441
214771074
200670854
200689265
242726967
131255077
140150753
167851054
79768471
112646368
146512296
167645829
158650668
158667283
145030146
176138041
149451820
167855519
100487301
165900070
112646128
131303094
187108996
135840425
154887363
176552443
111378093
159035662
167645605
158141553
167657130
137220935
158677349
201888140
201881970
201890946
208908341
125021937
13602866
169107814
10317343
184244327
193366225
127661527
200926431
178584630
176416959
183915286
144126159
139245316
145030129
154891126
193367798
208912369
173582409
173582019
157412721
176417064
114430064
187511307
152838014
199241762
176405602
195708398
144236725
154895859
165903549
157592519
165902397
154913687
143552763
167656525
204914171
204315118
764535
195703977
56028703
225266126
242409292
98629275
56511289
8296154
10569487
149452481
131255367
112645067
168817581
141283739
143156891
173815363
171954782
148656486
183915221
102093871
8348621
79696878
190117120
77700990
189650648
176383000
144124890
178482344
173812420
143666487
178482358
113065606
141539046
106053748
173815361
171954358
158663736
154889638
158671103
173811915
174636684
139244299
196455865
157592574
173978353
173814031
169105929
208909008
77702032
134382073
128270447
168322394
91781134
169347864
195450581
185466235
185466079
168812820
85264394
162977022
168812293
170606876
105532349
154907235
171956415
158652837
165898817
113417921
173814940
154918998
174842793
112652342
166459282
165893859
186436188
178584553
178585553
146510626
196067336
135078491
127661141
154191095
106239463
141099733
10317350
173582614
94735227
16875140
222328249
169963007
83517431
141108239
101540796
143925983
92489513
103384572
121688380
157412720
176416906
176416132
144473742
176310639
194164791
181966356
107992675
155166595
154898923
167645940
182710368
154891143
158672920
141283122
182710870
173815474
165884596
165890254
113420393
68489487
68489070
173626946
151844082
162838300
115885676
186616667
253781839
193370463
199644967
193367622
208910030
193367544
243183226
140180669
167809147
154893178
158651365
168819731
205847528
168818923
242775446
166433397
169103871
201874733
222327873
178584666
176416994
176417082
255255804
176405319
176310601
217452790
176405498
171292768
137667166
191126822
186352463
191126658
162032643
170609739
114289942
249165407
158648722
203402872
167811482
168813039
165901850
165887691
154855275
174636456
154914617
113422594
154202127
165893933
171958514
242756856
165902198
168832537
165907889
169104352
165905606
165889494
165890884
109418213
165890071
112650872
167808397
165891473
108997676
217470588
154730693
54537067
186616976
184113764
174637084
217468250
195104494
201866950
165897917
158648022
158649189
158648044
144125693
129394546
167808752
112645714
168811518
165904072
144140249
160455488
174648865
168505259
185870323
84914266
141284903
196189424
168809278
154912151
109413803
112648667
165904880
166412588
174296991
187511415
195708433
143150985
154903845
158673004
176417369
129389957
165890598
118165836
74219693
198886236
185465494
50495513
151843894
151844124
114335355
162866541
67171220
129397986
165890613
158675854
158658408
104958596
138065068
154910364
109843379
129397097
171957136
112655244
113051421
168356268
154784949
112644075
154784683
158663543
171957348
144238561
144130152
111172216
182587781
193370700
154909345
113421743
137220501
158655766
154901625
141278030
154894632
129397030
72852586
69030120
146511768
113066425
84650990
145977787
55167034
107761006
135001008
168834651
150611139
162538283
118588361
112645094
158655637
154890931
144125502
154896859
154904966
168091088
174842685
141040728
158648377
158650553
141272740
123948421
154892866
165888281
158652550
130029454
146510170
165888132
176292633
169105120
165897369
132255250
154910686
126673239
169100794
141540608
112653282
167645644
176292381
167646100
165900428
158647888
182587803
176405344
183915186
153471550
158673583
165897242
154915022
108997620
154886497
154914674
171908178
154902180
91534756
144138419
141533401
170608695
144133879
140865482
68579706
114316370
114330956
114336857
114332034
121699361
168934161
179932210
158658000
169104025
154903497
135001005
168829417
154887714
154894399
158661579
149189114
109359589
169347669
193367894
157207181
176402890
118588657
154908597
113426476
169107196
158663154
154894047
113411557
165891332
154886506
158657400
141535219
154914292
158653021
113418454
154897702
168835011
157592513
154913886
176405259
162973658
114055855
141041645
105265399
154896084
126118590
114353805
196070540
195453922
94334742
26701764
146505047
33793175
112644996
158665785
144126138
167645745
173814539
167645318
141275608
154908227
141273011
168813477
196455942
174636803
158654492
168835215
154889812
168823291
253218616
253221421
217510820
242776345
208782328
242757137
216124250
200998874
197293503
195454145
201882232
201886309
201879822
201883869
127351946
262779210
193370488
114336853
173978355
253217328
167645919
206417198
205603421
217466114
217650273
149622174
252097868
262690519
204335285
158658278
165894953
158675094
154915357
154893519
158659375
171959641
224818040
210424564
154893614
141540049
167810800
168807685
242764284
165898632
165901501
195708648
165906915
201861208
203455758
158649462
146513307
171956276
171956658
79378646
109817048
113417405
165898887
144141427
144130369
173817387
154887105
165891039
170150297
176138191
165900593
144127560
166412645
177996222
177996481
197595891
169348145
195708348
198978855
193180775
242702724
195708338
202622024
253219250
173580836
253221886
206457943
156054875
183914899
178585356
134384660
83047528
117082630
113410005
113410334
95059798
113412199
116343027
134388760
138559235
184518372
126348077
149661885
74343653
193078118
141272880
125413173
114415796
114325253
190794005
157414340
109359500
112653295
111379261
141282071
127936253
118590575
158473498
130357501
109113929
94023973
173521278
173521086
151434507
108645358
198523451
104713560
107761140
169348818
127250718
136959682
165044207
111949288
137666634
105026068
2813275
141041283
117081722
124772931
102523040
127352743
112655004
156936468
98156165
175787961
104511290
104510514
198955368
178577695
109135294
118243724
128866792
144473774
114056070
169347785
174294057
177483260
192947049
129869357
201889243
183079540
96844920
112653828
156936447
141287499
81786415
148550827
124538183
168274026
86378488
117084525
153379046
87217321
98827219
140177063
104958518
87249582
174295722
114335932
114326904
212212270
146512546
177483235
157414765
141041884
172942921
125732624
134388442
140150571
109846309
140179991
130083891
127352849
142163891
166412261
172942875
249964437
156936137
158493615
106987636
89628836
118589114
197966557
92144844
98827238
112650880
150565347
198542937
144131924
129389993
137669523
151842341
189653231
141288721
96516090
149198597
144127827
109408966
147743660
126343108
149198563
173812463
98156884
130655678
183920436
142716860
114430131
91090777
109406941
107336152
156936467
185466103
89560761
141283404
145029286
115143710
175990972
141280514
137669433
149662211
172942895
85372887
188783743
195229343
249085294
164076894
98553351
137668175
158474227
164336114
135271079
191125065
141538825
113411334
134389589
165927794
172942905
104708591
108997550
134387160
141537801
109413403
174842721
2852105
155153670
98154731
158494065
156936194
137669848
174295125
117084484
194127646
124773902
158493525
85373018
141280538
125910552
137669837
186285172
167645262
125913298
127360194
113425334
141278689
147442782
174295137
103104735
176418113
76085519
202339420
136959562
183079215
87220036
191125048
194770064
114334464
96514744
127358330
129869141
105213200
181806556
136581717
135272346
158494532
87103502
191521086
183079471
121446247
90584787
117081596
117170811
140151281
149198565
103310319
96384817
193147083
103742356
114329533
167617860
112138820
83857439
141536976
149198587
113412871
141272608
111377482
169349055
192380053
104627657
87249766
171510866
125638124
98554061
98553107
128466711
158476395
162030210
90688888
146504942
126210042
149198588
137669673
181804971
125912262
181806829
113415609
129391165
109410985
185810820
193439390
190321102
126341029
101811054
145029566
122759589
117082036
151843771
73160896
130671313
182587397
140179797
109405885
198308804
141283970
141277044
169348581
169348157
181794183
140180726
104955082
182842965
129398718
178577333
104710276
125912049
154886568
158672323
124065506
87241977
112650468
158647914
134304663
174842822
110849878
157414526
178577626
134668504
152050098
174295194
197798719
177703004
170124687
201888292
140179846
114055889
139551681
113412085
113418032
127352015
127413555
174842611
135724293
107454294
110731067
141287802
130565408
103106432
98157598
126345902
94023993
125172290
79724249
83857487
179930820
195748636
173521110
175199054
180991703
137668283
75577633
109414970
151843131
131289463
141284392
141274193
113064893
104513596
181781921
181899892
117083020
154902131
98156462
91754307
197603620
189564855
126127100
107335983
98827225
147981905
142717491
166458514
179780675
154262486
96418173
111035096
107761180
142838402
140175936
162032677
137668063
134386987
101251863
134389970
174295938
109409726
126340590
114318052
126341118
242469874
198308847
167619925
167616361
195229286
121737542
151844960
68657474
83161527
98154413
97923896
129587390
91635498
74821140
155234561
171511880
84471936
173521115
177975674
141585112
252847881
130062040
141286775
90689749
198543940
178584799
112644651
127351728
162030520
149189616
162030206
104710351
140150899
180398033
162030528
129397187
95917818
101587396
91250119
181774170
117082949
176405446
169347974
137668239
104105284
191127441
120145678
129390865
184518358
174842614
158473717
102572826
107761021
174295114
171938694
153375987
196216003
182147976
198544028
140458831
83517534
198543047
127352217
126131483
126131420
171510851
103105628
125638108
156936165
112645617
141284771
103105011
137667875
174295789
180398140
127352157
190229201
174842684
138491127
168577588
185870148
202223724
83924275
84749548
184518344
134388606
137666391
140932635
104104953
148613727
114415794
192729116
182147939
206284610
145093151
198542775
129394024
141285714
201884088
173585685
174296034
193263941
109412344
176399103
101353661
156189014
198956731
91753534
173817704
141286084
191124708
145255690
107336231
118140880
85666035
94035403
158473359
134389169
132999987
167645542
153949806
195916341
124431698
112656076
112140524
178577201
174085528
174842624
142718286
113410369
149934741
162030200
87217506
188191542
168577513
141284892
87219451
158654789
113413459
95059772
185871442
139682715
171897904
134388865
70156628
146503955
128865925
182144040
104515079
178578022
93140531
176400097
177702710
126210129
141272724
108364767
114336059
126342980
151844279
131960234
171731369
151576220
112793662
83942223
110024616
76096997
84471535
187826264
103422167
141272924
176383074
129398601
109847362
120243990
140148835
165895345
118160551
130179497
204453344
84749132
144237777
89112253
172942903
198543360
189192723
113411591
109407494
153368208
155165802
2852117
141589452
117154995
146515413
198308454
141538085
201042588
216912116
172942965
135073463
186542755
103740778
177702815
188832590
87729091
174841435
125416774
173635775
153268269
144473684
118763447
177995689
183916650
169347867
162496705
180391931
180397256
134389726
152892565
158474141
107336170
182711207
87217585
87220090
171510923
104512640
104514263
174294087
74769377
108646115
184313258
118588733
194769797
126342699
114327259
253219280
199644881
171731401
133607839
121446240
130083592
134388585
121712152
157825901
85010533
176685152
106987617
128117504
142717085
134304843
103106339
74330752
84558765
173520930
187826146
84595215
173521255
134948207
107059392
89560764
132699947
140922662
104250627
141260165
127367456
102131346
189654572
183917304
118154657
167646179
183915096
98156724
85372981
136085883
107760655
158657506
107335965
160105005
129705752
114883410
177247235
192382361
174310852
129768604
177701002
149198582
176420144
103105246
141288523
103105528
133434566
98154227
156936626
157414040
125732123
127352226
177994178
107761177
123367830
128217427
157414175
186200354
104712083
107336029
107760930
134304805
95059675
141544843
164076865
90689786
112649565
173816487
113418444
108645743
186676437
186615522
83517914
85372857
107760676
137669724
104105919
182144270
183079196
187511334
185466198
138149166
169348264
169348804
177995746
182842794
198543950
184518375
87220901
141041464
193366072
135064519
113419557
127352825
83047437
189263888
131523811
112652239
100486156
137670005
74343641
107335941
182843624
87217270
191816335
193563143
136016644
136581497
102572616
144691695
188694843
141040701
193590067
144124405
127352260
137668438
147982143
198543653
138503811
146513259
157413045
98554443
157414268
182148608
193746036
131578408
128685556
91753539
119977094
90690364
90688701
117083302
117084076
103104827
87219908
90689121
151596472
150565532
134983396
87220879
154176552
197879477
81093231
185448300
249241150
171290541
98156800
137524599
195888152
177483032
74533817
104494579
90690150
151844003
114321884
133608040
144082062
98156625
186284852
173520904
173652395
189263370
140176323
122698722
85011469
136581584
112650557
143257300
182144015
104512132
127352953
129393711
141531709
104704819
113423595
141273651
146511569
181804834
141271793
183078959
178584638
207567350
125606914
128287059
116491798
134387450
167619351
153471735
183052610
185465624
175791366
126338639
114326788
82922940
132255012
154278459
111949434
195299530
127364971
115593834
176420247
135273079
128466218
174295134
173630762
176370892
181780092
149397339
178585499
117081854
98827209
101587388
132256043
99180620
137666388
108699186
194199121
157414581
149189611
141286900
141279894
93145024
174295221
87220327
113050480
140151176
189654156
141276671
242471130
110204256
187610683
183052559
130646188
137666963
130874070
173521050
146512037
135335265
148303593
149397333
117083081
91249800
139540460
109359615
186200596
196216064
138189984
137753202
229808482
154029963
179981949
107336214
112651976
112652466
114314526
114326805
193763260
74330792
106987516
158494217
158474167
158474592
189655798
178577325
142717101
199222259
114315258
114328018
85373011
155225506
141260035
113063772
192779233
129591800
112251649
180046098
173521304
83857407
91532992
173855195
173521043
174661071
121030219
130866163
105699678
139969625
148000216
156936503
198308818
199645003
178577191
128466407
113066299
136581789
165901103
107761657
104665507
141276160
189263647
125912501
136581518
113418003
109408239
174842797
192385261
66832210
146503841
102572376
90689684
135724944
150707514
185465761
128866135
104105031
193195591
127661106
117081680
104250756
134389760
189264064
186192348
109411496
87218253
109408690
113416290
112653879
112635224
141042407
186547330
89930101
139004386
186676468
85672134
117081450
181788706
185869827
175990327
95059482
129396378
87670633
107336075
178507380
176420142
127352200
137666745
134388118
158658720
194583531
112646627
191475540
141273892
176995363
94035463
189653828
113410288
134386991
171854333
180391903
141531977
109140286
113414864
109415566
197296982
189565285
134389270
193597525
194198377
198543009
101236066
149397328
181133188
183916690
183916472
176410532
174296944
185466135
141042460
125813297
134387235
134386914
134386928
172942919
127351801
168577619
142757695
135329759
129396303
180398271
109415938
154902643
205520655
150565387
137667399
91639268
137934218
197879529
198543016
118219281
118589119
84749253
179780787
114322280
126341565
114327176
146361740
124772577
201865727
177946901
137667591
129393818
153264179
90065538
138029947
142262931
102572990
173520994
73460971
157150811
100821601
135272638
109176883
92484813
88020868
107761726
146265014
137669264
114320723
114336266
114313318
134389094
162030264
127352358
165041046
87220866
111287958
167645496
176400109
139530160
141273702
143841695
114292276
141041262
151842004
178577961
119363811
182148147
140180788
186436209
141533039
89347682
137668362
189972689
146503073
117082308
104104926
178577764
156936665
184830165
193513211
176420259
198768322
194131872
183079393
166412611
102553158
191127523
87455921
134387337
174292746
174296907
176405314
147981769
172942892
173210348
101232588
169348705
149683919
102553835
125416264
137667507
165585735
146512587
192385680
175792043
176292317
158647380
202223798
167619381
154886577
216975807
98827236
154902945
153471706
114240362
112655416
157205653
134669530
182710711
112990545
189557457
156189092
157414041
137524646
184450391
199644985
118142528
113410775
73397400
139530688
128269273
153368780
196798391
152367524
124710443
87117582
111381537
87219928
126131629
87219386
98156459
126340941
173630764
104713921
137668881
104514186
96514900
73654581
119321112
164583105
149661891
167529713
93711320
98156484
98154272
105639563
182967074
132988868
84471069
174382921
177975966
140931637
195229118
117083580
141532361
112644800
94035456
78895896
107336044
131577667
158650862
98156565
141271477
114415857
98555494
122761982
127164375
141543544
98154587
176405447
140650511
137667500
108646387
158492779
87220651
150565573
94024309
156166789
176822937
130333519
104162878
108246203
129398122
154919598
112949854
84846769
103106582
162030201
81851093
125638117
152741076
196873284
104514535
108645999
193589929
109412915
144131694
131523711
113065111
183917301
91753622
117081546
194115739
177995582
137667920
156936421
153364124
141041807
193124447
104510775
174295891
82305378
158493367
167616823
114337423
91603364
173520899
88020817
112361122
126730502
134389507
113414341
102262217
117081952
117082703
91753841
90690058
89112322
141253147
190320821
137669105
141041575
166412558
141041091
141282039
141543059
141284953
107336096
112656263
141287758
104713484
178578029
158474514
186676473
129392556
185465689
194200027
114336860
91754047
173520992
92492970
164963601
141279614
112653995
141281473
157414311
121029328
141041417
157414446
130179986
141271779
134388759
104511082
104514939
134388190
113064842
107336146
141275364
82729034
38165726
98156114
174295220
171682264
127352676
176383080
111382074
113418352
179547114
6164635
137667874
103743415
197172099
104513186
141532939
137668891
134389699
162030218
157825386
104712442
140180346
112654725
107761239
145255309
176384936
113411961
186676502
162030500
112644959
141277030
87218487
113414242
151842335
151842355
157412777
127662588
137669853
103306690
178585308
77769472
114323092
158475098
104160037
103104747
151898312
173521034
173521233
165235385
109406789
157414321
118161884
107336024
141534534
166412694
121028876
141288970
112655621
112643785
109407011
181806865
82297600
82665242
134388863
114319918
91753624
159257597
90689047
171810013
173521025
157412729
174295083
126973391
111098595
141279388
107336157
137669765
137669368
80936086
104515275
178585050
87220185
128270974
225949613
214076760
189972691
198308892
249997814
262301597
167816707
186616027
203455716
201863736
194022647
202233905
205519496
118152057
205519789
137149858
208307884
136759297
185869833
202384613
198543317
187511343
195224449
194962915
201879139
201884203
201880285
206270664
193066036
157414282
207012838
205520838
196763167
196336054
196515944
196330037
189557641
263312682
242464648
259318094
174217293
263314097
184763586
171684136
177995499
259318962
207268983
259318773
259319025
259539159
259318734
198543952
207853244
205520011
32687082
185869986
141536313
253223197
225923637
201882915
201911229
201889338
201891529
201879683
201889666
201886175
201887459
259318988
195798072
207294595
248326443
189972760
91753711
262673224
262584898
205519793
225922211
208908101
261020817
263315972
263315006
263313773
91753542
84471734
72967390
262848914
173521199
202347509
189200928
207461337
207461135
169348315
184518357
225951737
184518413
249958366
195454268
262303131
262301366
262302851
201884410
201891327
201879153
201883826
201886972
201879401
201884746
201879662
202223912
201866169
178578187
242463458
203937133
103105016
207012194
112655280
198308611
253224494
205520190
253223165
196069057
199645151
126342116
114327060
259318651
173817072
263392506
252515635
155235586
185339351
208197894
225951084
217467426
219456777
262301771
259318030
196216021
102160334
178577742
143035470
178577501
189943805
196905874
215082620
196873525
139236007
216975899
126672866
197497530
248326470
103422382
202346841
249960639
207294427
126973699
186285138
195210473
205916129
201888508
201886829
201889026
201882047
201889974
263315999
263312417
253224487
189651904
204452811
201887240
215083084
176370863
162030492
199644946
107625435
225949049
131171051
196873237
215083176
174295104
262303035
225950783
207379110
104514278
189035769
249950065
249996532
201861797
249168261
142751247
73163333
203455597
198543350
197172065
168834826
171683089
178578095
259317884
193590040
162030516
184518409
190320701
194583822
87220004
176384931
129390408
225950326
183684526
198542780
141271824
201884230
201882807
201882758
201881317
201888386
201889075
201886600
201887050
201887759
263311466
146510524
189972730
173521244
252847992
185443178
194208609
124773606
139530289
262301077
170607038
208910248
203456546
193367443
207012149
225949000
197595616
204848654
184646769
249946716
201888891
201888459
201889086
196215994
176420217
250001123
215083111
215082884
201886402
201889948
201885996
201886939
261021405
262504148
263314128
195708318
259318717
132316387
141542133
141918585
249855094
174611485
143156750
246162964
92937276
181123293
15887733
173970015
144082854
78892718
203869813
217148998
193762217
143326683
164810294
26471548
103888950
179152507
247813598
70186390
183270315
217149104
191391999
197650194
56104469
115723125
210766493
118693079
131578397
239144575
193624192
249384559
169108062
121037686
39089651
82561268
110801615
54467720
203869857
197212837
51101218
198436591
136782921
141839270
198481815
116341285
194456588
247942387
201889513
182851281
166035386
162197629
63535366
143148330
190086641
201592775
173711472
152193138
52580675
143148643
248946989
182849680
193911883
216122046
172447900
211962125
249968550
75396394
225171761
21584619
205605497
247854493
54072707
157495827
33132761
166035468
94734385
154899521
163563007
214666934
84846516
167951813
122293129
19991655
197026052
163564708
16969488
141273770
163564420
171759742
67179302
196789905
175847556
203869753
112644491
164010909
167951746
177755299
161458920
143155698
184847372
115439033
248906346
249093267
247859735
58625977
164803988
201886937
110688897
141541416
141532012
136782984
44937469
75403848
141532741
140437030
194810400
109138107
144138265
139614432
67446599
152193118
188553348
98640794
105178627
14815686
52342854
104518509
104518403
141531799
158654007
139614195
135534981
129381976
174235091
113174484
215985772
123948133
109407659
140138832
137414468
143149748
136781731
171486575
150546696
107973859
225906974
197949498
152520833
145465522
166528353
192577933
170181789
119251770
180037101
207037387
70241941
187156853
216416910
249259288
134350353
208235759
198458875
207461154
192173539
216124868
216121366
174656479
174656635
260114026
131254117
109155766
171956476
74909429
191650948
208797830
152520663
137376037
195455367
134015439
112649785
158648973
152521064
170434398
143036968
173738664
137389209
154696253
40811393
201889862
70669772
193533239
126345378
150938521
248935474
89644039
208559812
163564020
186277441
68354505
95474303
94635174
174551301
188552622
152193123
207037341
146634673
246163465
106279358
168810925
192014232
165886619
83530882
74596177
158654569
217159145
56439203
143148966
214508693
253079965
197031278
109124756
69517905
209581137
185052258
225269178
121038539
98641551
58515928
104706525
141281892
170150380
108863219
194793498
171658924
141839100
158888896
147442109
118691655
98604307
139244072
114972898
154915701
141535306
198296743
166035024
138117597
139622167
208797942
136782119
109138491
109138543
87613980
197949967
176060447
182707680
144082413
126345325
114314150
219406444
248931707
252605276
59386827
54061119
140150420
78553314
181112651
195886352
154910658
109138183
135497702
139616139
109836561
144139941
158659318
161310153
166035052
108289721
189180411
193624374
197396719
180999983
143152360
44323290
208648692
167594277
75760437
179155039
191516752
219456511
172592100
153592458
70505004
95132305
113422790
131579124
125891624
180908146
217149092
225906849
98640912
155887359
165758499
188098116
178712194
48089779
165890967
90062191
165899328
178212190
139612414
142246717
59498052
164598145
76135207
189138972
137386050
174669640
247806413
155795252
171659445
154888009
92097766
167543233
253079430
208130716
179150654
149567282
247723081
152193155
131577408
147247762
136782059
136103468
191651278
170917719
140176820
94872884
162087461
225906802
112649865
131239483
141587642
165884092
141538560
123948440
54656953
136838512
141591203
15733562
203463623
138318348
16287940
135532014
94895584
158674522
201885696
139624036
64253927
207946683
217149363
128309417
208094665
197395418
214089059
98152252
179524902
253038410
155379131
164242318
245766400
198941893
163563219
19339844
262522083
190086025
169874161
169775496
109138313
204229177
158668219
131239579
168358674
154907853
31505572
175793258
32260893
173903665
32814995
135530072
125737673
58810858
54064027
73254863
183544621
212317461
56755887
255598691
212556587
262522571
75375246
163564160
166405259
191691062
257770664
251255400
260794000
152193076
165904204
143148688
121039073
100490271
131289894
121038453
35569825
108858593
218735031
14512390
105630769
247411545
113096818
146594710
146594173
109415002
141273535
217466677
165758518
140177800
5861143
186745856
67445189
22896064
181659206
204337551
172491579
114972714
147663401
249242089
194479948
109135343
190682089
176533534
197220052
116491466
141537442
19532334
176264442
126047686
171759914
5756955
137220644
152010296
184114921
152193153
110689063
138318226
193911776
147702692
141320466
83162343
87713898
196003214
75442573
246158474
213499144
157826995
147497008
86542068
154855365
252610652
207038184
159622299
215594060
114973398
201678766
113420043
54751225
73253180
53329844
207492328
73814932
194456833
154888970
207035887
109835810
173711913
126047896
50347801
213935018
49621189
32810034
155368337
155887550
194792123
96311417
193151728
182148269
242028858
127868742
197212596
248224085
244318025
113427250
109837270
67413251
208797928
147497017
56709435
197952947
21153790
173461466
166035189
197865776
179501791
196443152
188140083
100747131
46105126
253281868
105179114
126171918
170917587
203869962
201207272
154920488
115723420
137376225
119222466
150963555
147441914
11221632
55637135
210978782
247897287
207357923
203210836
151897683
106303384
155810201
225248637
198940504
241870744
252575152
106540630
166405737
206474746
235856252
257843993
137220233
58893863
214160913
120542135
164314228
175164031
171493240
139622890
14710329
140176612
174289465
90061731
168835803
192015488
145078059
137395895
164829718
179555005
191754261
208765786
162048154
69193098
209170611
16180238
109410219
109415221
162256829
191650921
145224123
135521742
152531139
100529976
12785565
225925987
172572277
154887448
193911604
140177099
121647981
116491462
121959643
162977330
138318450
208797698
215140152
152520498
192578269
94231380
20161387
193911676
204562990
109322706
197392503
174663271
91238363
67990620
249239450
159597633
129343620
193767178
155271999
247285512
241972510
166405825
179155634
156291898
159314189
10826412
174658572
248683536
170449822
213688620
130623957
198308748
172116038
112499480
110023925
140176690
113410567
70506859
165884455
158657969
114991367
168077801
171103519
163031335
225907070
108863718
86882422
142632281
15415704
19604265
56877134
114972720
152898024
72088730
159604435
152520685
139619167
190239686
175164090
179135872
158663949
143148711
168459961
158678564
93074550
201887518
203869790
242204723
165905096
56869985
76474428
105179070
27879914
114328382
114315673
127049952
96308711
253311505
241969951
196768398
195807002
171621949
212558796
249149888
216475421
76476012
143148551
154898535
131238600
143147649
183319594
131578455
65410167
84768023
118690936
194793612
174649475
152559885
131303093
90062124
113416013
139236246
169101779
135113029
168816002
64355122
135461277
147353840
192578255
168816893
171659030
128782027
92686301
152193098
126052607
207492214
165865897
123948310
165595126
109392914
10826608
12306400
249239831
89727544
208223874
255763155
160522261
109933465
70669356
195886545
203511609
193685032
74208797
197214575
262522316
95474235
201592728
67144477
150864567
178095574
181713930
135531152
143152628
76474236
165900365
158675941
192014261
135527216
159955905
109836631
143154200
150019157
172115990
162541092
126048089
181137588
139620246
15733790
167041456
194809379
173675715
154893514
171956036
86515224
103295651
109138262
138118530
178212046
225907006
172491481
174406832
139730718
75414718
188007150
109214434
202709326
197393202
161390270
59420753
214088693
126346208
49864021
162025304
208299828
179153831
174388867
198033327
137385298
21053839
101789789
144082185
154904772
207946471
192015640
131416902
192013596
104810218
109413122
19362313
198896198
98567087
146594291
225906724
68889396
174895340
158661110
158651241
143147950
88809321
178012650
114277950
139730468
76475966
7934390
192013785
71081517
141840286
158888970
11197767
174241763
177999555
171658770
170150146
164512719
147837282
262522182
179510475
179150560
184298412
179155247
208170106
178006818
250132291
248537580
134350474
139244066
15532156
48883555
75574054
141286701
165758898
158680406
178012705
177552025
53797068
139621796
173097665
137386065
174241705
194114449
108863601
146595492
146643384
201592674
132255050
115441267
131302546
118691594
165637910
81209218
184314928
127617154
130996325
130622596
119251801
70665691
194809706
92729251
109138521
91530531
184119115
175551986
198463587
242796879
144082850
257869086
253098223
49352643
192309095
152193149
14519312
84551579
191546159
74179778
109415302
69197061
141532821
178012611
213999780
167124369
129705352
137411942
174241756
13438738
207554908
154898098
159287294
174442442
144278807
167617493
67281718
101461636
129382141
162598835
171185981
137399563
155166512
247510325
138000445
143148103
249240464
167441344
167950480
253097093
252002656
95750225
198957876
193762597
216974804
208235538
253039734
155531065
165782205
244317688
248544679
181119023
137409837
147769103
126701626
105665398
152532182
135524218
