77987840
187826177
119537667
244318212
104202246
166461447
177340425
89653263
176685072
71958544
54132754
16646163
86517293
183369750
166461463
186908694
166461465
200671256
173015067
129499169
244318242
152567844
84803620
177995815
72089642
186253355
54919212
186253357
136839214
173539375
166461488
186122287
189661227
37748787
136839218
166461493
160563253
16646193
169476152
163708985
54919227
126615612
111411259
138543163
145621058
253493314
136839237
163708998
20709447
242483269
185860170
112328778
166461516
163709008
166461522
163709011
163709010
145490006
187826262
36569176
160170073
111411288
73400410
217317468
169476189
187826264
170262623
166461536
176685152
104202336
166461539
177995867
57933925
7602274
121634919
166461545
25034860
42205295
138543217
99483761
217317491
185466996
56230004
152567926
23068787
166461560
166461561
99483770
166461563
166461564
200671357
20709500
166461567
136839291
74186877
129499270
187826312
167903371
76546193
248643730
38928530
81133715
202637460
2500981
136839319
253362334
187826334
187826337
187826343
138674343
187826350
135397551
14549177
139460794
74186937
10748093
254148799
242483392
105513153
117309640
248643786
173539534
77988047
186908878
166461650
187826387
136839380
136839379
119668949
263061714
169476307
133824729
242483418
249037020
37486813
186253535
124911840
165937383
208797928
21102828
174326001
195821809
15728884
248250614
44433656
198967549
44040449
98828545
166461699
136839426
166461701
114688262
129499396
48890123
132776204
166461710
166461712
192413969
186253586
221249811
59506966
136839447
655640
655642
200671517
244318495
166461728
166461729
83493153
27525411
107479332
168558887
134480169
119669034
7471403
166461740
143524140
114688306
207749427
227410228
120455478
214827318
133431608
192676152
186646842
42205500
42205503
31326529
155976002
166461763
54395203
166461765
133431621
43123014
393544
393541
192414026
135528776
42205508
16646476
253493579
393553
166461778
10108079
252838236
15597921
99484006
136839529
253100393
187826537
171049324
196215149
149684587
54133103
133038441
71565681
99484019
126091637
114295160
207749501
89653631
36569473
179175811
249168261
89653638
137757062
71172488
98959749
32637323
174588301
187826576
263455121
133431702
129499545
142213534
177602975
177996193
83493282
196215203
242483621
54919590
110363054
263586223
98959798
249168311
105644470
105120186
36569531
229769661
177996222
114688447
196215232
133431745
393664
15729091
242483650
72745409
263455168
88736199
108003783
157549003
179175893
185860566
176292311
112460251
176292316
176292317
25035230
133431775
193855967
37487073
4588003
187826660
90964451
197263848
10224107
199098861
184287725
199098863
248775152
86376944
199098871
192807418
199098875
197657083
193200638
2621951
105120258
2621955
199098885
134480390
2621959
217186823
215613961
8913418
74973707
199098892
192807436
187826702
58327562
160825870
242483729
199098901
215613975
212468248
199098905
187826713
217186844
2621981
155976221
176292381
242483740
157549091
3146275
147063334
2621991
187826728
102498855
2621997
123863599
176292402
177209907
3146291
74973747
168821301
2622007
110756408
2622009
249037368
37487161
253231669
110756414
3146305
86377026
111411779
187826759
199098953
190841420
787021
1311311
50463312
114688596
15729238
208667223
176292441
127664729
2622043
106955355
176292444
176292443
242090593
75629154
187826787
252576355
2622057
248906346
165937771
114295402
200671850
127664750
78905967
253493870
139723381
206307958
206307960
127664760
176292475
98959997
159646335
127664770
145752710
110756487
77333126
127664775
123863692
42992271
206832272
207356560
207356563
26083990
54133400
176292504
141558425
2622107
221512351
177996448
74187423
207356577
133431971
134480548
20841123
191365798
207356583
211026600
179438248
110756523
178520749
2622129
207356594
187826869
99484341
164758200
19268284
248251069
248251068
177996481
143786691
198968005
214827718
167117510
69862086
22151881
26084041
176292555
127664839
42336973
177996494
217187027
248251092
176292564
93323994
139723484
183501533
95945442
2622179
207356645
174064361
79561449
248644330
242090734
157025006
207356656
159253236
176292596
119669495
207749880
187826936
170263288
147981048
19923709
78512893
84673282
248906499
56099588
55182087
171049736
153879304
170132232
242483979
206832396
127664909
252838670
59114254
139461393
16384785
104596244
197264148
55837462
176292633
55706394
16646937
141689629
176292639
197788449
58458918
139199270
242484008
206832427
166331182
99615536
68420402
165937971
50070323
44303157
44303154
94634802
75760437
207356728
185991987
172491579
242484033
150995779
139723587
119669571
127664968
197788491
248251212
93193035
88998734
149685070
16253777
138150738
73139027
55444309
144180055
86377303
58327898
75629411
252314468
177996648
176292713
72221546
253494123
216007538
146932595
127665016
191366011
94372735
93717376
162530182
176292745
150209427
177996697
242484121
121635740
187827102
165807007
73794464
177472417
171574178
254018469
99484587
207750064
176292786
21758899
107611061
140247990
127665078
78513080
31196091
147981244
117048253
8913855
58065861
197264328
253232073
42992585
127665099
152830925
252052430
78513102
197264336
252576721
171574226
165938131
174588880
206308307
117048278
176292824
263586777
129500124
143786975
139592675
99484643
173540325
203293670
99484647
76547048
162530283
127665137
183501810
200016882
205915127
144180215
174588923
153486334
21758976
186254340
7996421
176292868
116392969
54789129
209847307
918550
214828059
187827229
166331421
119407647
153486372
171967524
127665195
186647601
263586869
113378359
81527864
176292920
176292919
168821819
918594
12059716
247858246
55444555
247858253
107480143
7734353
114689107
208405593
119407706
138675289
22021214
187827296
155452512
203293803
68027503
48890993
248906866
202245245
203293824
185468034
50594948
20055173
127665286
173409418
119932043
60425358
253101198
21365902
216007825
140510355
21365908
121635988
207357079
174326936
20579481
94635170
253363364
177996965
94635174
14025892
176293033
135267497
253494443
48891055
130417843
106955959
177341623
176293051
198575294
21759166
74974400
214828228
240125127
124388552
119669961
176293064
216007882
113116364
216138957
72221895
63177935
124257488
206832847
48891082
185468115
198575316
181404888
176293082
68682970
176293084
31851743
165807328
216007912
149554408
198575341
185468143
177734904
127665401
230294778
177734907
99484923
33031423
103679232
216139010
155190534
216401159
208405768
94635270
147981578
262800651
76416270
207226126
44303635
248251667
211027222
22152471
212469016
249169176
203293978
242484507
23594267
208405786
95159582
184288542
193856796
127665435
114689314
9438499
155190564
173409572
94635299
125830439
242484515
207226153
242484526
165938483
25298228
127665462
153486647
139461944
48891192
98174265
191366458
216401213
196085054
48891201
216401218
127665473
64357701
216139080
155190601
259654989
185992531
242222420
127665491
121242968
119407964
216139101
252052829
14026080
2229601
216139106
216401252
155190628
94635366
252577128
27657577
79693160
179438952
71959916
78513518
94635375
127665519
17958255
216139122
2098547
92145013
42730869
253101431
2229621
94635385
253232506
80217466
193201530
2229631
247334274
90834307
248251779
63309188
4851075
130024843
78906767
204342673
263456147
2229653
254018966
15336859
63571356
11797915
15730079
99485088
159122849
89785760
155190693
114689446
86771115
2229677
213910960
200672689
165807536
202507697
172492212
2229681
197658038
127665591
248251832
246154682
99485116
203949501
42468799
13895103
2229695
72091075
2229699
206833093
147981769
207226313
148637131
130811345
253101522
170132946
133563862
144180695
2229719
139462110
126092767
59377118
138675681
71173599
213517795
126092772
127665637
115643252
144180711
115738088
73401833
127665640
3933675
116393454
3933679
148637168
88081905
202507762
88081903
49022456
202769914
58459643
52299258
248251899
155190780
19793402
254019072
212469250
133563907
157025799
25953800
165938697
32638474
218760716
25691661
134350353
166331924
200934933
247334420
149423641
242484765
200803869
168953375
168953379
242091559
91096616
99485224
179439146
242091567
177735216
144180784
9438770
68552244
44041781
186254900
174589497
54789690
165807675
200017468
200017469
72746558
58983997
101189186
197658180
179439175
99485258
179439182
207750735
147981905
186607772
179439189
143787607
253494875
75630172
186254941
96077404
130811487
44303966
155190876
152700514
99485283
7865956
73401964
53872236
63571567
71960175
10094193
66455154
100271730
26478194
127665781
20186742
148637302
135530104
150734456
94635642
11667067
155190908
8259201
125830786
36832900
193857156
247858822
134350474
3278475
173672076
147981965
12060303
127665808
225969814
248252062
208537247
72710290
174589603
125830823
127665834
68683436
56755887
84936368
216008369
14550705
144180915
72746675
202245811
218760886
86378170
248252091
15206076
45483709
218760893
206833343
94635710
127665853
113116866
4982469
251266758
22939334
75630282
63440586
173541070
119277263
208013011
249431764
208013013
22939349
249169623
52430552
47318745
201852633
2098907
165938907
13895384
72746712
36439775
101844704
99485400
242484965
155191014
3278567
197658343
25954026
177735404
157943535
249693940
249693941
198969077
117835512
166463225
247858938
249693946
99485438
101844741
30934790
216401672
53741322
247858957
58328845
45877009
140379926
155191064
253495066
157943579
125175579
253495067
186517279
192546591
201852706
117835560
248252201
174851883
216139564
59115311
98830130
58984243
247465781
6555449
13895484
88999741
196085566
147982143
29624129
116393795
242485061
68945733
201852743
16385863
155191109
99485511
143656779
134350665
17041234
11929439
151521127
248252264
99485550
242485112
67110777
148637575
197003150
117835663
125831058
197134226
196478866
162531226
54790051
202770341
127666085
68552621
135268271
50595760
249694129
186517427
101582771
127666102
19531705
253364153
94635963
179570621
31590334
124520383
71567296
78907329
117835714
163579838
252839871
127666120
217188299
67110860
180750284
99485646
249169867
43124688
249169870
242091986
252839891
202770388
203950031
186517462
5900243
51120088
180750297
42338265
59508701
212469726
190449631
180226025
155191273
657387
99485676
248645614
252839922
252839927
252839932
200017919
162400257
166594570
127666191
248252432
26216465
2623507
2099219
12716053
252839958
207751191
211027992
190842906
200804379
186255390
204212255
155191328
252839969
252839970
101189666
139200549
157026342
78514217
225970218
191629354
14420014
161937023
138283056
94636082
2623539
250087474
150865973
2623541
2623543
190842937
151521339
145754175
173410368
252840000
118097991
206833736
249169993
253364299
184944716
2623565
112855119
215746640
81791057
67110992
2623571
54790223
2623573
225970263
166070360
2754649
51251290
196085850
204212316
98961501
58329176
252840031
2754655
5900381
242616418
218105960
101189738
207358059
2623599
2623601
144181362
2361457
249956468
101058676
160958581
186255477
157026424
147327094
155191420
127666302
192153728
99485825
86771844
144312453
92145796
2623623
139724937
150866059
113772689
173672594
127010964
3279001
105515162
151783580
48892061
217319581
23595167
9439393
2623651
58329259
42469548
91097262
127010991
87558320
163580079
184944823
248252606
40634559
155191488
90572997
195299530
190318797
138152142
107219152
191629522
101189842
147720404
114428118
173410519
225970392
190318808
58329307
33032419
108267748
202770661
253233384
70781161
127666410
202901739
185862380
111937774
105515246
32114928
105515248
197396719
195299571
80968759
195299580
108923141
4065543
105515272
4065545
211028234
204081418
254019851
101189906
59115796
262801686
98961689
195299611
114690333
23988510
98830623
74451232
7604512
203280924
249170205
130418977
72747302
76286252
71960881
7604530
32377138
169347379
5769525
16255286
151521586
127666484
195299637
195299639
202246459
195299635
25037117
263326006
263326015
263326011
263326013
202901823
151783748
196086089
73926993
58984786
168954194
4065621
169347414
4065623
4065625
185993565
248252767
200935777
193857889
169347427
172493156
4065637
4065641
203950442
4065643
4065647
138283375
4065649
127666546
262670707
41421171
16255347
225970550
248252787
140511608
127666549
127666555
108398972
52431229
101190015
224528768
53610889
169347466
153487755
190450060
4065679
68815252
127666580
137890198
121244054
105515421
99486110
100927903
192678303
526750
86378916
137890216
185862577
207227317
196479414
58984888
102500796
116001213
100272574
90966466
169347523
52300226
252578245
202508742
89000390
126749128
127666626
127666634
185993675
80611788
249170380
16386508
105515471
151521744
242747848
185993684
252185045
88082903
137890265
16255453
80611807
15993312
111413730
258214376
201853417
183110122
225970665
99486188
99486189
112331250
262801912
242616825
251267577
176687610
190843390
22415871
63965696
84544002
176556553
216140299
29362699
105515534
58329617
247859735
207358493
169347619
242616868
35392036
251267620
176294441
161876524
14813748
88738356
127666740
70650423
248252984
96995898
168167995
121400872
98961979
39324223
169347650
128584259
197528133
225970758
225970761
58460748
169347661
144443983
127666773
99486294
191629910
202771033
13634142
108923492
248253030
44436074
127666794
163842675
73534067
147982965
119278198
105515639
108399222
90966649
26479225
169347707
127666815
157026945
20318850
50596481
75369091
105515653
222562950
99486340
135268998
57019017
113511052
132123277
105515662
195955341
96995985
181799577
658073
210766493
136317598
157944482
19663527
658087
133827241
127666856
658091
179571373
139987631
127666864
143264436
199101108
155191990
102894266
658108
204081853
71568061
74451647
251267775
135531202
58591939
247335619
248253125
253364931
184683203
175901385
169347785
99486410
253364939
181799629
86772431
218761936
127666896
37096146
195300054
154405595
186256095
213912290
177998566
157027046
74844904
167119597
90835695
144182000
98831087
117836531
117443315
175901429
169347831
191892215
218761977
169347832
218761979
157944572
138939136
71174919
142084872
109841160
28445447
117836556
89656081
23464722
50596631
169347864
90835738
169347867
191892251
157944603
90966816
124259110
40897318
59116328
155192112
127666993
124259125
190319414
15076149
32377654
74844985
193858362
90966843
25037627
71043897
98569022
169347905
169347909
99486534
127667014
139725639
124783434
148638539
141278280
39324497
150604626
102894424
199101273
150604635
74845024
169347937
253234020
174066534
177998694
144182123
160172908
174066544
124259185
26086259
216927095
73403255
212470649
107350905
105122683
90573692
212470652
189533053
177998719
242748283
212470658
46533507
212470660
124259205
169347974
55708546
189533064
122293129
169347977
74845067
135269261
71043986
26348436
177998740
169347988
71043991
197528472
202640284
253365150
127667105
201853860
149687207
141298599
173804456
252185514
138283949
252054453
247466936
107482041
96996283
149425087
207358918
71044039
99486664
86772682
52431819
218762186
102894544
91491281
168561617
177736657
186256336
177736661
252054486
107482074
127667163
109841372
158600157
51252189
169348062
157944799
68815838
182586337
137366501
51252198
206834665
56364013
67242991
109448175
155192307
114035703
16255994
34999291
186387452
157551610
90967038
11668481
252578818
214961158
159124488
162008074
71175178
177212428
4983823
177212432
155192336
56364050
99486737
177998869
253889559
221514775
99617817
67243035
175901723
86379547
214961182
155192348
190319643
173542436
10226725
99486759
168823848
20319272
177998889
147328042
72748071
48630829
57805869
191630375
169348144
167513137
169348145
169348147
114822198
216140855
113642552
226233401
191892537
25037883
177212476
169348157
91753534
91753538
31198275
91753539
56364101
91753542
114691145
155192398
177736783
17042512
135269457
11668562
119671895
75762781
31329377
87559265
203951203
134614118
34737255
148638823
169348201
202640487
155061355
115477606
192547950
193858671
181144691
63966325
34737273
168528291
212470910
203951229
213781632
193858691
74845316
127667333
192679050
252316811
96078987
165809293
149032078
165809296
177212561
207490192
252578963
91753622
213912726
91753624
67505310
125832351
40766623
75631777
74845346
198577315
177212579
169348261
252054693
67505314
73272488
169348264
160173227
252316845
207490223
213912752
193858736
155192496
45092019
169348271
253627579
135269566
20319423
7867585
45092038
169348297
14814415
177212624
126012133
252185812
59116756
254020822
207359189
249957592
169348315
196873436
203951324
130944224
34737380
45092069
155192550
73534693
115739880
17960166
68816108
203951340
86772975
91753711
76418287
58330356
77597941
72223990
131337463
198184184
155192570
65932540
53218560
11013377
196873473
111152387
133565700
127667457
34737416
253103369
252316943
169348381
155061535
127667487
177736994
135269667
86773028
99487015
177212713
90574122
198577449
167382317
167382318
76287277
62393646
26348851
91753780
196349237
184814909
920894
196480319
920898
11799876
192679236
157027653
920900
50466121
206835018
88083785
91753804
184814928
99487058
14945619
127667540
17960275
76418388
920914
25038169
215223641
9047387
207490396
50597215
227413343
91622751
184814946
184814947
74190181
41160037
91753831
155192682
193334640
91753841
193334642
167382386
196480370
197528947
135269749
104861047
167382392
169348472
102763894
149032314
17960309
84544893
221252990
192679294
152046976
184814976
184814978
76418435
52432260
70651262
160435590
157814151
184814983
152046990
116133262
119672210
75632023
197528985
202509723
169348509
114691487
16256416
184815008
149687714
21761443
109710754
252972451
262671782
99487139
202509736
68816297
253365670
70651305
13897132
215485869
91753902
2100655
52432304
26480049
160435633
215485875
149032368
215485877
177737142
169348533
169348535
169348537
58330545
215485883
96079292
527805
167120318
167906749
168824258
99487173
155192774
191630791
24251848
69078474
117968331
102895051
127667660
52170191
52170193
167382484
55709142
168562135
69078488
37096918
177737178
201067995
99487194
184815063
171052506
91753951
99487199
189533665
62262754
167382499
152833507
91753955
169348581
2362849
49810920
167382511
74508221
111676913
196480499
253103604
169348595
163581433
135532027
91753979
165678588
130813438
90574335
190582272
167382529
167382530
101977607
91753993
132255242
192155149
2887181
149032463
52039184
117444113
132255250
204213780
34737686
2362905
790047
262934050
169348646
206835241
206835242
169348651
86773292
148639281
242617906
104861234
86773303
167382586
44043834
37883455
91754047
203558464
193859138
253365828
196480581
201592392
206835273
167382604
55594794
2362959
253103696
249887461
167382616
165678681
57806426
169348705
248254051
2362979
101191271
184815207
248254058
205524586
77729386
193859184
197398134
135532151
248254075
135270012
248254079
203558528
213913217
26611330
247336581
185994886
169348742
20713094
248254089
13766282
16518795
100798090
176819850
205313224
135270033
213913234
20713110
34213530
71306907
99487388
26087069
15470236
396961
189140645
49548969
125832876
114429616
184815281
90967730
20057779
113512114
20713141
79957683
217714362
163712698
134352570
195169981
43126463
97876528
155193028
169348804
59117253
155193035
193859277
191499983
20713168
155193041
169348818
169348825
164761309
114429665
114429666
15470305
145624809
130813674
221253356
138153709
57413358
16912111
158600942
216010481
130813682
62656243
169348849
263589616
201854704
158600951
183111416
114429687
242618109
125832958
134817677
135532290
212602628
114429702
91754247
125046536
134483718
84545290
169348878
217190161
91754258
70651669
242618134
215224087
204607256
55709466
144183067
155193116
104206110
17043231
114429728
219156257
114429730
203951905
84545312
51515173
169348902
59117349
91754277
49024809
74190634
212602666
114429740
39325485
195301162
111152947
169348916
184815412
176295733
45879096
101191482
121769788
242618176
114429761
91754307
114691910
206835527
99487561
25300810
176295761
114429781
169348949
251268950
184815450
155193181
184815454
201592674
130813794
25694052
221515620
155193190
148639591
132255592
201854824
91754348
116002672
212602738
95293299
177475445
68554615
185864059
73666427
192155520
106303361
38276994
14421889
90574720
67899271
164761480
52432777
116002695
72093578
242618252
155193225
90574734
90967951
195301257
9965457
124522386
162402197
132255639
106303384
75370393
123735962
201592728
142872473
170397593
169349022
184815519
114429856
148639649
174198690
143921050
205918115
169349031
53481385
77729708
132255665
263589811
58462134
190582711
139726774
155193278
169349055
114429889
53481410
169349059
57020356
86380484
70520774
201592775
190320583
86380488
86380490
86380486
252710853
114429901
203952076
221253578
206835664
206835665
207228880
4984787
38408148
86380502
258215895
112857049
89264090
201854941
215748574
174198751
14815199
27922404
27529190
173674471
22155240
184815591
158076907
213913582
48893935
169349102
35131375
81137650
173674484
196349941
215748598
109187062
146935801
185864186
104861689
215748604
196349947
196349949
114429951
50597889
169349122
182587397
112857096
34476042
104468491
135270411
84152334
135270417
201854995
56365075
193990678
201592855
191500310
66064409
55578650
96313502
190320671
100274209
114429995
15601709
114429997
114429999
190320688
262803505
190320685
182980656
104337460
107352117
114430006
101191733
225972279
143003705
168562748
190320701
249172032
172363841
177082434
13635658
77729866
135532620
196350033
193597525
184815701
195301465
202641498
76288097
196350049
86249570
118100069
225972326
69472359
42471529
143921257
162533483
135532653
242618478
114430062
130814064
196350067
14946420
143921270
143921274
248909948
190320767
252711040
190320768
195825794
207753345
190320769
176296070
55316616
196350089
176296074
222695562
176296076
167645323
141955214
7999631
114430095
114430097
182849680
133828754
185864341
40898709
190320791
196350104
99487893
193597592
184815771
75632796
196350107
6164635
9441438
196350112
192549025
142872741
185864358
68292774
196350119
20713641
167121062
131338407
114430126
114430131
143921333
190320821
195301559
143003833
34738362
185077946
73928889
196350139
213913785
172363968
196350149
184815818
71307469
143921358
99487951
150999250
196350166
190451927
50335963
75370715
114430173
99487963
145625309
191500508
164892897
184815843
14422243
23466212
108400872
199102697
196350185
131338474
20058349
134615279
102109429
217452790
191500535
107876598
48632057
253890813
203821310
34476292
34738437
182980870
20713734
116003080
107876617
50729226
206835974
130814223
790799
158208273
143921426
159125778
102109461
143921430
56365334
1708313
143921435
190320923
104861979
110367006
48632095
242487584
106303777
19403042
167645472
242618660
79565093
34738470
39194919
195301668
242225441
114430250
24908069
1708325
161878319
182587701
182456630
154407223
167645496
790841
155193658
26218812
121377085
165286204
167645501
144183616
16257346
143921475
121770307
252711236
143921481
10490186
145494347
12063052
182587725
93196618
109711695
790865
34738517
121377112
73535836
195826015
86380895
203821409
124522849
204083554
224924004
5902689
167645542
66195810
34738536
185864553
91623784
100536682
262934892
121246060
143921521
143921522
242880886
7606649
28053882
136581497
790905
254022014
158077311
36573568
150999425
10752383
110104964
143921541
34738565
182587781
101192071
790917
94900620
89919886
195301774
136581518
178000273
99488146
184816019
202772883
790929
49287570
54399384
203952537
172364186
134615451
182587802
182587803
130814364
790942
142348705
130552226
100536739
7999908
182587813
121377190
122443312
48894376
248254890
99488171
247337386
122425774
195301806
143921587
193204661
101847478
58851415
169218485
2580007
57938363
156649039
88084929
14815686
34738631
182587851
182587852
197661133
190321102
221254095
206180816
167645649
136581584
116003282
182456788
163582420
54006228
135533019
152179166
129241566
174068192
147722720
63967718
60166631
120459752
135008745
76288490
192156139
62394860
50467306
195301872
241963506
130421235
195301876
34345463
253497848
16912891
203952636
79565310
36311551
63181311
171184643
204083720
88740362
44175883
145494544
216142353
49025554
143921683
136581650
14815761
28447255
114823703
182587931
263066143
214176289
248386084
185995813
116396584
14422569
98832944
199889460
136581689
2363961
130028095
20451908
14422597
158077510
14422599
102502984
106304072
14422603
148640332
136581709
182587979
72225359
75633231
94776571
40797703
96342615
109843031
106304089
129765975
96866911
242750052
116003432
206836329
141562474
160305773
143921777
262804081
34738807
212079223
251925114
178262652
178262654
182588031
112333440
182588030
70128259
14422660
167776904
19403400
175903371
34738830
19403406
203952782
4067985
178262674
19403410
141955732
192287381
155372553
39326359
192156312
19403416
19403418
100405915
84939420
136581789
178262686
99488413
19403420
155718305
19403426
19403424
79565477
135271079
4068009
67113643
192287405
109449902
191500974
76288689
141562545
178262709
70128313
193860281
178262715
70128315
158208701
195302077
57938620
73274048
178262720
191500992
73274050
11670212
99488452
74977988
199103172
178262728
199103176
178262730
199103171
192156364
199103181
55579342
155194065
199103186
109449937
176165588
193860308
137499350
253235927
72749782
206836446
199103199
158601952
34738912
43389665
167908067
14684900
91624165
192942822
251925222
25432805
106304226
106304234
198578923
195302124
195302118
137499373
56234735
193204972
43127537
169874161
134091507
178262773
253235958
253235960
178262781
253235966
216404735
178262782
206836481
117576449
148640510
199103232
263590661
199103240
133829385
249959181
72225551
253235983
195302161
117969684
203952916
109450004
253235991
167777047
99488540
8262429
94901022
791325
4068131
24253223
20714279
216404777
68293418
178262825
100930347
252580649
58725165
190845743
253236016
216404784
167777071
94901042
145494836
72749877
160830261
13374263
178262840
178262841
15733562
79434552
140251959
163582784
99488578
216404804
199103300
262673224
199103305
192156490
111285067
76288844
137499469
36311881
178262874
167777115
216404828
39326556
94901084
75633504
74847073
133829475
253629286
191894377
136713066
155194222
134222705
216404849
216404851
199103346
199103347
99488632
115610493
115610494
43127679
178262912
79434628
109843335
188486537
141562765
74978190
70128528
199103377
109843351
16257946
139727772
50336669
4068255
26350496
175903649
86381474
109843363
129766308
158208933
127013798
173020067
106304429
109843379
4068279
193598391
254022587
136975291
174199742
254022590
127013824
160830398
42341315
155194310
254022600
117969867
99488716
141300685
167646160
140514257
199103443
215094229
167777239
203953112
192156633
162534362
182588381
199103453
103683048
254022633
14423021
922610
136975347
110367731
201593844
123081723
58332156
159257597
249566206
188486656
195302400
108401667
202773508
54137859
255464454
132125705
200938505
167777293
109843473
185603090
127013908
109339493
14423067
247862300
99488797
15733790
195302427
23467041
80483361
109843490
194516002
109843494
199103528
106304553
23598123
109843499
182850609
181802036
153359416
26612794
195302463
207492160
145495105
104338496
166204484
69211205
216405067
195302476
106304591
253236306
172364883
54137939
129766491
79434847
107615328
38540385
90444897
134616162
192812132
114037861
253498468
141562980
2626657
124654697
127013994
216142955
79697003
204215401
140776558
207885423
127013999
88085617
194122866
111285361
111285360
40768621
65410167
133829756
13374592
194122882
98047106
170398852
13374594
111285382
23467144
207230089
102110345
246158474
23073929
111285389
114824335
129347129
190321811
31593626
127014044
199103646
111285408
114037921
160830626
108270757
182457512
174199978
68293802
99488939
207492270
103814322
130028723
81794230
195564726
88085690
81007803
130028731
195302590
253629631
185603267
127014084
194516165
79697091
127014087
13898952
32380112
130028752
253629650
99488976
130028758
249697496
185865434
253236445
127014109
63837407
195564768
42341603
150738147
5510373
110892259
109712615
56759528
76420327
228988139
111285484
40768751
172496112
99489009
133829874
116004083
245765366
195302646
67507447
136713468
132125952
76682497
108270851
190584067
13767948
150738191
111285519
103814419
106304791
207230233
150213913
263066905
206837021
253629727
81138975
111285535
216405283
4068645
113775909
84284711
19273002
130028846
72226097
132126001
26219830
144446777
247862591
90576192
111285573
164762951
201594183
222696778
96212299
142218575
127014223
76551511
184816993
252581219
192943468
66590065
19273074
206837107
192288116
22418805
14423414
87954806
65934712
57939322
216405375
263067009
178001282
227677571
13374852
128324997
251401606
111285640
88085902
183113105
8131987
50337174
135533974
186258838
2626969
116004252
160830879
202642848
48895391
130028959
56890787
192812452
190322085
40244646
398758
130028968
82187687
109319594
165680557
249304499
32380340
14423476
136713654
17438135
529847
70522296
192288186
529851
182457788
253367741
1578425
182457792
86513088
140776898
73668035
249304515
176166342
253367750
98178502
136713675
182457804
73668044
192812491
111285708
182457809
147854802
529874
199235028
116397525
19928534
4330973
84547040
130029025
63837667
253367780
203560421
128325095
182457832
89265641
71177705
169219564
111285744
207230451
111285748
111285749
1578487
182457849
217323003
182457851
128325116
39851516
75765247
1578495
76682756
8001029
57939463
64230920
242750988
255071757
16258578
56104469
142218778
87299617
258610724
182457894
251401768
166073897
109581865
188487213
14030385
58988083
14030388
14030395
101455421
263067198
14030399
14030397
14030401
19666498
132126269
106305092
148641349
142349894
153359935
159127112
135534156
39851596
13637199
254023250
76682836
37885529
146151002
52303452
146151006
212080222
262936160
213522023
43914860
25040493
38147697
178787955
150214265
106305146
95295101
142349951
42342017
160831106
111285890
42604163
106305157
135534214
212080263
153491082
153491085
153360015
99358351
148641425
153491092
58332820
55056022
104208023
181802649
192419482
108926619
14423709
106043038
113252001
184424098
165680804
107615913
181713351
92804779
181147309
76682926
196744878
212080304
76289713
107878070
175904439
150738616
241964729
127014586
2758335
134354626
198186693
109319878
182458055
182851281
109319891
212080341
132126422
213915351
129504984
125834966
201594583
57808603
56104661
50730723
242751204
75634407
129767146
111285995
175904490
263067373
23598835
117970677
123606774
9443065
219158265
153491195
191371004
144709372
50337531
174855934
19404541
153360129
67901186
175904516
150738693
145495814
117184262
137500423
190229793
207755027
195958547
106174231
195303193
20584219
129767196
159127325
192419614
79959839
57677601
108926755
128325416
116004653
210507571
35526451
165680951
150738744
40769337
60167993
183113531
123606842
171185981
132126526
249173826
128325444
211294024
108926792
171185992
84416331
174856011
249567054
175904591
76289872
73406292
117184343
249173847
133568348
73406301
128325472
253630304
70784869
90576741
206251531
106174316
252581742
216274802
127014770
80353144
35526521
125835130
167909243
249173885
197007230
249173887
175904645
208410504
249173896
129636235
145495948
162404235
122427278
159127436
249173903
249173905
145627026
81139598
145495956
133830548
249173910
135272346
153360283
127014812
129636259
134485923
251926439
249173931
140777388
116004782
93067183
53221297
57939892
211294138
15341500
42866622
249173951
171186112
26089406
206837698
15341507
263329732
120068035
209852358
15734726
249173958
5511113
50730953
58202058
31594441
5511117
49289165
145758159
117184462
115873745
128325585
183375821
199628756
249173972
19929043
35526615
200939480
109451218
109451221
111155163
10754012
2758623
91101153
120068067
249173990
251926503
95295464
111286248
34478057
251533291
120068075
76552177
4331507
116398070
205002742
84416502
72751097
135272439
153360374
120068089
34478077
216274941
249174015
204871671
249174019
249174021
14292998
9443336
120068106
99489803
249174032
158078993
75634706
112203793
168826899
55711765
120068114
249174037
130029592
207493145
249174038
204871707
245766174
107091998
188487712
200022049
67901478
111548455
175904808
249174054
150738986
76290092
249174061
263067695
217323568
77600816
249174064
116004917
31594550
170399799
169744439
100931641
35526714
76552251
108140604
120068156
137238590
249174078
120068153
177477697
249174082
151525438
45881412
181803077
8263751
215838557
176560205
176166990
191764557
249174093
2758737
8263763
249174100
76552277
249174101
8263767
50468953
111548506
120068186
8263773
118102109
120068189
242620512
8263777
129374304
8263779
153884771
5904481
162404454
253106273
55580776
249174113
120068199
99489899
70654058
262019181
55580781
72751215
120068207
22550650
242620538
138156157
225974398
53483647
199104641
90577025
399492
4331653
184817799
140777610
213522571
249698444
253630605
213522577
199104658
93067414
158210200
251402392
67508380
75634847
31201442
55318691
14948516
160831653
140122275
208410791
99489958
39196844
200415406
66721969
253630644
200677556
399543
5511351
399545
225974456
127015096
204871868
103815357
80484541
158210239
135272638
204871870
204871875
135534788
204871877
51255494
204871882
127015121
158210257
76290257
77600981
103422167
14948568
98179288
112203991
24910043
188487900
107354333
28055774
73668829
52173015
67508451
132126951
129636586
127015146
128325868
199629037
129505519
176560367
130029809
4331763
50469108
158210293
120461557
245766400
133830913
127015171
79960327
247994632
92018956
200677650
39852313
73537817
3676443
212211995
155326750
103815454
2365729
125835554
67901732
190454053
158210343
103815465
112990506
183376171
158210355
132127027
190454068
171448627
2365751
129347366
145234234
171448638
112990527
145234239
101980480
129347368
129636678
31594822
190454087
7739723
111679820
58988878
77601103
171448654
112990545
207493461
27662678
162142551
128325976
112990551
43784540
175905116
108140894
171448669
197007712
200939873
2365793
112990564
179575141
68688231
173973728
44833129
13900137
100931950
106174832
190454130
112990583
39721336
399737
82844026
112990585
112990587
133831035
96999802
2365823
112990594
22026627
56629638
68688264
190454155
141040011
68688274
128326039
138156439
2365849
207755675
155326876
158210465
162142625
184687011
68032931
251402661
69343653
69343655
112990632
102504873
177084840
63576491
69343659
248256940
103422382
140122543
43129259
73537969
115874220
242620855
251533752
39328186
171579835
101587388
170269118
127670718
197007808
80878016
69343682
101587396
2365893
253106630
158210503
99490247
167123401
112990660
49289675
77601224
158210512
19929554
213522900
2365911
103815641
145758682
23599580
207493601
214702561
99490273
251402730
112990698
194124266
112990701
39852531
57809396
157030905
251402746
3021307
197007873
177609217
155982339
111548929
197007877
173414917
147724807
138156552
147724805
197401099
111548940
41294353
46144017
251533844
73538069
5773845
39852567
145758740
41949725
167123486
101456415
205003299
26745380
59513379
101456420
132127271
101456425
164764202
67901993
207755819
242096685
127015470
197401133
197138992
212212270
112990770
111548979
43391534
68819507
197663286
171055671
147724855
531002
4463163
154278459
4463165
111548993
531011
147724868
4463175
72751688
112728650
80878157
114170445
249305680
4463187
128588372
101456469
101456468
147724884
4463195
101456476
183114332
43522653
76159580
21109344
249698912
31595106
147724899
77601380
250747493
44309094
159259238
82844264
136583784
230038124
13769326
116005488
81926770
31595125
159259254
135273079
35920506
111286907
157031036
92019324
112990844
10099326
195959425
101456514
27531908
116005510
38541959
101456521
125835913
230038155
16259724
117185161
176691854
99490446
54139540
138156693
230038166
46144149
155327128
129374873
176822937
16259736
1579671
140122775
253106841
59513503
200940192
41556641
147724959
129637027
133831330
6822565
104209062
16521899
182459059
263330483
157031093
207362742
101456566
25041592
263068345
82188982
159390392
105781949
206838465
207755969
101456580
172104389
207362757
111549126
147724997
199236297
117447370
101456587
173808330
112990925
147725004
192551632
32643793
105126610
181803731
101456595
173808341
77601492
199236311
138156762
57678557
99490527
101456608
179575522
204610275
74980071
200940265
194517741
147725039
82189041
64101110
212605687
101456631
111549176
192420600
151526135
147725047
147725052
143399678
143399679
50731778
151526148
194124550
101456647
57809672
143399690
174594827
44833547
101456651
34741006
37886734
162405131
147725067
147462926
11410198
101456663
144448281
195435290
147725085
34347807
107223840
76159782
140778280
147725099
147725100
253631275
263068462
101456687
138156848
22944560
155327283
143399732
171186995
13900598
49158966
72620860
99490621
147725119
201071426
54008643
138156868
147725122
35920714
54008651
54008653
36576078
251927377
152705874
138156883
205527890
117971797
31595351
101456730
9968477
106175325
122559328
73276258
76159843
117185381
164240230
101456743
262806379
120462193
263068529
147725169
31595383
192420729
70654842
192158588
121248640
248650625
195435393
141040515
158604164
147725189
116005763
127671170
246160266
13638541
74455951
139074454
101456792
194124697
101456794
253107099
156113819
16260002
58465188
103816103
101456807
199236519
242752429
172497837
39852975
16391097
162143162
103029692
249961405
39852989
251534272
126229443
73669572
57678790
122559431
263068616
49290183
79829963
10230733
138157006
103816143
143399888
137239507
253107155
120462293
101456855
229776344
116005849
53091290
143399899
253107164
400349
101456860
195435481
76159963
181804001
132127713
72621028
79436775
138157032
145497067
40508396
172497904
58858481
90184691
143399926
58072056
41163772
166075391
109583360
39853057
101456899
181804038
143399945
76160010
48110607
126229519
8526865
131996689
37100562
101456916
101456917
9837590
204610581
206052375
249568282
226106395
192945182
144448543
173153312
136059937
188750888
90184749
263068719
76160047
101456947
126229556
194124855
20192311
34741305
143399995
92937276
8002624
35527744
101456963
86252612
186653766
143400008
197139528
127671374
8002639
126229585
34741330
118496340
60169305
224402522
160308315
79436889
141040736
263068773
216931432
188750953
13376619
161619052
107617388
129768561
57285753
247471225
70655099
58989691
118496378
143400063
111549568
27532417
121248897
167124097
74980484
56368262
59513991
79436937
143400074
68426890
13376651
105913483
158473359
186391696
53615760
155065491
135797908
127671448
110894233
96869530
127671453
184294558
38542494
13376672
169876641
138157218
263068834
169876643
58858655
17046694
83631268
105127078
155720871
156936162
101457067
161225900
228990124
54009006
24386736
101457075
143400117
117185718
141040824
141040825
73931962
34741435
195304636
67902651
34479288
194124995
63839433
82844873
194125006
94117071
135797966
144448722
72752345
195304668
128326877
176823518
99884257
13901026
159653089
45620454
177609959
138157288
121249001
132127979
249568491
34741485
226893038
111549682
212606196
104078585
69082366
42605825
48897285
14294282
107708967
14294285
173677837
123870482
48635156
181804309
48897302
1056020
48897304
123870489
158473498
81927450
129768734
251534623
116006176
40115489
102112547
132783395
141040931
143400230
8264999
129768745
112729386
230300971
162405676
68689200
212868402
20585782
176692535
188489017
207494457
212213051
193207611
80878909
128326974
67902784
176692544
125181251
63446342
194125128
54009162
181804365
186260817
180231507
167124308
58858837
105127254
170270037
67247448
152313179
68689245
167386462
56761696
204610915
249568611
245767526
120855913
106569068
3022191
111418736
3022193
94641521
57810291
173153652
4463989
123346294
76029302
192290171
13901182
138157439
128327040
138157441
184294786
109976958
111156612
181804414
263069062
93068679
57023880
163716489
195435914
230038923
79437188
173153670
163716494
53484939
96476560
11279760
161226135
82189719
16260504
204217754
105258402
161226149
179707301
161488294
96083370
23076268
188489132
133832108
262806960
27663795
34479539
103292341
44834230
118496693
144317882
34348475
15474106
138157504
111680968
247340491
186523086
39853520
204873169
54795735
48111064
76291545
202907096
126229980
123870685
2366945
206052834
3022307
253631974
171056616
252976620
2366957
72097262
32251375
24780272
118496751
133832174
28057075
126229998
146021879
2366967
134356472
158473719
205528571
149429755
37101050
126230010
193601018
49683969
68820481
115613186
186260998
9444874
138157579
162143759
200678927
80879122
100146706
202907159
86515224
132128283
253632030
138157599
117579296
77602335
115613214
90709540
57024037
159653413
3022375
176823848
111549991
262807078
141565483
113253928
113253929
15736359
195305007
168566321
3022387
48897589
80879157
3022391
130817592
193207863
192290366
248782399
86515263
3022401
160439875
192290371
128327237
200023622
113253959
76291656
181673549
195305037
53091917
111550032
2367057
192683601
253632082
144842325
141041238
86515288
121249371
138157662
262807135
108928607
39853665
34610789
74849895
105258600
117579370
228990571
72752747
141041262
193207921
9444980
19930741
52698743
58728055
22814331
103816828
66461309
73408123
193207933
35921536
13377150
192683653
55844487
75636363
197140107
132128400
196353686
48504476
159915677
139206303
138157728
192290466
124395171
58728100
40378024
117579435
225189551
15736496
205921973
169310767
84287167
17047231
76029634
262676164
111288004
106700492
80355021
165027532
165027534
106700498
252190419
37363410
207757014
184295129
204611289
195829467
128327388
76291805
133832410
42475227
72752867
139206374
17047271
165027562
132128495
206839536
67903220
149430009
224141053
253632254
73408257
49291021
109059855
25042704
192290581
44834582
3415831
139206421
135798553
139730716
140779293
139730718
199630621
44572448
157032224
181804834
188751651
2105121
109846309
165027621
194125609
120856367
247471922
132128565
229777208
109584188
162537277
205004607
165027651
109059908
138157895
109059916
79437645
82190158
176693071
96608084
130031450
63577954
22028136
128327534
35921775
118497137
200729006
249962357
82845558
204873591
139730808
164241273
212213626
201072502
201072508
201072500
152838014
201072506
117579650
10755971
58204035
135536515
28057477
108404613
188620674
165027723
105258892
192290703
77602705
162144147
191373204
165027732
204611482
5119899
71311261
75636643
53747620
120856485
9969571
112336807
141041575
195698598
14950314
9707435
28712874
181804971
121249709
132128685
192290736
28057521
186392496
15736758
204611514
199106493
131473341
103817152
54796225
192946113
11411394
180232133
133672262
181673931
139730893
117579733
157032407
58204122
245768155
26091484
88874974
242753503
109060063
74325986
199630822
242753513
162144234
22028266
225189868
154148847
67903471
111157236
67248117
176037877
67903479
75636728
86515708
245768191
66461696
98967555
9707524
9707527
173416457
59383817
200941580
52699149
179970062
52043793
8265746
9707541
111681558
35921946
20848669
91758623
68821024
29892642
201145866
197664806
15212583
178004007
128327724
94773294
191373361
162537522
11411505
235544629
66723893
1581111
168042552
194125881
242753592
66592828
192290877
109060158
1581119
204873791
201145872
94773315
34349124
131473481
116006985
152838219
35004496
242753617
131997779
252715091
247996503
252584028
168829020
76030045
255598691
212213861
113778794
6299755
60039276
94773355
33431663
211951728
9445490
34480244
247865460
81928310
130818164
74981497
262021245
141566078
76030080
54796420
201597060
49291398
176824455
170139786
38936714
217718926
95035534
79437969
111550610
145236115
26313751
19931288
11673754
197664926
178004126
251928736
106700960
141041824
125968552
35004586
38412458
94773420
2498737
104341682
199631026
19407028
251928753
189931703
102768827
248783036
197664956
198320319
91627711
170270914
131997896
144449737
114434249
20243744
197664974
94773455
4071633
103817429
20324565
114434261
39854296
158867671
48505047
165028059
174596316
401629
9969888
171057376
401632
157425892
198320358
89792743
195305705
94773481
48898284
202514671
50077937
401650
158474484
36446452
162537718
67903735
117580026
112075005
162537725
199631104
184295682
75374851
84287748
183116037
195961094
151658759
253108488
66593027
211296524
26091790
198975761
159392018
192946453
21635350
193863962
68165919
401697
248783139
162537763
199106856
19931433
21242158
251535666
16654644
67903799
102900025
16654650
174596410
186655033
138158396
188621117
75637055
202383680
195699009
139206976
401731
43000131
102637894
44572999
253108553
90192256
102900046
38412624
26091857
73539922
44573008
204874064
4333909
109060439
251404633
198320474
120856930
12722532
195436901
67903844
156639592
72753518
252060015
401776
162537840
4071795
251404660
253108597
120070519
50602363
96608637
207888772
90710405
123478406
162537864
246161802
197665163
159523212
94773649
145629590
6300057
212214170
191373724
109060514
247341475
7086501
197665191
247341480
90841511
71049642
73408935
159654315
252191149
179970479
192422321
183378354
111550902
174596534
100540858
117973435
217719228
191373757
117973444
64233928
251929033
109322706
117973458
157426132
167387605
94380500
5120469
173154776
122560987
141042143
159523297
181805539
118235620
147857893
94773734
89792998
121250280
249307624
217719286
262021622
94773752
57680380
158867964
52044285
195961342
128328192
111550977
122561025
211952132
249176582
87564807
67904007
248128009
262677000
80618001
251929105
188490260
192946709
181805593
262021662
189538847
117973548
189276718
81928752
109060657
262808114
248128051
136978995
48636468
81535538
74195510
11412023
6300217
216277562
139207227
94773820
26616387
111551045
2892357
94118472
117318219
111551052
162538069
125182559
246162015
117973609
35922541
211296879
262808178
86516339
248259188
162407033
162538108
3678847
80487040
74982017
200680065
162538115
248259208
97002125
75375246
68821649
115876498
159523474
111551122
159523477
176169625
200680091
53617310
262808222
27665059
139207332
2892453
162538151
59253415
163848873
54010538
135537324
94773933
204874414
44180145
14688948
176825017
217195195
159654588
248783549
186348703
48374467
208413380
31597253
173155012
21373639
90972870
262021830
190194374
74457796
143139533
188621517
81928911
262021841
135537362
3678931
249570004
81928917
31597268
99885783
158474964
173155033
209986266
195961563
163848922
118498013
162538204
143925983
196223706
202253026
38150888
248521449
81928936
67904237
136979183
109060848
125838066
119415539
35922676
2892533
63578871
124658424
3810041
262021882
73278204
165683964
262021886
90841852
87827196
183040166
111551239
144450312
87565064
111551247
196092687
87958289
74982162
13771535
116794132
118498068
249963283
191505175
203957016
60695321
249570074
67904279
93463324
141042460
139207453
73278241
249570081
20063010
66724644
249570087
95036200
184689449
3810091
242098990
164242222
67904304
109323058
70656819
182461236
53486389
262021942
76161847
67904308
74457907
249570106
76686139
67904314
98575166
249570112
109847362
198452035
215098182
197141320
76292937
252584778
48112457
167387981
67511120
141042515
228991828
134357844
191374166
207889239
249570136
120857433
162538330
6300507
251929434
40772451
193078118
157426535
192947049
70656879
249570162
152839026
248128372
109585278
132129662
81929086
199869510
208675714
2499461
134357894
249570185
139207561
81929097
71050122
44180365
164242318
201146040
203432848
105614908
63841187
164766630
195175338
199631790
167125934
251536304
151921591
92545976
171451326
111551423
146285507
141304772
58729420
12067788
143139791
176432080
6955983
262022100
204874709
206185434
150610907
195175388
134357981
94774234
191374303
250356704
198321121
31204322
130032605
214705125
162538470
162538474
42869739
111551473
252060660
74982388
174597108
105260020
44311544
148513790
72754176
248652802
262808578
89007108
151921669
152183815
12329995
184689679
44180496
57156628
108930069
19932181
93201433
128328741
220865574
31204392
181806123
39330875
91759675
77734973
31204413
111682623
9839680
48899139
159523919
10888274
117580885
197534807
171320411
78914655
139076706
73540709
189539430
100148328
172500076
100148332
31204463
31204467
128328823
96609400
251405436
128328829
131998845
89400449
42869891
189539465
55059593
76162192
246162580
73540756
197141654
184296596
162538648
100148377
106046619
162538653
72885407
66725024
3679393
173417632
1189027
249570468
124265637
73540773
77604002
207758506
169354413
56108208
52700337
73934001
57156787
203039925
171451574
89269431
207758520
75637945
82846907
140780732
135537853
72623295
112862401
158868674
110109891
150611137
74982597
262022344
152446156
35661008
119022802
140125396
248784087
169485529
170927321
67904732
143140061
229778659
44049636
191767782
176825576
217195758
99886320
135537904
100148467
135537911
1713403
38544635
192423164
176825601
172500230
67904777
167650571
251929870
99886351
402706
203957523
198321426
44049686
31204631
20587802
203040027
94774557
150873374
172500255
251929889
200680738
74196261
62793002
249570604
171320620
125838638
73934127
68822320
152446257
162538803
103294260
119022900
208414005
37758263
52700470
150611253
98051386
111551802
20063548
173548860
132130109
203695420
169747778
91628867
94774598
39331143
217195848
140125512
195306823
76293452
76293454
150873423
53224795
94774619
113255774
3548511
214836577
179971428
217720165
6038885
129639785
202384746
31204719
62399857
141960562
73278835
111551859
164767093
253502837
217326964
103294328
190195064
249570682
72099186
132130172
6038905
25699704
117974400
195962243
56239493
111551879
111551883
134227343
134227345
134227347
50341268
134227349
151659927
21374359
206841242
212477339
45098396
110896543
73934241
89269670
169092519
145499565
97002927
136717749
158999989
201074104
262022585
219162046
136717761
74982849
145499586
138159555
21374406
247342539
207758795
22029772
72623566
141960657
80487891
95036883
21374420
121775573
76686807
202515928
242230745
94774745
135538136
181806556
249570780
94774750
44312032
72885730
249177573
33564134
143009255
176170471
136717801
117057003
103949807
203957744
105522671
128329203
67905015
143140344
162539003
197535228
195962365
193603073
249570818
145761795
193340931
26486275
117581316
40773126
193340934
119023113
181806608
187966993
246162964
100148757
132130326
172107285
190850581
87827998
105653792
217327141
76686887
217720365
193340974
124266031
143140400
193340976
141567538
76293679
76686894
101459509
106047030
141540164
47982137
9971261
205006400
123872833
193734208
206841417
26486347
195700300
116139595
119023182
181806667
49030738
119023191
113256025
67905114
14296667
94774879
54404703
41166433
2500195
54404708
49030758
54404710
108799592
54404713
103294570
108799594
177481322
263333484
54404717
143140463
79439475
34743924
72623731
31204979
119023223
195438206
182462078
43001471
196093567
117974654
130295428
110896774
54404743
252585610
140125837
54404750
191506065
94774932
111552149
100148889
216278681
44836508
53094050
141567651
102639268
34481827
127936171
119023281
100148914
132261559
136849081
141960890
246163129
119285436
108799675
135538367
144320192
192292545
73934530
91629253
214050504
152053449
99624649
106178251
76162763
255076046
217720527
127936208
119023313
90842833
159786708
180365013
217720537
100148957
251274979
12330724
34481894
53880553
181806829
251930351
263333615
124266229
67249913
153495292
73934589
242099966
110896894
160835330
119023366
67249927
117974792
7612169
25700105
196486921
252847881
255076109
217720590
77604617
22030090
181806865
67249931
249571091
245769999
75376405
113256216
22554396
179578653
194127646
205924124
16262945
263595811
198453030
73803559
403240
190588715
22554412
22030125
67249964
158213935
112863023
67249968
1058610
176110659
160835380
67249972
1058614
67249966
214968120
94775096
111552314
85468986
217720636
202385213
1058622
124266301
67249978
76293955
116139844
1058630
67249992
51390281
206841674
77604683
1058638
146286419
29108052
44836691
1058646
117974871
155592536
86517592
21243734
193341270
130033500
30156639
72886114
82847590
1058664
1058666
1058668
1058670
209856366
111552368
197142383
1058674
152840050
81012596
87959407
1058678
15738743
1058680
74196857
252847992
77604723
1058684
77735804
242100094
108930942
77604734
71182204
81012610
1058692
199239556
246163334
252061575
108799878
197535634
181413778
99100564
249964437
42739607
145237911
217720730
84551579
113256347
135276445
94775194
205924250
171321245
263595938
253241253
103950247
181413801
58730411
162408366
112338862
192423859
57419700
152053685
167126966
89270197
251275201
242755522
205924290
74459076
120465352
135276498
189147093
186263509
113518556
263202781
134359004
55584735
143009760
181413860
217720805
48900070
128329703
199108584
43001833
67905514
255076331
113256426
263202797
77604841
206841834
252585968
248653811
207497203
68823029
243017736
111552520
112863242
246163465
115222540
192292875
5908493
152446991
140650511
534545
123873297
155592723
171321364
171321365
192292889
1058844
196487197
192292892
75376671
36448288
217720865
34744354
191506467
177743908
154413091
192292902
191506472
1058858
1058860
192292908
1058862
206841903
115222577
155592753
1058868
248129588
99100727
82847800
208676921
74459194
213788731
1058878
167258178
248653892
1058888
84158538
77604939
403533
31205459
1058900
19408981
155592790
166209624
217720926
246163552
1058914
190589026
1058918
214837352
77604969
183117929
59385965
207497329
111552627
122300534
90056824
2107513
110897275
104867963
178268285
169879678
190589055
68823168
20326526
249309313
113125508
109586565
255076485
190589063
82978951
192292998
206841991
23079051
192293006
252061841
222570641
23079059
113256595
221784213
77605013
67905688
403612
22030494
117975198
119023776
203434145
102801592
263596195
111552678
101984426
134883499
195569838
217196721
109062324
94775477
14952633
117975225
14952635
134621372
52701373
189671609
11413697
14952645
196094150
189671621
14952649
207497418
119023819
19409100
14952653
26093771
70133963
111552720
173811917
114698445
33433802
207497428
15345877
146286807
115222745
122431705
94775514
195963100
249309405
84158686
4466911
109062368
188492001
153495773
208677092
14952677
136849642
25700587
188492012
263334125
94775538
136849651
205531383
249309431
217721081
14952697
173418745
140781820
114567419
29239550
113912065
54405379
198584579
172501253
50604291
201599240
173943049
186394890
197142794
248260876
202647819
207497486
23210255
19409169
53094674
155592979
11855558
31205655
50735384
160311577
93858074
36841753
206842138
31205661
48900382
171321631
15739168
146286880
112863520
54929693
144189723
153495845
191506726
178006302
190589224
242100523
128330027
91105580
169093420
38414641
9840949
100149557
171059511
198584632
138029370
100149563
34744636
196225341
189671739
152185151
66726209
186394946
102115650
75639107
263072069
56371525
139602244
34351435
73410894
113256783
159000911
67512655
43002194
111290707
109062484
58599763
16263508
252586323
136849747
148908372
145762650
249309530
206842204
115878237
90188125
67905885
173943134
42608991
115222885
109980005
31205733
255076711
252586342
84158827
168831343
41167216
145762671
92809586
193603955
54405491
3549555
119023990
170404215
119023992
101591415
250095994
143403379
113912183
31205756
207497596
153495935
114829696
206842234
109193603
167520644
100280713
77736330
111946123
56371595
172239245
91105680
26618260
17967508
209463700
252586390
144451992
20064662
178006426
111552922
205531548
34744731
157559194
252586397
207759776
77736353
119417250
115222949
90188198
121645480
83765673
139602344
58862000
67905968
56371636
95037877
121645494
205007289
184822205
141961668
213920197
217721285
101591492
84158923
203434444
31205836
94775757
196952054
242756048
206842322
252586453
169486806
39070168
203434457
183249373
167127517
136849888
241183208
26225129
10365420
114829805
242756076
208415217
135539188
6957557
136849910
46017013
107227640
112863736
143403516
166210046
139602432
170404355
166210052
48507397
159263239
173812231
31205897
94775815
46279179
171059727
101984790
213527063
103295512
70527510
207497754
197798426
70527517
199109152
155593251
157559334
67906087
136849960
106048046
84159027
135408184
109980219
172239420
139471421
155593278
90712647
263072328
251275851
66988619
84159054
146287184
116402768
95038034
119286355
198584915
198453848
248523357
248523364
46148200
116402795
13904492
116402797
204876398
136850028
201861745
121645682
46148209
191638132
144321140
144321142
39201399
54143609
7219833
212478587
90450555
195832446
170404492
119024270
57992977
67906192
251275924
117582485
188623510
26749590
10103450
117582490
94775962
87960221
170928797
120466079
92809888
117058209
159263394
191638174
192686756
262679207
204876459
148908716
32909998
251407027
248654515
251013813
147729078
29633207
170404536
120859323
115223228
213527229
71183036
48507583
191638209
115223237
194128584
2108105
122301128
58731210
196356812
262679245
52177616
54930130
14953174
170142425
53619419
119024347
122301150
55454431
213527264
169356000
207497952
252062434
191638242
71052011
84159212
213527277
49031919
57813746
119024373
206842620
191507198
217328383
251931393
253242116
111553286
207760135
136850186
110897934
10787544
14035729
2632465
115223315
174336789
58338072
202648345
208284442
54405915
95038235
86125338
34482975
188492576
74197793
15477537
136850210
253242149
58731302
180103973
182987561
50735914
136981294
188492590
92547891
106572596
192424756
147729208
10365752
208415545
198978363
41823036
246164285
34351932
197798719
176696128
191769409
94776124
193735483
208022339
138160968
166079306
63449931
143010636
115223373
47328075
33434443
90188627
177220439
198978396
263334749
71314268
263072607
67906397
76819295
148908903
157559655
7220077
2108271
197143408
46148467
215100278
157428599
229780344
155593595
138029947
58600318
173812607
38415233
20327306
7220111
77081487
145763218
136850324
188492693
13773719
163720089
115223451
153496480
104082337
55454625
101591972
46148516
34352039
88222632
212609963
137636780
184298412
56765358
171715502
145763249
196357042
55454643
53750706
13118385
58862518
102378425
138030010
84159430
102378441
180104139
59386827
51653581
180104144
205007825
15608790
138030038
54406102
179710937
106048470
26356696
157559775
102509536
145763296
92810210
132131810
215362533
262679525
179710949
117582824
41167849
64236519
86256617
36711404
86387692
251931630
9448432
41298931
120859638
260058103
105655289
180104188
34483201
167652355
188492806
185871366
242101256
180104201
77605895
117582859
180104203
86256657
180104211
169749524
204090388
535574
190852118
94776345
205007898
114056051
251276317
74198046
132131871
138030112
196226081
193211430
191638567
16919594
199109677
207498289
68824114
91630645
158215221
216935479
68824120
84159545
167128121
211299389
216935486
147991615
147467328
111422531
86256713
248654921
173419596
162540621
120859726
188492878
173550673
24390739
214838363
7351391
54144095
197799012
7351399
137636968
7351401
262679655
151923815
144452716
90188908
39332974
63581294
174861427
13118581
8006774
213920887
51653752
137243768
197143670
191638650
43768914
84159614
245771390
242101374
246164609
104868994
248654978
109194375
8006792
245771399
198585479
81403263
186526860
8006797
52309135
137243797
14953622
143404182
89795736
97004698
70528155
14953636
90188965
8006820
14953640
70528169
14953642
44182698
153496748
198585517
122301614
194784435
259534005
102116534
51653815
184429752
129641657
122301623
121646266
110898364
180235449
41299134
16919743
94776512
77868231
207498439
204745928
9841870
113126607
252062931
76033238
120859870
27536607
41299168
102116577
187051233
48508131
188493033
191376617
10759404
137374958
159263984
52178161
26619126
182463735
10759418
203435258
10759420
213527805
213527806
10759422
10759424
95038718
207236354
213527811
75508995
144452863
24390917
213527817
115223820
94776589
186526990
174468367
171715855
189541644
248655119
213527829
157560085
192294168
213527833
177483032
194784537
108932380
109063454
102378785
20458789
198978855
171715883
117583148
208678187
198978865
120859954
83766578
253111605
10366261
117583159
77868343
152448321
108801346
253766979
92155202
117583175
138030410
191638869
96873814
43003224
169749851
152448350
70659422
213527904
183250273
201862497
263335270
59518312
208678249
150351209
171715950
48508271
48115056
117583217
31337843
34483572
208285044
80620917
204877175
115223931
117583228
121253246
242101631
136850814
159264130
128724357
213921157
243805574
189934984
39333256
143666573
185871762
199110035
152448406
249965978
191638940
183119265
121253282
70528419
120860074
121646509
87961007
191638962
191638963
94776758
115223994
141962684
109850045
111422908
104869308
194129342
128724418
22293956
128724421
181153221
150351303
140520902
260844997
153497034
198192594
191638996
15347157
242101718
181153239
183119320
241446358
174468569
6303195
194129372
191639007
183119333
76819944
170405352
128724461
10759662
41823727
10759664
117583344
204877299
91106804
130166265
263335421
159264254
144453119
166473215
122301953
75640322
107359746
128724489
110898699
132132365
62402064
222309908
181153300
14298646
208678424
10366490
162541082
162541087
405025
23211553
152448547
154414628
117583395
120860198
177483302
152055336
192032291
51654187
104738355
191376947
117583414
186527288
173551161
28323390
243805759
43003456
87043648
154414659
102379076
74985029
198979139
126234183
192425545
116141643
181153356
68955724
173551185
46804563
173551187
250097239
174599767
102379097
242626138
138686042
11677271
173420125
185347673
154152542
51654240
156118624
155463259
54931043
191639131
139472485
111292005
201600613
111554149
91369059
117583467
115224173
191639154
74854002
178007670
79572598
217722490
194129533
167521918
191639166
144453248
194129539
83940550
174468742
263335560
37891721
202387082
144453260
90189453
167521935
143273615
191901328
140127891
167653014
42741399
174468765
176434848
171716258
19803812
247344805
173944486
248786599
150875817
90189483
128593580
70659756
250097325
104869551
242757293
120860341
140652216
181153465
216280761
196095672
249966265
405177
185872062
109981374
102379203
216936131
191639239
249966281
76295882
16264907
181153486
16264914
45100754
405202
195964627
31993555
144453337
86388448
181153509
4730597
187838181
191639272
213921513
58470122
191639270
41168623
129380082
187838195
199110388
167653106
95563512
28323577
29634298
188624633
115224317
115224320
154152707
144453380
210513668
150875908
154152711
86126344
263335690
164376332
187182865
34352913
76295954
156118804
133574422
72101660
51261213
121646878
222703393
159395621
87043877
93204263
197406505
213921577
246165290
122302252
120336177
199241521
115224371
116141875
208416565
252325686
154414900
181153592
119418677
51654457
188624696
146026299
248786749
214839102
179711807
171323201
21245769
2109259
117583693
248131406
22294351
245772111
122564433
184823634
191901522
72101718
174468953
136851292
181153632
171323233
109588323
193736552
205533033
135147370
195702635
215101292
75378541
205533038
26619756
145370992
199241584
100151153
248000364
54931316
178007919
93597558
202387319
102117240
74985337
112078714
171323259
154414972
191639420
144453505
191639426
171323268
119943049
198455183
7614351
119943057
87043985
190590867
41430934
171323294
115224479
2109343
75378593
177614754
54931363
35008420
171323301
205533091
205533095
118763432
191639462
74461095
87437228
193212334
38678448
192032689
180105137
73674677
118763447
118763448
159133629
243806142
117583807
144453571
71053251
74985413
172240838
199110599
205533125
186527689
68562890
20066249
199897036
189673424
70660049
72626129
10104787
121647059
121253843
115224534
205533145
91238363
56766431
174469089
191770596
191639524
49295333
73674727
117583848
202780650
211300330
119943148
119943154
208285686
116666359
117583865
146943994
117583869
252719102
199897090
78917634
208416773
173420549
146288645
115224584
193605642
191639564
114831374
19673105
199897106
57159698
215101460
105787412
103952404
215101463
161230871
183250968
215101466
137506842
109850650
92155932
170405918
180105246
208416800
199897120
186265634
74854434
185348129
152842276
199241762
81539111
122302498
798761
6697005
191639597
101855279
41824303
215101490
199897139
93597749
189673526
168833081
2764859
10367036
32649277
263335998
75378750
115224639
75378752
75640895
51654719
75378756
215101508
105394241
115224647
36319304
26357826
199897162
181153864
122302535
192950350
117583957
54407255
74985560
100413529
215101530
144060506
137244760
114307159
112210007
122302556
216281184
51654750
96874594
215101539
173944930
93597794
81932390
193605735
193605734
134885481
146944100
157823083
189542508
263336042
94646380
95170671
87961713
215101560
161493115
215101567
143274113
35795075
173944965
1060998
148910215
215101576
111947912
109850762
59388043
128594062
130429070
205533326
104870034
215101590
146944150
117584024
32649374
183513251
215101605
263336101
191639720
152318121
177483946
119287981
115224750
44183726
162148529
59388082
51654836
132133044
108540087
134885560
20590777
197537975
152318141
119943358
20590783
125710526
6041789
7221439
109588675
55062727
181153992
207368392
177221834
48509130
119288009
262811853
162410705
93597905
150614230
199241945
145764571
177221852
205009116
104739038
34746587
178008288
82456802
86257890
260059364
147992808
176566509
215888110
215101679
58470639
128594161
263336175
24916211
215101684
204872097
25964792
208417016
252063995
93597948
150614268
186134782
59519227
186134786
84685058
56373508
36450565
106311943
102641929
215101707
116666641
25309458
115224851
191639827
134754582
173420824
215101721
215101722
87830811
217329947
226898205
9449758
181809439
173814047
1323295
177221922
92811556
187183396
41300262
7483685
215101742
215101743
206319919
26751282
98185522
173814066
190591286
22819127
197669175
215101753
248656186
75641147
249966907
181809469
141963581
139604282
91107648
98185537
199897410
51523906
73806148
252850501
50475332
168702279
52179270
25964873
194785610
181809483
107360588
180236619
82456910
215101775
194130253
1323341
4993363
208286041
177221978
217198939
140783963
44314973
182464863
48509280
208286048
186790242
110899557
15610220
191770988
199897454
141963631
2371949
119943535
215101812
103297398
119943542
100544889
202387835
215101820
93598075
43921791
215101825
187183489
215101827
82456962
191639939
263336323
202387847
113914248
87044489
132133257
91107721
126235022
191639951
72626583
154153372
10105245
46281118
173945248
191639968
179712422
21115303
215101864
191639980
121647534
127152562
192426422
7614903
132919737
52703674
93598139
245772732
105656761
184824255
262812098
195572163
262812100
215101893
87437766
150614471
171717064
33305029
262812106
205926858
245772745
7483853
9974227
161493461
115225047
262681048
162148826
176304602
75510236
55456221
66204129
191640035
90870441
22295013
118895078
196096488
183513576
188756461
73675246
248787441
154153457
32518645
134623739
48116225
103690754
252588546
119288321
245772805
157037058
252588552
143667729
51655186
140522004
173552151
195703320
30028312
55153739
16658971
182465052
36450844
154677788
14037531
202388001
76165666
13775400
537132
191377964
121647662
41300533
208679478
121647669
74854969
25178683
29372988
137114173
125710909
56635967
68301377
70660674
57684546
13382212
242889281
128594502
212218440
189542984
145633872
59519571
103661788
252588629
197538399
119419487
139473507
537187
1716841
212218475
63582832
170275441
56111732
212218485
1192569
114700922
263336571
107491961
168833662
173814400
74330752
119288451
206320260
74330759
146289287
184300171
43922061
143405709
199111314
260059795
204878485
143667862
197669525
74330773
92156565
166081180
119288476
251015838
193999522
242102946
74330792
185873065
145765033
159396524
160576175
204616368
46765161
172372660
183906996
204616374
192033463
83767993
247345854
59519679
248394432
184824513
157823684
73151174
191640263
191640268
205009613
194130638
107360975
103297747
158741205
10367701
144192214
197538519
181940950
172372698
153891547
157037276
57160413
104870622
208286438
191640295
101855977
98579178
28324586
54014700
171324142
54014704
172372721
54014706
82457331
172372722
242758389
54014710
51655413
116142843
58864381
191640317
172372733
51655424
143405828
91108102
94384903
15348486
239350537
107098890
194523914
21508886
137638679
147731222
54801175
48247579
195703579
183907101
2372381
116142879
98186021
191640358
205009706
262681386
121647916
262681394
116667187
85078836
97923896
4600633
247345977
36451129
262550331
84423489
225194818
181113176
242496326
166081350
248263494
204878666
170275659
155202380
248787789
121647949
140784460
262681426
22426450
103822169
183907162
180892507
183513950
180892510
248394592
78918495
54932322
174601062
21115751
97923944
187315048
173814632
193606508
200815469
90583918
143405934
248787824
143405936
173814642
225194867
32519028
39334779
132133758
116274048
191640454
207500167
117584777
252982155
208286604
49034125
198587276
192951186
113390483
262681490
198587285
225194902
70661018
184693661
39334814
41300897
67908513
16266147
147993506
116143015
1192871
148911018
247346091
157823916
48247724
106574765
190460847
173814703
9450413
95564723
1192891
148911035
208679868
95247200
39334855
157823944
225194956
69612492
195703758
68694991
76166093
190460884
193213398
205927385
74593245
37893086
19805150
191640541
161231843
47199203
199242729
91108331
90321900
87569390
202781679
160707571
147207156
142619648
112866304
102118402
55456768
53228549
83637256
195703817
121648136
157824016
67908624
188494868
114963477
51524629
90059799
174470170
157037595
4207645
107099166
160314401
263074851
115094564
54932517
82457641
49165357
132133934
157037614
49165358
120861745
150877234
153498675
153760819
199111733
115094582
190723125
171848756
68039737
49165361
74593339
49165367
157037629
111948862
90321983
137114689
67908673
248394823
242496587
31601739
173945933
97253200
58340433
170275922
44053586
58864724
248919125
176698454
242758745
263337051
106312799
85079136
20853858
137114724
187184229
242627688
13120619
108409965
132134002
6960245
191640701
263337088
173421697
195703937
225195139
172373121
125973639
253113481
248394891
192427147
121648267
137114766
83768462
111424656
1717387
177747096
249574554
173814940
2765981
119813277
13382812
63976614
2241703
195703977
147993769
11023531
85079211
12334254
146945200
73807031
36320440
192033976
189936826
12334266
259536060
195703993
12334268
197670079
81540288
54801593
191378624
39335109
76035270
123930040
191640776
189936841
157824204
181417165
170276047
67908816
191640784
44184787
245773523
189936853
170144985
76166362
117585113
199898333
55063775
119420127
191640801
173815011
59520228
101201124
173815017
201864435
225195253
248394998
191378678
197801208
26359031
201864442
51262716
17052925
144192766
32257277
157824256
52180224
81540352
30684414
90322175
181417221
4207873
57160967
196197129
103560458
112604430
115225872
157824273
27538706
104740112
187184408
105657625
241972510
160445727
105657632
173946142
90322210
205010217
81933617
191640881
177747251
142226741
172242232
194393403
171193665
72627522
50738499
255079745
76166467
191640898
191640899
186529097
7091529
104740176
248788306
101463378
13645140
262550869
55194966
202782037
35403090
145372505
196197145
92681566
56767843
105657700
191640933
207238502
74855789
72103282
107099508
120468853
931192
166081913
177616251
4207995
93599102
85079425
225195394
252065155
96220546
145765770
191640970
217462158
146945423
191640977
191640978
173815187
206845331
181417366
203175319
58471831
191640984
107099546
121648540
207238557
169620894
16266656
70661538
120468898
168310179
931238
213923239
145765801
199898538
145765803
242628011
189674928
168834480
13776304
93599153
109852083
128857526
93599163
197670335
85079487
57685440
244331970
191641032
139212235
214840780
244331982
244331984
95172048
36582866
120468947
51394001
144192981
112866769
93599194
109983196
262026721
187184610
111949288
90322409
262026730
58471916
156644844
160314862
192165359
71054831
173553137
150877679
117585395
191641076
16397809
81671670
129644023
72139563
208287225
200947196
168310277
13121031
25048583
250099210
2766347
800268
142751247
92157455
110900755
159004180
184825366
129644055
157955608
77870618
800284
199243293
800286
145765919
146945564
50607644
248788517
83768870
171849255
13888246
83375657
156644906
203175467
19281458
205665843
58603058
259536438
81540664
213923386
190723646
87701056
225195585
212219458
42612291
14169666
15087172
15087170
15087171
173815361
38942279
58603075
158611019
251934284
212219469
160314954
206714451
262026835
212219478
227423833
74200666
193738330
262026844
191641178
199112286
253376095
58734176
90322526
39335518
110900830
222705252
115750498
52835942
54346359
66512446
191641192
13121129
93599342
262944366
203175534
145766002
99497586
156644981
58472054
111949434
170276474
214840958
193083006
197670528
23082624
146945664
144455299
253376131
173815428
66598528
263075463
13776520
86128265
253376139
117585548
199243405
85079694
111031952
153368208
129644176
176699027
253376148
107361941
165688988
205010589
259536543
101988004
107361957
253376166
68826789
149567144
90584740
72890023
198588075
136984237
144324271
194393776
217200305
145766066
250099377
60176048
120469174
172373686
153499320
46282427
149567165
206845632
198588097
140523203
248264387
108410565
9451205
194787013
52311749
52049609
85079754
143144649
203986641
89667278
51132115
41694931
90584787
85079765
74856153
149567193
107099870
149567202
86128360
145766121
120469225
149567211
47462126
177747695
128202480
10368752
156645106
25310962
134887154
262026991
158349040
144455415
244332280
149567225
81934078
199112449
212219650
52311812
252720905
160315146
55064329
150222604
74594061
58865423
246167323
181417757
198326047
144193312
85079842
248788771
208680740
42612517
149567268
51132201
198326058
117585706
8533806
149567278
149567282
5912371
538423
248788792
149567291
184694588
101656067
140523334
116799303
170276682
90322762
156645197
158349134
199243600
259536720
140523345
184694608
168310613
180893526
259536728
56375128
115488602
206321499
67254108
252065628
170276700
198326111
118896480
44054364
118896482
118896484
243808104
121649002
145766251
118896492
34617196
118896496
149567345
129382258
118896498
112867188
243808117
118896500
91502453
197408632
118896504
169621366
167655288
118896508
54346413
149567358
118896512
200947585
185350018
208418691
118896516
15218568
200816523
118896524
153368462
13776783
185743250
118896530
199899029
92682134
150222742
118896536
54346419
13383578
118896538
118896540
167655322
117585823
49166241
118896546
208680869
248133542
120338343
249968550
248788901
153368490
118896554
118896556
132921258
173815717
263337894
121649065
68827057
118896562
153368499
121386932
184694700
85079990
49559479
199899064
2373561
193083315
185350075
153368512
118896576
118896578
118896580
192952261
209467338
196360139
198326225
86128593
81934291
118896596
145766359
11491587
195966940
245774300
252590046
130168799
116799452
24786913
147994593
109197283
187316196
182989125
191641574
263206884
149567465
252327915
50214891
252327917
252327919
170276847
252327925
187316215
99629048
173815803
134232059
92157950
180893700
92157957
263337990
205010950
176306185
192952330
20854795
76298252
160315404
192952334
106313742
140785680
74201108
76298263
76298265
192952346
184301594
187316249
120338464
192952356
145766437
134232102
80885797
205010983
114047018
34355243
134232109
135280686
149567534
192952368
149567533
199243832
68565049
192952378
116144186
146946104
217200701
192952384
116144196
167655493
192952390
2766919
140785736
192952394
217200715
199899211
68565069
192952398
58341456
170145874
144193618
217200727
85080154
199899226
192952412
121649242
192952416
67909734
14301287
116144232
145766507
243808363
157431916
249051248
145766514
79837298
144062581
192952438
134232183
192952440
71972984
212220026
75511929
134232184
197408890
192952446
145766528
120338560
192952450
263338113
149567617
198326406
184301703
14301319
14301323
252065932
86128781
214186124
48117903
76167311
181942418
84162707
259537044
200947861
58865816
153368730
49559707
263338141
206715038
181418144
90323104
250099872
108411043
113260709
248395942
121649321
123353261
136067246
191641775
123353264
90323122
248395956
123353269
119421110
15481015
105658553
74987709
263076030
154155199
152189122
123353283
204748996
54802627
67254466
90323144
123353289
107362506
12073163
189413580
123353292
154155215
123353295
212351185
154155218
154155219
123353296
58210515
199637201
189937871
144193746
191641810
17447130
245774549
68958428
199637213
97925344
242497760
1194209
263338213
26228966
248396007
22165736
93599975
253376746
263338221
112736494
263207150
194787568
104610033
53754096
115095795
68958448
168835313
106313973
116144376
10369273
3553529
149567748
26228997
171587846
194132231
14170375
181418253
194394382
68958479
74332434
78919954
154155285
123353365
134232344
199899416
136853788
195574045
199637277
75512095
173816096
103430433
145766690
51263779
3553571
242104615
186267943
136853802
249575723
191641900
253376813
205273392
249575730
180894007
14301497
242497850
259537213
154155334
86128967
37763400
187840841
3553609
90323275
123353420
54016334
154155343
263076175
145766742
107362646
132135254
184301915
149567836
209860957
154155358
54016354
20199779
191641955
180894055
52050280
123353449
157825386
151533931
154155372
116144492
191641964
6306159
103692656
20855151
135149938
157694322
217332084
52574579
20855157
89930101
181418356
199899513
200817014
54016380
75381117
123353470
76822910
149567871
154155393
145766785
98187651
20855172
86129029
42613126
172112263
134363528
189413769
20855177
154155403
56375691
157825422
157825423
44054926
174471569
242891155
74332564
154155413
154155414
20199831
144193944
132921751
208681366
123353499
154155420
35928475
204880279
52050337
93206945
10369445
68958630
107231653
116406696
72497577
20855212
54016432
156645813
20855222
116275640
71973305
179420152
199899580
216545728
263338433
149567940
169490885
149567941
68303303
197409223
149567950
191642063
154155473
151534046
214055394
181418467
63584742
93600235
185088493
71055856
97925617
193214962
115096048
199899635
196360690
52312571
165689852
172374525
117062142
201865727
198195713
206715394
98056705
86129154
14170627
202783238
145766920
73939469
100022800
189151761
250100241
9845264
221264407
50608663
221264409
132921881
153631259
207239707
184826397
189938206
48773664
248789538
42351140
166476328
132921898
67385899
170277418
263338552
190331450
14170686
200817214
25705028
198457926
187578951
25705032
106183241
140524106
217332303
178010708
199899733
90061397
199899735
90061400
191642199
17971802
75512410
149568088
156645981
149437022
246168159
178010721
149568097
178010725
194787942
167393894
185088613
197409386
197409388
53754480
49953395
79706741
90061430
114571895
149568117
263338618
185350781
185743997
177617539
217725572
4995719
167393929
199637643
157825676
136723083
128334478
153500303
26229396
182598293
52574872
149568155
19937947
103824031
154155691
176700076
197409453
46817671
190724788
30040456
20200119
190724793
86129339
34749120
43006657
36715202
33831617
86129348
115096261
134888129
43006663
115096266
7617226
93207242
198326990
90061519
132922065
135281362
141310675
250100435
146946769
90061527
122960600
73808601
168835803
36715229
191642333
68958945
73939681
73808612
222706405
182598373
181418724
72104680
156646121
143669996
90323693
145767150
154155759
154155758
78920434
73939701
199899894
145767160
36715257
146422520
63585019
161889017
20200189
20200191
1587967
255474432
156646149
408325
20200199
74332933
20724489
36715273
186268427
173816586
76167949
98056974
147208980
52181786
206722276
198327070
190724898
66468644
156646181
58080039
227818283
132135725
141310766
90061617
7617330
46676786
185350962
202259253
173816628
242498355
46676793
96222011
193608510
120339263
22428482
44055367
242629448
68959049
41171786
58080074
122315174
149568332
154155854
4995913
58211152
242498377
157432658
191642453
44579670
73939800
204880729
198589272
4995929
242629468
249576286
20200289
55982947
190724963
199244647
242498407
157825901
199244654
73939824
199900017
145767282
242629492
166083445
202259318
73939828
57817976
168835963
57162621
205798272
58866563
1063814
146160520
190856073
73939853
197409678
175651727
190856082
191642518
249576343
198458265
192428956
189938588
182729631
120339360
46676897
193608607
90061731
73808801
2009005
191642534
129645481
34880426
247741358
217725870
136330161
134364082
2009009
49167291
132922301
17578943
72104898
25050055
173030345
149568458
204880845
132922321
205274065
145767380
242105303
103693272
206584792
25181147
189676508
111295452
249576412
181418974
189676518
198327271
143014890
145767403
193215470
33569775
90061808
81935344
199900145
191642608
109067254
119421943
42351606
198589432
33438714
97008632
177748988
213531645
22559742
194788349
191642618
90061825
184302597
247348229
190725129
109853710
135281679
217725974
194133015
9976855
171850777
173030424
87964699
194788380
93207575
113785888
68959265
90061857
198327329
9845796
138820645
206715941
109853732
86129704
185089061
125582374
4996139
191642666
5913645
157695023
181419056
93215607
92159026
242498612
90324026
122436668
109853760
17972289
198327360
211303491
134364228
37895237
189676612
203177031
242760773
25705547
176045133
199900239
242629712
156646485
174865494
191642709
71973976
10107993
160447578
86129754
205405276
185516355
145767518
138820706
132922467
189676644
13778021
10108003
101465191
10763368
15613034
138820716
84819055
13778035
113785974
199900284
9845886
114441343
95304831
217726083
109198467
195443845
161889413
132922503
150879364
17448071
186268810
132136076
207502477
249052301
191642767
185089167
196361362
54803602
13778069
171850901
262814872
191642776
86129820
10108064
198327459
149175462
138820775
149175464
17579177
149175466
191642793
145767596
46677164
145767598
149175471
164379824
138820785
173423792
171850929
145767604
120339637
149175478
161889454
145767608
149175480
149175482
33438903
149175484
408765
44580030
149175485
248396992
90062012
63061186
66993347
107101376
149175493
60832966
107101379
90062028
149175502
241974479
22428881
135675089
251280597
149175510
149175511
146291927
145767641
149175514
149175515
95173849
168312029
86129884
49954016
109853921
65944802
142097636
203177188
58211558
90062054
191642855
251280619
90062060
169884908
145767662
145767663
164379888
145767664
149175534
73546995
199113972
200686834
189676790
164379898
149175546
214842621
214842623
40385792
200686848
149175554
10108159
214842631
214842633
149175566
54672655
71974159
49167630
109853970
74595603
149175570
2768149
114965779
181419283
157826322
145767705
2768153
2768155
54672662
2768157
87964958
2768159
2768161
186531106
23870755
198327587
263339301
2768163
114572577
225197347
2768169
128466218
161889578
149175596
90062124
68959533
2768175
145767728
2768177
141835567
2768179
149175604
2768181
79707445
191642933
71670941
2768185
191642939
191642941
47332670
207240510
62405955
138820932
197672260
149175621
25181511
86129991
109329735
113786186
90193228
141835597
149175630
149175631
199900497
108412241
149175635
128597332
149175637
73940305
149175640
90062169
68828509
174603615
116276578
149175650
50347368
253640041
149175659
74595692
136461676
114048366
186269038
40385901
149175665
90062191
86130035
192560500
252853622
149175671
195968375
174603643
14171516
42351998
149175678
51658113
149175689
194788746
68828556
181419404
168312207
90062224
263208335
210517396
191643029
210517406
174603678
173424031
184827299
149175716
155467173
108674470
208289192
149175722
32652715
24133036
90062252
173424044
173030831
37502383
8142259
24133043
56376756
195968435
3554745
173030843
181419452
120470973
90062269
208682431
3554747
3554749
182468035
8142277
161234373
8142279
251280839
162151883
22035918
200687056
132136401
182468049
8142291
194788820
29769173
195444181
157826519
103824853
19283417
25705944
185744859
192691676
73809373
199900637
217726431
8142305
116276706
3554787
182468068
40648165
128466407
68959720
103824874
145374699
139144627
17972721
113786354
198589937
3554805
93601270
8142327
198458875
73547260
182468095
132922880
193216002
246169091
182468101
3554821
201866759
113786376
177618441
195444234
195444233
122437128
113786381
191643149
14958095
195444239
127942156
24133138
184696338
132922899
195444245
50347544
50609688
140131864
802331
195444251
79445535
195444255
58605089
167525919
253115943
170278440
79445545
59522601
79445549
202784305
208289330
122961459
16530997
169623095
195444281
169623100
181419580
165690942
174603839
198983232
95174205
208289347
197410371
133578309
174603846
215891527
11288135
90193480
73416266
169623114
195444291
195444298
189677134
195444297
47201868
79707732
136461909
116670036
173817429
179715672
189677141
191643220
192560728
157826652
161889884
132922974
197148254
55066208
182468188
195444318
195444321
108412515
191643229
88227430
191643239
8666723
1457769
195444331
69615212
1457773
194395759
176701040
59522674
111296115
195968626
74595957
175550192
194395767
242105976
44842616
17579642
194395771
195444343
199638654
7618176
194395777
195444353
138821251
108936837
194395782
195444357
73940615
192560779
202522252
122437261
263077519
84819604
73940631
184827544
196755096
252853914
122437275
195444378
104087198
75775647
124272289
145112738
194395816
57949871
194395824
90062514
195444402
184827572
208233451
50871993
114704057
174603961
182468283
182468284
179715776
195444419
166477511
191774407
59522759
191643342
84819664
180240083
127680213
20856534
191643354
173817568
192560864
199638754
194133734
179715815
59522792
51134185
75382506
195444457
178011882
191643376
182468338
50347762
210124532
197541624
198721274
136855294
114441984
44580609
248659714
138559235
191643396
106053383
91373323
191643404
74596110
112082703
90324752
42876686
42876690
103825170
157826838
128466711
120471318
8142617
114442009
192167707
50347801
97926938
167526174
206323485
114442016
55852830
24133411
179715882
195444522
179715884
179715885
103431982
208289580
179715888
91635498
109068074
160186167
83377976
179715897
9977656
90324797
55459649
138952514
190463811
108937030
191643463
103300938
245776206
113000272
74596177
89931605
4996953
245776218
197017435
84819804
76693342
114048864
195444577
157826920
165035885
115097453
73285489
68570981
125452152
86130554
76824443
213532539
171327359
190857088
178012033
130039682
150880131
207896452
149045123
24133510
44842886
111820680
136462217
9322378
75513738
90062725
90062733
166346637
43663245
540560
90324879
68570987
161234839
102121367
540570
207503259
191643547
57687966
114048927
170147746
252854182
138952618
249577386
207896492
48775082
114442156
42221484
73547696
197672881
127942574
157826995
178012077
249577397
243023798
14696374
68570993
198590393
51527610
68570995
191643571
198328254
5914559
182468544
263339968
207896514
132923330
122437572
36978637
108937166
197672911
174342096
198328273
242106322
68570999
263077844
248397785
170147804
68571002
62275551
200687584
191643616
74596323
3162085
124272617
58867690
9977834
68571005
197148654
107102191
21512176
189677550
199901169
4210677
171065336
4210681
68571009
205029173
55066628
170147847
63848456
245776394
98058250
69353483
194134029
14434317
122175499
68571011
208683027
230038691
253116438
3162135
170147862
68571013
46940186
205537306
170147866
156647453
93601820
207896607
253247519
118243361
138559514
90325027
253247524
86130719
93601827
81543207
68571015
224673828
253247530
3031083
68571017
121258022
59260974
121258030
258752560
181420081
198459442
23085106
68571019
90325047
158220346
192561211
23478332
68698173
71974979
183910467
122437702
48119879
68698184
68571023
59523149
198590541
136462423
242106456
69091415
91111511
190464091
169623644
213008477
46153822
72106078
23478368
49823841
191643745
195969123
42877028
86130790
58867815
208027752
122437736
36061290
72892524
84820077
214188141
207896687
191643759
66200338
106053748
253247608
136462457
241582202
95305852
69222528
173424769
111820933
191643782
146948233
42090634
55984266
242499722
76824717
191643790
79315087
4210831
106053777
90194070
253247639
33439896
132923545
17580188
191512732
174211231
53231777
191643809
122437794
42090660
201867429
116408489
200032426
173424812
135282860
86130875
114442427
173424830
241975487
177488064
177225922
191643844
31998149
140132550
149569734
128467147
23347404
111821003
191643854
116277455
140787920
90325203
58867925
96747737
4210909
243024095
19939553
68698338
68174055
75383016
132137191
23478506
200032490
207896812
24789229
207896814
7749871
105267440
57032948
76038389
55460089
25444601
20332795
172114172
92553473
213926146
167395588
136593668
181218082
83378440
132923656
55066891
96747788
136462610
136462612
62396840
46154009
93602074
205930779
58736928
71057697
4079915
106709292
191775021
179716397
118767919
54411570
58868022
54411575
193216826
75514171
163725629
6963519
32653633
111034693
252854602
132137295
25313616
116277585
137511249
191643983
146424157
90718559
41173344
25968994
113394019
409956
249184611
95043942
4604263
111821157
46154089
259670380
251281772
409968
57164145
173425010
166347122
21381490
44581234
98058613
146948467
186270072
191644022
41304442
91767163
199639418
166347133
46154111
90194305
164249986
253116803
124273028
73810309
253247878
2244999
135283078
26493317
121651594
108151180
113000845
24134028
26493327
175653263
118243724
173425043
173556117
82461079
179978649
191775130
73810333
71319967
114442659
173425060
173425062
207896998
95175079
199901610
175784367
68960689
115884465
108937651
73679287
189940155
17580480
201867714
147997126
25182662
146948556
20201933
124273102
90063310
27935184
181682640
191775181
133579219
162152915
124273109
146948565
144589271
56691583
48775641
183910874
177750493
207765983
76825058
79315429
106578408
58868200
124273130
198984171
138559980
54411757
51528174
173556208
96748018
32653811
83378677
70795767
76825083
156647932
199246333
207897086
214188544
114704897
20857349
86131206
184304135
194134542
31998479
73810449
3555859
187187738
181682722
21512739
85344803
83378724
140919334
86131238
191644199
253248042
42746410
115884591
58737201
82461235
124273206
182993463
82461240
136462905
191644219
198591036
136462914
20202051
86131268
157827653
191644228
98058824
191644232
163725898
52183629
54018638
136462931
90063445
198591065
262816349
209863262
191644254
90194535
101597800
72106602
59654765
68698735
20202098
154157682
116408948
191644278
201081463
181682808
110117496
150880890
181682811
191644280
201081471
34226816
208290433
205537922
143147649
71058053
253117062
68305542
50741893
242762377
191644298
124273294
3031697
107102865
191644307
72106646
203965085
79315614
59392672
187450016
86131363
90063531
134890155
117326510
96748207
84820657
24134322
86131378
25051828
7094965
138560180
56902323
124273336
206717624
90063544
192692926
177226431
86131390
169624255
58737346
28721858
157958852
136463045
85344965
35275462
145371200
191644357
122700488
82461387
21906125
92947151
171066065
77742801
6308563
191644372
82461397
140788438
25707223
111035096
143016666
204882650
86131418
72631005
134628062
115884771
17973987
158221029
208683750
86131435
101597937
6570741
55853814
150881016
97534713
82461435
167658239
181682944
198198015
176440067
250102536
205800200
191775498
67912465
90063634
113787667
257835798
177750807
90194710
198198041
19415834
72762137
109069083
32260893
19415838
176309022
141541636
51528472
113787682
194134819
143147814
90325800
55329578
90063658
132924204
74466093
147866416
124273463
19415863
115622714
217465659
63849276
242762557
143147838
94389062
57688902
90063688
187843405
136463182
2769743
158221140
2245463
14304088
123355996
116409180
191644509
230048607
142230368
132137825
44843874
17974116
169624426
82461555
113787765
114574198
137642871
137118583
55591801
2245499
35931004
84820860
217727868
251282304
93602688
187581316
134628229
263078790
35931013
73548677
158221195
44712844
20857743
108544913
102122385
193741716
198984597
76825495
96748441
50217889
173032354
23348135
24265640
46678951
109331371
84558765
143147950
97534899
191644600
134366139
57164735
156648384
115884993
124273602
151798722
146949063
161891275
55460812
128205774
164512719
58213328
195838932
147080149
15877076
98059224
70796252
137380830
176047071
68961249
63849442
171328487
50217960
34489320
104743914
79709163
47465448
58737647
194790383
117064689
117195760
199640053
200688635
136856578
116409347
197542916
189678597
192693255
97534984
54805520
242762770
98059288
150225950
263078943
200950817
57164838
160842791
30950442
90194991
4080687
191644721
43009074
179979311
160842804
191644725
199902266
171852858
59130939
263078972
71975998
259671105
93602881
106579010
58213444
253379653
68830278
1066052
143148103
191644740
194004043
150225998
211960912
156648529
58213458
149963858
91374676
79316056
199640153
46679129
101860443
143148124
195707997
106710110
57295964
36848736
100156513
94520412
129647715
171852900
186139751
202785896
80757866
191644778
191906925
55067759
108676208
101598321
90063984
50873455
153633909
197674102
1066106
146949242
198460540
16270461
41436288
198198401
53232770
184697985
191644805
251282567
144196744
195970184
82461831
11289739
108938380
94520458
171852946
82461843
9847959
156648602
86262939
104613022
104744098
84559013
195708072
124273834
182600877
117327022
198591665
252200113
73548979
161367223
74466488
179979448
262685881
32392383
58213568
133579974
97010890
177751243
131876044
108938442
98845902
171853007
90195150
262292689
150226130
212354260
90195160
3163355
91636958
198591711
40781023
108676323
90064100
106185957
124273891
54150373
153765098
141051115
104744171
179586283
93209840
258884849
59524337
210126064
210126073
16139516
213796093
185877758
144196861
161498366
263079168
153765116
191644930
210126081
53495045
210126085
185877767
195708168
210126087
124273931
210126091
210126093
185353488
253117713
252724498
82855185
46679312
1197333
210126101
102909207
156648727
210126097
191644954
253248795
196887836
47990045
210126109
62670111
130565408
1197345
186271009
1197347
104744227
210126111
197674278
210126113
178537768
263210281
143148330
242500904
210126123
200557869
242763054
193217839
98059568
210126127
14959922
210126129
210126131
248268085
210126135
26494264
133711164
210126141
252069182
210126143
200820034
66602306
191644996
164250949
111953222
17974599
210126149
210126153
191645004
210126157
214058321
184829268
150619477
130172246
107365719
210126168
210126170
4212059
210126172
117327199
210126176
111953250
210126178
47990118
210126182
169493864
210126184
200689002
166348139
111560043
205800815
210126192
58213746
262423923
104744308
210126194
191645046
43795833
4081019
199247228
164775294
85083520
87967105
210126210
90195332
113919365
114050437
144196999
184698248
189941128
64374151
210126212
210126216
210126214
210126222
210126220
191645072
173426064
184829332
25970069
90588566
75515290
68961691
214189470
195708318
169493920
26756510
191645090
189941155
258885028
210126243
126764454
191645095
133580200
8013225
195708329
42616233
113919404
210126250
210126248
210126252
51529136
191645105
195708338
210126254
32654776
57689528
211961273
85083576
195708348
167658941
115885500
44058047
4343231
55723457
96748989
54412740
186271173
217728454
208422342
143410630
98190793
90064329
195708359
160581066
113919437
156648901
100287951
140789193
169100753
252724691
91375060
252069333
90195411
58869207
80627160
192693719
22300119
70665691
7095771
252069341
87967195
169887199
191645150
9848280
94520795
252069349
185877989
25970149
73287142
85083621
116147690
195708398
168969713
93603320
191645177
150881786
32392698
175654394
191645182
185878015
144328191
87049729
262292993
55854595
63194628
19809797
58869254
167659015
143148551
56509966
143148560
195708433
249054738
36587027
195708434
55330326
186271254
204883486
54674975
249054752
85083679
19940898
195708450
262424102
195708455
194004522
94520875
9848366
200820271
9848368
178538033
145376819
39732788
262293044
96224824
48252472
93603386
107365953
215893570
54412867
59524676
171329091
121259590
105137734
9848392
24004169
114050634
90588747
74597963
164251213
79709774
249054799
124274256
205538896
90064463
24004179
205538899
110642770
84821589
24004183
206980692
52053588
24004187
48252507
171722333
189941343
105137760
250103393
186271328
143148643
9848416
24004198
215893607
175654506
115885676
215893615
24004208
200689265
15877746
249972335
250103413
9848439
84821625
169100923
24004222
199640706
48252547
24004230
73549447
150226568
56116870
25052811
9848459
162023055
195446416
143148688
85083792
73811604
106317461
24004248
110904985
14435993
136857241
24004252
184829597
24004254
196757146
144197280
86132385
85083810
175654563
24004260
215893669
9848483
143148711
87574184
159270569
28591785
9848489
215893677
191645359
261113520
68568753
58214066
118900403
81938100
139478709
68568755
262031031
206456504
13125305
68568759
68568757
173295292
59393724
178013890
159270595
48252610
114050754
261113544
68568778
36325069
215893715
90064599
250103511
2246361
138823386
14436058
215893724
214845147
215893726
156649180
250103517
250103514
250103520
9848549
77874918
14436071
105137896
195708648
250103529
250103526
124274412
146949861
90064622
215893744
252069617
159270642
205539057
143148788
111036145
159270646
186533623
143148787
195708657
250103541
3950331
188499708
182994678
105137918
59393790
55330560
118900480
89933561
197150469
103565067
140789515
90326797
250103564
87049999
144197394
195708694
262031127
120342296
85083929
85083931
215893788
19416864
186298451
90195747
85083940
128861996
225199917
113395504
197543728
90982194
243025715
90195762
52578099
85083961
134498107
54150974
46193072
170149696
46679872
82855747
184829763
213927750
206456647
150882120
120342345
191645513
38291274
134498126
85083985
48252753
191645521
67520340
114313044
201475925
9979733
114313053
197674846
195708766
82855776
159270752
59524958
138823524
48252773
56117094
230049642
3557227
159008622
138561390
211306355
205539187
211306357
198461300
197543800
105138041
14436218
20596603
252725115
49563515
137643902
78923647
105662334
124274560
263079809
196888451
173033347
77088637
17450886
58869639
108808072
90589062
175785861
3557259
44058504
114050950
262817678
14567312
77744020
192694165
90589076
76695450
138954651
73680796
105138077
179062683
253380507
68962207
22824861
92555170
161236899
47990690
217728933
76695461
172378018
143148966
175785897
213927850
187058089
157042604
134498221
207898543
32786352
92555185
157042608
197543859
78923700
213927861
111298487
118900665
175785915
46155712
89278401
111036352
90064834
12208064
127551430
173557703
14305228
105269196
12508412
159270871
48252891
144197597
262031326
191645664
205539298
44058596
124274661
135284710
134498278
51136488
105793514
204621803
124274668
191645676
213927918
3557359
114051057
201476082
49563635
162547701
144197623
3033081
90720249
116803580
68962303
205539329
52578305
243025924
3557383
103827465
115886090
109070347
169625614
76826639
118900752
96749583
59263000
142362649
144197658
76695580
205539357
213927967
243025954
12339235
144197669
263079973
142755880
225200169
116803626
194005035
175786027
196888619
84822062
143149103
173557808
42879018
243025965
253380655
193742901
42879032
15091769
126765114
184830012
90064957
155338814
208685119
213928000
58214464
105138239
103827516
205539397
191645765
171591753
16533577
263080011
252069964
248268875
114313293
3557455
73287758
207767635
252069974
241846359
197675094
157042591
159271003
101075038
205539424
173820002
262424675
213928036
197544036
195184739
114313318
152193123
48515177
179193962
48515179
49563756
124274797
124274798
48515181
51005552
156649585
95701109
201869429
205539449
95307898
215631995
116803708
207767677
90065025
175786114
59525251
90196102
113920139
49563793
186271892
198199447
161368216
193742999
113920153
205539483
173820056
114313373
75516055
152193175
51267735
198199451
77875362
49563811
113920164
191645853
249579692
47204524
42617004
205539508
243026101
129910971
195184829
26495168
152193221
43927750
161892551
252725448
3557575
84166858
167528651
173820108
176310477
191645894
190859471
196233428
105138389
217729237
59525335
184830165
171854041
134236378
174606555
175786204
34621661
192694494
55199967
74729695
176310497
191645920
77482211
196757732
176310502
90851559
191645932
9980143
214190320
121260273
207767794
63588595
169625844
208685301
94259446
90851574
214583539
12732657
76826868
76695803
140790008
46680310
243026174
17582335
13781248
194005248
76695810
56248579
189942018
46680323
176310537
49563915
114313484
203049229
211962125
253380879
173164817
59525394
90196242
27937044
191645970
46680343
114313496
177752347
176310557
52578590
125454624
57035043
155994404
59525412
90065188
72763687
51661096
94914858
936235
58870061
134236462
936237
198199600
49301816
221006137
195447097
105793855
208423233
92686658
49301825
137382215
90065225
49563977
207767883
176310601
205801805
9849166
68962636
46680395
176310610
155339093
108808536
191646040
191646047
253380960
98584935
87705960
46680425
191646055
98978156
43665773
191646061
176310639
94390645
73288053
98584952
76695929
46680441
263604605
46680447
94652801
52578690
176310660
198542814
49564038
205539720
122571145
98978186
51661195
191646090
74992013
124275088
179980690
262687122
43927958
90065304
20072856
169363868
59132320
49564070
217467302
209602984
123226538
170150316
143149485
171329966
209602991
65161647
105138611
90065331
128338356
57166262
243026355
53627321
48253369
181422521
24791484
208423358
147343807
8145345
124275139
199903683
125454789
101861830
13781449
123357643
126896588
130566607
51005903
101861842
143149523
168577491
96356819
205539801
259672539
77875677
126896606
243026398
114313700
161368551
101861863
88361449
8145385
91638250
105925100
168577516
94652910
49564137
168577513
198199786
8145394
46680557
8145396
13781484
169101815
177752568
126896635
143149564
171854333
209603070
13912572
107760128
196889091
50088451
13781513
90065419
193088012
78006797
2247181
187845132
76696085
209603094
52316696
126896666
13781531
90065438
170281504
195709473
138824228
126896676
113920550
48384550
156650020
114313766
74992164
191646250
95701550
76696116
168577588
49957430
24267321
175655481
171330107
126896700
46811707
87706171
94652992
102386244
263080518
105925190
209603146
86657614
209603151
175655506
168577619
90065491
175655510
90065500
52578911
70666847
156781153
142756451
262818403
209603181
51661424
123488883
209603189
36194934
2247287
181422712
59132538
24267388
71060093
36981373
191646334
7359101
90065538
199641731
52578952
126896777
72764044
132139661
143018638
176835214
203967120
58870414
49564304
97929869
74861200
105138837
56248982
191646356
24267416
209603226
14961307
92818079
209603233
57297571
128281766
105138853
94390950
105532071
252725927
151800486
13781674
55331499
13781676
263080618
13781678
168577711
199641775
86657707
13781682
191646378
260065972
143149748
49564342
175655605
191646392
90065594
181422778
76171966
191777472
100420288
48253634
112347843
14961349
13781703
199903943
133581512
52579018
84298445
195840720
13912786
49302230
114313949
191646429
143149793
20597476
191646437
199903974
242764519
157043432
84429542
248400618
138169066
156650220
175655660
263080686
14043881
190860016
90065649
412403
74599159
105532152
175655675
100158204
12208891
72764159
58870529
174869251
105138952
8407818
126896907
78924556
105138956
209603345
175786770
90065685
58215190
14437144
8276762
102124315
94391068
199117597
157305629
182602523
214190880
90065697
191646490
13781795
102517539
146950947
225200935
114314024
138562349
250104621
198200113
107760435
13781813
229788471
56511289
14437177
57822012
20073276
106056511
54414146
106056515
217467716
14437188
412486
196889415
106056516
106056520
106056522
3689291
90065741
11422542
196889422
106056526
106056529
106056533
59132759
246172504
68571586
77220698
106056539
209996636
106056540
106056543
198200163
106056547
7490405
137907046
106056551
106056553
106056555
106056556
254036845
90065774
105532271
106056561
203049842
101337971
106056563
106056564
106056567
106056569
10111866
106056570
203049852
106056573
191646588
106056575
243026813
106056577
138824578
106056579
106056581
199904134
106056583
57822087
262294411
191646607
136465304
213928857
149179288
76696479
114314146
114314150
84167590
177753001
37505964
165956525
259541933
176704432
175655858
130042803
175786939
110906300
105532349
53496763
191646654
88230846
12078017
136465354
52579276
90065868
217729998
136465359
5917647
69094351
197544914
159009742
58870742
155339736
136465371
84167643
157567965
53496796
90065887
157567968
19680225
121261025
191646687
136465381
207506406
13913064
136465386
114314218
110566759
208292851
208292852
90065909
262818804
44190713
202525695
141839360
105532418
157568003
122440711
191777799
48122893
117197838
171592719
107760655
68832273
86264845
107760659
213928976
157568025
48122910
147868704
175655968
99109923
130829348
48122917
543781
107760676
132140067
33311787
157568045
187845681
75123762
114314290
190336052
175655989
16272437
57691191
153898041
58215484
214584380
22563901
124275775
214584384
47860801
205540418
51399743
214584388
7621700
115887167
94784583
214584392
53627975
59526216
190598218
214584396
114314317
214584398
57429063
153898065
144198737
214584404
225201236
14437465
66604122
90066014
107760736
145247331
175656038
143019111
412777
197545065
191646825
188632172
67390574
213929073
412786
51429704
42617973
115494006
105532538
79409100
243027074
139611267
162024581
52579462
202525832
100158601
196234379
225201292
252726416
184831120
202525844
4213909
252726424
176704665
14437529
90066075
4213913
4213917
183913630
103435424
151800995
252726436
243027110
143150249
80366762
85085356
162548918
153898168
22170808
78924987
191646909
64376000
249711811
144198855
111824072
130829511
143150282
261115083
175656139
105139405
105532621
190467277
102124752
96750797
252726484
32787669
191646932
252726492
130305244
157568222
162548958
170151136
197545185
202033896
32132323
43928809
252595434
191646956
73551088
167529713
73551093
73288949
202525942
252726520
90852601
51924218
184831227
139742454
186141949
6311167
198724864
208555266
76827909
111037702
76827911
169102600
100027657
145116424
56380677
22170892
157568270
181423380
205540628
142626068
55332117
191646996
24268059
157043996
90852640
202525985
169495840
107760930
251546916
120212771
90066208
134761761
20466985
58477866
33443113
148000042
61885741
147868975
102124851
175656244
138562867
70667572
5524793
175656252
157568318
196234559
102518080
149179711
114314564
131878215
124538183
145247561
107760970
44191051
213929292
184438087
207899984
249056594
94653783
201215320
102387031
114314584
115494235
127028573
73551200
173428065
175656294
205540712
175656296
59264360
196234603
90852716
140922222
42487151
175656304
107761006
175656306
87051635
175656308
90852725
175656310
138562935
175656312
214846840
100027768
77090171
5524859
107761021
78925174
90066298
207375736
162549117
176573827
5524869
88231301
102124933
198725000
73158025
190598534
191647113
157568396
76828046
199118224
71978384
164253074
173428116
213929365
157568410
97537435
139611553
52579746
214846884
107367849
128732585
95702446
114314671
202659176
195972533
59133367
146034103
191778232
1985975
101862839
151801276
196758967
157568447
175656386
48516548
120999368
90066376
214846922
148680312
118115791
126504400
191647185
50351570
72895955
90066386
196234708
202657238
90066391
148000216
158223824
158223831
105795035
73289180
105795037
162024926
105795039
59133408
191909345
191909346
136728035
202657249
91639268
105795045
136728039
105795047
171593193
36064746
105795044
157568492
214846957
105795053
196759023
105795054
72633841
252726769
114445811
76697076
167529972
139611639
208686584
262688249
105795064
105795067
105795063
20073981
105795070
105795069
52710912
1986049
146034177
57822723
214846979
105795077
192433670
105795078
114314760
105532936
73420298
262688267
146034188
105795081
105795085
105795083
105795089
135155219
105795091
105795093
198725143
155602455
107761177
59395610
105795096
105795099
105795101
66604569
194792991
136728095
201477664
191647264
105795105
105795103
105795107
158223907
146034215
180244008
140791337
115756586
214847017
202657323
202657321
105795111
177753647
205409840
153898545
14700082
58740273
105795117
112086581
105795123
105795127
48516664
105795129
136728122
36326972
156651069
158223936
63065665
214847042
179981890
105795139
55594565
214847046
90066501
158223938
252857929
49565258
53628491
179981900
105795145
105795149
105795151
57822800
158223946
105795155
1068628
252726869
175787606
135155284
249974356
106712665
135155289
138563158
68832857
191647317
1068638
55332446
242634335
189681249
156651103
105795163
186142308
105795173
159010406
90328678
1068648
105795169
1068650
1068652
192564844
179981933
79449711
105795182
155602545
105795183
128732787
105795188
249974389
105795190
182603383
202657400
68046455
169102967
191647353
135548540
179981949
129519230
105795194
105795200
214060673
105795202
105795198
71978628
105795204
11030150
179981959
58085000
122310279
105795206
254037644
208598979
222711440
157568657
135155345
195972753
107761299
133713552
122834582
179064471
196759193
260066972
214191773
242634398
179981983
175787679
254037665
107368098
191909539
111038115
128732833
191647399
230313640
59133612
139611821
151801517
1724079
117067436
179064498
113397427
140922548
136203957
191821771
136728248
202657467
230313660
141053628
179982016
124276417
242634433
167530177
187190977
95702720
202395333
230313672
206851784
230313675
175787725
90066638
136728271
191647439
136728273
74731215
176443092
206851796
73551575
96751321
248008411
136728284
144199391
201477856
107761375
59133667
174608101
92557035
158224111
101732079
35540720
73551599
135286523
201346813
191123197
243027711
242634502
230313735
88231687
144199433
136728331
136728332
230313740
260067086
116018958
179982093
123227918
79449871
76697357
156651280
44191510
191516439
116018969
191123227
135286556
44060446
191123232
252858147
191909670
184438566
124276520
202657577
262295338
173428523
73420588
202526507
55201582
208293678
76173099
89280305
191647537
136728371
208555827
50351925
207900470
175787827
107368248
38162227
169103162
202657597
213929790
142757695
157568832
169758528
171069249
84823875
188501828
230313798
136728391
191647558
191778630
205541195
14045003
191516495
177753940
44060501
153898838
212225877
162025304
74207065
191647577
136204120
68570972
136728413
196759390
11423583
68570976
68570974
202526562
68570979
58740581
153898854
124276581
68570983
116412265
68570985
175787883
111955820
32657261
68570989
68570991
173428592
74207089
153898866
96751473
139612020
69095285
252858230
171724662
112742257
137383801
207900538
154029942
136728444
140791677
68570997
198463359
191909760
68571001
68571007
230313859
17452932
90722180
204230534
56250247
203444104
140922759
153898890
154029963
157568908
157962123
148000654
173428623
120213391
73813899
20860818
230313875
59527059
68571027
68571025
88231831
175525784
191123346
191123352
117067675
252858270
10768287
108899646
85741473
544675
117460900
23482278
164777894
117460904
191123368
230313898
48648106
175787949
7884719
117460913
125849525
90329017
23482299
217468859
153898943
58216384
252858303
87052228
63852488
203444170
189943754
175787983
25055183
160583633
58216403
191647703
32395228
118247391
46813154
105533411
171069412
175788005
118116322
50483175
93212648
161239017
130437098
139481068
191647724
208687086
71978991
191647727
30167025
156651506
107761657
114315258
128733177
55726076
179982334
117460991
87052287
162025473
144461826
87052290
202657796
179982337
79843331
20074504
179982345
135286794
191516688
79843345
190337043
136728602
52449308
185225245
24793120
70668324
173428774
136728616
107892776
136728621
7884847
42356784
107630641
124276786
178540592
126505012
114315314
157175856
262295609
76697658
107761726
243028034
173428803
20598853
179982406
87052359
40390728
9457737
191647818
191516752
247484498
153505880
54153311
173428833
252727394
136728675
155340900
168710245
198463587
170283107
136204391
138825833
191516780
179982445
179982447
211308656
120475765
191123578
202657916
227037309
50745474
50090117
191647879
115888267
249057420
143413389
192303246
136204430
57692305
157175954
173428884
158224535
76042393
230314138
114708634
136728732
153505947
68833436
235819162
24531104
78008481
191647902
171069604
191647909
50876586
141054123
133451947
136728749
20074669
196759727
121262258
16666803
172380342
115888311
59789497
120475834
213930172
100552893
35147964
105617204
20992192
108155069
3052143
23089347
193614020
136728773
104485061
158224584
125849803
20074702
199119055
243028174
105533649
130437329
136728788
175526100
144068821
175788248
120475866
91771099
187584732
90067164
76566751
84299999
171069664
56643808
74862821
204624102
54415590
35410157
130437359
106582257
173428980
216158455
26104056
134369529
252465402
173428988
105533693
157569278
110593068
57823488
191647998
5918975
44192005
121262341
57037063
138563848
202658057
198463753
125194507
136728848
202658065
253382928
80367891
175526164
191648018
151802136
191516954
191648026
112087324
129782044
105533724
111038750
184045852
185225505
150360346
144199966
13914404
68571428
23089447
184045865
183914799
182997299
138563891
179982645
127553846
103436598
173429049
191648057
68571452
252858687
96489793
52580675
194793797
177623367
171069769
173429067
16666955
173429069
191517003
85086541
191123787
201347409
128733523
150360404
138826069
149573974
5919063
178540891
59134301
252858718
3035487
130175329
149573995
10375534
182997359
56906096
243028335
146952559
95310196
178540919
34623864
144462201
27808122
141840763
128733566
76435839
197415297
189157762
136335746
171069828
158224780
183914899
74862996
168972694
263082391
114315673
158224798
29643173
162156967
205279656
182997417
149180841
14438824
111038892
129651117
68571566
68571567
68571564
68571570
68571572
156651960
68571576
68571578
16273851
190468539
68571580
73290174
156651966
80368064
198463937
22172094
54677955
44323268
177623492
146035139
126243268
68571590
68571584
92557770
68571588
14307790
52580820
191648212
44323290
191648219
3035613
114315743
105533921
105533922
138826209
95703525
175788520
56250856
177623530
197546476
51663340
161239534
205804014
191648237
68571637
191648246
52711927
68571641
68571643
68571645
68571647
174215680
55857666
191639578
25973253
58216966
144462343
108155397
68571660
68571662
182604304
68571664
68571666
68571668
68571672
182997529
182604315
200561179
106058269
85086749
201871904
85086752
34624036
263082533
194794022
19550756
250106409
19550762
171725353
105534001
242504242
26759731
76304949
118116919
197415480
20730430
139612734
90985025
190337601
138039878
32002631
130437704
156652107
179982924
50352717
20730446
169366094
135287382
183915096
191648344
114315866
7098971
200561246
123753054
123753055
156652130
101732963
135287397
251417193
47993450
51663468
235819628
58085996
241193583
55988853
262427257
179982976
179982977
200561282
77746820
161501828
191648390
145773192
159011468
114315920
71979669
8934037
251417239
202658456
20075160
191648408
79712923
143151772
183915165
174346910
170676891
173560483
141972132
42488484
113398438
192172715
68309677
152457903
74994352
183915186
173167289
183915194
40391357
50483904
252596929
263344833
70537921
137253572
87446213
225202886
87053000
36721353
191124170
19550921
129651404
202658508
58872524
4084425
149312209
243421908
183915221
53629652
90460887
164254424
262689492
102519516
57299678
149312224
87053026
191648482
243421927
200692456
192172776
87446252
183915245
87446257
171856627
91247347
90460917
146035446
261822577
176313082
8934139
176313084
102519554
176313091
172905220
56251141
172905223
252859143
225202951
123753223
215896846
149312271
183915286
170152732
50090784
194401060
179983141
545579
189944621
243028783
160060207
137253681
6837043
129651507
114316084
57824054
176444218
199119675
149312317
107238206
211309374
144462658
91247429
44061510
126243655
59396933
107762501
123753290
137253709
91247438
118510414
187585360
156652368
137253714
165040980
160846677
175788889
149574496
95703907
84824931
194794341
124146534
139613031
68440936
165041001
213930858
171856746
197677932
165041005
8934254
124146542
58479472
191648625
46158707
20206452
171070325
20206454
111039347
70538101
197677945
144462716
174445612
165041023
149312386
100291459
9982852
225203077
136074114
137384843
28726157
40129422
144462735
114316176
9982864
73814932
165041046
102519704
137253785
32002969
67261339
71979929
46158752
165041058
58086311
95703976
247878569
15356844
149312428
153506736
67392432
22827954
153506739
76698545
137253814
193745847
251548598
20206518
195187642
149967803
53892029
129389502
129389504
129389506
206459844
122442692
29643720
251941836
174609362
149967827
53629908
66999257
129389530
175789018
54809564
129389542
129389543
242766822
249058281
166089706
158618610
104354802
252859380
87446514
807929
137253882
109335547
174216189
149967872
73552896
158618627
157045765
127423494
54416391
74208263
175789064
149967882
48124938
55858186
16274438
217469966
123753488
130438167
124146712
28726300
91247647
85087265
32134179
55989284
149967909
68441125
130438186
70669356
67785773
174216239
153506870
30037049
130438207
174216256
225203268
255611975
99505224
14308425
121263178
33576013
7492687
168842320
58086482
46158932
85087316
104354902
48125016
203969632
156652640
174216291
174216295
168842344
55596139
126243948
42620014
174216302
22041715
225203319
97932407
149967993
111039610
185226364
144331901
75650176
197153921
162813058
167269505
14308480
171070600
174085257
149443720
108287112
108418191
263083153
10769553
186143890
174216341
202658965
108287127
173167768
85087385
181425308
58479778
177755299
114316458
149968043
154293422
46159023
255612080
68703409
199251124
175789237
16667830
193746104
46159036
196236478
167793855
92558528
245781694
262689987
139613382
185881799
73290952
118117576
22828238
185881808
195450065
243029203
136467672
96752857
146035936
197154017
191124707
144463076
191124708
205542630
108287207
143152360
248272102
149968106
87446755
114316517
149968109
108287214
174216431
191124719
48649449
15226098
16667891
220746996
157046003
153375987
168711415
149968121
46290172
107762941
102913278
174085377
153769220
77747460
174347526
48649478
173167879
191124746
1725715
64378132
262821140
87446806
149968152
149968157
57038111
22828321
144463140
8934694
178279720
35411241
169104682
149968174
108287280
243029296
149968178
36459826
141579573
204847891
90461498
67261755
243029311
253252935
149968200
97539401
202528072
20075850
262690127
42227023
149968212
205149525
203052373
70145369
5789017
22828379
203052383
121263455
135288162
147477859
149968228
174216552
14701929
87446890
171857259
32265580
185226603
22828393
174609775
107631983
111039857
251417970
168711538
197154164
144463220
129389942
149968247
196892026
111039868
176051585
108287363
202528133
149968262
199906694
68441477
199251334
178279816
213931403
71980428
12080528
47863185
95049106
52581779
252859792
60970388
175789456
191124887
42227096
19551641
149968282
28726685
152851870
117069215
252859812
174216614
114578864
129521085
114316733
200037822
149968321
103306690
70669763
51008965
55334342
192173512
16012746
192173514
70669772
144463310
165041615
100947408
195188176
190469587
252073429
135812567
6837719
175527385
95966682
81810907
149968348
124147163
22959582
253384159
211310041
143152609
149968354
192173539
71063014
247879142
40523240
149968361
252073449
51009007
191124975
171333108
143152628
193615359
137123329
71980545
107894275
205018631
252073479
252859912
100029961
50091531
259675660
79713803
184047119
172381711
149968401
252073490
57693713
81286681
73815577
74208797
2643487
55596578
253384231
158225960
252073513
51009066
20076071
252859949
149968430
73815599
178542125
129521201
176707121
13522483
209606196
253384245
251418165
200693303
57300536
191125048
24925753
252073526
23352890
68441661
243029559
20076091
87447104
108287554
252859971
149968452
546377
191125065
20076107
252073548
23352909
14702158
85375411
26498642
92165717
253253205
80631382
252073557
20076121
167401051
252859997
201872990
50353758
191125088
215111264
59397731
129521253
215111269
149968487
185882217
65164906
68310635
196761194
116020844
113399406
90068588
139220590
135812721
116414066
117200501
185882230
48518776
215111289
131094138
90986107
56514174
215111295
173954688
248796802
149968516
128865925
48518794
151803530
190469773
145643151
206853776
215111313
200038036
101078680
215111322
117069468
85087901
252073628
202528416
252073634
189421218
182474404
195450533
181687974
205149863
178542246
125195945
151803558
128865963
252073643
252073645
263083694
72636074
60184240
84301483
48518834
177755827
151803572
215111350
32003772
262690494
92296895
195450559
108287681
69621443
54679235
195450568
149968592
199644881
195450581
215111381
262690519
205412055
215111383
149968604
185751261
217470684
149968611
171857637
171202278
149968616
46159593
136468201
252073704
252073708
199644909
191125233
28464881
222713586
48518900
149968629
22042356
262690548
252073719
73291514
55334651
34494205
198334206
262690559
128866046
174216961
142366465
252073727
114317061
137123589
57825034
190863115
100554510
185882385
149968658
102913811
196761361
199644946
204625681
8935188
193746712
74864406
130832147
204625683
252073747
175789853
939804
149968671
77748001
56645415
149968680
199644967
252073774
22828846
57694003
263083827
142366516
190732086
252073782
58480440
199644985
149968698
54417211
252073783
190732093
137123646
415551
108812095
415553
415555
415558
182736710
95704905
253384522
199645003
190732108
252073803
13915987
191125331
128866135
47994714
109991771
252073819
196761434
106059614
185882466
262821731
252073831
114317161
177756010
252073838
128866159
199120753
207640435
169105272
248928122
56252282
175789951
22828927
69359489
177756033
166090626
202528641
191911825
55596950
198858648
82859929
198203289
116021147
147085208
135550881
247879586
95704997
73815976
54548393
199645097
158095275
183916458
185882538
91117488
52582324
183916472
121264057
111171513
54417338
122574782
57956288
415684
117462981
87447494
161634248
168843208
149968843
173955019
57956299
415692
87578573
95049681
415698
32397267
415702
415705
117463003
95967196
191125470
199645151
185096160
193615845
73291754
415724
134240237
91772911
149968880
142366703
57956338
415730
174217202
191125491
32135160
199645177
90068984
2775035
107763705
201873400
125720571
107763707
149968898
54679554
50414281
200693764
262821900
203184141
95311885
125720589
43875337
128866321
149968914
114448409
147085337
95049756
107370524
57956382
415774
203184162
149968931
193615907
185751587
21125158
139483174
22829094
203184169
54417447
53631017
415788
249452588
191911981
12343343
415792
95705137
35936305
204888112
116021297
86530101
174217270
95049783
160585784
69883956
183916602
204888123
108288058
20600895
174217279
415809
174217281
101734469
174217286
185751623
415816
161394016
139614285
174217293
167139406
143808592
12343377
229791827
143153236
149968982
52189271
15358042
415834
214718554
175790174
149968991
415839
12343394
217733219
415843
36329573
183916646
415847
205019240
193747048
134240361
183916650
142760044
77879401
183916651
176052335
116021356
86530161
12343403
48126069
192174199
207771768
38164601
415869
149969023
164255873
69097602
174217348
415877
136075398
173299847
205412488
415882
111171726
143153296
207771794
183916690
189683860
206461077
36984980
54548631
57956504
108288151
63461530
150493330
176052380
74864797
140422512
174217375
415904
116021408
143157931
150493358
102521005
36722865
110778546
222714041
262822076
143677631
73160896
158095553
198334655
22173891
48519364
110778565
137255107
169105604
142366920
34232518
143808714
415947
116021446
57956557
175790288
75651281
46684368
262822099
192698580
7362777
158226650
136730844
415965
168712413
20207838
415968
95181024
77093084
183916772
57956585
209606891
142366956
73160940
175790320
247879922
143808756
149706998
183916791
22829303
162814199
89151738
150493433
205412607
56645891
89151749
178542854
106453256
44849420
120346894
144070927
198072591
129390865
111040788
169105686
90069273
166353180
143153440
197155107
198334758
139745574
51534118
197155113
121264423
198859048
211966257
241850673
177494323
117070132
111040820
36722998
3561785
116021563
140138812
1464637
140138817
121264450
29907271
49305929
143153482
206985546
192567628
55335245
192960848
55335249
140138832
205019473
140138836
148003155
125196636
207640930
173955427
120346980
69622115
37509480
285045
42752374
141318517
208296310
153508218
209869178
67918204
126507389
67262849
253254018
43014535
35150218
3037579
213670284
207640973
205543822
165960079
10639760
85088652
160586130
191781272
106060184
173955481
236738971
43932058
193747359
6707617
128866721
127687078
28727719
12343722
72505771
73292203
24533419
98589103
108288433
93346225
166353335
153508285
62675398
186276296
48519625
186276298
190863819
174217676
15882702
113400277
2251229
83778018
116021731
74209762
159275490
57956838
809447
128866792
186276329
174086636
73947629
74209772
186276336
43014642
26499571
159275508
262560246
193878523
13130236
159275515
172120574
43276804
128866821
191126022
171203079
135289351
39737864
262822406
159275528
159275524
87054861
173955598
90069520
143809041
74209808
135551507
15358484
82074133
95181333
55335447
58481175
17586713
188635667
153508376
143677980
200038941
169630238
5003811
263084581
82074150
159275557
113400360
189946408
114317865
113400366
144464432
159275569
74865203
224549429
159275573
30693944
159275576
26499642
159275579
191126077
262822461
159275582
85744193
7887425
12474947
85350979
159275594
49306187
263084621
194796111
262036048
135551567
207379025
159275603
152459861
67131990
73554517
54549081
31742557
82074207
159275615
74209890
113400419
113400422
54418024
74209898
159275628
38296174
22043247
168581742
206985843
159275636
74209910
262036091
49306240
174217859
124148360
159275656
159275658
113400461
114055822
54418064
262036113
262036114
114055827
114055828
10640021
159275668
129260183
113400474
84695707
2775707
108288668
56515230
9984674
189946530
9984678
207379110
159275686
136207017
113400492
9984684
159275693
113400495
53500591
114055855
78011057
143809203
9984692
113400501
192305843
175790775
213539512
89152184
42228409
74603195
129391293
9984704
139614912
144333509
49306310
91118279
68049611
167271116
114055888
114055889
113400531
126507734
36723415
183524056
143678171
143809243
113400541
24271579
193878748
46553825
183917281
114318052
262036197
49306348
71326449
143678195
49306356
183917301
101866230
183917302
183917304
117070585
144333557
95050492
8411901
134503167
193747712
161897216
46553857
183917313
195713794
143678216
169761546
126507788
129260301
49306383
91249425
262036245
117070614
15620886
143678232
135551770
159275806
49306400
143678241
143678242
180247331
151804704
114055969
184310566
193747751
85351201
230054697
16964215
91249452
159275824
129391410
30694198
142367542
101866294
129391415
51665722
137386807
195844924
134372156
129391414
38296380
83778368
185097025
49306437
113400646
189946695
97540933
191126341
20732743
183917384
183917389
91642703
188504911
110123859
143678292
58612563
235821908
193878871
134372185
76176218
49306459
200039260
92167003
70671198
147217242
23485280
206330723
143678308
161241956
126507878
124148580
68574055
90725225
143678315
15358828
114973547
113400686
183917426
416627
195844979
259545973
114973558
153770871
161241974
76176245
83778426
126507891
204626804
416637
91249531
416639
15620987
114056064
53631874
175528835
143678340
143809412
114056070
199646083
153508744
129391496
91904906
158227338
158227339
161241994
30956430
13523854
66608013
143678353
122182542
151804819
80370581
10640279
96099225
143678362
196762521
143678364
136731549
149445533
189946783
177494944
161242018
200039331
185752484
193747877
161242022
124148645
73948072
114056101
114842538
51534760
161242028
159275942
143678382
248798131
193747892
193878965
185752505
91249594
159275962
191388604
119692221
143678399
184310722
91773892
202529733
46685127
193092553
36723658
158227403
159275979
113400781
159275983
152460240
158227408
126507985
188636115
114318291
75389906
208296913
143678423
124148695
185097176
214588378
188373975
19553245
113400797
195189727
8018912
80370657
75389922
193879011
175791079
19815400
113400809
191388651
207772652
192568301
230317036
13392879
35412976
14179312
114056176
155606004
113400822
117726199
113400824
175791096
190864381
196762621
157178882
146693123
141843460
214588421
84827142
81419271
29645833
115891209
113400843
113400844
192306190
136207377
200825875
136207382
143154200
206330905
113400857
90070042
185752601
174611485
73948189
20339745
71064611
225205284
196762659
6052903
71326761
217865258
108157997
135552051
230054963
190340149
21126197
93871161
201088057
200039483
13785977
159276092
48127039
143678528
143678529
55860293
176053317
176053321
91249737
195189836
36723789
157178958
49175632
187063377
143154257
185097299
188636243
103701587
91249745
56646743
148790358
200039513
93871194
114318427
7101535
72506241
7101541
249584747
126508139
108900297
76726599
126508148
208297079
143678590
191126658
117070979
191650948
159276162
91249800
197811340
30956685
143678607
7101583
200039571
90070163
7101589
59268245
114318484
143678616
199646359
7101595
74341533
36723870
124148895
84696225
192175265
91249829
199646378
260070571
134372527
150494384
143678642
143678647
143678648
191126712
82992311
7101629
208559294
7101631
124148927
83778753
7101635
118119619
7101639
7101641
30956747
262823115
71720143
259546323
93871319
197418200
83516633
262823131
7101661
251944157
262823136
56384739
122182883
7101669
82861286
105798887
143154407
7101673
175791337
7101675
180378854
941293
105536750
197811436
7101685
204627190
7101687
7101689
197811449
135290108
7101693
7625981
117726460
129391873
23485698
158883074
64249096
136207626
62283019
176053516
199646477
90070286
129260816
24534289
159276308
77094165
208559383
78929175
7101721
83516698
67263771
143678748
7101725
31218973
159276313
81419552
83778848
83778850
52059428
191126822
95706409
83516715
70933803
202792237
124149037
197418288
134372658
106585399
127556921
55991611
79322432
118119744
83516737
7101763
199646531
22043972
230317378
71064903
143678794
98590026
8543562
15621454
83516753
143678802
197418326
197811547
70540636
113925469
79322464
139615584
100818273
55205221
141581670
143678823
135421294
242244974
155475310
77749621
7101813
114318713
50748794
125721982
175791486
117595526
143678854
193617287
66608521
7101833
7101831
143678860
7101835
166354318
130047374
191126925
90725773
91250067
68443540
143678869
117726616
198335896
143678875
222322077
118119840
126508449
118119841
80371107
71064995
83516834
115105190
108289448
53239209
3956139
91250094
80371119
214588848
214588850
177757619
160325043
127370931
170024374
66739638
134503864
14179767
214588854
153500664
77618621
21781950
55729600
71982529
158883266
175791556
7168955
91250119
143678920
173694407
134372811
7101901
176053711
143678928
7101905
83779026
7101907
9723347
175791569
35544533
165043671
7101911
7101913
83779032
177626587
7101915
181689820
103046622
7101919
143678944
44981729
7101921
91250138
116415965
143678949
7101925
204365287
97541608
103046633
7101927
207773162
197811691
70933997
82992622
191127022
91250162
17456628
113925621
115105271
22175223
191127039
190519971
114843143
156655111
49962504
7101963
91250188
7101965
129392140
22175246
190864912
54035758
159276560
9723411
159276565
119692822
169500185
7101977
120348188
196369948
143679006
15359518
193093152
83516957
54550045
142368293
91250214
7101991
118119973
22175273
53763624
7101995
197811753
7101999
191258160
109338164
159276596
32005687
203185720
197811768
159276603
208297536
31612481
186277441
74997319
129392202
108289611
83517007
143679056
159276624
115105362
134241874
46423634
103046742
143679064
80633433
103046747
143679067
91512411
83517021
250109535
159276636
198205028
114843237
129392230
117071466
181689964
90070637
20209265
177757812
143679095
151805560
42884729
119955066
177757817
124149370
175791737
262823543
38952576
175791747
83779206
114318987
25190031
157703824
193748625
103046804
115891860
143679135
159276707
114319012
131489445
128868004
193617575
13524648
82992810
202792618
13524652
29253293
156655278
83517104
103046833
22044336
159276720
136208057
172908218
193093307
95444673
208559812
190209733
143679174
124149445
191127236
191127241
159276740
74211022
103046864
54550225
243424978
80240341
134373079
13524698
126508763
196370140
86662877
74866395
157179615
13524704
253517537
129523424
159276763
52715236
159276773
13524718
129916655
76177136
187588336
116154099
82992885
60841720
83517176
123231993
159276794
548604
83517180
42229502
87056128
130047745
548609
175791874
33185540
251551493
103702275
159276806
31612684
54550286
197811982
143154960
162029329
36331282
129392404
70672149
41180948
189161241
91512602
143679260
91512605
189161246
83517216
188374818
176054050
91512615
162815784
122183471
14180144
159276853
31612726
175791925
54026040
548668
91512638
171466559
159276862
253386564
122183495
14180173
103702350
87973709
100032338
1072978
72769364
173301589
71065428
129916759
129916760
87056217
83517269
137947954
131882844
105537366
31612766
139616094
117202786
121003878
124149607
57302889
129916777
48914284
123232109
143155054
30695280
146694003
225206135
142630776
202661756
83517309
90070910
208297854
74735489
129916802
248274819
19685251
91512709
102129541
103047050
135290764
122576781
134373262
51535760
191127441
15622034
134242197
172908437
548761
122183580
248536993
181690273
67919780
92168101
19554212
154165157
214720427
75390892
129916848
82993074
66609074
137519028
9461684
129916855
173301688
176054203
128868283
129916863
83517375
165699524
129916871
262299591
134373321
146694090
129916876
95313870
118120400
129916882
173039572
127164375
248930268
252600285
209870814
252600287
89153500
53501916
146694113
22175715
129916900
191127523
96100324
82993129
137519083
73293803
90726381
139485166
417775
165044207
129916913
20996082
134373363
22044662
83517431
14966778
186146812
198467581
126509056
158097411
186146820
41181187
137519111
128868359
252600330
105799692
263086093
14966798
154165260
252862481
129916948
149970965
102653975
198336537
171073562
188375067
129916956
71196698
52322335
96755746
83517474
154165289
58220587
48128043
214196268
32923695
56254513
22962228
23617589
247357492
68837435
56254524
3052931
65167422
248930367
175792190
154165310
76439613
208298044
127164484
260071495
182083656
1990729
129917002
17457225
127557704
15360071
130393045
108290130
73293906
173432915
136208467
74735701
129917019
185884763
115630173
83517534
222715998
197812321
126509154
48128099
199254117
23617642
102129771
137125998
224026734
197812337
141582451
173432948
104489076
198336633
181428346
108290171
72900729
122445952
121659522
102785157
90071176
83517577
173432971
137126029
83779729
9986194
17588371
114319507
135291031
53764248
173432985
147742873
248930460
11427996
262299806
173432991
102523040
142237855
129917090
19554471
71196840
126509226
74342570
137126059
175792300
181428399
134373552
2777265
165044402
173433013
129917109
214589621
137126072
197812412
44196029
83517631
195715264
114843841
147742913
2252991
127557830
30040268
21127373
143155408
252862673
142368982
40394967
181428438
83517656
111173850
129392857
82862300
48783585
56516834
182739170
102129892
195977444
91119846
153379046
102129897
185491694
110911726
129917170
126509300
167272693
208560376
52191482
60055803
83517690
197419265
197026052
122446087
154165511
248013067
105537803
248013069
54681870
96362766
58614032
134373649
141320466
72900883
248013076
154165529
195715355
68706591
42361121
117727527
114975016
171860263
177889578
156000552
83517736
183525672
143155502
66609455
126902578
30040372
121004341
105275703
127426871
105799991
154165563
30040379
201089341
191521086
23879999
178282817
195715394
94527813
195977542
32268615
203710793
114319692
161505617
91119957
33055061
94658902
129917272
181428569
549210
114188635
191521112
171860318
195322206
206594398
21258595
248799588
91119972
14311782
5136743
134373732
5136745
1073514
207642986
203841893
126509421
127426927
189161839
102130032
57696627
165044596
182739320
135291258
142369147
178545023
82993536
74342785
191259010
10379651
5136773
5136775
158622088
129917319
182739338
129917322
195322252
129917325
198074763
103702924
180380048
97018251
182739346
213672339
257843604
122315155
122315156
72769943
83517848
191521176
98974909
90071451
122315161
122315165
122315166
129917343
91120034
72769955
73294246
83517863
52847016
129917352
175792551
74342823
114188716
124543405
33055146
69099951
153772460
140140975
122315182
191259060
24273332
79323572
182739383
167928247
102654391
143024568
122315190
214720956
193880510
182739391
167928256
202006977
83517890
128868803
52322755
138174917
203448770
199647685
10379715
154165705
91120074
108683729
122315217
66740692
138174933
199123416
122315225
83517914
122315228
114188765
101212638
154165727
160850400
122315230
109339107
130048484
240148965
248537580
213672429
213672432
248799730
143155698
91120119
83517946
68837883
90333691
198074878
213672448
52060672
21127684
199254537
130048523
1073676
222716429
188375564
21520910
39215632
50356754
26501652
50356757
7758359
83517976
11428377
1991193
195715615
199909927
167928366
114319918
83517998
181428785
80765490
93086261
1073720
178545209
167928378
113402427
42623547
71721534
206987844
73163333
197812806
121266767
207375560
263348817
207774290
191390294
263479895
13525592
208298587
252863068
175792733
169108062
202007132
83518046
19292772
154165860
16933480
93086317
69624431
82862705
198074996
162030200
162030201
15360633
162030202
244108293
139223675
162030206
10773118
162030210
131359363
147874434
48259717
83780229
83518087
257843845
182084234
162030218
180249231
156000914
124543635
2777749
2384533
197812885
83518104
140141209
181428890
68706971
257843868
83518109
140141215
134242975
83518116
59400869
54420142
162030255
156000945
188375731
182084276
134374069
83518131
162030264
206463673
108290745
193618633
181428945
162030289
83518165
83518171
121266907
53240543
198075111
118121194
13525738
184836845
73163502
82469615
122184432
193880816
90071794
101212914
83387129
45114106
29254399
195715841
128213763
90071813
8545030
83780361
243032843
67527436
74212115
35283732
248800023
120480536
58745625
167928602
79192858
257843993
193880862
143156000
193618721
206988066
147350307
253125412
191914788
83518245
153772839
121266979
32006953
86401828
19686187
180380460
56517419
203842350
37118763
186278704
76309297
74212144
130310962
222716725
198206264
4481849
75391803
83518268
121267004
167928639
217736000
135816003
170287941
175792966
83518277
116024135
181691214
230056785
90071889
142238552
250110809
52585310
135816030
170287968
129393505
52716385
199910240
251552609
126509924
8545122
51717439
68707176
193618793
109601641
32924517
84173672
166093677
28074862
206988142
83518318
202007411
102392694
72508279
114320249
174220154
129393529
79192956
159277945
162030468
170288005
57697156
130048904
188900234
108946315
82994062
55337871
175793040
35939218
162030483
182084507
162030492
142871920
252601246
57303967
108028831
195716003
162030500
184312742
203842470
34628521
76309418
114320298
111305644
147743660
73687981
79193003
170288051
162030516
105276342
162030520
191128504
21259194
146695099
126510015
162030528
172123074
248800195
147743684
161375174
83813002
135816136
144335822
193881039
107766736
83518417
59270094
162030548
225993697
195453922
213541861
111174630
153510887
52716521
181691369
13788140
55469038
103310319
52716528
253387761
74605558
81290231
83518455
176055289
52716539
203187195
114320380
138830846
159278079
52716544
114320379
120480764
203842568
52716554
21128203
36332554
186803216
151544848
17458194
195453971
172254228
76833813
207512600
52716568
136209434
215901209
153510940
177759263
203973667
96101413
194405414
83518505
15098923
195453999
76309552
175793206
108291126
31876152
7365691
114189375
195454017
76047427
174220356
195454023
75392072
174482506
171861069
171861070
179987535
83518545
77227091
114451539
83518550
36332630
249062489
99247193
22045787
79193180
174220380
146695261
253387871
154166365
57042017
186279012
102261866
177628266
114844780
54551661
143156333
98853998
13526129
41313395
32400501
101999734
96625783
171861112
208430202
21259388
7365757
206988414
117597312
207774851
203449477
138175625
198075533
117204109
253387926
97019033
129393818
74212507
107373724
108291228
55207071
101213343
140534946
108291236
58221733
176055461
138306725
13788327
65823914
185492653
215901358
120519721
140534958
81159345
115893430
22045879
140534966
158098617
186803389
253387966
195454145
95315140
205284548
140534983
191390920
212231369
15099082
195454153
126510284
162030796
140534992
172909777
197158097
204235988
95053013
8545495
155608281
121660634
74343641
35546333
73164002
99116260
74343653
86533351
86533353
102261994
58615020
198206701
253388014
74343660
57959664
242771181
109602034
203449586
186803447
209609976
104752376
70542586
208299258
10118397
176448766
195454208
199910659
262825229
186279182
74605839
195454223
83518738
98329875
19293460
43148567
186279193
102262052
8545572
143025446
5530919
102262056
102262057
77751594
74605869
195454255
74736949
180905270
81159477
109208889
54158651
195454268
102262081
34497858
196896067
257844548
113141058
11429193
108422474
257844555
193094989
76309837
175793487
114320723
12608854
106063191
12739927
258368858
24667484
217474397
129394014
66741598
263349604
179987813
100427109
243033444
195454312
68445544
129394024
112223604
76047732
136996217
197027194
248931707
83518846
15361409
5531009
50357637
125068679
109602185
225207690
86533514
12739980
74868109
195454352
201090450
1992083
134374803
262301077
104097173
17982874
249193882
253388190
192177567
184313251
241984933
197551526
212231591
73158002
184313258
203842987
262301101
225207725
6710703
120481200
158492084
86009274
262825410
66610628
15230405
102262217
152462795
107374029
142239185
225207762
214590932
213673429
212231642
86533595
86009306
175793629
146695645
210527711
146695648
72771041
72508897
203843040
43673060
138307044
55731686
8545764
195454440
67921385
138307051
1992175
147744240
69625329
257844723
195454452
36333044
165176822
33711607
150889976
86009339
195454463
198075906
214197763
57959940
199648770
51144199
148006409
166094346
221275660
143156750
150890000
101213713
196896274
153773587
83518996
1992213
165963286
51668503
184313368
23750169
54421017
50357786
76047900
148006427
150890014
183920162
69101091
212231716
206988838
161375783
6186537
193095213
183920178
200828469
165963320
100427324
258369087
225207874
42755651
207775300
183920198
174220871
173696584
225207887
86533711
65168979
127690324
141583956
146695771
83519067
46687839
106325600
214197857
10118755
163866214
195454566
36333158
51144295
203449963
100034156
183920238
50226799
82994800
49309297
217474672
681583
155608690
47867509
66610805
83519093
6186613
215901812
138307194
19555966
52586111
212231807
44459650
66610821
83781254
208299655
148006536
183920266
262825611
208430733
138307214
129394319
102131346
165701267
165701268
225207956
115500693
15230620
207775389
212231842
116024996
258369189
168322725
66610855
81028778
176842411
123233964
148006573
258369201
189556403
195454643
262301366
184313526
83519158
108291769
183920311
76310203
22046394
151676605
66086590
84567743
69101247
138569405
177891008
250373836
117073612
225208014
98985678
116025040
183920336
73164498
183920339
257844940
1992405
87451353
138438361
76703449
56387292
100165343
262825700
212231911
43673324
212231918
172910320
253388530
43673331
8546037
109340407
155608823
19293945
195979002
135423743
96102144
165701378
2254597
147744523
221275922
83519250
253388565
151676695
262825752
249849624
150890265
95315740
173434653
75523870
29339323
173696800
194406182
230057767
156133163
183920428
175662892
103573295
169109299
183920436
208299828
183920435
243033908
201877310
1992515
144467784
207644489
207775562
157706059
101214029
253781839
143157075
183920470
59139927
262825815
47867738
150890330
148006748
72116061
262825822
125593444
54421349
95315812
201877349
183920486
215902055
192309095
31876971
129918828
148006768
36988786
101214068
62678902
123234170
167012223
2254725
183920523
184444814
87582606
114714512
24799120
50358164
195454871
43018135
84567962
45377436
262301597
184444830
228091807
176056224
91383713
215902114
184444834
184444836
249849762
163866534
203843491
55469992
213673895
253388716
103311277
134375342
58484655
214067121
257845169
143157171
108685236
66611124
38430646
214591418
100951996
184444868
121661384
214067145
136996810
49047502
229795792
253388753
125855697
135948243
169633750
182740952
183920604
144467934
91121630
21915616
201091045
253388774
91383783
167405542
121661417
248276970
253388782
253388793
152463354
137127936
94267392
248801283
253388807
106588168
199649289
183920649
213673994
66611211
116287501
192178190
171468817
206596115
152463380
22439957
46688282
6842399
253388833
95316004
44328997
199125031
16279592
109602859
155346988
199518252
87451696
25716785
57960497
35285043
57960499
134768688
57960503
29255736
83519543
14837823
121661503
111193438
111437889
149055555
86009924
176056389
86009923
168323144
262301771
37644364
95053900
198076494
91121742
263088208
183920721
248277074
192309332
14837844
190081109
86009940
86009944
86009945
52108465
214067295
108423263
134506593
143157347
148924516
86009959
162031719
87713898
134899821
175794286
113535088
195324017
42887283
196372599
176711799
76310649
14706811
86009979
38037631
66611327
113272965
108423304
101869704
197290123
127428748
97020046
76703891
176711828
173172885
183920789
127428759
95053975
155347099
55077019
152856733
86534302
54814881
114321570
225208484
190605477
91121835
82864302
108685487
4483249
57960629
129394871
75524289
176711874
241985733
248539335
260729032
156657866
138307787
62679247
80636113
172910802
217475283
813268
72902870
79325398
162031830
79325402
148924635
253389019
148007133
148007139
50358499
44067047
217475304
193620201
50358506
14837995
138307821
111438071
289016
14838008
138307833
191391999
192178433
57829635
121268485
74344710
193489163
14838028
77752589
94267659
66611471
162162960
162031888
86534419
138307861
105933078
183920919
14051608
184314139
196897054
10119464
45377832
4090153
250112300
253782319
138307889
203188531
58878260
2386231
45377847
54159671
253782331
159017276
6778765
187328833
205416771
214067524
112224581
177236298
202664267
51407180
202664269
45377866
202664271
10250575
8546640
243034450
198994259
57436499
202664277
14051668
202664279
12478805
57829716
202664282
214591834
202664284
172517722
202664286
242772318
202664288
6187361
86010210
12478820
2255207
243165544
155347310
243165554
31877491
19556724
208169331
16017782
253127031
31877495
141322617
162031993
37906806
124283260
148662648
108030340
19556741
189688198
22047110
214067592
114321800
202664330
55994762
174483851
19556749
134244746
12347785
14051727
214067601
93219220
158755222
53635488
197552546
25455011
143419814
193620391
148007335
171731369
17459625
195324330
248277414
121268653
31615408
100297137
205285810
201877940
46688692
182479286
95054265
121268666
188115389
195455425
55208386
135424452
55208392
171731401
72640974
21916112
165964242
154560979
204237267
253127123
215902678
24013271
171076054
125594072
217475547
114321884
206203355
52324827
80636384
100297186
89942500
107375078
2779627
149449199
39086576
2255345
100166130
173697527
148007415
145254909
44591613
193489405
214067716
262302218
49179153
1600019
49179155
178940435
226388499
217475608
165046811
190605853
201615905
197290529
1600035
156658212
143157794
52587047
1600043
106457644
200960560
171076144
137390642
187329075
107637298
153774645
192178740
134507064
3041851
21916220
3041853
176581185
186542666
112093770
129395276
196897357
143157840
183921232
143157844
196373076
186542681
100821601
63072868
149449316
171600486
114846317
150891117
217475697
195979891
217475700
186542707
253782646
158624375
143157880
155347577
143157882
59533945
112093820
143157884
173304446
20998778
243034744
152070785
253782659
149449348
76704389
72116869
253782663
224684680
253782665
50779946
179726990
183921295
186542741
95971993
214723228
137390749
222718621
23751325
148007584
215902881
186542755
120220324
54028965
171469477
54028967
143157928
54028969
186542759
189557419
52849324
54028973
2255531
225209004
201616046
49834667
70806194
195455665
31877811
187853491
192178861
141322941
126118590
26503876
4090565
59534022
198077127
136866505
101870286
189557457
46688980
141585112
46033627
78015200
158755552
87845602
105671395
200960739
176057059
162163430
263351019
127167212
158100205
57961198
105671407
187853551
155609841
100297451
248802037
143158006
168323833
59403001
195455739
126118655
193620736
217475841
49179396
263482117
134245126
198077192
213674761
134245130
102132492
99511056
48524050
127167252
125856532
133851925
185756436
222587673
208169754
139619098
199519004
248802079
197552928
162818850
248802083
145255207
121269032
208169771
111569709
208169776
58878768
262302514
248802098
143158069
189557557
205810486
208169785
159017787
168323904
247884608
199519042
8547140
57830218
176057163
114322256
250112854
217475927
253389659
67398494
132016991
44329825
263482210
143158117
173173606
115501927
177892198
177761131
143158124
162818927
143158128
134507377
47868786
133852019
167013239
217475960
193489785
107637627
58485629
25062271
132017024
25062273
207252352
87714690
42494852
14838656
177892230
159017864
208169865
189557641
198732682
217475981
145255309
8547215
67660688
91777940
168586135
249457560
108555160
3697563
111176603
143158171
177892255
87714720
67529633
50097058
162032546
121662369
153906085
60189599
162032551
186674088
109341609
184052642
117599148
80767916
15362990
207514544
162032560
208169906
143158195
124414900
184059876
208169913
87452602
208169915
102394809
162032571
159017915
209349569
176057283
208169925
250768326
162032585
139619274
181431243
262302668
87845835
144337870
101870537
143158219
54029265
57568210
123628499
177892308
195455955
162032597
162032598
39873496
243035088
132017116
51407838
143420383
197553118
169503713
134245342
99511266
4352993
145255397
157182950
24800232
106064874
143158251
162032621
100428781
217476079
87452655
145648629
72641527
149056504
50228216
101084156
70544386
252603395
162032643
196897795
138439686
247884808
248671241
36858893
110914575
162032661
15363095
184314908
249588766
110914591
161246240
157183007
263351330
215116836
104754213
263482406
247884838
162032677
136080422
50228266
139226153
67398706
102132787
551988
208432181
196373557
551991
140143672
143158327
77753402
208432186
125725750
106982458
12610622
198077499
196373571
14052420
20474951
159018056
184314955
190737484
96103501
82996299
213675083
169106301
147352659
22441044
14052437
65170529
161246307
196897892
138439780
56650855
203189352
206204009
134245481
143158376
552044
189688941
34499690
186543211
76180584
136342641
213675121
184314995
7629940
184052853
7629942
181431414
166227064
208170106
159018110
7629953
10120321
262302851
188509316
190606470
12217478
72510603
46689428
263351445
208301206
263482518
143813784
159018136
191392922
9858207
198077601
147352741
57961641
87714989
74869934
2911407
198077616
145648817
199519412
176450741
159018166
199650487
47869115
214592705
421061
105540809
225209546
35155150
193883344
185232600
155217114
132017372
127692004
146566372
35155175
173698282
176057583
214592752
185232625
143158513
103312628
155217141
15625462
47869175
101870840
140143870
134245630
45772032
105934080
4353279
134245636
165047558
141585671
263482634
172125450
145255690
225209613
246967566
185232655
143158539
152071441
260074767
176450835
117075220
82996501
111176984
105934104
199650587
199912736
57306401
201878816
242642208
9465124
159018279
106458407
134245673
109341994
195456296
198077739
56651053
73166126
111963444
262303035
16936253
199650623
52587840
195456319
159018306
199912773
143158599
143158601
78933323
141323596
152464722
145648978
146697554
104885589
95055186
160066907
4353371
204631389
120352094
168324445
171470177
44330338
121400674
102133097
51932521
212233578
170814834
216558964
58879348
184315254
104885620
15887733
29257083
36334973
196898176
24538497
196898178
176582021
146697606
16936329
40922505
255356299
56651153
140930451
36334995
143158681
262303131
208432540
208432542
74870178
71986597
147352997
208432549
60845477
186805678
196898222
168586670
141585842
92695987
263351737
141323707
93220285
6974913
248802755
185888195
93220291
147353033
226782666
253390283
158887370
143158733
206990795
121400784
140930513
196373970
114322901
216559063
22179291
208170462
205549024
108555746
102657507
121400803
120483302
72642023
196898280
130969065
263351786
74608104
20868586
117075437
148008424
45247983
117075439
199126513
67661297
199650800
34500079
158887418
110915067
2780667
248802816
253390336
121400832
59534853
29257222
174878217
158494217
253390348
253390350
118124048
199519760
253390354
158101008
198733333
129396247
143158808
170421786
58224156
13135388
2780701
75787809
41840165
2780709
158756392
214199849
109473322
91254313
204893740
198340141
50097707
143420975
178286125
249851441
121400873
129527348
109473333
214199863
124939831
253390393
214199869
253390400
68841024
155348546
20868674
199650883
113173663
257846857
192048715
130969164
206466637
143158860
129396303
149712462
102133325
202010197
198078039
114323031
80768600
19295837
66743902
174878303
143158887
215903849
199519851
129396334
153382513
252866162
143421050
74608251
12873344
104099457
100298372
80768650
59534986
208170638
123367055
90730126
202403471
16936597
206335641
57044634
173174425
25456289
77491874
132935334
125595303
100298409
206859952
14053043
198995638
74346170
252866234
225210042
174223041
54423234
72511171
262303426
253259462
176451277
40267469
49180367
146697937
9858772
54423254
133721817
202403546
143159016
97808105
155348716
253128428
158101234
108818167
1994493
1994495
169897729
207777538
57306883
1994497
121532166
1994503
182742792
19296009
1994505
108556045
12218126
1994509
1994513
38039314
206335763
1994515
1994517
173829911
1994519
1994521
1994523
75788060
207908637
158101280
172912417
91778852
1994533
1994535
1994539
1994541
263352112
1994545
106065714
206335794
1994547
1994549
57700144
1994551
129527608
217476920
1994557
1994561
162164547
206860100
235827012
1994563
1994569
1994571
1994573
262303567
1994577
149450581
222588757
31878999
130969432
189558617
100298584
3829595
43937628
66744158
111193800
1994591
1994593
108818271
206335846
149450598
72511336
1994599
198078314
82866027
1994605
49049454
134508397
124940144
9727862
158101367
158101368
79589241
174223225
114323320
1994615
1994619
1994621
117600126
136343427
71069571
75788165
129396614
1994631
36204425
35155850
1994635
105541516
1994633
113143694
1994639
1994637
1994641
1994643
124940181
195981208
131887001
134508441
1994657
56258466
202403747
42889124
1994659
1994661
1994663
1994667
136343470
206335918
140537775
1994671
95973298
1994675
143159220
1994677
1994673
1994679
92565433
1994681
39088060
113143746
2387907
42364866
181563338
141586378
44593099
72642511
25456592
44855247
147877845
130969557
143159255
144469976
54423513
13135834
248934364
214593501
190607331
144469988
176451556
66220005
206335975
2256867
65171433
64253927
176451563
5009387
144469997
158101482
121794549
144470009
122712058
197554188
15364109
182480911
140537874
141586451
22835220
82866200
169898009
205287449
162426910
75132959
242774047
182743074
182743078
176451624
39088169
182743082
91516969
15364140
72904749
182743086
175534129
182743090
74608690
109080631
140537914
113799227
186675260
177893437
159019071
144470080
175140928
173174848
144470083
553029
144470086
91648073
136343626
253128780
172126285
20738125
243036241
207908948
253128788
56258650
205811803
6320219
183791712
107507810
24801380
249589862
139620456
214200429
44855408
136343665
206860402
136081522
180908146
174223480
39088256
205287555
174223492
225210501
141586565
217477251
140537995
19296395
59142290
144470164
71069844
129527958
115896471
225210520
199913621
129527962
202797219
243036325
143159461
74608807
56127667
210137267
167932083
195326137
53899459
144470212
68448452
52719812
163868873
249589961
176451795
203190483
104493270
23228631
128348377
242774237
196374752
60059878
214593767
50360552
181563626
79720683
209875179
44855530
108556522
181694703
170422511
147353840
169898227
100298997
206205174
134639864
143552763
185495806
242774271
242774272
144470281
153907467
147353873
240546066
165835028
70283552
136868130
14184741
252604711
263352618
207909163
144470316
136081708
187855148
182481197
247361843
171209012
206205238
115896632
118124857
12480825
684349
252866879
137916735
54948163
684357
184578375
103575879
148009287
14184776
4616527
190214480
171077969
128217427
36335955
205287768
249852251
189034844
144470365
253391197
72511839
98070879
115896671
143159650
91779427
205812074
14184812
82473325
71987565
144470384
182743410
72511859
23228792
192704889
68579706
12218750
25145547
68186496
84439427
144470413
141586831
86143382
98070936
187593113
209613216
1733025
152334752
52720040
169111979
107770291
248541626
127300027
106066364
1077690
129397178
144339392
144470465
106459587
217739717
170815942
257454534
106459594
187593163
196374989
99643854
99512786
158757332
90730965
192704985
187593178
70939098
6713817
42496477
213676509
125858279
253129192
205287913
202797547
186675693
214594029
149189101
120484337
262304242
149189114
105673211
32141820
108556796
174223870
210399744
112620033
70283780
64254469
145912326
34501124
153514504
191918603
38957587
113144339
14184979
196375063
192705047
187593241
215118363
248541723
149713438
217739806
155218464
177500705
105673249
72643106
32928295
162165287
185889322
158757427
217477684
140931637
105673270
1471031
213676600
243036726
187593274
54424120
189559349
191001145
149189173
1471039
158757439
1471041
189035074
1471043
6713923
144339527
48263754
157446731
149451340
208302669
58356302
114324044
143159888
1995341
1995347
144339540
1995349
187593302
169505366
8548951
181695066
98071131
52064862
185889375
45249120
53244513
152334946
74871397
194146920
133853803
176058988
71070317
98857581
17592942
209875566
124940913
3961451
202404467
182743667
24408693
135557750
262566521
155349629
68579966
51540606
173175424
112358015
98857604
160796164
91386501
1208973
196768398
97677967
152334991
8417938
199651988
80638612
141587093
196768408
54817437
16937634
1208995
1208999
181170855
129397419
205288109
174224046
139621039
149189296
100168370
205288120
14185144
151548603
131363520
55997121
155218626
52851396
112095940
176583367
174224072
181695178
14185166
257848014
217739984
131363539
167146203
112358109
144339678
118125278
2650847
11956962
262566626
108557030
173699816
43938536
177631979
213676780
118125293
60715758
14709488
143422192
167146227
81687283
41579253
118125307
115897084
88896253
115897093
17593095
28734215
14185225
91779850
253391628
118125327
137392913
14185236
118125333
120353561
217740060
198865692
14185247
186544928
167146276
249590565
95449892
1733415
181564202
112358186
108557101
253391664
149713714
198734644
198734645
76706612
217740087
73167671
198734649
149189433
152335167
198734661
9859912
173830987
213676886
201618262
91386712
152335193
35156826
177632091
252605276
197555035
75002715
155218783
146699106
67269478
8549222
199521129
150369129
147485550
187593586
118125432
224818040
208171898
146699133
208171901
190608255
48526213
68842374
78017417
207778699
76706701
75789206
175535000
195851164
145650589
16937885
152728483
25981864
169112495
170423219
79721396
59536312
40924089
50885562
208565179
93221822
67269567
158888896
14709697
217478085
1995717
1995719
58487752
52327370
45249487
9466835
253391831
42759131
4617185
149189611
162165739
195851246
149189616
168719350
200963063
125727738
2782205
16937987
25981957
174486534
180380512
57701385
130970634
10777613
79328272
205943826
68580379
128873501
130970653
100168740
188380204
136999983
214594607
214856753
248935474
145257523
59536440
163869757
248542270
142242879
208172093
114324547
58618948
97809476
76706886
163476551
91386950
146043978
105673805
201880658
37516373
79721559
214594648
129004639
235828320
91780197
205419628
210400366
182744175
114324595
118125689
160330875
86013055
12481664
209876104
143291529
182744203
192705676
82998415
32142480
154694800
158758037
105673887
248542369
105673892
42366116
143422629
32404647
197293224
222590122
106460334
79721647
64255153
109343925
4748469
162428087
14316728
252212408
22967484
109343939
242775236
14709958
22967495
38433992
209876168
208303307
91387085
25982160
25982162
129397971
168195282
186676437
158758104
10384602
118125797
115242214
91387114
74609902
200701167
209351920
114849009
114324719
248542451
77755636
181564658
2258167
217085176
205288698
25982202
129398015
137524480
257455361
217740545
249853187
253392132
78542083
196900103
114324744
214856970
112620810
195851535
1733905
143291666
143684883
118125842
152381634
176715030
112227608
217740569
17986841
90469659
70153501
112227614
162428191
118125855
122844451
210400554
113407275
52720940
104756526
124941616
2782513
9729330
198210867
12088628
135558454
114849080
173831482
118125883
126514493
25982278
197162312
191657289
72512842
109344077
137524558
198866253
80901457
126514516
54031700
78017876
208172372
138442072
117208404
91387226
176452961
8156514
208172386
49706346
9467243
114849132
190739822
197031278
38958449
191657329
262042995
137524599
105674106
142243196
114324860
1209731
214594949
208172422
82998663
75396493
170423695
217740687
20739472
3831187
208172435
153515413
151834577
198866327
34239896
214594972
227177885
80901534
247231904
90066289
76314020
176059813
118125989
137524646
109344169
46691757
175666608
74347959
91387321
226915771
197293503
162428353
243037635
169768388
118126022
74741192
145389002
126514634
200701389
107902419
86406615
98072030
157316575
115897824
97547746
52065765
52196838
206861799
86406630
129529322
57046508
78542318
119961071
206861808
137524722
52196851
104494579
23098869
198735350
198735349
57964024
198735352
198735353
39089651
181564921
112096768
57046529
263353857
198735363
192706048
119698947
126514702
2127379
76183061
182744602
86406683
140932635
161904156
8156702
23229983
113145374
141587999
100300321
29914657
20084261
193099302
207255077
685613
30701102
25982512
142243377
137524787
201881141
14710329
217740859
253130304
23098944
161904192
58881601
29914692
193099333
207255113
263353937
72513106
71988820
58226266
263485019
183531101
75789917
12220002
76838498
25982564
91387495
17462888
79722089
177895018
22967915
98858599
144340589
44594798
146699885
193099378
55998072
86406786
226260613
258766469
23099018
133854858
181565068
243299983
200701589
21264023
208172696
129398424
173176475
217740955
141588125
75396765
119961247
152991390
25982626
36730536
154695341
185759409
25982645
42235574
14055094
102397626
126514875
191657659
133854911
149452481
206862018
14448322
161904322
67401409
245790406
243300039
155350726
40924889
161904346
44594908
245921501
262043361
168851176
90732266
5535469
23099118
206862063
182744814
59406062
112621293
198342389
121009909
166229749
23099128
157710073
262043381
205289214
119437054
101349120
207910656
50362114
46692098
108558083
225212158
207779595
129398539
144471821
207779597
203847441
185759506
154695443
91387671
72120087
85096217
217478937
163870492
262305566
249853726
86144800
14448418
130316068
106329892
114587430
30701351
192396964
174618413
55998254
155350829
113407795
11958070
115242810
74610490
25982780
161904445
54425410
200701766
139491148
187725646
42891088
30701395
70940503
153515868
161904477
263485280
153515875
155219818
262829933
91387757
129005425
107640690
121010035
125597560
157054841
52590458
107902842
262698873
79722366
14841727
29915007
69498764
183531405
57702288
183531411
183531412
104757144
207779736
10385307
173701020
146569117
97941406
105674655
177895328
114325408
84440996
52852644
17463206
14841770
243300268
118126510
22181807
204896177
191133618
121534387
20608947
183531445
114980789
79722424
105674682
66615228
207386557
76445630
262305727
97941438
105674695
193624007
206862280
243300299
108558286
3045329
163477459
16152534
192706522
72513500
162822109
122189790
14841822
3045343
98596837
32405478
3045351
262043622
201881577
114325484
161904621
121010160
121010169
121534458
3045371
149452796
208173056
191641512
203847689
262567945
161904652
149452817
152205332
148011029
21264406
3045399
3045397
3045401
73497611
187725852
3045405
176060447
49051681
49182756
3045413
161904678
2783273
184317993
3045417
3045421
139229232
3045425
122189874
3045429
175142966
79722551
3045431
2783289
197949498
77625403
77625404
114194494
77625410
77625411
121534530
19691587
77625415
48527432
124155975
196900941
3045453
58226767
252868689
3045457
3045459
193624149
161904726
143292503
3045461
124155994
208173146
167147610
75659355
161904734
217479265
3045473
217479270
122189928
55998568
193624170
195328111
263354480
3045489
129398898
259684467
263354484
154695795
122189942
161904758
3045491
7633016
201881722
9468030
193624192
161904770
139229315
215120005
204765318
143423623
141588616
3045509
3045511
106854541
122189967
77756560
25983123
157055124
75659414
100300953
262043801
3045529
424101
118126758
157579429
203585704
3045545
424108
190085293
70416559
87455921
73169076
193624245
147486906
208173243
188250299
10385595
217479360
49182913
184318147
76183752
49182921
9992395
162166990
126515407
70547663
49182929
252868819
111704277
60848341
49182933
155220187
58226909
205813984
162167010
129399010
116029668
150632677
91388137
193624298
91650282
193624300
162167023
155351280
248936688
59144434
90994931
424183
42629368
173177081
158790521
177633527
424189
424192
191658244
74742027
9730316
124418316
97941774
48265486
100301067
144341265
125729046
193624343
90863897
89946395
76183835
100301086
251296030
249854245
141588773
249461032
201619752
114325801
135559472
50231602
179206454
28604727
139491640
208173368
187726138
252213563
193624374
191789369
23623998
139491647
89946427
204765503
1734977
33323332
1734981
161904964
93485383
253393224
262043976
141588808
163871045
204372302
217479507
72513877
183531862
184318295
171866455
252868952
163871063
263485787
66877788
193624411
97941851
33323356
143423835
57833829
171866470
139622764
132020589
204634478
146700655
139491696
176716144
201881970
186677617
132020596
217610608
262699377
139491705
217479546
126122363
158628218
152205690
97941885
153254271
118126973
74348924
187201914
6846851
15366533
263092615
42891656
129399175
204765581
20085134
89946514
149453204
57964953
68712858
126515614
129268127
102529439
132020642
154696101
184056231
154696104
191658409
191658411
92567980
118127020
186677676
149453228
123763121
207255986
193624499
154696118
139491770
71072187
208566718
193886657
100694467
208173511
143030728
204896712
84572617
178944456
249854413
91388366
50493903
217479632
204765649
207256018
195983827
184056278
208173526
139491800
196377048
162167258
243300822
106854885
217479654
51041243
201226729
141982186
199653868
248543725
52328944
152730098
208435699
100301300
90864114
173832691
197687802
9992700
948733
197687804
207911422
162167296
184449534
222329346
17594882
213678596
184449540
23230977
193624579
192182785
193886721
207911436
212236813
252869133
184449551
139491856
217741840
213678610
199916051
293396
192182802
153647639
262699544
36993560
13138458
213678619
184449563
213678621
53770782
213678623
9861663
68450849
191658531
243300900
213678629
248543782
213678631
139491879
189692455
180255274
143817257
52197932
262699560
57834027
152074808
184449595
143292987
154696253
213678655
14318144
149977665
204765762
213678661
185760325
52853319
15891014
145390153
169769547
67533389
148011603
87587412
104495701
217479767
162036311
172784215
188119641
253131355
28736091
73862449
130447969
217479778
100432483
152861288
29784682
184449644
57440881
121535092
15891065
213678714
213678716
193886846
217479807
104102526
184449665
255228543
213678724
9468550
23100042
213678732
16153228
213678734
213678736
207911568
3046033
101218960
114326164
96500373
110787221
99515029
111704728
100301466
77626010
116554398
16153246
188381858
112229027
40794790
53115560
94796458
141982380
201882286
77626032
213678772
188381883
191265468
8420030
91388606
133855935
15891135
72121026
139492040
28342986
104102603
184449740
139623117
192182986
184449746
126515923
188381907
207911638
188381911
51280600
91388630
248937179
154696411
79461086
23362271
40008417
109214434
184449763
184449765
7240421
214203114
144079595
153647851
166230764
184449774
167148277
76184310
104102646
96238327
11303673
207911674
204634875
199916284
91388663
125729535
217479935
198736640
217479938
16153347
1080068
98335494
217479945
101219081
15629075
89684756
180910869
45382423
190085914
162167579
125729563
248544028
71072543
79461153
11859733
57703206
52853544
93223725
20871985
3832627
186284852
73825077
93223736
52067128
96238393
114195260
263355197
262699851
68844366
79461199
147880784
52853589
198736726
205028183
15629143
101219158
43154266
11696987
101219159
150633309
165968735
207780705
25983846
56523623
95583081
144341866
157055859
104495989
204766072
73825149
162429821
113146750
79461248
72514431
169758364
165182341
190086025
183270288
183270289
126516117
101219222
14056344
1473435
174619548
1473437
46824348
96107423
183532446
198867877
99384231
110656423
106068905
183270315
1473453
47348653
58096559
79461302
28736440
183532474
121797568
167803844
185498575
188382161
91388882
249461720
263355354
126516187
178944986
174619613
69237726
42499041
179731427
153648101
167803878
91126758
157055978
188382189
155614189
89291759
21265392
31882226
84573175
208305147
121797629
183270398
115768324
186547206
199916551
12614664
81296394
73956363
20872204
133069838
201358351
17464338
9731090
131496983
100301849
186285081
186285082
188382233
55999515
52198430
162036768
216562722
110787618
253393956
203455527
51280936
26115112
191265833
98597931
263355435
55606319
217480240
210402352
76053554
186285107
68189236
180255797
130841654
113540151
79461431
263355449
126516283
142244923
91388990
129793088
186285121
101219394
95059013
52198470
57441351
203455558
192445513
126123080
143424588
9469009
186285138
57703506
157056084
105282647
94796889
199916635
131497054
949347
7240809
59407466
203455597
102005872
209878128
163871858
17464434
186285172
143948912
197688438
249855094
129399927
15891577
56654970
198737019
9731188
193887362
186547330
205814916
186285189
9469060
179731587
168066184
7240835
47217802
89947269
212237452
11435149
252607628
51018896
74218646
179207320
81296536
262569114
82214041
113933468
22051997
145915038
143948957
95583391
1342625
203455649
147356829
145521826
70155429
207387814
184319142
7240865
7240873
7240869
113147051
207912109
7240877
172391599
41188528
187595953
15891633
162036918
202013879
98598073
173702329
114326715
74218684
184319167
222723264
95059135
15367360
42499267
192183494
99515590
59538632
109083850
66747595
19823819
187989194
11435214
207912142
41843923
144342228
50363603
196902101
161905879
15891670
28736731
57441501
149847262
50363614
248675552
203455716
205028581
207912166
68844774
129006820
50232553
174357738
134773996
23887085
197164269
103578864
26115312
163871986
76053747
91389171
139623670
56917245
157449477
140147976
59538698
203455758
132021518
262569235
108428563
191266070
16153883
23231772
139623710
83393827
134380840
133070121
79461672
140148017
199916850
96238899
80379188
28736821
80379190
28605752
262044987
134380859
98598205
184057149
95059263
191659328
25984321
71073083
95583558
24280390
70155590
202407243
252869963
15629646
173571408
207781204
155352405
207912278
207912279
207781207
263486809
184450391
207781211
226393436
222723412
25984350
207781215
110001497
207912290
208174434
56655204
19823972
252869990
207781222
204897639
178945378
96501100
174357874
217480564
3046779
70155644
207781244
208436606
163872124
208436608
98598273
8682881
208436611
24542600
141720969
207781258
125730186
249593226
26115469
54033810
207781267
14450071
203455897
96501147
242777500
3046815
186285472
207388066
85753252
52198821
253394340
24280487
248544679
207912361
3046821
16154027
144342443
136871341
207781293
24280493
38960559
3046829
3046831
108428723
217480628
35159476
9469366
184450487
122846648
133070275
58621380
196378053
53902790
42761670
164396485
176586181
32931270
50232779
86146502
190086604
190086602
243039695
64257492
98598357
192839125
210140631
40795610
72646109
207781342
207781344
114327010
7634403
134381028
144342501
210140645
193625575
195853798
222723559
253525482
207781355
77102571
204635629
60063213
134381038
96501232
29130225
252870130
190086641
207781364
202014192
29916656
195853807
201358844
72515070
67010048
125730304
95059458
95059457
27557376
76054024
207781387
3046925
48135694
210140686
153255440
191659536
133070355
210140691
210140697
95059481
95059482
47349277
207781407
210140704
207257121
84704801
104103456
102006317
198737460
206994996
95059510
114327095
90066726
144473658
95059515
57048636
100171324
48135743
142245440
215121472
69107264
183270978
196378180
25984584
207781450
127303242
144473675
135560781
243039820
95059535
87457360
84180561
74219084
144473684
195722840
2784861
77495906
172916326
126516840
144342633
143425129
207912556
195853933
95714926
198082159
140148339
203587187
191004277
149847672
195853945
84180602
95583867
84573821
143425149
195853951
195853953
181567105
140148356
195853957
72908421
95977098
154173067
162168460
136871565
144473742
83394186
193887885
95059602
95059604
190086804
134381207
48135836
134381213
113671839
114327200
32407199
112361122
35028642
140148388
207519398
95059623
90078888
112361129
96239271
147881643
96239276
195853997
183271086
144473774
21266094
204897969
66485939
77627060
208305845
252870326
143818424
196378297
249200314
173964987
154173114
168459961
114327226
140148415
195854016
252870336
177897151
140148419
141590211
197164743
191659719
48135881
90603209
95059659
208305868
121798349
168459986
135560917
79724249
11697882
95059674
137002716
114327259
168984286
95059675
217612001
56262370
84704997
144342758
140148454
98074341
72908517
198868716
97681133
143687407
186066826
252870385
108429044
78020342
133857014
83787513
95583993
126516987
128876283
2916093
95059711
11960065
193888006
84573961
205815562
149192459
99516176
207912721
76447507
89947925
27557655
79462170
124944154
52199196
108429085
113409822
69107487
95059744
201359131
73170721
196378405
87850791
133070632
153255721
687912
52723498
78282539
103317292
62684974
10387243
90341169
248676146
153255733
46694197
78282551
128876344
46694199
134381369
46694203
95059772
46694205
48135998
95059775
145391424
98074430
217087813
262045509
90996549
91127621
78282569
70156105
687951
114327375
140148565
95059798
207388501
133070682
17596250
42106715
56262491
53116768
95059809
10387298
193363811
196378471
17596264
144342889
249855853
69107565
177635181
207912818
17465204
252870517
31883127
262700920
134381432
41320316
54034304
182484866
205029250
556934
107904905
115769225
17334155
73826186
115769229
141328269
95059850
98074505
950155
84574096
102006676
205160341
263487383
136871832
126517146
121798554
176062363
122191773
143687582
78282654
149192611
46694313
78282666
72122283
115769260
31358889
106987435
26771377
34635697
56262588
14843837
98074558
72122303
96501695
95059903
141328322
215252931
249200579
78282692
193888194
182747079
195985345
198868938
72908746
207912909
69763021
95059921
113410005
99516375
114327512
109084631
140148698
207912923
214597594
74219482
17465311
141328351
201359332
132808677
207388645
106987492
134381541
21266406
148013038
819184
262701040
202014705
253394937
253394938
106987516
14319612
84574205
29655041
141328388
208437255
127303692
217088013
113410060
136871950
87851024
84574225
72122386
55607317
143032345
14843929
98074649
207912989
55738398
139493408
207912993
203456546
8945699
225214500
9732133
141328418
127303719
180387880
134381609
134381607
9732135
32800806
255623215
9732144
131498031
207913012
49184820
9732151
9732153
210141242
150896697
253395010
1343555
143818822
98992201
90341450
134381644
58884175
14843984
130973782
74219607
210403419
819292
67272800
98599008
205029472
140148835
86409316
106987617
213680229
819304
109740138
192970859
89686124
134381680
150896754
250118259
106987636
75661432
225214585
142901370
143915452
114327673
98074744
59146368
114327685
819334
50888840
25985162
150372491
6586509
208437391
14844047
46694543
186548371
49184920
59146393
198869144
141328540
52461729
104628385
139624610
166232228
143818918
149192872
133071018
76447915
74219693
95584429
133071023
135299247
98599085
208306354
217481392
819380
41844917
102269112
67010745
138313913
76054715
28868798
83919038
21135550
59146436
89817284
178028744
207913162
149192908
254181581
253395148
140148944
56525010
207782098
84574421
203849948
173572317
253526238
8945891
59146469
159023333
149192935
173572328
173703398
143425771
203456749
173572334
1605875
140148979
173572341
56131830
114327797
133071097
168067321
177897723
173572348
213680382
131498241
138838276
171213061
128876812
134381837
138838287
263487762
59146517
73826584
159023389
137396511
75530533
73826598
126910757
140149033
57704748
136872237
73826612
201883956
14319929
210141498
14319931
70680889
136085822
113410369
136085827
145654085
73826632
159023432
201883978
19824973
222462286
137134415
52592974
55476562
191529298
53117266
70156628
85885270
263356761
101613916
134775134
193102175
140149091
102531428
114327910
134381928
57311593
253526378
191660394
57704813
21791092
139624821
78020985
136085883
74219904
56131970
97681797
133071243
113410444
128876942
73826702
53248400
181698965
58360216
207913369
225214880
181698978
7635364
243040678
134381991
207913388
133071277
253526445
243040687
52724145
105677233
73826739
159023539
180912567
93225400
188383673
40796601
188383675
199262649
188383677
148668862
167543231
143425984
167543233
188383683
262046148
188383685
73826756
249201092
41320899
183271881
91128266
181699019
31621584
169640400
128877010
114328018
78021078
191529431
191660505
185762266
215122395
41320923
199262683
167543259
192578010
145654238
125731297
51544548
176849382
85098983
93225449
207913451
193888751
83526128
207913458
197165556
141591028
146571768
156795385
134382073
52462077
190087683
176718340
148013571
146571779
113410567
176849416
40403460
191529482
46694916
190087692
207913484
190087694
87982607
98599439
87982609
89424402
113410578
8946196
86671884
243040784
133071384
190087704
85099032
124420645
201622056
253526569
253526570
136872491
13402670
55738927
114459186
58491445
191660597
253395511
110658103
95060535
58491453
167543359
32932416
114459201
210141762
248808002
120357444
162169413
71467589
166625863
191660615
225215049
253526603
114459212
114852429
106332749
156795471
73826896
253395536
73826898
248808015
45646415
58622551
167543383
36209241
97550937
192578136
182485598
87982688
192710154
114459237
167543398
191660646
243040873
190481004
174621295
181699188
153518720
182485633
197821059
160989830
262701702
189170313
83395210
138445451
14451339
197689995
9470602
141591183
154174098
257682798
154174101
154174102
154174103
183927450
243040927
203457187
205423269
241992360
169116330
73826987
190481068
167543469
17466029
116032171
154174132
146571961
248939199
154174144
73827012
116032196
165184197
154174151
73827016
217481926
57705166
73827022
147751632
160989904
91369539
160989907
46695130
147751642
141591260
142246622
143819488
34636513
210141922
126517988
181699301
205816550
40665830
72516328
57705193
210141930
205685476
93225712
149193458
176063218
1082100
36209394
1082102
20480759
149193464
1082106
1082108
101090044
28345086
160989951
134513406
20611838
113935112
557833
203981579
182485772
140542736
140149524
190481172
214598421
262570774
160989979
169771804
158106395
147882782
262570782
149062432
160989985
70681377
48661275
207913765
132809513
163871098
131367728
169116465
249856818
160990003
158892851
214598449
249201462
157057847
72123192
96633656
194020150
133071675
160990011
113410868
114328382
146834231
133071684
162562886
101614411
96633676
72516430
142115663
149193552
557905
55477074
160990035
58491732
176456529
197296982
557911
129401687
20087641
557913
557915
149193565
162825054
143819614
109347677
207913825
186549090
6718307
162825060
40797030
143688551
109347689
81298283
43811692
89424748
89424750
89424751
46302064
195986288
24495171
160990067
89424754
89424758
126518136
76317560
57312122
210142075
160990076
89424762
24544128
114459523
426884
1999749
175539086
193758095
88769424
133071761
72516496
557968
11436948
204374933
14451604
160990096
186549136
114328470
176456596
174621598
248546213
13140903
210142122
207913898
207913900
149980075
146234205
191005616
12354481
263488435
177898419
57836471
187859897
206472122
86541243
117605306
48661434
201884606
80249791
140149697
66618312
86541256
241992650
558030
191923151
174621649
206996435
176456660
558037
177898454
110658519
199263190
204768217
558042
162825176
93225945
243041241
104104926
160990180
1999847
73171944
104498152
113411052
248546285
26772463
206996464
134775799
8946680
169903097
104104953
104104954
133071870
174621694
85099520
248546304
97551358
80643073
263488516
14451716
192709638
98731015
86541325
74613773
114852877
190612494
97682445
177374222
91390993
53904404
192971794
203195405
184058903
192709655
20481050
26772511
115639331
89293860
108430371
94798885
133071915
249201707
25986092
93226030
160990255
202802226
23233586
70681652
136873013
104367157
115770423
157058106
83395649
248546370
56919106
207914052
195724357
191136837
104105031
111445064
11437129
207520840
202802251
86541388
262833223
173704270
248939601
160990292
144082005
160990297
9471067
36340831
133858399
129401953
88769636
144082020
117605476
147883111
253527144
109347953
146572401
133071988
222200949
156271733
176456820
248415352
129401977
46695546
89687163
144082045
88769661
193889410
143164547
253265028
214598787
114328711
135562377
85755018
248415372
44598412
144082062
149193873
86541457
132809873
151946390
165708951
72516760
48399517
56657056
102532257
86541475
126518435
169772197
49710247
114197672
176456872
174621867
177898669
8029359
114197682
208438452
100959416
74745021
199263423
133072067
206996675
127960261
66618565
188515526
56526026
177898700
164791501
53642447
171869391
93226196
197952725
176456916
125863127
104760535
160072921
164791518
56001759
193758436
204637413
125732073
174621930
76055786
151422189
133072111
427251
104105204
129008889
185500923
138577148
146572541
76449025
111445250
3048705
119702789
76055819
68322571
171686667
205817105
53642517
146572565
104105240
160990489
192185625
236094751
105153826
113673507
115441315
221807910
213943589
174228776
71206185
197952809
106202411
158106926
158893359
48268590
114328880
208307506
174622003
146572594
189170997
79332656
205817134
243041583
189171003
187204924
72516925
14845246
133072191
125863231
114197823
217089340
194807105
55477572
104105284
117081414
117081415
169772359
106202443
102663500
103974220
113935696
6194513
55477587
143689044
117081431
72516951
174622042
168461661
160990565
86541671
100959592
143689063
117081450
229803374
145393007
46695792
83395953
114328946
46695796
33064309
144737655
160990588
126518655
117081473
7243139
146572678
115901832
174622089
129402253
205161870
8291726
2000271
253396366
137004434
53249427
129402265
115770782
117081511
204768680
117081514
247498156
174622128
13796785
174097842
197952947
115770805
253265334
64259511
14845370
160990650
151422395
33850810
9471424
133072322
427460
129402310
182486474
117081546
155223500
2000333
197952974
144082384
19826130
33457624
249202137
36341209
117081562
241993180
129402338
203851236
138839526
67274218
149194219
192447981
144082413
44336625
157713905
168461811
144082418
200705527
15238648
144213500
197953021
47089150
117081596
133072384
194807297
104105474
171083266
8816124
117081606
117081607
44336648
10651143
117081609
174622219
204768780
253265421
114329095
174622223
160990735
67536401
125863442
122345030
125863446
133072408
28476952
117081625
75400731
86541852
99124767
54822433
58230307
160990755
45123109
117605926
59409960
129402409
208176680
83606339
253265452
117081645
60982831
253134384
146572847
103974450
155354676
167937588
207521333
173835830
4359739
117081660
192710205
59409982
191268414
205162050
262047299
72517186
72517190
144082503
214599242
191661643
72517196
192710221
210142798
130844238
117081680
143689296
207390291
25986647
117081687
72123993
9995866
70551130
157714011
58230363
174491230
129402461
101615200
2000479
193758812
13403744
169772645
169772647
2000489
210142826
25986669
139495022
186287732
243041910
146572920
143165049
117081722
62686843
76187260
117606011
248546942
117081727
129402494
2000513
148932218
172131971
210273916
89163398
14059142
146572937
86541963
187860621
133072526
154175118
144082574
153912980
140150420
86541974
187598487
86410903
117606042
69764763
207521436
194152094
86410910
187598496
155354789
32147110
229803688
153913004
207521452
178292398
205031086
143689388
86410925
203065012
210142900
178292407
14059194
86542011
210142907
167937724
203065024
164398784
149194434
67012290
178292417
176457411
117081799
103581385
104105673
182486731
149194445
136873679
69764816
143689426
160990933
146573015
191661783
115508953
205031129
158762715
213157597
89687775
155354850
176064227
210142949
196904678
57837289
143689452
207521517
262571758
196904687
163874545
210142962
26117874
86542068
60196600
182486780
117081854
117081856
214992641
158762754
196904708
210142983
150898441
133072650
149194507
176064266
558862
125732624
146573072
148801298
136873747
201361172
44336917
205817625
35030810
160991003
95192860
148932377
91129631
243042079
162170656
117081891
198739749
82478887
177899305
140150571
68454188
16287533
186156843
16287535
76056368
35817265
91129651
103974710
34506551
193365815
146573114
192710459
72779578
102139712
253134659
58623811
204769094
125732678
191661895
125863753
144082761
17598278
102139724
103319372
91129678
191268687
193365840
214992717
122193746
117081935
75401037
168274026
76449627
117081952
117081953
15632226
129009507
95192933
113411942
112363366
50235240
186156902
173705067
115771244
99518324
210143094
204769144
114329464
10782587
137135998
117081983
133072768
160991105
210143108
100042628
109610886
160991111
129402758
32409483
137136011
203982736
89294736
117082001
104630163
55084949
127960982
197953429
119965593
138446749
103974814
263358366
51283873
144082850
210143139
9996196
180389797
144082854
180389798
180389799
122193836
136873901
210143149
210143153
108431282
158107571
114329524
174622645
117082036
189564855
86542260
157714357
253003705
163874739
109610940
210143165
114329533
112363455
210143168
43419585
143951809
36079551
104105919
187467712
242649030
210143174
210143176
97552327
180389830
180389833
170166216
66619341
210143182
67405774
210143184
17336271
117082066
210143187
114329554
6719445
210143192
149194715
175146971
210143196
210143198
263489500
263358430
186288097
143951842
210143202
196904932
117082084
183535589
139626471
175146983
203982825
210143210
146573288
117082091
201885673
210143214
155486191
210143216
247891952
210143218
144738283
198084597
180389877
184846327
16549881
159287294
201885696
210143233
180389891
197298180
210143237
247760902
195987463
195987461
216434697
210143241
24545287
203065356
75401223
201885710
103974927
32802833
101353490
149194771
210143252
114853909
180389906
200706068
263489557
176457745
155486234
160991258
153763337
160991264
210143265
180389922
210143267
117082148
207915043
180389925
210143271
101353512
248547365
146573348
151816230
57968684
193366053
193366062
90343471
140150824
210143281
108824626
690218
690223
222595122
35817526
178030647
196511800
113674296
67536954
53250107
117082171
193366072
160991290
210143295
59148348
84445242
201623615
210143299
53250115
115247173
146573379
201099335
182487111
174491719
203065412
140150859
150374475
32409677
75401297
263358546
101353557
113412187
252610652
203982941
117082206
32147548
110135392
191268961
243042399
133072995
191662179
210143333
21268575
260081767
101353575
129402984
73828457
169773161
193890412
162433136
192710769
117082228
80906359
201623672
193890425
91129982
110135422
192710784
201623680
101353602
690308
186157192
214599818
160991371
690316
199526541
249464975
91130000
212240533
59410582
142117016
127961243
133859483
129009822
75401378
77629603
59410596
52725924
172918950
160991399
130320552
193366189
21268654
51284146
101353651
92440755
101353652
104106166
117082290
158763189
117213369
117082297
83527859
172918973
67930302
193366207
193890496
104630464
117082304
9472195
117082308
172918979
191662269
258508999
43026632
8816840
214599882
180390091
63867084
191662283
160860363
193366225
160991444
180390100
126519513
160991450
201623771
108431580
165972189
189171934
140151003
172919005
137005282
22972644
117344485
195332327
172001514
205031659
22448364
180390123
168200426
172919021
148015342
113412337
55347443
16943347
115902709
205031669
73173239
22186231
53774581
67930359
73828603
127961339
53774598
193366278
51284232
146573577
249596170
185633035
190365851
57706765
173443342
68192525
129403149
169773320
197953811
172001555
144607509
192186646
263049754
180390171
101353760
247499041
192710944
210274598
109611305
205162794
75663659
9472297
129403178
97683758
179163679
112101674
155879730
2918707
101353780
147360053
72780083
112054817
68585786
73828667
203196732
34638139
117082430
193366334
76056896
161253697
78022978
151423290
243042624
36079941
690504
172919113
171477321
14584144
172919122
160991572
137398613
158763351
203196765
75663710
110791008
189565285
180390248
172919144
207522154
241600875
53381483
32409965
193366382
180390253
130320752
160598385
203196788
151423349
56920438
196905335
98077048
115902842
52988283
186157437
180390269
143034751
161384830
71076226
146573699
89295236
101353861
22055300
186288520
194414985
101353866
140151176
180390280
180390285
117082505
253528463
105548168
2263437
120228242
226396563
241600916
72518036
213682582
76056980
158501272
263358873
180390298
1739163
185468182
242125213
53774750
117082527
160860569
117082529
82217369
11438493
193366437
83528101
202803624
160860585
144345515
53774764
108562862
152209842
77629876
11438520
105679290
75401659
180390335
161384895
9472451
2918853
258509254
174492102
84445640
215910859
180390347
55609805
10389964
180390351
155355603
51284435
73828820
149195222
136219091
146573784
194021854
114330079
214600160
140151265
191138277
13797865
55609838
117082607
212240880
173967857
86411763
169118199
2918905
99518970
42895866
210143741
14322175
180390399
117082624
180390405
247237126
117082630
71076362
87984650
112101903
164792851
180390422
214731293
193104414
168462882
104630818
207391268
145394212
115116578
191662631
8292906
205818412
117082669
193366576
161385010
133073460
116034100
71076407
180390457
194021946
104630842
145394236
146573886
167021119
263490112
85625410
109873731
51284550
144083529
146573897
180390474
117082701
193104461
117082703
6720079
117082710
73828954
51284573
10783326
148802149
180390501
117082725
134384232
148802151
196905579
117082732
203983469
129403501
70290030
202803823
160074354
151423603
168856182
180390519
205032056
22186617
116820601
2263677
216435327
101354112
193890945
160074370
117082754
249203332
211978882
80644740
149195399
97553032
59280008
117082761
67406477
203983501
117082765
180390541
109873806
203983508
174099099
214862497
117082787
55478949
68848295
101354154
180390576
20089521
187861683
101354166
180390584
174230202
78940858
428732
179735229
71207613
117082813
144345793
77105858
193366721
192973509
53250761
202803914
167545545
97684173
36866765
214731469
136219344
129403599
168200914
258378452
117082837
133073622
91130581
174230232
75664088
202803925
22055643
72911579
14715613
37128925
174623459
129141475
138054373
35818215
203983591
117082859
115116780
202803952
59280116
98863862
117082872
48401145
117082874
136350461
96111364
117082884
253135622
113412871
90344205
129141518
167152399
33458960
164530960
202803984
155355923
126257939
263490320
199527190
253266713
202803993
124554013
117082909
67144477
117082912
13667106
253266723
117082926
133860143
20876079
84446002
167545651
144476982
163875638
174230329
108825402
145394490
74615612
193366844
146574141
111708989
117082949
208571209
202804041
249203532
202804046
180390736
136874833
248679250
84839257
163875673
111709018
13667164
68062047
91655008
56658784
117082977
178031460
116296552
33459052
168987506
117082995
59411316
160074614
198085498
115510138
198085504
3050373
40668041
75402122
155880331
117083020
146574222
146574223
173837200
180390802
202804116
242650005
75664276
26119065
192973723
206474140
180390813
86018972
212241315
26119077
143166373
117083047
249596840
215911335
249596842
214862763
71338925
209882036
81824694
193366969
49712058
112102330
182602617
145525695
111709121
129403842
146574278
180390855
126127048
126127049
179211210
117083081
187861961
9472969
131238862
106204111
126127054
154176464
142904273
193891280
188910547
215911374
17599448
247761885
243043295
179735521
22055908
169118694
180390889
124554217
192711660
73829357
1084398
55479279
1084400
117083118
117083119
60722163
201886705
111709173
32410614
163875831
19696631
204639222
173444087
111709178
126127100
168201208
1084416
163875840
1084418
25988101
129403910
15633417
88771594
184847372
146574349
192711694
54823950
13798416
184847377
167021586
172395540
134384660
252681379
163875866
126127137
172919842
196381732
114330661
125733926
154176552
161254440
111709227
37522476
126127149
55479343
54692916
263359541
58494004
146574393
106990650
169774145
125471809
207391811
34376772
125471812
125471811
125471815
125471816
165710921
20876361
73436226
129797196
80383053
203983950
125471822
125471823
131238993
111709266
560203
125471829
109874262
151424090
65440859
42896477
90344542
58494047
163875939
64261220
126913637
68848741
6982757
79465576
81824870
14453866
1215595
179735660
262048875
196906090
125471858
117083252
1215607
203852922
1215611
126127226
178031743
134384773
54693001
203852938
156142730
117083276
90344588
31493262
192580750
163875984
90344590
262048908
43289747
196250772
201886868
138448022
77106327
560279
146574489
192711834
70552731
196250789
117083302
149195943
96767143
229805223
117083308
117083309
173968561
155880628
163876022
209882294
429242
102141120
131239108
204639435
117083340
103058637
136875213
206474447
126520533
126127317
117083353
201886937
165579995
253267163
114330841
85626079
68848864
149196003
53513446
13798634
25988331
193367276
258510061
253267189
162172150
197692663
82742522
95194363
169774332
195202300
131239171
194809092
198741257
210275598
32673039
111709456
129666321
193367314
117083409
58494229
115903768
146967840
77106464
263490849
74616099
55741736
193367336
193367338
95063340
57707822
163876143
154176815
101748018
90475828
154701109
72518965
108956982
173051194
117083452
209882428
205950270
73829699
146574660
106073420
124292432
204639572
140938581
163876186
137006426
262704474
140938589
143166812
203853149
167415134
101748062
101748060
149196136
102796649
3967035
58887543
163876216
140938616
117083513
249728381
260083070
208309631
140938626
180391299
152341894
140938633
249204108
187338127
136088976
193367443
31624596
129404311
117083545
204639645
191925662
117083551
146574753
155225506
140152227
102796709
111709607
73567656
79465900
191663533
172920238
113151408
46304689
95063480
53251514
140938683
117083580
248286653
55479742
59411902
140938691
140938692
97553861
113020356
167808455
117083592
84446663
140938698
122588618
108694986
262049229
162041290
71208396
124554704
144084433
203853263
172658131
113151437
172658133
172658134
172658135
74616280
194022870
117083609
429531
140938716
15240669
191663582
193760736
180391392
140938725
252480997
251170277
113413609
140938730
57708010
258379244
146050538
117083629
146574831
129535469
254184944
140938739
193367539
12488182
8818168
193367544
206474746
176721404
193760765
201887240
214076936
117083657
140938768
113151505
115117587
151817748
115117588
140938776
254184985
179736088
137793050
161386012
140938781
124554782
194809375
115117596
158661340
98864676
117083684
109088295
193367592
115117609
191663659
115117612
125603375
52334128
170823220
151555636
125603382
25726519
90476087
187469368
2919995
196906557
262049342
146574909
193367613
115117629
59412034
28347971
193367622
92048966
141332041
192712266
199528011
115117641
20876877
205819469
115117644
22449744
115117643
74616394
212110931
55348819
178032212
115117651
55348823
117083736
100306515
92048986
124554843
192581204
253267549
73174615
254185048
16551513
214732386
193367651
193367652
76058216
208178793
169643626
3706473
99389036
193367661
194809450
109088367
162041451
117083760
111709809
100306547
90476150
129404538
76451451
57183868
157322878
184061568
57577090
187862658
173444740
50237061
146574981
169905799
183930504
146574984
158633610
139103882
162041484
114331275
153390728
124030607
146574992
191663756
117083795
71987764
146574999
112654277
111709849
20876955
76451484
155356829
11964070
163876519
263098024
147492518
117083817
160861867
205819564
56266412
144346790
183930544
28348081
262049459
263098037
137006774
162041528
94801594
14061244
136875709
57446078
193367741
138448574
263098049
263098051
21139139
87592645
210144966
210407113
75402957
163876559
263098064
185241296
560850
146575058
192581332
54693589
263098070
210144983
72519384
19697369
243044052
192712407
263098077
111709918
163876575
263098080
262049505
95063775
75665125
175148776
194023145
176066286
149065456
201887477
249204470
52727543
193367798
97685241
168726263
75665148
53513980
262049537
32673538
262049542
132812551
17469190
117083912
262049546
2264839
263098126
146575118
262049552
263098129
140152590
73436947
194809620
73436949
62295829
13405975
145395480
210276122
82743068
201887518
182095651
76058404
142249765
117083939
247238439
52334374
72519465
117083946
180391723
208178989
108695341
155488047
117083952
19959599
76582706
74485557
75403066
19959611
125603645
151818047
19959618
167546691
210276165
19959623
125603657
158633804
19959628
14192462
201232207
54431566
146575186
263360338
143036244
19959636
193367894
136089431
19959639
19959638
117083996
99651421
129404770
111710054
68194151
80645993
31362922
194809706
146706284
19959660
143036270
189697903
117084016
82874229
57708406
113414008
95063937
55349123
70684547
19959683
103976838
8294280
117084040
185241480
19959688
113414031
12488591
19959697
197824402
146575250
142249878
247238552
111710108
151818141
117084063
200970149
145395623
243044264
180391852
117084076
114331568
113545138
110268342
21925814
36474806
58625977
141594556
262049724
57839551
243044288
15765441
143429568
205819843
188387267
116297668
136351679
145395655
129404872
158633931
51285966
111710158
204640209
51285970
177639381
157978581
205819865
80252891
104107996
80646111
114986976
146575328
20877282
125603811
111710182
53252074
117084139
114331628
193368045
111710188
72519661
252612589
167940084
56266740
57315316
143429624
138317817
180391928
163876859
57839612
180391931
125865982
154439672
46305280
68456448
126914563
151949316
151818250
21270540
134778892
101748750
253267983
125603856
8294415
145395730
114331667
112103440
132026389
52072477
94801955
117084195
15634472
181964840
120361003
70684718
163876915
110006323
102797365
52596789
76582969
163876922
180391993
73568315
117084222
243044415
145395777
191664197
204378182
142905417
214208586
148541517
243044430
1347665
54825042
54825044
146575445
172527701
97685591
59412567
75403352
151818332
151556189
119443548
117477472
68194400
117084256
125603939
151818340
104370276
92049505
187863140
38441064
193368168
202281066
96112752
56266865
188911730
117477497
117477504
151818368
144478336
40669315
83923073
187863176
97685645
155619472
100149620
145395859
143036567
205710614
146575511
151556251
114331804
173969565
125603998
210145437
132026528
131240097
177639587
190809115
185110697
154177707
151556268
194023598
82874543
15634606
145395887
119967922
155488432
116297905
213684409
208179385
153522364
28348605
134779068
151818432
139497668
95064261
57708744
70291656
215126220
191926477
208179405
71733456
193892560
249991381
151818454
204378325
153260246
243044570
55349472
110006498
194810083
97554660
117084387
178950374
181965032
146575594
204378347
2396397
187863281
187863282
192975091
17469684
129798389
174493940
56398071
178032888
177770748
143036669
90476806
126521608
215126280
151818506
178950411
169775372
129405199
236491026
118526228
204378388
111972630
144347415
151556374
181702941
173445406
117084447
189174048
106336543
81695011
151818533
151818542
249598254
157061422
14848302
103977262
70816051
257855795
225197224
189174072
205951290
32543036
151556412
134254908
58233151
208179519
195989828
117084484
138318156
224170318
191926607
117477714
208179539
117477716
189174101
111710550
202412376
117084504
82874715
208179548
106336607
151818594
37523811
189174117
185110886
178950505
78549354
125342060
117084525
125342062
125342064
48271729
260215156
194810228
75403639
150376825
208179579
208179582
24023423
134779264
14848385
117477762
183538050
115773828
176591234
3445127
46698888
80384393
15241609
117477771
113283467
8294795
225218957
72126855
173445521
58888597
90870167
117084567
70685082
213553565
247370145
204640676
204378534
114332075
153260467
92049849
22974906
109089209
208179645
162173375
194810304
163877313
73175487
194810303
180916676
26382784
56267203
106205641
201888201
72913355
2789837
48140750
260084175
127046098
95195603
117084630
57971169
204247525
172003813
95195621
209883624
104108521
12620266
2789867
51024364
109089261
8557033
148017647
151425520
139235824
117477875
125735411
191926773
2789877
46698996
147100148
19698168
561658
143954429
151818751
210145792
156275202
139497987
163877380
2789893
58495490
114332166
8557065
161032232
76452364
2789901
192582158
68063759
72913426
24547859
127046163
105026068
243044886
8557074
208179737
67539483
2789917
143036957
140939808
110268961
163877412
57446949
253306926
88773162
116691498
181965356
263098927
126521904
30708273
8557106
212111924
8557109
130978358
111579702
84709942
249598519
10261050
257856056
139235901
146575935
198349376
51548738
89428547
150377028
198349382
3969607
75403848
36344393
89428551
173969995
248418893
55480910
72520272
146575952
186290770
70685267
116167255
45388376
151818841
84709976
194810455
117477980
142905945
57709148
173970015
21031070
164794980
95195748
174625382
192844392
166498923
125735532
154702444
37524076
142905964
114332268
249205360
84447854
189174386
117478004
114856564
192713333
95326836
25203319
229806710
255758964
230199931
3052153
160993917
188125815
8557180
82875023
134779535
194155151
3052175
165712531
19698324
82219668
57971350
165712535
3969687
151818905
19698330
3052181
3052185
8557214
151425695
117478048
75666086
3969703
151818921
8819370
32150187
57971372
230199981
81695406
5804719
109220528
71209649
126915250
189436594
242127543
3052223
151818945
3052225
262050499
188125892
82219719
111579849
117084874
197300941
169513678
75666126
177771216
249729745
57971405
129405651
174887635
117478102
21402326
100307674
139236058
19698397
90870493
70816482
191664866
249205477
214078184
262050539
126522091
89821933
140940013
208179948
201888496
72127222
148935416
155751161
205820666
8950526
230200063
97555200
3969799
110793483
8557323
68850446
205820689
230200082
205820690
141595412
8557329
8557331
182752023
24548119
3969815
86151966
201888550
3969831
148017958
169382700
136352557
205820718
173970227
170693427
215388981
205820724
3969847
21140280
55350073
208442163
130454325
126260028
173970237
3052347
97555263
192844608
117478215
108958545
205820757
133600092
192582493
242127711
72127327
192582501
115905382
263492455
168203113
72127340
173970284
109876079
53252978
168858483
163877747
160600948
197694322
205820788
204641144
163877752
32674680
248943481
68850551
57971581
191140726
32674687
117478272
148935550
126522243
160600963
2003845
32674694
205820806
14062472
168203143
77239171
77239175
205820813
185635726
75404175
32674702
97555345
165712787
162173848
168858521
32674713
191642915
214209436
141071267
74748837
193762217
145658801
127046579
75666360
3969977
192713659
177771455
4101055
249467848
3969995
10785741
180917198
111711182
162173916
82482148
57316324
97555431
72520683
117478383
53777392
180917233
262050804
101094389
136352756
14849015
13407226
117478400
94278658
68719618
33330180
146707462
162173961
125735945
43947022
3838991
191140880
955408
249467922
190354450
204117014
13145111
225952868
190878746
222598171
44602396
29266975
97555488
5149729
225952870
60855333
202413099
8819756
111711277
160601134
187864111
214602800
81695794
121279538
243045429
71078967
95196217
95196218
191665209
242127935
111711301
151819335
190354504
111711306
186553422
66622544
111711312
134648916
263492693
145396822
48927831
136352856
4101215
64263265
194810978
77763683
117085284
190092388
75797607
100308072
32281709
114332782
100308078
203723888
130847854
262050933
99652728
113415289
75797629
15504511
136483970
57316483
3970187
47223948
22713489
75404433
111711378
50107542
149460118
169514136
191403163
150770843
16553119
136484000
125605025
170955939
68326564
96113829
191665319
154965160
113415337
7771305
188388523
106337452
249599150
135566511
40932526
193893550
186815662
253400243
121410739
74384820
194024631
13145271
9999546
94409915
208442557
5149885
249205951
53122240
29267137
50500802
12489924
45257925
176460999
155751624
28349642
125605067
53515468
262051021
48141514
5149903
144610516
84579540
194024662
7771354
92050651
134780125
242652384
144479458
134386914
248943843
199922917
154703079
122590444
198087919
134386928
194155760
195335410
125605109
262051064
53122305
75404546
217486595
75404554
121410827
198481168
127964433
190092561
86152467
127964436
86152469
147887381
79861011
262051102
48010526
176067874
193762597
205428006
121410854
136353062
134386985
134386987
147109066
136484141
249206061
134386991
83924275
117478708
134386996
104109364
108696888
79861055
89429312
134387013
83924293
27825481
117085514
187864395
187864399
159814991
134387025
3052881
3052883
188126553
215389532
40932701
201364829
96320283
178951523
11572580
121410920
92050793
32413035
177771884
119706989
11572589
143693164
28349808
217748844
102012276
3052917
202413434
140416378
161256831
3970431
205428098
98604419
155227524
121410949
192714118
175150471
163747208
3052933
121279882
248944010
163747212
125605261
253662605
163747211
101488018
202413459
117478804
215389589
171087250
102012311
249730456
3577241
101488026
199267739
68326818
3970467
14849444
191665573
3052965
249206184
191665578
98604460
2659757
3052975
3052977
57710004
8295860
134387129
95983034
102012346
134387132
118658493
147101118
3052985
214603200
3052991
136484290
115643842
117478852
95983044
253662659
83531203
121411015
147101125
136091082
249206223
262706639
262706641
25728463
41588176
134780369
16684499
43947478
89429463
134387160
89822682
72652251
204641756
201889243
181966299
148674015
77895135
163878369
68064731
148674021
202806758
17602023
140416491
82482673
57316849
58365427
8295922
119707125
114595314
159815163
73438721
257857026
165189122
102798850
243045892
198481409
3053065
147101194
203183889
191665680
221287955
136484372
73438742
154179098
203200027
208311836
165713439
183539231
180917791
77108770
134387235
165844516
28349983
55350822
180917798
125605420
85366318
145659438
120493619
80647736
3602761
137401916
8951359
21403199
174888511
190748227
73832004
134387273
154179147
96769616
145790546
103847509
104240727
69244505
190355034
140416603
82482784
126522977
136484450
214603362
249861732
188388963
197039720
136484457
262706794
252876398
249206383
151950959
89822833
124687987
249206388
17602166
2659961
102012540
54695551
82482821
126523013
175412871
192714376
136091271
134387337
114333317
230200972
262051468
64263822
124556943
145790608
262051471
172529300
54433431
243046039
252090007
82482842
74487454
82482847
186816159
113415842
248288931
108697252
122590885
192714411
82482859
49059500
57841328
159684274
249730739
14849716
50239157
14849721
41588409
89560761
184063676
89560764
197826233
202020543
35428034
175412930
121411268
134387399
59152075
116692685
16684752
193763025
171218640
956115
168203984
956117
19830486
175412949
121411287
184587993
8296154
186816216
77240026
56268509
43816670
192714460
19830496
145790687
149198563
193631972
149198565
562918
19830504
201889513
193763050
260085480
214603501
169514733
205428463
230201072
126523121
202020594
50370291
186816240
79861493
149198582
32413431
157849336
138393661
184588027
157849340
149198587
149198588
139106048
203986693
126523142
149198597
130062088
77895434
195991308
58496784
86415121
202413842
242652947
8951574
74880791
115250968
202020632
175413018
205952794
203462430
119445279
55351070
121411363
249730853
104109862
149198640
74880816
89560882
8820530
121411378
191665970
172529462
71079735
249730872
77250621
132814650
178951994
162174778
115251008
94410561
167548738
20223812
150509381
168204102
167548743
168204104
161257290
19699530
106075984
117086033
167548754
167548757
241997657
89823066
56792924
153261917
200972128
7772001
174626659
161257316
98604901
190355302
167810915
75667302
68196201
94410601
2660203
180000619
86415212
196515694
16160623
94410607
189699954
253663091
146708340
150509429
96245621
125736821
202413938
150509433
108566393
208181111
161257341
162174846
167548797
167548800
150509441
158635905
150509443
94410621
202413957
94410625
55351175
134387591
150509449
161257353
31496075
94410633
117217165
51943310
108566414
161257360
148674449
141596562
36083597
176723859
213948309
151033750
54826902
151033752
150509465
169383833
8427418
8427420
198481815
57317278
4757407
134387615
169777057
90871714
150509475
8427428
142776227
4757415
214603689
132814764
150509485
134387629
152475567
167548844
150509493
825270
198481848
4757433
193763260
52336574
111712191
151033792
161257409
230201280
73832386
134387651
64657357
124426194
167548882
102012884
201889749
200841174
186554325
134387675
7772127
193894367
37525471
200841183
230201315
98736100
21403616
193763302
249599974
58497000
109877225
217749489
14981105
44079091
205428725
185505781
117086202
194025467
7772156
158898173
202151934
230201343
121411588
191666180
138844164
169777157
75667467
19699725
142252045
13932560
121411601
212249941
194811925
206084119
166500379
257857565
252090399
252090401
106600482
167024675
73308194
192583715
41195558
169515050
167548970
202020908
189175850
165058606
144349230
151033905
185505842
178952243
189700149
249206843
214603839
185505856
98736193
132814914
77109316
167548996
13408333
194811984
260085842
148019284
101095509
103979095
185243735
28350553
169777242
167549019
198350940
168335453
198350942
71211102
168073316
825450
185505898
161257580
185505900
230201455
187865202
78551158
17471608
66623609
185505914
144873593
192714876
69638270
169515136
121411713
185505920
185505921
191666306
694405
221288581
183539847
151033992
191666312
177772684
63477901
94673039
196515984
105027729
68458642
200841367
187865240
153262233
198351000
35297438
13408415
51288229
189175975
141072552
71211175
143038636
13932718
132815023
161257649
203069617
194025651
203069619
203069621
185505972
110926005
151034040
825528
152475834
80124088
114071740
139106489
206232060
110926015
25876989
57317574
144611529
178034890
13408459
49584332
103979211
83400905
263493839
25876991
194418889
110926034
161257684
75798740
164796630
185506009
148674779
257857756
183539934
73832670
132815070
75667678
100309218
144349411
31234279
171874539
202152172
78551277
191928561
78551282
58890486
108566776
13408504
263493881
15636731
76454141
75667718
56793352
48929033
205822218
262707466
55351564
108566796
195860750
134387982
260086036
114333972
134387989
145660183
175413524
66623767
90872090
114333979
13408541
77895967
13408545
102799649
119445800
193370409
152738096
103979312
198351154
152738106
13408574
152738111
157063486
134388031
49036867
196516163
188913992
155621705
169777481
193370444
185506124
129276238
13408592
182098257
253663568
19700051
111188310
131897686
13408600
79862105
229808475
147888476
193370461
78551389
7641439
193370463
167811423
186816865
108566883
263100772
197695845
192321893
74488168
13408618
121411946
13408620
46176623
262052208
48535922
89430390
193370488
56531320
16685433
28350844
198351229
83401086
202021247
79731075
166107526
192977288
38312331
134388108
161520014
73832848
191666577
134388118
41589144
31234459
13408668
194025885
128489887
74881440
177772962
121412003
1481125
197171621
192715175
161257896
198089125
77896106
13408683
48929199
193370545
37657010
38312372
13408695
180394425
13408700
15505853
13408702
174627261
17471936
169515454
103979457
120232387
153262531
205822405
147102142
173578695
84842952
198089161
214604234
6199755
254187978
51419597
197958094
193370575
161257936
188914128
136616402
146971091
563669
69245401
253663705
198613467
136616412
24156636
136616414
114334174
13408736
162044380
17603045
195992039
132815335
154180075
130324972
214604268
166369774
136616431
187865584
194025967
191666670
31627765
131504629
77109749
134388213
43162106
90741243
198613500
66623999
166500866
202152452
153262597
193370628
175544837
73832968
166500873
126917129
101358091
182753796
230201870
166500881
142252562
252877331
19700246
121281050
166500891
131504671
141990432
131504673
134388258
151034403
143694370
106732070
106863145
28351020
166500911
170957359
89823793
73570866
151034420
97819189
158112310
166500919
56531511
126523962
138189371
68852284
257858109
75799098
192453184
166500929
148937282
94280259
77765187
48273985
229808705
73833028
193370700
76454477
136092238
131504719
73833045
77109845
28744280
53254745
195992155
136354396
15637085
100178526
148937311
134388322
131504740
166500966
134519398
52599404
150248044
188914286
186817135
194026093
121412209
188914289
194026098
119446132
20093559
150248056
50240121
199268984
73833080
46176893
19831422
194026111
201104000
248683137
151034497
2267779
263494274
134388356
37919367
173972106
44604043
183540366
55614094
41065107
56269460
89692822
136354457
28351131
123509404
110926493
184588960
198351522
204642981
18258597
121412262
166501038
127834799
166501040
183540401
114989746
100178611
79862452
15506101
154180275
16030390
121412280
15506110
27826879
68459200
15506113
248683202
15506115
121412293
7117513
125737673
73833163
197171916
67017420
195992268
7117519
194026186
194026185
143694542
114203347
7117523
21011158
191929046
114203350
100309718
246979289
19700443
7117531
253401821
301787
134388442
73833181
195992286
82877154
114203363
247241443
194026209
188127975
131504872
21404392
246979304
40409834
9345772
78027501
169908972
105159407
135043820
83663601
184589042
39230194
246979316
171612917
52206325
134388470
103062264
188914420
134388472
136878837
109091580
171612925
114203394
174234371
171612932
247372549
131504902
50240261
188783368
136092424
252877578
7772936
199269130
7117581
57449230
199269134
121281297
171612946
109484819
73833234
114334485
207395607
164010778
178952987
162044702
164010783
44866336
193597166
169515812
225221414
34511654
68328233
127965997
111581998
178953008
247241523
149068596
180919092
197172023
247241528
45390649
58497850
73833274
171612988
78945080
136616766
105159484
263101248
150248257
248683328
197696323
150716275
112499525
197172034
7117639
55089993
57449291
25074508
201890639
7117651
253533014
255761242
152345436
195992415
7117667
46177124
184589157
197172071
263101288
7117673
198613866
134388585
102013807
57449329
171613042
171613043
50240371
76192627
83401590
134388593
197172088
164010875
134388606
262839167
75668350
171613057
129145730
197172099
184589188
164010884
164010886
8821639
123509635
184589193
179739531
254188428
263494542
58366865
254188434
263494547
137796500
171613080
134388634
263494555
74619804
164010909
214604703
184589216
263494561
171875233
93887396
205822888
32283563
171613100
71080877
205691820
123509675
262052789
83925942
130063287
198482873
164010939
139107262
207920063
114334656
65444798
198351812
195861445
110140357
203463623
68197321
109485002
169515981
192715727
104504272
57449430
178559961
198351833
83663837
121019360
35167200
102013922
201628640
205822949
209886183
73571307
4365293
178559982
164273134
68852717
203070451
151428083
4365301
230202359
155753464
4365305
17603577
4365307
60857339
253139960
135044094
125606914
134388739
114596869
195992582
134388743
72784904
56269833
70818826
188914698
78945292
57449487
248683536
114334735
198351890
171613206
134388759
134388760
100834327
82746395
217357339
162044955
52337694
13409312
51420193
130063393
167418913
171613220
55352359
125738023
82484266
21929005
195861551
52075567
138845234
134388787
130063413
263494710
176725050
204250174
76454975
100047937
141990981
46308423
200842311
215129162
130063435
117480522
67279949
194026570
130063441
197172306
130063443
178035799
57449564
46177374
39361631
171613280
214604899
6986851
39361637
214604906
171613290
184327276
57449586
130063475
82484341
106208375
48405625
184327291
118135933
154180734
39361663
188783743
49192065
201890946
212114563
52337795
176462980
70163590
134388865
68590728
192191619
184327302
110009483
21929096
95067278
194026638
59415697
184982674
77896851
200842388
15375514
56138907
75013277
120495264
138189984
194026659
198352036
191426366
102014129
129408180
207002809
15244474
173448380
34512061
59153598
57449663
141597887
253140159
48274627
94149828
98737349
183540934
168205510
161258691
230202569
39361738
57449675
127311053
194026705
197172433
161258706
174628053
68066517
214867160
57449691
126131420
104111323
192453853
73309407
114334944
78945506
71736548
57449702
192453862
57449705
178035948
89693421
79863020
164797680
192453872
25074932
72785145
122592506
85368060
242654461
12226178
248421632
50240768
57449729
57449731
106863873
201628931
79863043
78945538
192453898
197172493
126131471
20618512
134389008
113417490
49192212
198352150
173448470
57449752
189177112
134389019
126131483
67018011
191929627
199269664
122592546
57449762
151035171
10394922
192453930
17472813
73571630
192453935
158899505
94674232
56401213
94674238
253140291
25730372
136093004
156671310
57449809
78945617
19832148
44866900
94674262
16555350
197172568
23108953
6200669
94674271
52075875
31890789
103980392
41065835
165846381
13802862
21405040
171089265
170433906
188915059
193895797
137010550
109223286
184982904
564606
564608
77241729
104504706
10395012
21011845
194026885
192585098
263495061
15375770
38444443
46308763
215260573
137010593
141204901
91004325
165846440
134389162
25075117
15375790
564655
167419312
134389169
126131629
209886643
169909684
36871605
180395441
10395064
112106937
167419323
248683963
120495550
564671
8822207
137010625
32939458
191667652
20225478
199531975
111582665
62692809
184327627
56401360
2268625
174235091
64265684
145661399
103849432
136355289
73571802
16555481
193109468
44735965
156671453
191667677
191798750
164535782
192585193
195993067
229809648
37264881
134389232
167419379
193764855
193895934
151035394
207658499
120495622
74227207
177643016
126131721
70819338
188128784
34512401
197828115
197828116
34512405
122592790
134389270
34512403
34512409
34512407
34512411
151952919
34512413
151428638
197828127
10788379
114597409
116301345
35954211
205823523
197828135
174104104
253271591
71081515
197828141
129408558
71081517
242785840
108699186
174235186
72785459
197828149
201104950
41590325
143826488
197828155
197828159
197828160
263650018
104898116
52076101
174104135
37133896
197828168
137010763
38313547
197828173
120495695
191667797
21012055
137010780
197828189
147103326
197828191
72785503
77241955
31235684
172269159
151428712
137010796
146447981
198352492
176987757
68591216
213556850
173448820
209124076
21929589
199007863
198614647
222207609
108568186
131505787
199007868
29400699
206478971
146447997
114335355
52338301
151953025
172007043
19807265
116039307
172007051
104111757
66625168
21405329
147496594
15638168
68460185
204643999
119447200
75407009
252354212
99917479
82484905
184983209
206479020
173448877
176463533
129408690
78290614
58105526
97033912
121173964
129408700
217751228
161390270
184983230
113417921
119447239
204644040
134389448
98737863
134389454
150249167
217095888
32939730
17604307
14851797
76193500
58105565
141729501
114335453
180395742
175415014
51420903
203202280
130457321
169516774
207658733
217751278
64265969
191667953
194027253
136355578
252354301
134389506
134389507
205692677
57450246
83664648
29269769
68591369
124274117
253402894
217751310
78290704
52469519
37527313
164536080
172269332
201891605
129408790
52076305
263102232
248553243
198352668
151035678
106602272
68722466
207658787
173973284
203464485
78946085
252354343
57450280
958249
137010986
13934379
248553259
137666348
32415526
171876136
129408816
51420976
247766833
11837235
17473331
97820472
137666360
113418042
57843514
173186876
151428925
145399614
201105215
205037375
110927681
108175172
75145029
57450312
58105673
198090570
88776527
167812944
2137937
137666385
130457426
137666388
134389589
137666391
52076376
176987993
111587015
143826780
158900063
29400931
35561323
227057517
96771956
68198263
35168128
150249352
148807561
222601096
102801288
52076426
176725902
90873744
137666449
176988049
139501457
827285
137666453
68460440
52076442
11837339
176070556
134389661
205823902
36085668
13803432
1351603
200712117
23895990
23895992
11837373
57450431
23896000
23896002
134389699
74620867
11837382
71999433
186163147
158900172
52076495
23896020
36741077
23896021
114335705
23896026
134389726
252354527
207527902
189702113
137666531
23896036
192454628
23896038
176988131
23896040
154181608
23896042
188129255
23896044
39362541
52076518
57450479
23896048
41066480
67280881
167813109
222601206
131506167
32022520
23896058
129277947
117481468
160210940
73179134
23896062
134389760
67018752
23896066
169517059
3579913
23896074
103456781
48013326
54829070
23896080
151953423
50110477
148938772
78553109
143826968
148938779
191668252
23896094
118005792
52338722
67018786
13672483
252354599
222601255
167813161
23896106
111190059
205692971
104505387
191143978
216178735
23896112
147497008
52076594
153264179
13672499
23896118
67280951
23896120
143827001
262053945
67674170
23896122
37265464
131506234
174235705
262971448
202416193
147497017
67280966
134389830
252354632
176463944
143171658
137666634
205037644
104112201
82485326
81829958
111714386
253272148
213557333
13672532
86024279
21799000
143827033
166502489
67280987
17473623
32677982
113418335
191668318
262971489
74621027
86024294
166502504
34513000
166764650
137666666
78553196
261005421
205955176
21012587
137666672
173711472
200843370
134389875
166502518
205955191
203464823
171745402
137535611
62431356
205299837
217489533
150249599
166502528
175546495
148676735
17473667
166502532
120758402
137666695
100311175
126525579
69509261
173842574
205955221
71082135
143171736
176070808
78553242
78946458
217751710
67281057
143827108
180396197
108830884
83665065
137666729
143827115
205955241
64266412
143171758
14327982
14327986
198222004
151429301
143171766
143171767
11837624
137666745
14327994
164536507
203202746
143171773
203464891
263102655
106078398
74883265
198222018
11837634
252354757
205824197
134389959
73179336
69509321
128360650
210280645
198222028
14328012
119054540
198222034
114335955
134389970
176070867
194814165
201892055
56533204
68460761
198222042
200843483
155230429
127049952
168206561
16556258
137011427
159817955
105029859
70295781
3056221
124690664
205824233
110403821
198222063
68853999
117481712
192323830
106078454
143827192
134390013
205824254
84320511
79864062
70689021
114991367
134390024
112107783
67019020
204251406
137011471
125083921
5939481
130326810
3186971
20095259
114073888
83927329
147759401
148807979
130326828
248946989
179216691
17473844
195338550
82485562
114336059
142778683
13410621
170828094
173711679
122069311
45261121
192323906
199008578
164536644
38838596
230203716
49062214
94282055
99918153
164536652
248947021
72130893
204644687
178561359
248947025
261005650
169910608
100573524
16556372
201630036
192454995
2007385
19702105
78291291
7774555
43163994
258515297
19702113
83665252
167551333
173580646
68985192
248684905
36479338
128360810
130457965
167551342
173580654
137666926
162832750
178561394
188785011
32022900
162832755
171745650
182100343
193765753
128491901
38838654
49193343
54436222
127050110
162832769
17604995
192323973
262447495
91529611
53518733
129409422
144220560
3449235
137666963
13410712
122069401
180396446
147366308
147366310
77242790
147366312
178561451
83665325
137666991
133783078
148808114
248947134
72917442
253665734
75538887
2793929
134390217
253665739
164536779
248947151
137667024
103981521
20095442
74883535
262054351
137667037
3056095
203465184
10168352
146448871
181969383
127050217
137011690
102801897
165847532
150249967
226271728
214737400
97821177
176464388
192717317
3056135
127050248
127050249
205693450
114336266
83665420
127050256
67281425
82485782
57844246
72131096
158900758
150250011
210018843
188916255
109355553
3056161
137667108
127050277
205693480
173711913
137011754
77242923
3056175
168206896
122069553
129147441
45261364
127050298
197960251
57713212
59155002
3056189
67674692
162177606
137667145
126001738
173711946
126526030
37659214
67281486
84714066
261005909
90743382
167420501
3056217
71344731
70689372
68854365
137011806
135832158
137667166
137667169
41984610
43950691
176464484
194814563
173056610
75145832
204251753
80388712
93233771
127574636
3056237
194769859
137011823
213688944
196911729
97952370
98869871
129147503
153264757
128361077
3056239
3056243
194159225
149463665
204644988
3056255
83665537
67281537
167420545
166765188
36610693
3056257
176464521
109486730
91005579
137667210
3056267
3056269
3056265
192062096
86024853
3056307
16294554
37135004
137667228
16294558
208183967
248947360
137667230
127050402
45261470
116564645
156672683
125739693
144220846
180921006
121414320
67019440
57713330
3056303
3056301
38838965
191668918
255763127
168075959
3056311
214737594
3056315
3056313
137011901
143041214
137667261
160080576
137667266
177775299
241738439
122069705
141075146
14459595
68985548
82485968
252093136
192717522
255763155
155230929
192848599
199008984
180003545
127050461
255763166
19702495
83927776
155624161
192324321
209887971
9872099
9872101
19702502
249602790
108176097
67281633
127050474
175153899
434924
68985578
193766127
67281650
253666035
53256949
9872117
176071414
67019512
191668985
149463802
56271612
119448320
83665670
125739784
127050504
124065908
6988555
77243148
697096
16294671
166765328
219456273
209888018
165585683
84845331
174397559
28353304
136094490
21930778
191144733
7775006
194421535
67281693
29401891
199926563
38839077
165585702
21144358
32154407
125739813
155231014
148022059
145924908
165585708
192848686
165585711
19625140
192193329
173581107
242524982
67281718
215559058
206873407
194421569
199140162
143172419
191669060
137667399
165585735
67281738
38839115
127348421
74490705
205300562
138191699
74621780
209888081
177644372
137667413
164537176
51422041
45261656
201630555
138191708
29139805
180396893
103457622
83665760
263103329
199140194
135832419
51028836
173187940
74620031
74620032
108045152
67281769
114467688
191669102
143827823
148022129
192586610
189703031
190489467
130327421
192586623
242525058
36479874
154313604
75539332
34644870
217359239
253141893
83665803
171877261
173581197
188785551
52732816
84583311
53388180
28353433
68985756
252355485
127050654
58499999
127706016
206873500
180396962
191669154
68985764
142386086
155231143
33072044
48014253
137667500
166765487
120497071
75801522
137667507
83665844
201106363
180396991
87729090
59548611
204383175
174105543
97821643
166765517
173581265
16032723
170959828
137667540
43951059
201106390
196518872
170959833
103457754
129016795
74884061
145662941
103457760
82093024
167420899
180397028
170959846
145662950
118137834
193373167
58106866
147891186
148939764
7775221
10920949
118137847
170959864
121414649
137667576
170959870
121414655
219456511
22717441
168207360
118137856
125346822
137667591
117482507
174105612
122070029
118137870
206480398
7382033
148939794
143172626
48014356
174105620
106865682
137667604
167683094
13673498
118137886
121414691
13673509
206742567
20882472
174105640
3187751
130065451
3187755
117613612
198091818
52339759
146580528
167683121
219456562
137667631
219456567
113419321
49062973
174105662
196518985
180528202
206873675
148939851
190489674
137012304
198354000
181183570
167683153
173581397
181183575
7382105
191800410
13673565
22979678
67282015
181183584
137667679
190489697
113157214
181183594
38839402
87729260
48014442
181183598
114467946
214869104
20882545
137012338
136094826
181183604
167683189
165192822
112108659
171222136
181183608
181183610
141075579
141075580
77767805
253535357
201106556
111715456
188785792
252355712
14984323
1746051
95200387
180397188
134521990
192193672
77767819
38839437
204252303
435344
206480529
435345
15639699
143828111
77767828
57975958
15246487
87729303
247899286
48931995
174630046
50111647
73573537
91792546
160212130
115778724
75801767
191669417
435370
202417323
153789610
115778733
44344493
171877550
143828144
137667761
146711729
113157299
74491065
253535420
164930749
204645569
115778756
204645573
263103686
180397256
53519561
105161931
204645581
143828173
192586957
103458002
27829459
166765779
175809747
435416
137012442
56403162
165586138
37266652
155231456
165586145
115778786
201237729
164537571
98870503
155231463
214082791
159818983
152741099
76063981
242656494
115778799
149464301
195339504
137012466
153789682
173581554
250103538
75801846
191669492
43951347
137012473
137667833
48538871
43164926
51291391
959745
21013763
204645635
67413251
104637705
219456777
71214347
203465996
40543501
9348369
192455954
175416596
185902360
201106718
185902366
248161568
137667874
191669539
113419557
104375599
19703089
187606322
87729459
3712309
103982390
115778871
110798135
246850871
153789754
3712315
201631029
248816957
103982397
3712321
191276358
110798152
180397385
94283085
147105102
115254605
137667920
20489554
173581650
110798164
195470676
148940118
67282259
137667931
104637788
130327901
20620638
35431775
110798175
36349281
175154528
219456867
242656617
164799851
35300715
193242477
126526831
50111856
193242479
197830004
147105141
87991670
219456885
195470712
195470714
230204795
21407100
213558654
167552383
59286911
109356414
252093829
142386566
115778951
248554888
195470729
195470730
195470731
67020168
248554893
109487501
3712399
87991695
21931412
7251349
143828373
148022679
249603480
242787737
195470743
3974555
167552411
84583837
71025027
36349343
206218656
71083424
208184740
20882854
147105191
173581735
167552425
122070442
72132008
136095148
204645805
103982511
252356016
115778993
180397489
173581747
16164274
80651700
115778998
205563322
33596860
11707837
48014789
103458246
3974599
122070473
15508939
185902540
255632848
66758097
77768147
219456984
130852314
204645855
137668063
115779043
109487589
48014824
185902569
147498474
91530740
262972919
201369080
115779065
169518586
115779068
4105725
87991804
36873727
134391292
34645505
44606980
166766084
155887111
154707464
109487625
137012746
137668103
173057549
185902607
247899665
91530770
113419795
98870805
180397593
262972956
119055901
164537886
77899295
114861600
189179425
58893863
74622506
74491437
5023277
143828525
73573936
103982637
263366194
182756912
146712117
173581879
155231800
126527037
190096957
155231808
164537922
103458370
97822276
103982663
68724298
137668171
125740620
262841934
137668175
113419855
147498578
200713811
53782098
115779157
138323542
167683667
47359572
34252371
142124634
91530845
152348255
168470113
174106212
91530852
137668200
92710504
204645996
147105389
121284205
191800941
103982701
214083184
100312686
200844915
57845363
100574837
192194169
191800954
204646011
81307260
167814781
191669885
147105409
182756997
147105414
91530887
114337421
69248654
74491535
23111312
137668239
114337423
116827792
137012884
253535892
137668245
151955095
155625103
242656918
126920338
197830301
20883104
84846243
146712227
148940453
173581990
155231912
206481068
92448429
87729836
84453037
190359213
98084529
20883123
98739894
109356726
205432504
137668282
253535931
180397754
137668283
180397757
33597116
51029697
175154882
185902787
249865925
20883141
192587463
184067783
127444682
167814858
191801036
51029709
192587469
214214351
213952208
147105490
213558996
15640276
53257942
25470679
253535960
72656602
46835419
147105500
16164570
46573274
16557787
97822432
207922912
156280552
90744552
33597160
155887340
113420012
205825783
186558199
68724475
111978238
81307391
168077056
51422976
184329986
136095491
204646147
105948933
206481158
214152467
62433033
137668362
113420043
193767178
137668370
195968468
137668375
153528093
206481181
19441438
133080864
252356385
143959839
186689319
262973224
56272681
209102632
168077099
130459435
147105582
262055726
137668398
74491699
106997555
34383669
73574197
103458614
103982904
252356409
155232057
154445628
102016829
147105599
174630720
183543616
90744649
186689353
1746763
210413385
242657102
69248848
146581329
12625746
155232085
20096854
137668438
2008917
210427107
43165530
197568350
11446111
66234206
148023138
114337638
98084711
190621545
251438953
137013098
105949036
190621549
200976234
82880367
190621552
100181872
101361520
137013107
81700724
20621168
105949046
87992183
149333880
155232116
53389178
137013115
137013116
87467900
249997185
190490499
219457412
126265221
10790790
201107335
186689417
190621578
166766475
137013137
248293268
241870744
147105689
49981339
51947421
193243039
2008991
148007542
190621603
2008997
248162214
2008999
184330152
143828905
2009001
2009003
126527405
192587694
156936109
190621616
174106545
137668525
105949106
84846516
206481332
147761078
155232182
193111984
103983033
2009017
193111995
72132541
213690305
193243074
137668547
2009025
155887557
186689477
2009029
193898438
189573065
156936137
191670217
210413517
2009039
87467984
67282897
90744789
186689493
2009047
85239771
112764895
121677792
113420255
81307618
97691619
7907300
126527461
109488101
156936165
79865832
103327721
102017002
68593643
155232236
200976356
2009069
186689525
74622966
242526201
103458814
90744831
253143040
156936194
2009091
91531271
191670283
162048012
59156493
75671564
172271632
2009105
100182035
2009107
192325653
122333205
246851607
175810584
116041753
2009113
159819801
12232732
192325661
174893086
20883487
102017057
2009121
210151459
77768741
2009129
210151466
200976426
97560620
173582381
175810606
137013295
21276719
49588273
2009133
186689587
183543858
173582391
98084921
75802685
2009149
41592896
49195072
55486530
43821125
259565638
121677895
43034697
192718922
173582412
137013326
186689618
250103710
109357141
74885205
126527575
186689628
206481501
22980702
174893151
203204707
5023843
27830373
2009191
174237800
53258344
206481515
167815276
126527597
186689645
2009195
144353389
173582450
147105907
180398194
190359669
85239928
133081210
143829116
2009215
67807360
163883138
2009219
2009221
50768006
248686727
121677960
73836681
242526346
195864714
137668747
185247880
82880654
50768015
50768017
53520529
208185492
121284756
112765080
162048154
174893210
192719005
200976541
50768032
77768865
75671713
50768035
193243300
68462755
97822886
121284782
81307823
137013424
84846769
155887794
213559474
125741238
186689718
208185528
197568697
130197689
122202298
41199802
67807427
126527684
121678021
203204808
170174664
155232458
22194377
161528370
74492111
48015569
67807441
48539857
98085076
133212373
206481622
146712791
156936407
134523097
186689756
208054496
153528545
195864800
156936417
42641637
156936421
186689769
75802860
168208621
48933102
186689776
2009341
156936447
156936448
186689797
195864838
84453639
185903372
90745101
263104783
115255567
137668881
135571730
156936467
156936468
186689808
106604822
13936920
52341016
189835546
186689819
67545373
173582623
90745123
67545381
206481702
67545383
20883752
67545385
186689830
67545387
67545389
90745134
67545391
75671856
67545393
960813
67545395
155887924
191801647
156936503
67545399
67545401
105949496
67545403
155232571
180922685
103459131
248424765
157198657
14330183
137013576
186558792
67021129
75671889
248424790
195864919
33073496
205039962
195340636
117090653
134392156
122202463
195864929
111585634
131508579
205039972
118532453
128100708
67021157
155887978
67807598
11184495
111585649
180398450
156936564
134392181
194947447
205040000
133081474
205040003
58894723
117090693
199010698
253536651
192850314
210282893
22456723
144568833
111323543
140421526
52341145
137013660
67807645
184986012
122202527
105949599
25602465
156936605
105949605
174893479
72001961
208054700
103983532
40413612
114731440
66234800
156936626
75671984
62826932
249997749
115255738
116566460
198879677
242526654
214608318
146713024
153528769
52079043
253274564
113420739
68550339
12626375
188131782
157198796
188656078
75409872
242526674
155888083
117090770
52472276
161524178
247245271
210282962
156936665
78555612
150252002
153528803
199010788
75409890
78555622
29403623
111585764
103328239
76720624
137669105
190491122
78555635
75409908
155232758
109488630
113420791
83929594
189180411
75409917
7383551
249997827
121285124
59419140
148810247
37399050
85764620
73312782
205695503
172009999
15510033
117090831
11840019
242657813
146713112
111585818
78555676
45263389
198617631
51030560
116042274
111585828
121678374
137013799
138324519
146582057
204646953
151693867
139242027
118139433
5941801
249997871
195865136
107391535
203860530
121678387
153528884
139242037
253274676
174500404
102017593
255109692
126528061
192850494
137669184
243051073
60205640
49457739
105687627
114207309
119450190
102017615
99134028
49457747
194030164
149465684
78555734
72657501
111585889
105949794
255109730
121154150
137013866
103983723
132819565
262842990
174369390
173582959
137013873
137013874
119450227
162179700
150252149
86420085
111585908
111585912
126528116
131246714
113289851
67021437
75410047
93235839
131246722
67545731
156936835
95332997
262843014
203991687
213559944
93235853
100619871
164539023
137669264
80915089
184986257
24423061
263105176
78555801
67152538
103983770
247376540
126528157
116566682
93235865
156936864
248425115
185903789
242657965
195996334
155888302
205564593
150252210
124037811
161524403
185903797
44608182
178956983
248162992
155232953
155232954
83929779
10398397
135572159
193637056
155232960
150252227
114993869
105949904
190229201
165587664
113289939
95070932
73181908
205040342
147368660
246983382
121285338
205957851
84454109
206482142
74623709
155232993
67807971
111586021
206482150
114731752
93235944
114207466
84716267
199011050
54569709
262056687
75541240
118139642
116042491
189180668
168078077
77769472
2796289
53652226
111586048
73575174
262056713
49589005
137669390
195996432
68856592
206482194
126528276
80653076
191644111
161393436
20884253
255765277
195865374
59288352
137407264
111586079
75803421
94284579
137669413
193637158
93236002
67676968
208055081
116566825
175811371
191671084
183544621
113290030
85240622
193243950
93236018
92711734
77638455
137669433
137669434
22195002
54569789
116042558
137145154
174107459
198617923
137669443
53259078
181709639
195865412
97561417
147368772
3844939
158640971
150252367
73575247
830291
167684949
9349974
93236055
208317272
830297
113421144
830299
208317275
830301
81701725
105950045
199011168
175549275
155233122
25733991
11184999
247901034
195865450
67808108
156281711
37137264
203860849
208317295
128101237
74623862
155233150
52079487
193244032
126528386
127052675
49195908
130853763
203467656
137669518
147368847
213560208
56798095
137669523
67677078
192850839
208186264
57846678
214084509
22195101
208317348
137669542
90483623
48016295
146713510
154708906
192850858
25734060
183544749
10398636
13151150
158641066
51424177
90483633
55356339
137669555
242658229
90483630
22195127
107654066
155233209
157592506
170437563
59157435
195865533
55356353
103459777
208317379
106605511
157592519
90483655
67808202
201501643
129543119
203467729
202419154
158641107
121678804
96512982
175549400
74361818
99658714
74492892
68856795
159034334
168209373
155888604
1616867
111586275
10398693
121285605
95071208
119974888
137014250
10398699
246852587
101231597
73313262
155233257
207268845
157592561
35302386
208317425
199142388
93236212
183544814
176598008
152358376
10398717
62434305
116304898
77769731
48016391
10398728
118139911
195865611
103459852
184069138
90483731
192850964
181447701
21146646
1616919
111586327
1616921
77769746
208317470
21146655
191933475
170437669
10398758
125348903
90483751
137669673
42773546
93236262
77769765
90483757
143043630
15510575
186559536
108964913
102018098
208317490
189574196
192850997
112634930
205696055
48933940
77769777
10398778
173321278
144747583
201501761
77769796
90483782
111586376
192851023
90483795
125348948
105950294
10398807
200846423
191671384
68725849
153529436
57846876
195341406
137669724
59288674
173321316
159034469
75672679
222604392
144747625
118140010
213953642
177908844
76459117
160607340
111586414
144747628
90483822
166767730
40938610
94153835
185248880
177908856
49327225
103459962
148679803
153529468
75410559
48540800
147369089
84847746
84454529
246852737
40807553
66104448
10398855
106605704
12627076
77769866
90483855
93236373
97823894
147762326
222604440
195865753
56274070
48540827
67808415
151432352
77769890
200846500
10398885
20884646
90483876
90746026
21146795
222604460
93236397
193899690
115125428
77769916
193899709
177908926
161393858
166767811
177908935
164015304
68594889
10398920
11447496
5811403
137669837
165588174
53652686
77769939
205434069
170699989
137669848
148679897
222604506
56274139
162180315
181710045
137669853
213953755
166767840
105950426
77769955
109227236
242527461
189574374
15641828
171093225
169127146
189574378
262057194
247377132
203861228
152743146
158641392
189574387
158641398
144092407
155233526
5811449
155233531
242527484
200846590
183282942
247901440
156937473
252357890
58240257
193768706
21146880
75410694
10398983
165588224
165588226
165588234
248950028
6991117
121285902
178302227
122072341
111586581
205565207
53652760
142781721
162180375
55094556
246852893
122072350
77770016
25079073
108965154
189181218
159034658
189574434
175549731
10399015
24030500
208317732
176467233
200715564
177993190
11709743
147762482
109358390
13806903
162966840
168209722
142781755
152087869
109358398
262843711
10399040
37137727
119319871
77770053
172535110
178302279
108965192
10399049
22195528
191671624
107261260
115886235
74624332
10399058
195210579
124431698
103984466
89959766
137669970
112635224
148680020
110013786
142781786
10399067
10792282
108965214
175549791
148680032
210283870
105950560
247901539
210283876
16166242
160607590
111586663
107523426
51031401
122072425
74362211
192851308
108965230
142781806
152874350
115125616
173321584
124431731
111193459
142781813
144223606
6335861
200715637
108572023
109358457
58240379
144223612
137670005
119451006
230206847
122072448
180923776
155233665
189181315
142781828
152874370
242658699
111586699
262057355
170569103
47230352
253275537
170569106
111586703
77639056
217099671
174894488
12103070
199929250
193637798
105950634
150252976
12103091
178957748
152874420
181448118
80653751
230206902
122072505
19729883
77770170
118140351
22195649
6335939
253275589
262581701
118140359
125742536
75804107
161394124
125742539
74493390
94416331
175549904
146714065
213954003
150253013
103984598
48279000
78032345
138194394
6860249
125742554
146714077
125742558
195866080
92450272
192327138
122072547
138456544
152874470
124038631
77770214
152874477
109358574
50376175
119975409
262974962
174632433
150253043
72658423
172404217
75410940
22195710
12496384
6991363
109358596
16166404
67546630
120368647
189181449
120106505
57847305
125742605
124038670
122072594
147762708
205172245
193768982
132820505
243052058
161394201
68595228
185380383
262843935
243052067
155495972
6991397
7253541
36613672
22064681
173321768
243052076
172535341
206482995
19705396
152874549
166768182
187608631
125087288
111586867
189574714
125087292
120499775
111586881
152874562
124038723
188526148
93236806
210284104
242658888
262450762
162180688
155758160
72134226
99659348
243052120
68595289
159034969
91663960
6336095
142782048
109358687
162180704
108179043
92712549
122072679
125742697
21671531
75411052
148680300
22195825
177647218
167423602
173321844
6598261
48279157
111324789
125087352
68464249
127184506
243183226
175681147
208055928
210284158
133213817
109358720
115125880
153529986
6336131
138849925
6336137
40414857
133213836
102018701
93236880
10399377
243052180
6991511
144092824
54439575
37531289
120499867
145141400
243052189
262844062
93236896
77639331
93236900
80653989
109358758
170962602
248688298
170831541
133213881
102018749
59289277
262581952
91532992
102573953
111587011
120499904
199012036
167816903
76590792
196521673
700106
700107
700108
202026698
247377611
78032591
74886864
6336209
172535498
95858387
152874700
183545555
120499925
45807570
243052250
90484443
135573210
90484445
208056796
109358815
120499934
181972710
174894828
700140
121286382
6336239
230207215
114732785
109358830
90484465
93236976
212250348
263630582
110931703
147369720
7778040
90484471
170831611
120499964
4370173
6991613
91533055
68202235
14069500
38579971
262450948
135573253
97562374
14069511
249212678
197832457
178827020
109358861
77639438
150253327
19705614
248688404
121286421
25472789
243052309
106606359
103460630
213561114
108965659
6991643
164933407
4370209
41070370
171618083
207400739
39366435
105951014
242659111
193638184
109358888
171618090
93237031
133213996
16297771
109358901
171618103
4370231
188919609
167423803
171618108
199012157
115126077
86552383
438079
172535616
78556991
111193923
120500032
14331716
195866438
4370247
147369800
142651209
105951051
120500043
4370253
127315789
181186381
109358927
203468625
263368530
59158356
4370265
175550297
164540251
191147868
4370269
184332126
262844255
72658777
43298657
121286498
109358947
181186404
4370277
120500067
4370279
75542375
4370281
93237092
175550308
4370285
121679726
103329483
248557424
152874864
37138289
146714483
109358964
4370293
152874868
4370295
263368564
74887030
176074618
21933948
100315006
116043648
121286530
4370307
67022723
262582150
150253447
143568776
152874886
159035273
178958214
176598919
4370317
130461582
191672204
192196496
33337232
253407120
263630733
4370325
37269398
152874901
129937302
115650458
120500124
109359007
44216225
136884129
181186467
206483364
6336417
44216227
86552487
84717480
2404265
37269415
207269803
49196976
61517745
109359026
175419313
74887092
4370357
55357362
133214130
148680632
85372857
111587259
191123315
110931901
95334334
110931903
95334336
262844352
193638335
133214143
67940292
136884167
31633355
147894219
185249741
101232588
29798348
47099856
94023633
155234259
176598995
38055893
203468758
85372887
19443670
136884186
103985114
86814684
85372893
171225055
251441121
13414372
206483432
125743080
253276139
112242667
125743085
95334381
57716721
191410163
178958326
206483448
82489336
206483450
205828092
100184065
59420676
206483460
14331914
206483468
133214220
206483470
155234318
253407248
120500239
109359122
33337364
109359125
133214228
31633431
124039193
253276189
181186590
176599069
103985184
153530401
109359135
192720931
50769953
253407265
230207526
93237284
120500265
15511596
153268269
9482286
121286703
162574384
109359156
85372981
73314358
105951287
262451253
81702966
59289658
191149392
10006588
155234364
108965950
213561407
181186624
54046785
130854978
159035459
42512452
106606659
52342854
85372995
253407296
253407297
93237321
130854987
134787148
206483535
130199631
183939152
118796370
85373011
155103316
59420753
199536726
200978519
210284631
118141016
85373018
14069843
109359196
80654424
155234389
120500310
94023776
11972705
83538015
109359203
1749093
47100006
73314407
94154858
95334507
173846634
46575725
205303920
263368817
175812723
199536756
153530485
124039286
150253687
11448438
46575738
33337469
167424126
247378047
165851263
91664511
68857986
15380612
206483589
109359239
103461001
177778826
190623883
46837899
195342477
206483598
206483599
109359246
206483602
249213074
159035539
83931284
67547286
208056472
206483608
171094176
109359265
94023844
174370981
118141097
192721069
16036014
21147823
21934256
184070321
193900724
94023860
191410359
111587511
155234487
46575803
152088766
33337536
167948480
77639874
162181313
213561540
172536005
34910406
41070791
193900743
86159554
111587527
50245827
176599245
20492496
253407445
217231577
193769690
103461084
141471967
67547361
172667106
206483682
109359336
133214443
174895340
102019309
56013037
159822061
202813676
22196465
47624434
113422584
155234554
153006331
121680126
174371070
175812864
118010113
153530625
180007171
155234561
57979142
159035656
19706123
206483724
98218253
147763470
203469069
203862292
10137876
147763479
147763480
102019354
10137885
114471197
162967839
175812899
94023973
25080104
106082601
168341806
147763503
147763504
56013105
182104368
108048688
147763508
56013109
147763510
56013111
125874486
56013113
94023993
19706168
136884540
77771069
109359420
203862335
142258494
142782782
148943170
68596032
175812933
147763530
46575947
82489677
195866961
147763539
140161364
170832212
125874515
130855255
203862360
106869080
109359443
263369047
147763548
159035740
193900894
107393375
147763554
72921442
200716642
91402598
175550822
118534504
22196585
109359466
263106922
114340206
225227120
153530737
147763570
109359476
169914741
206483829
148943223
159035764
77771131
102019453
53522813
136884606
203862397
125874560
206483843
78033284
155234691
182104452
78950791
94024072
90485129
155234699
109359500
75542925
206483854
58896784
57717137
59552147
159035796
83931542
262451608
130855321
34910616
121155993
109359515
109359513
72790429
133607839
172536224
208056738
78950820
15511972
193245612
159035821
102019503
240955824
50246066
205304242
175550899
147763637
142651829
203469240
200716731
230207933
57455037
200847807
119321021
54440382
175157697
96252355
153530820
119321024
113422790
147763655
104640968
169128393
147763660
109359564
253276623
102019541
253276630
213561818
141996508
175813084
56013278
7385567
141996512
73839072
208056802
57848285
39367138
109359589
183284195
126530024
56537578
91402731
125874673
147763699
28619252
91927027
194818550
199143928
197964281
188658173
253276669
147763711
28619264
109359615
263369216
106082819
113422855
109359624
174371341
109359631
246854160
135442963
169128467
57455123
162574867
253407766
119321112
89698841
208187930
155234843
164278812
205042205
189182491
175157793
60863011
199143971
11448869
78950950
190624295
139244072
253407786
197571115
963121
52343346
139244081
263107125
175813174
186692149
118141494
205304377
56930874
253276727
50377280
186692163
213561924
35041860
147632713
83931722
11448905
253276746
5812813
253276756
242528853
67154517
125874773
252097113
83931738
118141529
189182555
104247903
169128546
106082914
91402852
253407843
133608040
161002089
144093801
186692201
142652016
146715251
11711092
189182581
191148661
94024309
113554042
195867259
116044411
208188030
186692222
253276803
72004235
119321227
56013456
191410836
162574997
199013012
253276824
204255897
158773915
41071260
205304477
191148702
115520157
89698976
42644130
153531044
118141605
43823786
83931825
39367347
125874869
96514744
11055801
118665914
169128635
259568318
72790719
109490882
242528963
259568324
193245893
67154630
198095558
47100616
93237954
174371530
57717451
701132
208188108
54440655
196784848
110801615
118141648
701139
155235028
43168469
92451542
701144
195474141
51032800
57848545
701154
118665955
248165092
111850212
47100646
701158
195212003
106083043
701162
243053289
701164
21934825
2667247
196522736
95859441
121680627
141472500
202945269
253407990
259568377
145535737
24031994
162181884
247378683
263369475
41333509
17347333
263369480
85373707
139244299
115258125
56406800
29405973
180925206
191148823
193639191
73839387
20624156
191410971
24163105
203862823
92451625
190624556
179745581
144225073
166114101
162181942
199144246
203862840
58372917
41071419
193639230
103854912
85373761
114340673
191804225
97825604
199930695
11973450
247247695
248296271
193770321
10007378
37401427
96514900
190231380
155235159
116044633
199537498
18002777
10531682
13939557
138195818
133608298
47100787
219460468
162182003
176599925
180925299
114340728
203862904
171619194
253408121
75674489
116044669
3978111
60208000
207270788
148812677
157201295
57848723
89699221
72790934
3453849
155759513
263369626
76067740
131511194
94417820
154448800
262845345
195474340
114471848
169915305
56406957
208450482
24425396
74888120
204387257
139244474
171619259
76067774
125875134
114340799
173978561
51033022
48935875
142783422
138326983
50377676
114340812
44872655
114340820
51033045
113161176
193639384
25080796
105952220
106869727
114340835
147108835
162968550
252097511
106869739
195474412
171619311
248296432
132035568
38450160
205829107
106869749
106869750
150385654
141472757
101626874
111195131
104641532
253408257
37139458
114340870
201110539
57979921
202421267
184071189
193639446
171619350
193639448
203207703
199144474
248689686
96515100
263369759
205829155
125875235
114340899
199144485
124040231
222475303
156283944
205829162
199668778
125875245
203207728
104510514
13677619
91927604
174240821
50246710
81572919
262059064
248558647
191149110
179745846
140162108
203863100
164934718
90485826
111195211
106869836
205829197
59552846
263369808
193770586
20493405
106869855
39367776
121287776
91010144
186299491
188134497
192722018
171619431
106869865
170177641
203207786
52999276
181974125
203863152
242660469
263369845
57717882
116962428
138065021
104510590
41333887
174896256
150385793
49591425
106869891
42644607
121287814
119977094
251442312
3716233
141472906
112637070
205829268
106869908
242529431
85374104
154449054
205829280
199144609
248558754
52868256
187872418
47494311
148550827
138065068
66106543
201110704
47363249
91534512
106869941
155759798
68465848
203207865
204256445
147371201
203994306
253408449
203994308
203994309
205829321
203994313
116962507
204387532
203863243
203994318
125744335
116962511
121681103
200717522
205829331
50246869
203994325
203994327
203994329
188134621
208319709
94418143
191804639
106869986
173585634
106869988
190231779
253277410
96384231
263107812
106869993
145536234
38057194
203994350
67548400
67548402
203994355
67548404
203994358
171619574
263107832
203994361
107394298
155235580
191804669
59553022
106870016
155235586
105952516
93762823
203207944
191804681
193770762
199144714
151434507
92714254
155759890
71742738
173585685
74888477
263370016
67810594
203863330
105297189
71742758
214611239
155759912
95204649
203207976
49591595
18003243
47101224
253277486
242529585
253277489
308531
104510775
55096632
185775416
165590330
48936247
201110844
21280058
58897727
120108352
150910271
171619650
701763
174110019
96515394
124040518
263370055
29013320
92714312
253408586
73184580
252097868
176600395
92714318
263370057
58242384
134657361
204387665
106870097
106870100
176731474
67810641
96515413
76068183
36484441
117486932
141473108
253408604
187610462
249738591
203863394
41334122
47101292
103855469
162182510
7386479
125744496
171619692
141473132
251573619
194950515
44086645
141473141
21411193
104510848
68072834
198882691
111588741
138065286
100578695
260093319
173323657
137934218
183547271
95991183
112506256
150910352
171619730
208319890
22066579
204387735
125875609
104510876
71349663
158774693
147633573
246592939
207664558
177518000
173979057
10401204
155760052
20624820
203863484
191149501
214873536
207271360
194819520
25081283
58242499
173716936
139245004
197572046
203863506
76199379
214873555
125875668
104510931
75412947
62830036
83932634
253277663
253277664
138851809
53786082
167949794
253277671
194819559
151696872
103986667
167425519
75675119
116962801
66631154
175551986
17872372
119325484
118142455
125744632
41072121
253277693
201111040
253277697
151696899
253277700
253277703
72005128
253277705
137672204
203863565
207271439
101103120
125875729
197572113
47101461
253277721
47232538
21411355
172275227
23246366
152745503
23246368
6993441
205829665
95204897
23246370
58373669
207271457
139507239
253277736
82884137
167425577
23246376
23246378
57718317
23246380
137672235
58373674
47887925
204650038
253277753
113423929
147764795
75413051
253277755
253277758
130856507
191804993
155366978
96384578
191542852
263108163
253277766
154711624
91403848
204387913
91403851
139507276
14071370
199538254
89699918
147764816
253277778
191149650
104511065
143701597
92714590
109491809
253277794
41072227
96515681
190363237
70825569
41858663
226408038
104511082
105297516
188135022
253277809
190232181
7386743
164542072
171619961
158774907
155235963
26738204
15644284
148813439
253277826
171619970
262846084
94156422
181974663
253277833
58242698
141473418
68728465
130070162
47888022
43824792
196523673
208320154
253277851
57325212
110802589
148682393
58242717
104511136
73578145
191542947
37140134
118142634
248428203
108050096
22984368
137672370
2406065
75413170
159299253
77117111
210155192
210155193
172275386
6993595
27178684
76068541
103121443
173717189
207271622
11450055
55097034
193377994
205829836
193771212
170440399
172668626
172668627
170440402
105690837
134919892
172668631
102020825
195213017
2406109
38450910
44218079
172668642
91404003
130856676
172668645
253277926
253277927
75413221
24426217
139245290
197179115
172668652
91404011
209893102
16561903
106608368
170440431
162182898
191543019
193771252
170571509
198227700
170571511
171095801
210155257
105821947
66107132
175683324
170440444
51296000
141473537
170571522
6338307
170571525
170571526
191543045
133609226
193246987
170571531
170571534
95205136
169260818
194033427
170571544
170440472
162838299
162838300
208189213
82884382
104380191
170440479
95205153
14071586
208189219
8697635
4110117
2406181
170571556
125089576
34649897
121288484
49461032
170571564
3192621
170440490
4110127
168212272
4110129
96384817
15251244
82884404
246855477
13809462
91404085
125876024
56801073
104511290
66631483
157595452
172537659
174896958
98875198
116045627
147240769
253278018
250132291
253409087
208320325
440134
130070337
8173385
440138
159823694
169129807
208320334
52082513
440146
26523474
170571603
170571604
194033491
97433431
111720280
7255897
193902426
253278043
262846298
260093789
5945179
89306979
253278051
248428390
134657894
155760496
113293171
129021812
125876085
253278070
171095923
253278072
263239545
100317049
253278074
181712764
208320380
253409146
76461951
191412096
191149951
158775168
108967811
125876099
188659588
66500486
158775175
253278094
108967823
56539027
108967827
89307029
134526873
172144538
194819994
190232476
169129887
191149987
155236261
14333866
49854385
41334706
58374065
251443124
115783606
58208572
253409208
196392891
102807484
253671357
89307070
73578433
205305796
115783623
203864008
192460745
105953225
165984199
93239244
55883725
142260174
23115727
72136653
82360274
222476244
93239254
193771479
105953247
160217056
73316320
207402980
102152166
253278183
173062120
179877866
160217067
115652587
179746796
23377902
164411375
253409259
125876209
14071794
20494323
52869108
159954933
141473773
57140469
96516090
167950333
191150077
252753922
85374980
197834761
87603212
194951181
188528655
155760658
100579347
68597780
46184469
104511506
253409302
177911837
59160606
172537892
164542501
20494374
191543332
165984298
138065964
137672751
167950383
205830192
76462131
136624179
213563445
42645558
68728887
183547959
253278265
155236408
17610812
141473853
242268223
136624192
75151426
102807619
167950403
215136324
138065991
183547976
253278279
48412744
121288777
191543370
191149802
253278286
208320591
253278288
174372587
155236434
125614162
177518676
57325653
82123952
195999831
203995226
250001502
83933279
58374241
202422370
2013287
164542568
91404393
4241515
98875503
101365872
134920305
262584434
57456756
145406069
253409397
2013305
120764540
104511613
253409404
2799743
139245695
83933313
248559746
138852482
184072326
137803911
41203852
169261200
141473937
247249042
141867154
24950932
55359634
161265815
198883481
247904410
194164894
58898590
96385184
119191712
160217250
208320674
144095396
252623014
106215591
160217257
2406571
56015020
119191725
106215602
253409460
253278389
89045174
37796025
253278393
53917883
125614269
106215614
253278398
217102527
113424574
253278402
179878079
119191745
203602120
164804811
106215627
164804813
52213963
136624333
75675852
106215633
202422483
205830357
125352154
83933405
161396960
262060257
37796066
100317411
242661603
169392356
118143205
253409509
72136931
16562410
191543530
43694314
58898669
84457710
101234930
191150323
2406645
136624373
101366007
164804856
135444730
206485756
205306111
38189312
111196417
83933442
57325826
208320768
54442247
59422984
136624395
91404556
253278477
125614350
91404557
143964432
198883599
47888658
125876499
262453522
94419213
198359318
5945623
253278488
144095514
199670042
203602205
84195614
217102623
144095520
193640737
155367712
136624420
155760933
167950630
52082984
96385322
196393259
252098860
112638251
37796143
72923440
155236656
199670063
163887413
104905015
205830458
162838843
199539003
125614397
160217404
129022268
58374464
204388674
96647496
213039432
101235017
93108559
66107728
47888721
247511379
119191897
159824220
175552860
199539045
66107749
155236712
164804969
247511401
71612781
141474160
144095602
111851890
247511412
193771893
181713270
207272315
155761019
40941947
146585982
247511423
133085568
213563776
137017730
91404677
91928966
215792007
39369095
137804168
247511432
191543688
138852750
195213713
114473362
157071767
12237207
111983002
118143389
104511902
246856104
66107819
48544172
14989743
141474224
143833523
253278644
125614517
87472566
205306295
205961654
3062201
142391733
179747259
146586044
192854461
198883774
101497277
207272379
55622081
175552960
95205827
155761093
77248967
49723848
99924425
118143433
125614539
103856588
247249355
164936139
253278671
191150543
5552593
136624594
192330194
141474260
261798351
170179033
217364954
121289180
207272415
155761120
66632163
147896804
253278693
58898917
108313061
252754405
39762412
253278700
59554286
253409773
156285424
130857457
146586098
119192051
52214261
201505269
136624633
263240186
198883836
8436223
38451713
253278722
252099077
95468044
253278735
122468879
134920719
57719318
246856215
253278743
253409817
253278742
253278747
145275417
201243165
253278750
20625945
181713432
43694619
138852896
20494885
207272485
40942120
175553071
138066480
56801841
20363826
57719347
125614644
47495729
169392690
171620915
179878448
43694647
253278778
184597051
159693373
52738623
146586176
253278788
253278789
190233156
57719369
253278793
210418249
199146060
121289293
247249486
55884371
121027155
106084948
125614682
138066523
208321115
167557725
122468958
137935455
157203037
40811103
72006242
28621411
41335396
253278821
172669540
173324903
17349219
201243242
184466028
155761262
115128943
125614704
177912433
144095858
43694709
247249530
41335419
253278842
198883969
104512132
129284741
181713542
95074951
253278856
15776396
176534982
66632335
49724049
75414164
208321175
32946841
51427994
91404955
61389468
15776415
45922976
190757536
257866403
199932581
253278888
253278891
217103019
203995822
37927599
129284784
121289393
188660403
43432631
163887799
253409977
191150778
253409978
125614782
173718207
261798593
171621062
191544007
197966538
81312459
197966541
83933904
253278930
104512210
197966550
191150808
190364379
197966557
191150816
81312480
91405030
83933927
18004715
158382830
109230839
142392055
93240059
6339325
253278974
53918463
253278975
136624895
111983359
102808321
191150852
94157572
157203204
35961607
192985868
129284878
95075087
136624912
95075089
11975441
49724179
93764366
43694869
179878680
138066715
56539931
441117
20495134
39369499
55622433
161397537
72137507
96779045
42253094
95075111
95075112
43694889
191123896
185645864
89045798
51952429
171096878
120372016
253279024
76200752
141474609
80395061
253279029
253279030
102808377
40418108
253279041
102808385
176470851
91405122
191675208
12237643
123779916
191806286
175422287
130333519
201112401
173325136
164543315
121027412
109493079
12237656
91929431
20495194
130333530
104512344
155237213
43694942
12237663
253279071
253279073
53918562
19577699
253279075
253279076
137018215
58637160
12237674
98745197
133872494
249346929
205962097
11189107
253410163
180403061
16169846
119192441
210418554
1751931
169393024
40811393
42777475
155630467
12499843
171096968
76200843
159824783
136625044
91929494
141343643
57922204
217103266
120372131
141343652
130333607
130333610
253279146
253279152
90356658
84196275
120372151
130857913
47102908
104512446
167951295
161266624
159955905
116177858
178043843
167951300
136625092
171621317
146979783
120372168
203996107
122469324
129416141
191675341
168213453
155237329
81837013
167951319
102808536
199670748
155237340
253410271
191151075
167951334
102808550
125615081
125615082
125615083
167951340
145275885
204782571
191151083
104512496
102808564
253279223
141343737
253279232
199539712
177912834
28752899
190233605
175815685
105692166
88914953
181713930
174111755
44350481
94157842
41597973
174111769
41335833
84982812
129416221
58375198
89963550
253279263
84196385
260095011
113687587
176995363
102808611
129285157
102808613
46054441
118275117
95861809
253410354
129416243
180010033
174111797
181713974
142392373
125615163
159693883
53918782
44350527
156286015
159956034
14335042
191544388
66108485
69385287
173718599
217103433
92716106
157203531
162053191
51297356
43301968
192986193
228768850
165723219
251575380
169917530
51690587
75676765
179747936
92453985
49593440
90750049
95206508
253279342
136625265
175815794
253279346
253279355
58637435
45005949
48413821
115784831
104512640
155237503
205831294
253279363
94420107
88784014
253279376
76070033
17611924
143703190
50248856
137804953
50248858
185908379
50248862
50248866
130858147
31505572
142785702
174111914
188136622
50248881
173718706
174111923
199146673
185646264
140950713
44481725
82885822
75414718
188136640
144358593
125615298
155237569
47234242
144358596
185646278
14990535
103595210
210943179
155368654
185908431
144358609
43433171
140950740
41073875
112639190
194821332
90619096
165723353
93240537
41073883
88784092
112245978
51297500
74628315
144358624
253279457
175815911
144358632
43695337
113294570
122469614
253279474
253410547
111197428
44350707
253410553
253279482
210943226
72137980
74890491
104512770
68205827
104250627
55360773
104512773
59424003
253410568
190758155
138067213
83934478
20888848
253279505
177913107
126795029
198360346
74628380
54443295
253541664
78953761
125353248
217103651
205831455
74628385
47889702
113425703
217103656
140426535
193903910
74628394
165854512
152091953
217103669
144358709
55360823
144489784
197836086
252099898
253410618
174112060
253410621
197836093
222215487
111197504
173718847
253279554
56671555
253410624
73579836
125615432
205831497
253279562
207797580
14990669
85376332
76070223
253279567
201375057
16956751
92716374
48282967
175422809
253279578
75414873
197836124
103595357
167034206
11976032
172146018
101236066
121290082
155237733
172801381
253410663
75677028
125615468
205831533
136625516
249085294
261799280
205831537
253410672
165985651
18005358
246857078
205831543
253279608
185384313
84983158
197836155
192986489
144227710
253279615
72662401
167951746
89701761
104250756
48938372
171621764
89701766
5946763
249216396
15777167
144752016
173325713
59424146
190758291
203472283
253410715
41074081
11189666
134921635
135314850
85376421
253279659
261799339
253279661
246857134
253279663
95862192
177913266
184466866
192331188
178830773
179748278
46054839
105037240
127712701
119324094
253279679
253410752
179879361
138460611
152092100
3456451
167951813
37535171
112639432
13680072
49593802
43826629
138460613
74235341
74628557
119193041
66108882
199671250
125877716
253279701
125877718
253410770
205831639
136625627
169000412
3063263
143703520
102809057
142392800
48545251
155762148
253152842
106348007
253279721
16563690
253410795
20102635
23379439
20364784
20102641
20102643
200850932
248561141
249085428
57720311
253279735
148842329
155762175
262454784
196001281
205831686
168214024
171097609
213564940
144227853
246857229
168214030
221822478
149470732
112639509
20102677
75677208
58244633
263372314
127712794
99925529
966173
83934750
155762207
14204448
217890337
202817053
20102687
29933092
205831712
104513064
20102697
20102699
217890348
253279789
11058733
20102705
253279794
68206134
140922662
253279801
260095547
4898363
171621949
23379518
170311231
28884543
173325888
246857282
217366082
155762242
35176000
68206142
171097671
20102727
217497161
125615690
20102731
171097675
262061643
157072971
252100176
142392912
253410897
193773138
42253908
173719125
177913429
76201559
26263130
205831771
190758492
217890397
441951
133888744
57720418
74890851
249085539
140426851
102809193
108707434
202817133
193904238
133888747
4898413
262061681
263372402
40418931
102809201
44088951
80264826
152092284
136625791
20889218
49593987
171622019
136625801
257867402
228638351
246857361
47103634
20364947
108969618
36748949
20889241
242663065
442011
214613659
84328089
104513186
171097764
2408101
20889256
155631274
20102827
217366190
207273648
253279927
68599480
181976761
81575611
253279932
253279933
155238075
210943678
262454976
15908553
25083594
92061385
91406034
59293396
242663125
190889685
194952919
48179077
253411035
217497309
190365408
208322273
165854947
194821863
72007400
41205484
174636780
257867504
86294256
112639736
262061816
253279995
155238140
89702142
208322303
257867522
172801794
111984389
106217222
115523337
57327371
253280014
115523343
19447573
208322327
253280024
77643547
72007452
163888925
134528797
119324447
155369247
85376795
129941282
81313571
5947165
101236517
249347877
20889383
68599591
144621353
149208873
253280043
189972263
173719341
89702194
184074039
106610488
73842488
191283004
167952191
262979392
204914502
261799751
164806472
28622663
195477322
146718540
121290573
129417040
52346705
171622224
201244496
131907412
31375190
158646103
144621400
51429212
186433373
15908702
39370590
252755808
225230688
67157858
186826593
91406180
242663269
35307372
89046892
181452654
67026798
72007536
146063217
109887345
253280115
137805683
59293556
249216886
52608888
67026809
171097979
68599677
15777662
25083776
85901191
101819311
80396170
68599689
217890700
249216912
121290640
253411218
138198932
127188886
193773464
207011736
198098844
93765534
102809503
181976992
247775139
253280164
157204389
217890728
94420905
187482025
196001707
108969900
113426349
204914604
108969903
252886959
191545265
139247538
108969907
76726196
178831285
198098870
121290679
134922159
210157488
57982908
67026878
253280192
126533569
75284425
249610188
108969938
108969939
85901267
253280213
192462809
204914652
253280222
19447782
41598951
262848486
108969962
20627434
253280237
193511407
97042417
72663026
250527731
78954483
253280245
442358
200720375
140951543
108969977
442362
125616122
88784889
139247615
122732547
191414284
253280272
69517329
108970003
122339348
108838933
200851478
135839765
253411351
74498074
116572190
155238431
187482144
36618273
199671842
155762723
187482146
45793315
174374950
102809635
104251425
149209122
253411371
74891310
212254769
85639222
15777846
253149241
76726330
126271546
137543740
253280316
142262333
104513596
164806720
253411389
76726338
203863377
121290820
67027007
21151814
198230095
263241811
203210836
200720468
113426518
72007768
21676121
15253593
55885915
72007771
74498142
19578975
125616224
144621665
253149282
32424032
191545444
19841125
253280358
127844455
21020781
5816433
253149297
157859954
67158131
139247733
73187448
16564345
167729852
13811844
10797191
208322699
193511566
43827346
17875091
179880083
58245270
210298134
174112921
198230170
1360027
162054299
1360029
174112925
253280414
53788829
35569825
20889762
121684131
43172003
192987300
213958821
71090345
217759914
85377195
210944171
101236910
169918640
95469747
52215988
215400628
44744886
215400629
67682483
155238583
253280442
208322746
253280444
215400636
208322748
201244865
155238594
123781314
155238597
1360077
118014158
1360079
83935441
189972689
1360083
189972691
1360087
249872600
173326552
11976924
189317341
147636447
113426655
253280481
261800165
252887269
66109673
174375146
253280491
117489904
37535985
253280499
155762933
189972727
71090424
189972730
183681279
175161601
442626
107528454
13287687
114475273
139247884
121028876
55099662
193773836
189972752
20234516
189317399
210944280
189972760
94421275
196919581
73580830
204783903
20889889
199672099
252887332
129417511
72794408
144490791
161268010
442668
208060717
165986605
253411635
2146615
61391160
217760055
199672124
162971968
19579202
442690
41206082
253280578
113426758
105824578
188006728
157204802
212255050
196002123
204783947
136626506
71876938
253280591
192332112
262455627
2146643
58245460
43172180
67944792
198099289
108970336
198230368
162972000
212255073
247906660
151437669
162972004
217104742
217104740
137150822
72008040
6996331
80527721
155238766
39371120
151437681
28623218
10404211
155238769
195871090
129024375
99926394
85377406
15516030
185123202
116048258
46580100
99664264
190235017
174113162
204784010
198099336
16957832
176472459
252887439
137675147
262848914
208322968
176472481
41337251
76726692
210944421
139248037
157073829
253280680
146457002
120766894
12108207
176079280
191645260
185123250
115524021
155763127
160743864
147767738
19841467
249086394
167035324
163103164
253280704
174113218
173539418
177783241
43827658
191545803
36487627
185123277
205963726
442832
442833
190366161
102810066
179880404
262848976
160743896
13287899
442844
191939040
80134627
15778279
48546284
253280748
247906798
200720876
442864
103596531
130204147
252887543
48546295
163103225
442878
249086464
252887553
48546306
442883
76202500
59163141
253280773
72794628
14598660
139248137
120504845
142262800
253280785
115786258
88785428
247906836
24691222
120504855
198099481
48546330
167035421
967198
2146847
169394727
442927
175424048
127844913
247906866
2146871
162054712
14336569
120504893
49463870
120504895
199148096
8045117
76464707
250135109
208323145
125747786
253280844
113427020
76202574
72139342
84460111
120111697
253280849
261800531
225231444
21152338
69517905
33473109
199148120
157598298
253280863
113427039
54444641
174113378
253543010
129942112
200721001
83935850
112640618
57983599
72794736
76202608
174637682
253543029
253280888
199541368
127058555
138855036
208323198
145539712
73843332
146588295
253280903
189579913
104514186
35177099
2146953
967312
253411987
155763348
142262931
179880598
253280920
167035547
20103839
13288096
48546466
253280932
136626855
111198888
184861352
135840425
74236587
155239084
152093358
126927534
217498292
151044788
107004598
135840444
36225725
14992063
18006721
142656193
200721091
225231556
253280963
93373123
252887750
177783496
137413321
208061125
33473227
119325390
121029328
204784336
185647824
204784341
179749590
104514263
145539800
142787289
253280985
107528924
89178846
174637793
20497122
155239139
104514278
177914599
48546536
179880683
83935980
195478252
126010093
188007150
217105131
5161713
52085490
48546547
69255924
74892021
228115182
20103927
253281016
107528953
57721595
166118146
83804934
150651655
253281036
253281037
48546573
204784397
167035663
172802835
30982932
253281046
48546584
20103960
57721626
40813339
33342238
253281054
967457
16302882
155239201
73581349
214614823
85377832
58245929
119194408
193512235
153010987
174113580
194822956
174113583
121291565
230081327
113427250
188531507
135840564
80397106
14336822
97043254
150258481
119194426
48546620
151438141
121029436
200721221
83804999
115524425
138855242
11453261
76464974
150258511
253281109
207012694
197575513
126010201
260096861
174113629
4113247
155239262
57721697
13419358
14364361
91931493
182109031
247907176
174113639
31507304
243319658
15778664
127058800
116048753
151438194
89703282
10011509
48546677
155239288
208323448
170181496
73843579
169657213
177914750
223921024
262718336
119194502
73843595
41075596
75678603
186434447
91407251
574360
205046684
138855325
95470496
85902242
174113699
13943717
167035814
135447463
191415208
203998121
262718377
83936175
135578543
48546739
119194550
48546744
107004863
174113728
20104129
15516610
19841985
174113732
84460487
20104139
173327313
84984794
208323547
155108315
155108318
150651872
207012838
104514535
167953384
87737318
147768298
121553902
137675759
250004462
191546351
185910258
158647288
262980600
214615035
19842044
199541759
125355007
198099968
35283809
72008707
209372166
155239431
74892299
195871758
183682063
185910291
208323604
204915733
185910293
138724376
76727321
21021722
15778845
39371806
207537181
262980644
76071974
155239463
261801000
72008742
28754987
230081581
14074926
135578671
131384369
204915762
216450102
135578682
135840827
32818236
262980671
114738239
52216898
204915780
20366405
129025094
116835396
198231111
152093769
129942602
100582476
157205582
155239502
243057744
155239505
158647380
11584598
203998297
160875611
125355104
181978209
74237027
185910371
59163751
199541865
72008812
76596334
167036014
23381106
85902450
72008818
193381493
177128566
51561592
249873531
17613949
100582526
85902462
213959808
184075392
170181762
200852607
203998340
230081671
84984968
34129033
19842186
135269791
242664589
208323726
175424655
243057805
83936402
204915861
11453590
170181786
67290267
112641181
170181789
262980767
79217824
151831710
80397476
136889517
32818350
56411311
107529392
13288625
91276463
18007219
74892467
151438519
213959864
151831736
151831738
125355196
91276477
104907966
174113983
68863168
158647487
74892478
175948995
174113989
104514760
104514761
178832588
91407566
83936463
126010576
84985042
162055381
151831766
204915927
216450264
20366557
80397534
21152991
158647520
84591843
230474980
20890854
248956135
86820072
20366567
84460778
170312939
194954476
171492589
174114030
84460779
201770224
174114032
37668074
192988394
123782390
154191095
49595640
125355256
59163894
200852731
206488828
13288698
178832631
171492607
15779072
22070529
253281538
71091452
47105279
242009349
58115333
156812551
35570954
54445323
174114061
184468749
176405259
253281554
192988437
21153045
74892567
195872026
157205787
73188636
15254813
257869086
19449117
137676064
136627491
89703715
127190309
141608233
136103213
206488879
109888815
253281585
90752306
82756917
73319734
185910584
140821818
170181948
186434877
119063868
201114942
73188669
13813062
184468806
262456650
106874190
137676111
192988496
2803023
145671508
175686997
113952087
145540439
170706269
83936609
155370851
74892644
174638438
206488935
208323945
217498987
230081900
143967597
113558893
179750256
118015347
144885111
104514939
212256127
183551361
56804738
253150595
15254917
47891846
167036295
76596617
35964301
196003214
113558927
176211344
67159442
208323988
248956309
151045525
252102043
140428705
32425377
192333219
167036324
252102055
146720168
155239849
151438762
193512877
191808943
151831991
178832825
3720633
8177083
208061884
40420797
19449279
53790144
257869249
141739455
32425416
53790153
44877258
184600011
3720651
36619724
90752462
187090384
21677521
216974804
152094164
175687126
5031383
90752475
121292255
176342496
184075745
196527584
88262116
13288934
74892776
3720681
3720685
181454318
181454320
28624369
143967729
116049395
135841266
80266736
177784312
181454329
181454330
198886907
88262140
145671676
226018812
77907451
161007102
113559040
90752509
201115131
181454340
167036415
1754627
181454343
248956423
104515079
262456842
37799434
181454348
130336269
1754637
213960207
198886926
108971538
55100947
214615571
115787285
1754645
84461079
1754647
181454361
183551516
151045663
39110178
157206051
28624421
181454375
198100520
70567465
164021799
248956459
104515116
136103468
181454382
36750895
44484144
146720305
3720753
208324147
155239988
164021813
73451062
206489143
145278524
36750914
119064131
52610629
181454406
242665031
35964489
212256330
121030219
253281868
201115215
172279376
151045714
17483354
181454427
133613148
172279390
181454431
68994659
181454435
186435172
174114406
153405033
153273962
44615275
31639146
105301613
198887022
131253871
46188144
100320879
40420977
113559156
147113589
3458677
184075901
203998847
95864447
251971202
104515202
206489222
164808328
153273993
200853129
173328008
156812940
205571724
251971214
118015624
102811276
196789905
253281938
247383699
164021899
181978774
144754327
17614490
199542427
151045790
141739679
159827618
174114467
72009378
203867816
115525290
142263979
55887530
164021931
151832243
115132083
173328053
35309237
164021940
152094392
8832700
200984255
146589376
114738884
137676485
173328070
208062151
68994760
170444486
102811333
48547535
192202454
115132122
175425242
158648028
130336477
51693276
115918560
217499364
191547111
90752743
121554665
46581481
10143466
148817644
112641767
164021995
176473839
176473841
112641780
575221
72009463
100452089
575225
193513211
155240189
49202943
68601599
176473857
171230975
164022017
253413124
74761990
146720519
175425286
157075206
80660235
120112909
166119185
120243990
11585305
172672795
177784606
15779614
176473888
179226404
55494442
152094507
117098284
49989421
171493165
76203820
31639344
110151473
214615856
71092019
137676597
190367542
133613367
41862968
140429114
153274173
133613382
179881799
140822346
95864652
54445900
53921614
77121359
130205520
46581583
49858386
175425359
75417427
52610901
184076118
15255383
19711835
204916574
121292639
2803551
105170786
10536804
201508709
195872613
104908647
131254117
169265001
44877674
102811509
137676666
86034299
199542654
92325759
248432510
157206405
46581640
186304393
186435466
186304394
196003725
76203918
195872661
252757910
48547735
151832473
146458522
186435483
153274268
172148640
44818871
186304418
152094627
121292706
167167908
213960611
38455208
71092137
162842538
138856363
52217768
72927150
68994990
52217777
102811571
169265078
66897847
43042748
73451453
204916670
191547328
46581696
263243714
169265092
249743300
52217796
206489544
52217801
169265099
22595534
176474065
66504660
51038166
140822487
176211928
52217818
152094687
174639072
184600545
176474080
44091363
84330466
76204005
152618982
151832550
102811624
253282278
96651234
58247149
192333806
51693549
46581748
165595126
176474110
21153790
157206527
177653761
90228738
52217857
52217859
210159620
104515590
152619015
13420552
76466184
176474122
174639116
29149197
155240462
119064591
88000530
80660499
82757652
58116117
152619032
151046171
99928094
140822565
263243814
206489638
187090984
52217893
88262706
120244275
191547445
20891704
46319673
76204091
204916799
109889600
191678527
88000581
178309193
178309194
118016075
216451148
52217929
100321358
52611150
74893395
144230484
144492629
137807956
201508951
48547923
46188633
178309209
186435674
175425631
83937376
82757728
186435682
152094819
174377062
174114921
110151787
83937388
10930285
175425656
149211258
146458748
194431102
46188671
248694911
176081025
97044609
119064707
74238080
131254405
149211270
201508999
176081029
205047941
128632970
174377098
57985159
248957071
20367504
178309271
152094871
24430745
53135514
149211291
164808862
68577960
140822688
104515745
176474274
96127138
140822690
134662304
174114982
231262376
187091114
84461739
216451244
59426987
179226799
55363760
217499825
203999410
20891827
187091124
192333999
263243952
131254457
230082748
176474301
263243967
135841984
20367554
170707140
192989381
90491084
147769551
242665680
198494418
41601235
52218066
199543000
200984793
201509082
212256988
186435805
89704669
74238175
52218079
75548897
140822759
217499880
195873002
52218090
119064812
112642286
52218095
50252016
242498309
135842039
155371768
76204281
151046394
31901947
208193787
67029245
176736510
178309375
97831166
144492795
54708476
105826564
144230661
144230663
195873031
68995338
192334090
175425804
108841228
113166606
203213073
83937554
104515858
192334100
149211420
186435869
178309406
56019230
137152797
44091681
89704732
154716444
112642340
262850847
97831210
155371818
90753325
157468974
192203053
142002481
155371825
97831217
131516728
53922105
192203064
208193851
208193856
68864321
969024
172542272
76466502
52611399
144755016
183683399
67029322
160221515
111200583
242796879
144230735
160221521
97569105
144755030
206489942
160221527
12110169
253151578
160221529
160221531
52611421
121293146
113166680
72010081
130468194
131123555
186435940
179882338
131123560
63097194
178309483
6998379
251447661
203999600
103336304
80922994
91933044
247253372
208062848
136759682
207014275
197314947
207014277
249874821
74500487
14076304
230214032
84461968
217500053
117492118
178309527
108972437
186435993
5425557
216975772
111200669
112642462
74893725
130468256
91933088
140429725
186436003
38062500
175688101
161401256
178309546
138070444
28625329
177916338
131123635
142264757
144230838
152095159
15255990
137939388
74500542
144230849
195217858
19712451
10925877
132827595
68864462
149211605
138070486
137152983
140823000
58247642
113560026
69913052
130337248
32819683
222349796
153668068
144755173
74500580
43174372
191678954
131123690
113166826
94292461
195217901
31115760
201116146
131123707
9882108
175426049
84462082
92588548
176474629
176605702
87214599
13814279
101894666
120244747
168610315
216451602
176474643
242010644
125749782
125749787
125749791
95472162
186436130
127191590
196790823
105171496
28363307
142264875
21416493
83937837
176474673
188140083
140823091
127584821
155372088
113166904
41077306
152095291
101370428
75549245
125749822
113166910
227985976
191547971
119720517
9882183
102550091
141740620
262982224
122210897
119720528
169396822
148556375
122210902
122210907
197315168
176212580
262982246
157600358
111069800
38062697
119720554
151833194
197315182
242141807
110152304
95210095
186436209
195873395
206228084
188009074
72534651
80267906
186436226
191548038
227986055
119720584
200985228
200985231
142658192
152095381
193645205
192989850
9882269
84331166
15387296
137677472
155372193
72665760
169921185
111069861
9882280
32164521
161532587
10144428
52611757
15387308
15387312
190368433
88001202
51956403
131123896
84462265
13159099
15387324
9882302
83675838
137153216
176474817
15387330
183290563
243059396
15387332
176474822
58247880
9882313
6998729
16173778
74762963
127847124
9882333
129813214
73452253
131123935
7391971
125749988
6474469
58247908
206621415
216451813
6474473
125749994
176474858
9882341
6474477
9882350
37407470
110152432
113167082
121555699
25086707
6474485
576243
216976116
72534776
248171257
5425915
12110588
89705212
9882366
163874752
14994177
6474497
55233282
243059460
9882373
241093383
9882375
262982409
6474505
196266763
9882377
6474509
243059466
6474513
152095506
171232017
59165460
9882389
261802774
59427606
105302808
120245020
131123997
155372316
73452320
201771808
53922595
3197733
9882405
17615655
838441
104647466
75418416
115133234
182111027
55102260
98224948
140823350
95865657
45534013
68078399
204000063
171625287
202558281
195480393
9882443
91147084
66636622
217500498
104909650
182111060
186436437
176474966
106220375
12110690
9882471
136235879
249219946
191548267
202558317
55102317
5426033
14994296
106351481
260098940
197970817
127191938
105302915
202558340
131124102
252103558
262065032
253152138
49990542
9882511
56019855
115657617
204000146
59558804
195480469
72797077
65850260
205966231
160746393
445338
9882522
242273180
202558361
99142559
206490528
25742241
127323041
205966243
230214564
230083494
205966248
9882537
58510250
111725481
148556713
17353646
189189040
4115377
43043761
121293749
9882550
200985527
138070971
202558396
161532864
137808833
35965890
152095682
9882563
58510277
202558406
9882565
87739335
84462530
216452041
174115787
191548364
134532045
205966278
95996880
9882577
82889681
205966289
262851542
72666072
205966298
210947035
91540443
164940766
261802974
50383838
157207521
121293794
144755684
9882596
139512806
143838183
131124196
115657705
178310123
9882606
179882990
192990195
106351606
9882617
119720953
105303037
49859581
128633856
52874245
217500678
173853701
217500680
11455495
212257802
176081927
217500684
196922380
217500686
121293836
217500688
109890577
200330257
253152267
6999051
205966351
19713046
9882649
3197979
129813533
68865053
144231454
140823584
176081949
160091170
9882658
202558499
5950495
205966368
136367150
121293870
43174959
196791345
12110895
205966386
136367162
95472698
252103741
91540542
9882689
152357955
131255367
135056458
136367181
205966413
127323216
200723537
68209746
136367187
198102098
261803088
183946322
17878096
172936280
80399448
54447194
8834141
139250784
8965218
146984035
161008740
152095845
136367206
197708900
110283880
118017129
180931684
173067366
246729828
52087908
202558578
161008756
151702645
61394041
215534714
141741179
196791418
53529725
226675838
192859263
12110974
134925444
53529733
3722373
54447240
29936776
155110544
14994580
123915413
2804889
144755867
35966108
174509213
161008796
131124381
152095904
13159589
131124391
37932200
131124394
262982828
27416674
205966512
15256754
144231604
119721140
249220279
58117305
197708985
118017213
253152446
155372734
207670467
190631107
152358084
201116873
173460687
174509264
152358097
43044050
246729940
261803221
116051157
16829655
176082139
76205275
221826274
68603107
136367331
38456548
152095975
68603115
83807469
131386610
98225394
84593915
74894587
252759297
31509765
252759303
131124493
37408017
145935637
58903833
206490908
147770655
190369056
137678111
157076771
253414692
47500580
167431460
82496807
43044136
176457774
72928555
200723756
85904688
44354865
47500594
253414706
197971252
247254323
230083892
241225016
131124539
197971260
131124541
157076797
137678143
157076798
15256897
253414721
41340227
250137924
197578053
131124548
70307143
203738439
146722124
66494072
161008977
202558803
145411412
43044180
170184021
14208347
189582685
194825565
121949535
202558815
138333538
84594018
99143011
72011109
137678186
257609067
83938667
155110765
145411438
197709167
145411442
250006898
82496885
204000630
82496886
145411450
20106619
136367485
145673600
249220482
183684483
70307205
183684485
75812229
157863304
174640521
114478473
54840715
44486028
190631309
109628814
262589834
52481424
102550932
37408153
195218842
74370462
84594079
52612512
176213410
145411491
202034596
96521637
89705892
148557223
197709218
89705897
147770794
206491051
112709588
69520813
196922797
72666542
137678256
131124653
198364594
15257011
83938736
89705909
246730165
196791729
145411512
4902325
198364603
188140989
198364606
89705920
167431617
111332801
181456323
198364612
198364611
198495685
43044292
243060167
144231872
155373000
11980226
2805197
95473104
3553487
12111316
198364628
198364629
142790103
198364630
131124695
131124698
111332826
145411548
198364637
83676638
262720991
198364640
10145246
108842466
139775453
72011237
249220582
123522534
51039720
72011240
173854186
16174571
56806892
72011242
72011245
76205551
198364655
3853809
72011248
72011252
206491125
48811509
198364663
72011255
72011259
248565244
249220604
72011265
26136068
261803525
195874310
51301894
106745352
153406986
111726091
26267148
145411597
148819470
192204304
4902417
206651599
206491157
152358423
209899035
32427548
203869724
248827420
153407007
16174625
67554850
246730277
145411623
153407015
839207
173854257
181980723
153407028
73322036
178572853
116051511
83938868
203869753
253152827
145411644
132042300
178572862
197971518
72797760
153407041
253152833
170184259
253152835
253152837
153407046
54709831
22990407
144756297
153407049
213306952
131124812
262852168
157601350
82366031
253152839
153407057
71880274
138071635
131255892
253152852
8310358
205573718
4247127
193646169
201117273
253152858
176606812
72011357
253152862
253152854
74632800
126930528
54972001
31641184
134270561
253152864
111726182
253152866
35835497
215928428
153407085
248696430
131124846
167169649
145411700
203869813
183946868
179883642
214617723
162057852
96521852
200724094
145411711
83938945
83676802
15257218
153407108
248696453
49729156
131780227
201117314
131255948
121294479
153407123
4902549
208195222
47238805
194301592
200724120
147771034
85642906
206360220
5951133
173854364
131124888
246730395
203869857
247254691
131124900
196791971
36753062
11587244
197971633
74370738
10145460
145411765
115265205
131124920
197709497
191680185
48596711
72535740
32427709
27578047
144232128
172936897
252628673
144756419
83939008
167431877
203869897
145411785
199020242
56544979
49204948
74895061
144887513
40423130
159829722
83939036
136367833
131124958
169135842
197971683
90885859
131124962
170970854
85905126
47238888
71356136
196923113
179883753
136367845
203083502
194039535
170708721
196529910
206229240
96128764
36622077
145411838
172936959
54054654
251580160
202559232
82366213
206491397
242667275
8834828
97046286
205704974
85643024
162582289
262590227
210423572
153407253
82759444
51957523
193777430
131125018
83676956
61394717
93507360
131125025
153407266
162844451
50253602
137154341
263114534
7261987
68734760
174247719
206491437
196529965
132304687
83676973
50777905
144756531
119328567
99929911
183553849
36753212
136367935
133615424
116313925
192859973
131125063
188010313
202559307
15257420
43044686
138465104
240570192
53792597
144756568
130469722
73584475
188010334
201772897
79220580
243060582
210947943
80924519
115920745
29151081
68341611
172937067
243060589
243060590
145411951
52612971
243060593
141479794
145411955
164810612
68341613
75419501
56807287
201117559
243060601
243060605
145411966
72011648
145411970
249220996
145411973
75419527
206491530
136368010
173068172
71487375
145411983
243060623
129421202
190631827
48418708
262066069
249089942
24170388
243060629
243060633
243060627
243060631
243060635
112643997
131125150
57986974
243060641
21286817
202559393
36491169
129421221
243060645
151048103
206491559
164810665
206491561
243060647
54054823
34394029
151048106
73322408
8441776
76730286
243060659
48418742
199020471
121950138
41340859
147378108
54054845
83939259
76730303
106745787
210948036
243060677
111464390
51957703
197377324
243060681
40423371
243060683
74764237
89706444
95473615
48418767
243060687
131125197
243060691
145412052
243060693
235851731
158650324
108974034
145412057
173461466
89706457
162844633
145412063
83021794
247517157
167432167
160747495
85905385
201117677
55103470
103469038
179884017
112250870
125751292
145412097
59428866
11587587
87478278
206360583
200724488
104255500
82759692
95473680
83021842
194039827
155242517
8048667
192729116
83939356
15257630
199544863
125095967
125095969
193646626
116969502
145412132
20238373
205967398
132042792
8048682
194039854
202559535
230084656
11587633
58511409
144363571
194564148
48418870
113299512
145412153
192729148
183554110
43044927
82759745
54972485
174510149
51957831
72011848
208326728
196005962
205705289
205967432
144756816
33738833
263114832
180015187
52219986
51957844
202559574
249483352
68341849
112644184
174510172
221040733
85905504
136106081
116969572
209375333
141480037
180015207
60739690
193646699
206360684
68341874
112250995
178311284
200724599
120508538
145412219
136106107
202559610
210948220
83939451
188928126
205967482
41209986
192729219
207278213
51957896
145412235
113168524
74895500
194039950
50778252
192729232
198365331
180015253
133091477
210948247
192729240
144756893
145412257
124702881
33607844
199544997
252760234
217764011
115265708
136368299
20107436
131125424
107663536
13422771
200724660
95473846
95998135
131125432
145412281
145412282
70308024
147771578
75550905
172019902
51957945
45404352
131125441
193908931
161009859
115134663
16437449
173854921
199545033
108187852
15519949
36884684
192860363
205967561
133091537
202428625
89051348
131125460
34394326
141349079
14078166
75419864
248565977
169136347
190370012
48550100
9359573
43045087
145412320
81187039
43831522
144756963
68210915
112644325
78958822
3854567
83677413
112251113
144756970
35180779
205967597
251449582
131125487
201249008
55890162
193777907
50778356
145412341
184602871
83677431
127193335
72012024
56021245
99930369
167432451
95473924
136368391
76468488
205967626
111857931
168349963
127193358
131125520
145412369
190238993
145412371
196399380
205967638
199020823
131125527
98357529
201117979
172937500
113955099
172937502
196006174
177918239
14602530
59298082
205967652
117625125
68604198
83677478
145412392
195744041
200724778
172937516
88789294
197185839
112644399
70308143
16961838
183685427
133091636
145412406
193777975
205967671
133091643
121688380
83022143
72798530
89968964
183685446
144757063
89706824
51958087
145412426
169136462
172937552
145412434
17486165
121164120
144757081
185651544
133091675
145412444
108974431
48157023
145412451
180015462
221040998
214618474
48157034
193778028
167432558
198103407
143184240
145412473
58118522
253284729
246206844
83022203
83022206
133091711
48157052
84464002
125751683
190632324
59429253
43831686
202428804
129421702
252891529
75420040
172937611
112644491
7917960
174248334
112251279
145412497
119329169
158650773
262590870
145412503
125358488
76468632
130470302
168350110
179884448
76468642
73453988
174510502
145412519
86561190
150000040
205967786
182112682
108974508
48157095
48157094
204880276
182112689
3854771
190632373
48157112
72012218
83939773
137417153
253546945
35180994
214618564
127193543
41341384
23515594
21287370
16437708
162189774
201118161
83939795
138072537
3854811
173855195
145412574
146723294
253546976
183685598
133091813
263115238
28103144
252891625
8835562
182112749
172937712
155374064
133091826
76206576
75551221
133091834
52351482
84333050
75420157
70308350
38326779
253284861
34918906
246731266
107139580
154718724
58511879
133091849
26530313
130470415
84595215
112251409
185913874
214618639
192860691
247517717
194826775
217371167
83022368
21025313
54710819
205181480
68342314
174379565
21287471
198103603
23515701
95474235
190239292
53924415
204001856
162189889
195744320
76206656
210948676
155243076
174510660
174379591
144757322
112251473
190239315
176476756
125751891
112644691
129421911
96129626
104518238
207016543
202560095
72012383
73323108
53793382
35181162
78959210
70570604
6214253
35181164
113431152
27578994
76206708
66638453
19845750
167432823
89444985
48550522
206230138
104911484
95474303
252105344
72798849
136499842
137155201
68080260
172937861
72143492
83677828
141218435
124965513
87216777
68604556
225104524
253547150
124328842
137417360
147247762
141218451
207016596
127193748
87216790
214618776
122344089
192860826
129421979
167432862
122344094
124965537
87216802
153539236
122344102
112251560
242406057
99406506
122344106
137417390
112251566
140956334
33608366
108974772
87216821
142791350
122344119
112251576
20107962
122344122
125620924
167432893
122344125
844374
40424130
247780035
122344132
134402757
160748229
95474375
58249926
2806473
190239435
29020876
66114253
118280908
95212239
112251601
196793042
183554771
84202197
63099606
122344151
76468952
183554776
122344150
122344153
140956380
183554786
41603811
190239460
122344162
122344167
27579113
122344171
209375986
184603384
190108410
112251649
173724418
127193859
104518403
122344195
122344193
50385671
102159113
122344201
122344203
133092109
202560269
133092111
78959376
122344207
152097552
95474451
71095062
178574104
69260058
87216927
70832928
115921697
138072867
122344228
253285157
179884839
214094632
87216940
122344236
209376047
90231600
87216945
8835893
253285175
242799416
156291898
164811579
169923388
18797371
122344250
122344255
122344259
53400388
133092165
112644933
32428872
224056137
174379848
122344267
217371464
173724493
147116879
195875664
214094673
160617299
185520980
122344277
214618969
76206938
122344285
133092190
192861024
136368995
133092196
48288613
133092198
190108520
184603496
164549480
158651241
118018920
104518509
193516396
87217008
262460274
147116916
164811641
153539449
122868603
175821691
78959492
13292423
134665096
167433103
173724560
122344337
103076754
87217043
248173455
112645014
122344342
252760984
80401305
195482526
76600225
252892068
133092261
122344368
119067569
217371568
108975028
122344373
81056698
709567
20239295
709569
122344386
14996419
709571
164287427
122344387
208065479
70833099
709579
136106955
112645072
14996434
185652179
17880020
155374551
51041240
133092314
136762330
68080602
205181915
191646185
51041247
154719200
76076001
185914338
70308833
219206628
177918947
112645094
122344422
51041255
129422313
27579370
137155563
51041261
122344430
51041263
193909744
55890929
144757746
59167729
217764854
76600311
133092343
177787895
119723000
84726778
119198716
205837306
133092350
147248129
43439106
122344451
15068599
122868742
242013192
68080652
108975118
34395154
122344466
117494804
123130902
24826903
76600344
142660637
184079389
51696671
173069344
213701664
68342821
35574829
152097840
197973042
14341171
214619186
215536691
81712180
152097847
72012850
143709242
153539643
81712187
147117118
201118786
76076101
195482694
143053900
51041357
122344524
235852879
262067280
179885137
122344525
115659855
82760790
168088663
57988184
149476444
248697954
122344549
197186662
152097895
180016232
194827369
194958443
70964332
54380
108975211
217764974
187618420
17486966
87217270
196924536
83940473
203478140
184079484
52614272
76600452
44094597
104912005
40948871
21419144
122868873
66114698
41866379
193647756
104518796
87217294
190239884
119329927
162844253
55235731
36230292
64672916
183948442
249353375
208327840
2020511
252630177
50386079
76207272
87217321
86561961
56808619
122344619
214488238
181982382
60871854
195744945
178836658
195482801
81188014
100848821
75814065
75551927
130864312
122344626
187618491
164811964
262853821
87217340
74372289
86561986
104518853
125752517
58119367
58119365
58119369
137155783
249091275
58119371
183555270
50779337
167957711
3724495
184603856
152097998
2020563
2020559
175166677
2020565
174511316
122344660
249091286
76600539
10933470
213964000
167957729
86562018
86562016
11588834
10671335
57988328
116970730
134665450
116970732
122344685
165598446
76600558
143709425
217765108
118150392
98355542
217765115
110941439
133092610
208459010
95868164
10933509
252105991
62706955
2020619
2020621
59299087
177919249
168350994
151967005
127456542
157209889
167040290
187618596
143709480
144758057
122344745
2020651
115266860
217765164
133092654
47240495
83940654
76600626
55366963
76600628
158389557
122344756
2020665
113956155
144233790
172283198
136369473
54449476
133092677
230217030
160801189
202954057
122344778
108975435
122344780
217765197
122344782
203085135
122344783
158651729
2020691
252892501
252892503
106747223
252892505
119067993
210949467
143054172
252892507
50124123
76076379
75552097
87217506
197973347
48158052
120116580
2020705
122344808
252892521
89052522
186307948
158651757
133879149
249484656
57333104
213702002
109368689
121034100
252892533
151967094
120116600
9360761
127063418
249484666
249484668
9360765
9360763
9360767
76600704
177919361
214619522
9360769
147248514
133879166
205051270
122344834
87217546
76207502
89052560
186307984
122869139
214619539
159438230
58119577
147117466
122344860
7919006
249484702
249484704
14996898
201119149
165205422
87217584
167433649
87217585
87217587
108975540
122344883
133092790
152098230
133092792
159438265
142005690
76600761
90363325
122344894
76600767
252892605
76207555
60741060
11195847
140957128
122344905
134665673
122344907
122344906
76600781
50910665
159438289
52876758
46061015
53269976
194041302
212260314
76600795
80401883
144758237
190371294
174249440
122344928
194041317
235853287
87610857
14996969
253285867
67687913
162584045
122344942
3724783
122344943
109368813
158389751
235853304
72013305
250140155
37410300
205968893
132306434
106223106
73586182
133092875
15128075
151967244
118019596
34526736
196517942
127587856
165205523
217765397
142005781
117757461
2151963
253285917
10016286
152098336
73979425
57857570
122344993
172545572
125359654
57857576
122345002
57857582
72537646
57857585
76600883
191419956
76600885
121333096
57857591
187618873
57857594
122345017
198628926
14734912
57857600
187618882
262067780
73979460
102553158
112645701
89052744
253285961
122869320
14997067
253285963
171890253
187618894
72799823
168351311
249484881
73717333
171890262
197973592
110024281
46585435
263640668
144234075
170186333
170186335
122345053
199022177
170186337
172938851
122345061
6870631
162584169
68343402
84203114
122345066
253548150
73586297
172676731
207017596
46585468
76600957
76600959
147117699
73324164
83940996
111466119
710279
129422985
179492490
222615178
197973644
197973641
73586318
129422993
68736658
112645778
55367316
47109782
73586328
151574169
108975771
205837981
68343454
15783582
42260130
76076707
200857250
201381541
89052839
126146219
73586350
252630703
54146102
210949811
81188534
78960312
73586361
59430589
66115263
184473285
197973701
197973703
206231239
71882441
36624077
51697361
99145427
197973721
65197786
147642077
210425571
72013539
217503462
248567529
44619498
32298738
253286132
113825526
196925175
171890423
34395894
144758525
197973757
253310429
72800001
151967489
122869512
44095240
165205772
38590230
179492631
203872022
139908889
252630817
46192420
162191141
146593575
38459176
112645927
23516969
132699947
74635051
217503533
221697838
95737646
10278704
184997681
179492658
252106547
101635890
247650101
179492662
246208311
91936567
20633401
130864956
177919806
146593607
203872072
194565961
168220491
95213387
162191179
82499411
136632148
49993557
95213399
108975970
115660645
118151014
203872103
199022441
166123370
207935339
146593644
77125481
99538798
14997358
194041707
73586545
70965106
133617522
15914865
80140153
217634683
158586917
33347454
184866692
187619205
134797192
144758665
3725197
104126351
144234385
146593684
193124249
171759514
57989019
192206748
40949661
210425758
192862109
87218080
72800153
47241122
249354147
171759522
110024616
171890602
247257003
207017907
152098739
201643958
252630967
167172022
20502457
59299770
54581180
158783421
54581182
104126396
83941313
49469380
241883077
154195908
143054792
31250377
171759562
158652361
178575306
197973964
207411146
262461396
59168725
11196379
183031771
31512541
12113888
168351713
117495776
253286371
120379364
184997860
11720679
207017960
117495785
68605932
193124338
217765874
191944692
111859708
73717757
54581245
36493311
144234493
51566593
110024705
154720259
193386501
230086661
252106758
146593802
68999180
12638222
197974030
12638224
176216081
59430930
146593811
175167508
129947669
51697685
152098835
72538129
20764700
50386974
197974047
89839646
197974049
200998919
46192679
252762155
36362285
150788143
146593840
31512625
117495858
173856819
109369397
196794426
158390331
173856833
31905858
87480386
89839686
164812871
146987080
152098891
87218253
162060368
151836754
195352660
191420501
72013911
71096409
140957786
187619419
141088861
108976222
86038623
118151264
68737121
144758882
158390371
217765988
193124447
166123622
99145822
193517669
170711145
167827557
144234600
89053292
130996333
196532334
190503021
230086770
46192755
41212020
146593906
171759733
46192759
208197753
12114043
171759742
113039487
201119872
197974146
191944838
164550791
216717448
49600649
130996359
173987979
197974155
252762253
72800392
108976271
252762256
197974154
197974162
197974165
203217045
55105689
87218329
190240922
105175197
213964957
146593955
195483812
213964965
143579302
46192806
197974184
2414761
63887525
46323884
8837295
205707440
184080564
184998071
263116984
2283707
74897599
213964991
117496006
73193673
27842762
155113675
251189452
112646349
27842765
190109903
448721
146594001
146594003
213965011
252893397
448729
102815961
213965025
171759842
179493092
49862886
184998119
230086891
102553835
47241453
82761964
164157679
97835249
448754
197581042
252893428
97573108
171759862
116971767
448759
155113721
205445370
159439100
186308861
108976388
72014084
208197894
164157705
21551370
75553037
167958800
121690390
213965092
115530023
113957164
144365875
83941684
160749877
83941686
167958837
34527548
177920317
232446272
448833
124180802
2152771
44620099
99146053
117496133
59431240
130996552
83941704
50387273
170580303
130210132
179755353
227858780
213965148
105699678
214620512
213965152
113170788
89839974
31644007
121690474
150788459
113170796
99146096
76470641
108190068
179493237
208198006
177920374
194042233
45799804
230087037
117496189
167958911
191420802
59300229
7920008
36755850
130996619
112646542
158783889
118151570
72800659
99146132
144759193
119069082
72669596
252631452
213965214
143841695
182710787
242407841
190110118
191420839
184998311
51567020
84466095
197974448
145676721
213965233
112646579
34527665
84859312
263510454
203872694
44882360
183556534
122870202
208198079
246340034
51567043
249092549
212261321
118151626
185653707
88791499
59169226
263510478
117496273
34789842
179493330
263117266
117496276
197974486
711126
55892441
230087130
252762587
68999644
170187229
158390750
150788575
40950238
112646627
170187240
711146
192338411
170187242
973293
59300334
13375548
117496305
146594291
170187251
170187253
137681398
170187255
170187256
263510522
227203579
179493372
61004283
146594300
210164223
12507648
25876993
178575874
99146243
25876995
25876997
217766406
43833863
202037768
171104777
105306631
207280648
197974540
167959046
170187270
73718292
89840149
77650453
117496340
207936023
210164250
199154204
76208671
192731680
146594339
178575909
197974570
165206570
113170988
207280686
75946543
112646706
172022322
103471671
192731708
212261437
105306686
87480893
14080577
201120323
36493892
199547461
212261446
197974597
192731720
89053769
36756042
134666827
208198221
192731726
16964175
213572185
165206619
73980509
150788703
72669794
112646755
84728429
160094831
171760240
82106993
213965428
146594421
252631670
7002743
146594424
262724217
43833978
108976757
153934454
153541245
126933626
214096511
235854464
232446591
43833981
7133827
212461733
89840263
15784585
232446607
130865809
252631697
77650579
183556759
183556761
144235161
152099484
150788767
197974693
28367527
212261544
199547559
81582761
146594475
8313521
170842802
103471797
249879224
57727673
158653114
186309308
120904387
4774595
197974726
169269965
201120465
205183697
75553492
82107095
102161113
82369253
130996967
7133931
212261614
99670767
20634352
205708014
102161141
146594550
68344570
160881403
84204286
113171199
99146496
88791808
4774657
146594565
7920390
212261640
197974792
162192140
973584
99670802
2153237
213965589
43834135
84597531
146594587
96131868
195091236
216193830
242015016
56490972
81713964
247651117
92461869
46586672
99670832
66116400
17357619
117496627
208591671
250272570
146594621
111860544
197974849
8313666
197377909
144235334
116972358
195091274
73587531
6478671
83942223
81582929
82107218
89840463
112646995
56417108
711507
77126484
176610138
92461916
122870621
49077085
160881504
130866017
192732002
180935523
98622312
172022635
91937644
121297774
135846769
207936370
208591732
16964469
148822901
207936372
137943928
90233721
197581690
197974904
193911676
213572477
205708149
178576255
151575424
140565376
162978689
193911683
77650820
197974913
98622341
40295307
34528140
207936397
121297806
150789005
32955280
162978707
162978710
146594710
81714075
230218653
170449822
195091360
130866082
137943973
130866086
104651687
199547814
199941033
207936421
171891631
112647087
162978739
213572534
24042422
98622392
99146680
35576766
154852286
75946942
246864834
59300802
160881604
87219140
172678086
54057928
213572553
73718729
200727498
72801228
190372814
72539093
89840598
164551639
98622427
129817564
59431901
249093085
171760607
213572576
130472928
172678112
148823011
193911776
72014820
171760608
153934819
160881642
172547050
44882924
151968748
226941933
75946989
40819695
193911794
130866163
184081398
45800439
137944057
141220859
194042875
104520701
213572607
164813824
207936513
449541
449542
15129606
14081034
81452043
102423565
144759822
213572623
249093135
99146769
166648850
252107794
137944084
125492242
105307158
137944087
172153882
167548895
207019036
110943264
167548896
172940323
137944104
205052971
17751083
235854893
55499822
52616238
204659761
155114546
262069297
57859125
213572666
91020349
207019072
5954625
73325634
130866241
177527874
99146824
193911883
137944141
184474707
90233940
20110426
150789216
3333217
67165284
81583207
1367145
137944171
197975148
98622571
113171564
7134319
259447924
262069365
59432055
89054329
81714303
67034240
118152324
249224326
87219335
84597897
165600399
1367185
249093267
14867606
177921177
256302234
47111323
165600412
107142307
130735270
90234023
21552295
67165354
176872621
89840814
98622640
50257073
44883122
194960564
137944246
146594998
176217273
193649852
1367229
170581183
21552320
1367233
107011266
44227778
146595010
204659913
73981131
102161612
140565708
20372686
192339149
156687568
194567376
75554002
29285586
175168724
174251223
137944282
105307355
259316958
72015071
70442208
259316962
137944290
188931300
117497059
81714406
221699303
259316968
146595049
164027625
73981163
68476140
103210221
130866411
70442223
99671271
259316978
146595059
213703923
45800693
259316982
174382325
2546935
162192629
176610554
53271803
87219451
98622716
259316990
56679678
146595072
144760065
31513858
53271810
8838402
213572869
89054470
71621893
259317000
130866440
18406663
205577479
117497102
8838415
162192655
143842575
207412500
194567446
174382359
194960664
259317020
190635293
259317026
259317028
52616485
168090918
29285671
73588007
75947302
20372777
259317038
10411310
115137838
146595119
177134897
259317044
31513909
36756788
173464890
259317054
80928066
177265989
260758853
11197767
16833861
39378248
259317068
138206541
13819219
161930580
16178520
90234201
197560376
147774809
191815000
185654621
40820062
214752607
209378652
204660065
118152547
36494693
117103975
146595175
168090985
91020648
172154220
63626604
156687727
148823408
83156335
20372848
26271098
144366971
72015230
173727103
70835582
190635393
184475009
214752640
107404676
130080133
199548294
43179400
167959954
72801683
201383317
130866581
191552919
210165145
140565919
51043744
173727138
158784933
156687781
193125799
103472552
2022821
47504810
252632492
15654318
193125812
144629175
43834809
87612860
191421884
52878783
191421887
25932603
191421889
87219653
61398470
144629191
213966280
176217543
83156421
94035403
99671500
130866643
4382163
144629206
107666904
160095705
56417754
188276185
146595300
152100326
2809321
163896816
144629233
73326065
168091123
209378804
214490613
81714679
13295096
98622969
90365431
191553021
163896832
151576065
94035456
146595328
122349505
116841990
201252360
152100368
14605841
120774164
129293847
94035479
2809369
252763674
144629276
144629277
25484832
99278368
81452578
251321893
26271270
217767463
213573160
6872615
213573162
144629291
163896870
163896871
40820267
52878887
73850416
89054768
115138098
116842034
178576939
205708845
140959287
148823609
172023353
43834938
105307709
199548480
154590785
17489474
4775491
46194244
171236934
131128904
99671626
5955161
213573211
168091229
248045155
130866787
41213541
168091239
184475241
199548522
87613035
46194289
198499955
235855478
92462718
146595455
90103425
144629381
130342535
144629384
114744969
153804425
23912074
263118480
191422100
141483669
109108886
843414
192339605
103472794
207281819
151576220
14343837
144629406
112647838
90234528
179756701
166649499
261021339
146595492
153804449
138206879
251322032
59563699
144629428
134667956
206364343
204005048
37936824
178577080
66903739
170581693
205315774
189587133
144629438
13295293
53534402
136896195
189587139
87219908
189587143
42917576
152886989
20242127
189587155
187358933
136240854
191422165
58515162
148823775
262725349
197189353
103472874
197189355
191422186
59301613
200728300
14343919
137551600
146595569
141483760
191553259
74768116
252763893
87219957
19455735
102424308
193126128
119201531
137551613
153804542
55893759
84860672
9442018
150003459
150003461
130866951
144629512
144629513
144629514
150003467
174382856
150003469
54058766
68607755
15392528
159964945
144629521
136240916
150003477
197378103
134405916
89841439
68607776
146988833
137944866
58515237
116055846
178577191
171761448
69001001
73719594
2809641
150003502
166649647
14343984
178577201
105307953
167960369
54583092
134405941
148823862
261807927
11591484
15785789
191946560
87220036
88792902
5955399
142904264
174382921
113041227
73850700
242409292
33349454
136503118
144629584
168353621
40820566
50519895
16179032
111992665
146595674
58515290
92987228
208068440
135061342
46980958
49995616
26140511
36495199
122871652
156163941
154722151
150003560
213573480
87613290
23125863
217636719
201252720
200728436
183689077
146595700
87220090
144629630
125886335
252764034
213966729
248176524
107011981
48291726
154722190
144629649
178577300
21946261
204005270
164945812
73719704
144629656
189194137
77914008
166649756
122216342
174383011
254205860
122216357
135061414
167960487
150003628
205709229
178577325
843695
122347440
135454641
146595762
178577333
34398135
154722233
25747385
9363387
152100798
141483969
58253250
86171586
89186243
87220163
14868422
262463431
125099980
144236495
144236496
160882641
204005330
121298898
178577363
146595797
178577365
49995727
119201748
205840337
99672028
200728542
77914078
77914080
77914082
261808099
178577380
67035109
58253286
112648167
171761636
98623465
131391466
35577834
77914084
10674157
35577838
51699690
51044336
203481077
150003702
204005367
70836216
166649848
225239036
11198460
26796030
184999934
14868480
127459332
20373515
252764171
164945935
118939664
33087504
161538069
108716053
66117653
194961432
195878937
129818650
150003742
249356318
122347553
185655335
178577451
2809899
213966894
98623539
130867252
17358903
14082104
89841721
185917496
129818683
21553216
104390722
138207299
129425476
213704774
122347591
14999624
171106376
178577482
6086733
108716118
11722838
164946006
72540249
203874393
83157083
6086747
178577501
261021790
262725730
58122340
178577510
87613544
158654569
153411690
122347627
138076268
122347629
129818733
201777256
153804909
51044464
153411700
51044468
130867318
178577530
188145788
91938943
40820864
99278975
96133250
72802441
108716170
11985035
141484169
153804937
200728720
43835536
126279826
108716179
183558297
122871962
98623643
194568347
55238819
115925158
77914279
262725800
90366120
129818798
130867376
185655473
121954482
251453619
115269812
144236725
213704885
183558328
213573818
122347708
203874492
54583486
121954495
80535744
106750145
194568386
153804997
107798729
70967499
53797068
252764365
178577615
204660944
204923089
201515218
86302931
129818836
201515219
201515221
12378325
131260632
75555031
178577626
71753947
247783643
201515228
252764383
99672288
125100256
196927716
122347749
213704932
59302117
112648424
217506025
217506026
210166001
148824306
90104054
87220472
187621626
196927738
122347772
201515261
252764412
90235135
192340223
252764418
252764419
35578116
210428165
14344454
207282440
153805065
167960842
83157262
252764431
203481359
122872083
208068883
8708374
178577687
148824346
181985563
108585245
178577695
122347809
201515302
121299244
130867502
146596142
168354094
235856177
131260720
251060529
175431989
151707958
201384246
122347832
71754041
102687032
200728885
58908989
201515327
252764482
120512835
72802628
122347845
56549704
252764489
56549706
213573960
130867532
108978509
178577742
167960907
118022484
134799700
253419864
130867544
14999900
122872161
201515362
201515363
73851234
178577764
178577763
151708007
154722664
221307239
12509546
134799718
73851243
117236077
130081130
125100394
82895216
83157361
45801842
115138933
32956791
205709691
235856252
81715580
67428731
164946306
178577800
217506187
129819020
151708044
127197582
201515407
125100431
251584913
87613841
263643539
31908245
212263318
151708062
48554398
170451360
106750367
68608418
190374307
844196
122872229
241885606
17490343
184847425
12378537
181985706
87220651
153805223
19849646
43835822
112648623
113172913
24043954
123789747
126127171
83812783
98623926
67428791
117236152
72540592
201515452
19849661
178577852
67406917
177995865
201515457
181985732
235856324
73720262
183558599
125100487
159965641
213967305
148824521
153805263
125100497
71098834
160621013
201515477
261808598
201515480
58515928
204399066
2154973
216326625
28631529
50782698
174121450
92463596
115532269
205709805
113172971
172286449
77128177
73851380
844286
202957315
125100550
202957319
178577927
844296
844302
118153743
102162960
204399121
59564559
201122323
125493781
176218645
844310
844312
55239197
201515551
71098912
196272673
117236260
131523109
131523111
178577961
162193965
204923439
201384497
201515572
210428470
118940215
52093500
201384508
48161345
38330945
844356
122872389
114352711
71098955
130867788
177267277
126935629
108716623
201515599
844364
204923475
16966227
262726229
152101461
130867796
185655896
113173076
170713690
87220827
71098972
68608604
189456989
87482975
164553317
178578022
54583911
49603176
165995114
178578026
3334765
261808750
178578029
99541614
844398
174514802
844400
76472949
72802933
81191541
181461627
169927294
75817604
202957445
58516102
201122439
844422
56025737
201515658
201515659
201777804
201515657
151708302
41869965
87220878
191816335
117498514
87220879
79880844
67429010
68084374
149217944
178578072
165995160
184607386
127197854
13689502
118153888
201515681
87220901
151708326
217506471
844454
252633770
844462
201515695
205841072
178578095
131130031
177922736
71754420
19718837
70312630
13951669
191292079
202957497
199549626
38462137
201515708
201515706
202957502
212263609
48161466
137552577
178578114
201515715
184607427
87220934
59171527
165995208
201515721
120120010
103473867
140174028
235856589
98624204
263643846
37544659
178578131
35578581
132834006
56681175
15131352
20243161
262857428
115925724
129819357
202957534
202957532
190505700
254206693
127197926
56025831
242279144
249357031
177922792
41345774
201515759
19849966
127197937
37544689
178578162
178578160
67429110
118022906
844542
189588225
201515778
202957574
261808903
57729800
231269129
178578187
235856653
217506577
200729362
208069397
177922838
132703002
45015835
195748636
179757853
155116318
214885149
178578208
109765402
16048933
22471463
975656
70443817
113173299
201515830
118154039
205185848
201515833
235856698
213705531
262595388
120775484
160097083
205710141
24437568
83157822
217506622
213705539
199549762
188408637
213705543
45802311
143844168
68608842
252765005
200729421
58516301
201515856
124183377
40690513
10281809
201515860
102163285
157475668
184476501
66642771
88793945
82895708
37413725
168223581
52618078
118285153
184476514
82895716
118285160
82502504
82502506
179102570
82502508
204923757
82502510
87221103
59171697
82502514
45802357
55763830
56943478
201515895
82502518
82502521
120775547
82502519
82502525
121037686
162587519
176219005
179757953
201515906
82502529
195224449
40952705
82895750
21422985
201515916
82502540
2810769
172155794
118285203
31253396
102949778
179757974
201515926
177922968
178316186
82895773
183034782
179757986
71492516
164946852
248701865
82895786
151708587
66511787
199943086
118285231
115532725
112649144
74900409
82502585
259318717
165995454
207283136
204268481
82502593
201515971
186442691
198501316
201384902
191292359
201384903
82502601
83157960
98624460
54059982
176219094
201515996
118285276
201384924
68608991
72016864
201516000
74769377
81454049
178316257
92464101
59171814
199549921
201516008
201516009
207283177
68084715
81454055
201516014
114877422
207414256
844784
110945267
82502644
118285305
17490941
31253501
53535741
82502656
164553728
203219965
105309188
212263941
201516040
31253513
144368650
31253516
161539084
16180238
164553743
82502671
160883728
111600656
11592726
131392535
65201175
37413914
201516059
131392540
131392541
176219164
179758110
104129568
174515233
185525281
179758112
175957025
38593569
164553768
201516073
253158442
262464556
25617454
56943663
80929838
174515249
183690290
38462513
201516080
82895920
118023217
124838963
128810611
83158076
82502719
212264001
176219203
158655556
72541256
196535368
131392586
131392588
118285389
205710412
165602381
263644241
131130450
117498963
201516117
120775766
109372503
109372505
253420637
118285411
201516138
68346989
53535854
208069746
75818101
176612470
3073145
107406459
131392636
105178237
198501503
253420673
163898497
261809284
68609157
165995653
21030024
57205898
126411917
176219277
216720529
201385105
261809301
261809302
25748629
131392665
120513689
49472667
13558452
14607513
261809310
198501535
38200480
3335329
213968034
21030051
213968036
188146852
261809314
261809319
142795943
242410663
261809322
195355820
83158189
113042607
261809329
201516211
201516212
122348725
261809334
201516215
261809338
201516218
261809340
261809344
167437507
261809348
105309380
3073221
261809352
205710536
451788
68084940
11592910
144237772
187360464
144237777
261809362
201516242
56681678
43181269
261809366
179758294
163120570
34923729
144237786
20767963
261809372
201516253
201516254
129819871
261809376
261809382
239133927
144237800
149480682
158655724
74769645
41870574
191816943
201516270
187622641
255255793
261809394
261809396
122086641
56681720
151708921
151708922
261809402
165995773
98624766
15131903
29025539
261809412
210298120
71886088
131392779
197190924
210298125
261809422
33613070
75556108
261809427
261809429
201516310
201385239
261809431
192734489
87483674
261809433
201516314
179758364
125887765
261809439
205710624
191948057
72541469
83158307
187622692
210298149
261809446
249881894
21030184
261809448
261809450
105178409
261809452
204662061
180020525
181986604
261809456
160621866
201516338
210298163
261809460
261809462
115270966
73983288
201516344
122086712
185001281
187622722
210298179
210298180
129819970
200729921
83682628
255255881
121038154
144237899
185918795
173204814
201516368
210298193
114877778
165995857
68216148
203875671
74769752
213706074
121693531
74769756
201516380
28632412
66643295
189588829
44623201
44885346
71886178
82896227
245032293
172025190
44885351
201516390
36234595
11199846
177530210
21947756
127067507
96658808
181069176
210298234
107708898
44623229
165864830
35579264
103343494
203875718
134407560
83682697
201516426
170583435
144631180
43443597
98624906
107708902
155510160
121038227
201516435
249357721
119989658
201516443
201516445
261809570
26142116
201516453
2155943
81454505
201516460
242410925
204268973
17622447
250013100
66643377
21030322
155510197
119989686
12117431
119989685
249488825
188147130
155379131
52618681
201385403
119989689
131130816
175433153
119989696
68216259
19719620
122086848
201516486
131130823
113173959
7136713
89318857
208201165
251323853
174515664
251454929
13690321
119989712
119989716
164947411
177792471
214754780
198895069
76473822
89318879
119989725
119989729
2680291
23520740
194962915
119989733
73852392
140174824
261809641
112649705
208070120
183559661
249488878
122349032
119989737
83682796
56550898
121693683
15394294
174253561
186967546
199681530
79881723
201516541
252634618
452096
126150145
119989762
105178627
70968836
94037512
119989768
119989770
199681547
83682827
91940366
119989775
98625044
51570199
44623384
181986841
157083161
172942875
189457947
201516576
83158561
88270371
89318947
249226789
201516582
261809699
115140133
98625061
119989801
144238123
141354540
201516588
172942892
172942895
261940784
119989809
167962155
253421107
165865014
172942903
129558070
172942905
73983546
13690423
201516606
101901887
3335743
206366271
261809730
108979777
80668228
253421118
164423233
172942919
201516616
44885577
216196682
47113801
172942921
108979786
119989836
119989834
119989838
714323
63628888
119989849
198239835
208070236
172942939
115009118
250537566
201516638
49210975
172942943
119989852
83682919
119989874
247654003
114353779
6088309
172942965
6088311
25749112
121038453
138602100
6088315
201516668
98625144
105178750
52749945
174253696
201516673
170714754
198895233
249226880
106882693
119989885
187623047
164816520
119989889
119989899
247785100
155379341
36628111
73721488
37414546
13559443
201516692
160622228
119989910
845462
41215640
2156185
137553563
201516700
119989916
99542686
976546
201516706
94561955
131131042
119989922
131524263
164816552
197584548
134407847
201516715
129820332
74245804
164947630
205711023
49473196
83158705
11855530
84076213
11855544
208070329
198502076
175433405
168355520
71100096
201516738
143845058
201516740
185919172
134407878
144238277
251455176
119989961
119989954
121038539
119989957
107708964
11855560
11855564
13559497
214755026
189458131
27846356
201516754
146728660
249226967
122087125
154855129
201516762
201516763
43181787
144631516
35579611
55502559
154855136
83683035
83683040
82503394
122087140
153806565
107708969
201516776
104261356
73721580
146728686
74508015
242411247
82503405
183690994
201516792
201516794
83683067
12510971
52356861
201516798
81454847
80668418
56682243
201516804
129820418
2549507
262727433
196536075
173729549
70969103
55502608
53405456
99542802
108324627
122087186
133883669
201516822
121038615
206235415
118155033
108979991
40429338
114878236
186312477
37938978
201516836
17491749
66119461
91547428
56420137
247654185
24831788
206235437
212526894
131524396
201516848
183691057
40822576
201516851
83683119
100853558
119334711
208201528
129820471
83683128
119334715
82503478
201516863
97707842
201516867
201516868
198240069
90367811
185001799
261809992
170846024
208201546
206235467
214755148
76474190
168355664
161539921
50784084
145549141
53143383
85256024
208201561
122873690
52619098
82503513
155510621
120514397
205711197
206235480
112650083
174516067
118024037
91547494
208201573
201516906
76474222
96659313
174516086
73983863
55502712
199026551
201516919
197584758
17491836
76474236
188147582
60352375
164947840
200861569
100067202
201516930
168355716
194176901
51046273
159049607
140437384
174516105
66643850
210429826
201516942
52488079
119334800
113174417
131524494
41215891
144238485
174516118
85256087
214755227
33089437
43837345
201516962
129427364
113174438
201516967
87615404
249227181
16050095
164947888
161408945
20244401
57993138
115140533
198895542
207808438
235857845
201516986
216197051
137553852
174516155
105179070
76474303
144238528
136898497
198764482
117893059
105179074
144238530
83158982
198764486
154855365
108980163
235857866
53012427
19589060
125495245
140175305
85256143
201517008
135325645
122087378
100067283
98625491
263120851
49473496
122087386
98625499
115009501
171501533
8447967
56420320
144238561
91023331
98625509
174516197
164947943
83159018
144238571
105179114
10676206
43313135
106883058
201517043
83159030
174516214
216459256
105179129
100067322
201517057
261023745
100853764
105179142
76474377
105179149
154855442
43837461
198764566
131524633
85256218
183560219
201517084
51570714
181463070
52881434
198764570
197584934
112650278
2287655
49473577
191424554
177924138
95873070
100067375
80930864
106883118
116320303
177924143
53536814
8448054
201517112
96659512
172812345
113174584
76474428
54061119
129296447
105179201
201517124
92465223
201517128
122087497
186312778
253552716
201517132
10283086
98625615
197847122
185395286
44623960
138602585
10020956
113174622
115009631
193521760
174123105
197191776
161409121
129427556
154855525
69658726
113174623
49866856
209643625
201517163
73590892
201648239
157214834
161409138
84732024
12118138
54585468
113174652
191948930
54716547
215017603
198240389
57993350
127199368
113174665
76474506
184084617
154855564
82503820
54716558
73459856
40822929
96659602
22603926
84469911
201517207
31647897
255256730
201517211
125888667
84469917
201648286
131524761
160753815
204925088
194177183
192473251
40822944
34400412
94562470
194963619
191817888
129820842
201517227
118024362
140175530
70838447
122349743
204662961
45410480
92465334
201517239
164817080
89057465
197847226
252635323
187361467
208070838
201517246
205711550
92465342
167962813
207284419
195881155
164817091
106227910
131524813
167962829
105179343
201517264
115009745
85911763
50391252
201648342
201517273
140175580
16050397
212265182
8448223
75819228
121039073
47507684
49866982
68217062
54585579
74508530
31910130
201517299
134015220
115009782
95873273
201517308
122349821
47507708
45934845
183691521
116844802
252635393
118155528
198240520
125888777
121694475
122087689
67692809
201517326
262465808
197847314
84470034
165210389
125888794
201517339
168487196
121694493
254077214
17492255
98625822
81455393
188410147
195881252
48556324
148695336
192211242
12380462
83159346
201517364
84470070
17492278
201517368
87615802
80931131
187361596
43182397
165210426
115140928
98625857
95217985
128117059
183691588
201517381
158656838
8448325
174516547
43182410
56551761
134801746
198895956
22079830
201517399
74508634
118024543
159050079
112781666
201517411
146729316
105179499
241232238
247654766
53012846
217377138
199944563
251324792
67692923
96659837
118024581
201517446
209906054
68086149
17492361
201517450
213969291
57731468
167963024
71100819
247261588
8317333
114878870
201517463
43837844
154855833
138602901
165210525
48425374
73329055
135326110
263645601
73329058
65071520
37546404
144239010
40429990
108980638
201517480
157084064
17492394
153545131
47507886
201517487
153807279
147122606
83159474
94562739
83159476
104524214
58255800
209381817
93252026
69003707
26667448
165210564
159050180
214231494
25749959
103344585
201517515
97839564
73984466
36760019
121694675
128117205
229698005
131525080
195881435
154855900
187361755
185919966
140962271
201517538
114878948
158788077
201517550
75950576
209906165
96659958
252635638
196798969
249227773
85518846
159050237
206498304
128641535
72673794
201517571
59304450
40430085
186313220
201517575
129821193
138603020
67693069
183036428
122350096
31123986
96397843
214231573
49867288
76474908
36760094
22473247
206498335
206498337
107538977
212920864
186313250
204925471
51046949
110946855
53537319
58255907
262072875
74770988
185526831
201517616
222620209
185657905
12511793
114879028
201517620
35973690
43838016
49998401
202959426
140175936
209381956
155249221
254077506
91548236
202959438
212920911
154200656
96660049
101902930
157215318
130083414
249227862
90761814
11856471
172157532
201517662
145680991
189459040
204008033
201517667
10152548
151972452
206629478
254077541
92858986
84861916
453232
249227889
453235
254077561
263514746
90761850
140175995
59566717
201517694
51984829
112650880
170715777
11856511
191949443
156166789
212920967
11856521
247655050
201517710
263645839
68610703
83159697
202959504
36760211
205712019
177793679
200731286
36629143
212920978
36629148
247261854
138603167
147122848
241756834
249621158
10021542
205974182
118155944
147122855
209644205
131132087
15133369
201517756
114879165
57469632
164555461
72018631
75557578
96660171
230222541
204008141
262990543
71887572
129821397
185658073
43182811
73329374
67693280
146729699
184085220
174910181
201517798
21031656
201517803
138603245
202959598
129821422
204008176
113175278
10414835
846582
846586
64416506
7924477
249228030
116976383
128117504
202959616
135326465
82491253
130083592
125365001
214887178
68610828
192473869
178711314
249490197
98102038
87616279
32041750
140962586
204008220
2812701
82504480
200862497
201517856
201517859
204663586
102034210
137947938
166652713
200731434
216460075
131525417
147122989
37153582
120777518
73329452
77654826
59173682
184085298
73722676
153545525
40430389
453430
201517880
129821496
59173690
97708858
453436
216460094
35973951
206236480
248703808
2812735
248703811
194177859
190507840
116714310
209644359
453448
145550153
153545546
147123018
2812751
453458
67693396
201517910
98102105
57469786
134015835
161409884
194177883
55503710
201517919
201517920
201517921
74640222
201517923
74640226
453477
94563172
201517929
83159913
3074923
173206379
200862572
192342893
140962666
72018802
174517107
125889397
96660342
261811061
229698424
255912823
122088318
3074943
54061953
201517954
66644869
116190089
158657418
92990347
149351307
165604237
453517
198241165
14216080
48163733
157084566
229698457
110947226
34139035
53537690
148695965
119466905
49867679
29289376
29813658
140962722
47115171
216460198
140176295
453544
52489128
138603431
178711467
453548
205974445
2812843
110947248
46853041
261942196
97708981
81456054
453559
128117694
143715266
216460228
153545669
75819973
34139079
216460231
170716100
135064519
140962758
161409997
77654990
214232014
453583
37153745
216460241
107539407
144239565
262728658
53406675
201518039
137948120
112258007
154987482
261811163
129297372
149482461
153545694
165866461
126938080
90237921
185002979
216460262
453607
453606
201518055
57732071
168356842
13429740
16313325
140962797
120515567
30731245
195357682
94563317
453623
83160055
157084663
453626
168356859
151841788
187362301
168356856
122088442
201518080
89058309
201518086
210430987
158657547
90237970
261811219
194178070
205712408
148696090
5958683
60222491
3075099
37678113
121039906
2812963
118680613
153545766
157084709
157084711
155642920
153545770
107539500
108850224
11725875
86961203
199683125
130083891
155642931
56814648
141356090
164031548
140962880
10021956
57470021
153545798
107539525
67693642
116583499
49867853
118680654
56028240
101248080
90762320
261811283
129821781
140962901
214232152
121039963
217771102
108588126
86305888
140962911
194440294
201518183
2813033
20638826
214232181
203222135
20638847
143715455
201518209
201518210
88796292
204663942
97840262
67693705
201518218
8318091
164818062
174648463
205611087
195619985
201518226
69659796
21032092
10022045
43183260
261811358
249359517
79228067
223669413
140962983
8318120
191818920
153676971
12119213
263646388
248179893
17493174
37678263
201518264
73854134
201518266
196799675
169012413
263646398
112651456
248179905
190246083
75558085
225242310
174255303
183692493
262073552
194833616
151842004
249621717
96272630
196144343
191950043
153677019
14609630
121040096
203746529
73460971
83160308
88796406
110947576
83160315
52489468
195882236
138603775
161410303
216460549
209906949
191425797
197192969
90238218
36367628
254078223
173206803
262597908
180940052
251063575
151842074
166653211
74640668
84471069
118680862
106360094
214756635
180940065
191819043
140963112
978217
130084136
249883947
191425842
56028468
247655736
153677112
188017981
51703102
20245824
149351744
200731971
80014659
68611402
216460620
200731983
79752527
204402005
153677141
70839639
206237015
151842137
10022234
13561178
2813275
102559063
196537686
165342559
178056545
188018018
142667108
75558245
45018470
82373988
20639078
226028905
203222376
207416683
133885294
161410418
142667124
141356405
161410422
189459832
213708157
124710270
200732031
140963202
69660043
153677198
99544464
153677203
191557024
115142053
161410470
142667179
107539886
204664238
142667184
15658417
142667186
137031088
19852724
104394164
8711603
86306234
142667195
221703613
161410494
84471229
161410496
133213814
118025667
57863624
71626184
161410507
261025228
260107723
153677262
43183568
57470419
107015637
96136662
214232539
73330147
53407203
194833893
76475878
15658471
56028655
210431471
254078448
191819251
196537844
39644661
254078456
210431485
203877890
153677314
54062599
142667271
83684875
31518221
90107408
117370391
142667288
199683609
172682782
56028703
151842335
112520738
17624611
151842341
84471334
16707112
196537901
156298798
142667314
151842355
154988087
207285816
57863735
94563900
11202111
48426559
48557634
167964227
84471364
207023687
54455882
115142219
50130506
847435
174648917
105180758
54455894
177794652
204926556
156298846
252636767
119467616
79228513
716383
36630116
35188335
191819376
158658161
109244017
73854580
87617142
118156919
68611705
173731449
68611707
262729340
68611709
161410684
227864193
178712194
180940418
156298884
177663620
20639362
42921608
178712201
235728525
76476045
248704661
122351254
196800149
253292185
207416986
72281755
168357532
89714334
89714335
3862177
56028835
159444643
137555622
79752871
43183784
187362985
196538029
129822382
104394414
125890223
161410737
90762930
102559409
153677487
200076980
96661176
154988216
174649020
136113856
78966464
262991554
251588290
170847941
60092103
199683784
112651976
76476104
72019660
103476941
81718991
185396947
206106326
158658263
17886937
262598363
213708507
167964382
156298976
11448797
167964387
134016740
35188454
127987431
253161192
148303593
134016746
90238701
84471535
42921712
191819504
153677554
41610999
156299001
97709818
37678844
121040639
159444744
204009225
58650381
212922125
16969488
32960273
262074128
198110993
161410832
261943059
260108054
172158743
165211929
151842588
229699359
99413792
57470752
159444769
118026019
194834209
251588390
199946026
114880299
156299052
67956527
48557871
42921778
36237106
129822516
84471605
154201906
152104760
197193529
40955704
183037755
42921788
249884477
156299070
125890367
84471612
151842625
73854786
37941059
137686850
90763077
191819588
94564167
172158794
161410890
94564171
89714507
159444811
261812052
84471644
250015583
156299104
87093088
68218720
74641248
229699428
84471653
191819617
196538211
40955753
168357737
217509746
156299124
212922232
158658426
159444858
131526526
73854854
83685255
126676870
87093129
140308361
21032840
191647593
161410958
145551246
95219601
200732562
177532820
155381653
187363220
181202840
16314265
198111129
151842715
119205788
198111133
215543711
198111135
92729249
52490145
92729251
172027812
177319230
22605735
5959593
15265706
35188651
148697004
262729647
252768176
203091889
51834800
35975091
129953711
198111157
84471734
122089391
193916851
2420665
68612027
156299197
16314301
83161021
37941186
2420675
104394691
191647605
138342343
37941192
170323911
161411018
251588555
113569735
36761551
263516111
129822673
199684050
80932818
157216725
3862485
58388441
84471774
205713374
126676960
73986014
10678242
156299235
146206692
156299237
121303014
191647610
261812200
166391786
72019946
59305962
172158957
166391790
235728879
204926961
94564339
151842805
102428662
157216758
84471800
194834423
172158970
167964662
167964665
191647615
263122942
20639744
263122944
247263234
38465542
101904390
151842824
252768272
57864208
253161489
37941267
87093266
183037974
54849559
75558936
64679961
137687066
3862553
162590748
203092001
159445026
143061027
162590755
89583652
89714721
262860841
3862581
112652342
14872631
162197560
167964726
235728954
156299323
191647628
2289721
261812287
229699648
82243649
15659073
3862595
205713480
235728970
207941708
121434189
109506639
178319440
41611344
3862611
126677076
205713491
161411159
152629338
14872667
57471069
183038046
159445087
156299361
252637284
57471077
196145252
57995368
15134826
199553140
11858045
84471936
152236161
152629380
156299398
57471112
129167496
212922508
196800652
156299406
48427153
76476562
37810324
109113493
198111382
214757534
57471135
122351782
152367271
15397031
222621866
73724076
14872748
138211501
83423407
57471152
197587119
156299442
112652466
20115632
55898294
120516791
83423415
57471165
122089661
120516799
120778943
107016385
107016387
107016389
152629448
57471176
189460687
168227025
114880724
8057047
169537751
170324185
198897881
192737499
101380318
83685604
152629477
124973287
57471208
47378666
226029803
166392044
204665068
57471214
190509291
54849774
198897899
189985010
83161336
247263482
156299515
83685627
72282365
127201534
68612351
92467456
199684347
159314178
26145020
196800773
138211591
143847687
150270215
115142924
159314189
26145038
214495504
50131218
45150482
187232536
217510169
166392090
83685659
204665115
174256411
250409246
192999711
199553312
197062946
159314211
216461603
67957029
98627878
205713698
45150503
59306285
108851506
156299571
125628724
140046645
158658867
108851509
156299579
45412668
151843131
191689022
153415999
35582272
90894655
112783681
45412675
156299595
89715019
16838994
54456659
217641299
14610773
79229273
112783708
196538718
198111583
42660193
194179426
41873766
115667304
11858283
185004399
73462128
138342771
20902263
89715066
77656443
143061372
7663997
57471358
90370430
199684481
203092354
77656450
149221765
77656455
140177800
50262409
151712137
168096137
35189132
252768652
38597002
145289616
108982674
127594899
172814742
145420694
42660247
54718874
24441243
145289628
37810589
196800924
204403103
174518682
77656480
186577314
107540898
152367524
127594914
118026663
113045928
161411496
59306411
156299692
83161524
98365877
204927413
203092407
217510327
121434556
122089917
57471422
212922819
198898116
156299717
129823171
103215555
161411523
77656518
85258698
216461773
217641422
262599119
161411533
126677455
143061453
77656529
158659028
156299737
51573210
262861274
217641434
156299741
198111706
174387675
170324448
138342880
229700067
40432100
205713893
45150695
174518760
37941736
113963504
16052721
89715187
161411573
156299767
103215609
85258745
97448443
30732799
78967295
110948866
103098407
263123462
194966023
217772552
99545609
59306507
161411596
179237389
135459342
262730255
125628943
156299793
37941777
48951825
262730266
251589147
11989532
78967324
204927520
140964386
156299815
194179623
153416233
206762538
78967335
51049001
126677549
91550255
129823279
83161649
140177968
107278895
43184692
21819957
103215668
23261751
48427576
109113908
70578741
206762556
72020543
215544384
162198082
5173827
203092548
188543557
78967368
109113929
19853898
173732427
156299853
51049040
78967377
156299859
21557844
204927574
205058648
217641562
112652891
145420890
258667102
83161698
204403303
247263847
129823337
123531882
75035243
249885292
125760107
156299886
107541101
78967403
78967404
190116471
156299896
123531898
123531899
37941884
23261822
101773950
84865664
108327553
185004672
158790272
108327558
73200262
156299912
156037768
19733385
25621131
24834700
104395408
123531920
92467858
129823379
146993812
191689362
214495894
202961559
108327574
193524376
229700257
158790305
138343075
185004708
190116514
194966179
156299943
22868647
58389161
22606506
35189419
74511019
247263919
191820466
103215796
156299957
108327605
204403381
204927672
161411768
16052918
121434812
185004732
78967484
112652991
158659264
123531968
26669762
72938174
90239684
79229639
123531978
187232970
160887501
188543696
160887505
81851093
115798741
126677722
58913499
120517341
262075103
113046240
123532003
121434852
54063847
257749735
22868711
149353196
126677741
126415600
101118705
15135474
44888821
74380022
156300023
207942390
111997691
167965436
173863679
121434879
179237637
262468357
156300039
156300041
54719242
81851148
118027022
94565135
979730
205058840
112259864
114357018
25621272
185004828
198898461
140178205
7664415
4387617
125891361
140964641
81851172
126677797
78967590
122090276
54063912
120517417
110818084
115798833
84996914
194966323
140964661
156300086
252638009
220656449
37548865
38204229
135459656
140964681
4780875
156431179
73593678
103215951
262075218
217510740
108196699
135459676
112653151
122090335
103215969
167965538
73724767
78967654
131396456
140964716
126677869
204927853
44233585
107541361
96662387
107541366
213971833
31519610
123532155
262730620
66777977
126022526
217641855
44233599
262861697
31519618
193524611
99545984
10023805
173863815
145290120
127202184
145290121
158790537
15135625
139785101
90239886
167965576
183038864
167965584
92730257
67171220
262730646
181728152
135459737
31519642
54064027
247657374
76477344
204665761
148698018
90239906
151843745
217510820
158790564
126022567
161412000
6747049
455597
78967725
106886065
106886067
54064052
37811126
91550649
151843771
123532220
242283454
167441344
160887745
204665794
5174211
204927940
195228613
74858586
103347145
58389450
262730699
185655947
79229901
113046475
97842134
49083351
188543959
132051929
115143638
13562838
13562842
56030173
83686365
52491231
77657057
79754210
101643234
47117284
126677988
86963174
135459810
187364322
80802786
158790629
112653295
154727408
205714419
11858932
87094260
217641974
201389045
97842168
207942647
177271802
78967798
178058234
194966522
144241662
4125695
50263036
151843841
227210246
152630279
121304072
159314953
57996298
199554054
87225358
158790671
174912530
199554068
113570839
190379033
13169690
35189787
76739609
262730781
178058271
168883233
249885730
204928033
17495076
159052836
196015143
132052010
112653354
135328812
262730797
207942701
171897904
123532337
31519795
191820852
109245491
178058291
84997175
77132851
57865269
161412157
22475839
191689791
216200257
5436479
128250946
165213253
197588039
148698184
174257224
117109834
184874063
111998032
20640851
198112342
126678103
249230424
178058326
32699486
123532387
217773157
45151333
109245546
148698222
215151726
191820910
49869939
103347317
167048310
73593975
193131637
87618678
184874108
174650493
191820926
31519871
98366589
168359041
107541634
41350269
90240132
78967940
152892550
149353603
31519885
55637135
122221713
199554195
106886292
152892565
31519894
161412248
59307164
152892573
77919396
35845284
217511078
31519911
51573931
207942830
161412270
114619568
167965873
152630455
201913528
164295864
183039160
158659771
204403899
19592381
146994366
110163133
152892614
94565575
220656840
191821003
172291277
78968018
165737683
261027028
176485589
196146390
88798421
262337746
189592787
188544218
167965914
127202526
176485600
152892640
149746915
11203812
191821028
90240230
83162343
52229349
191821034
67695850
83686636
106886378
107803883
90240239
152892655
151844082
217773300
110163188
199554298
176485628
34403580
262731009
196146434
35976449
154203397
180992777
251983113
76739850
104396045
74511631
214889744
170325264
262862098
81065231
143062288
202962198
165213463
190641432
73987355
191821084
199685404
206501150
196146463
205059360
202962208
186709282
113571105
147649828
45151522
89584926
73594151
168228136
70317351
205845807
123532592
193131824
202962228
177272118
220656951
78968120
177272121
168228152
263517499
207287614
196146496
38073664
251983170
225113411
189592897
107935047
123532618
249886026
87094605
107541838
262731089
187364689
190641491
26539346
92468565
253556054
23393618
73200984
217511259
13301084
11990365
99153246
154203485
87094621
140178785
104396130
249886051
76477794
51049832
205845865
11990378
103740778
115012973
161412465
111080821
23524727
74511736
48428410
206501242
37156224
206501249
122484096
58127744
151451012
162198914
106886537
74904975
70186390
90502551
177272217
130741660
117503389
191821214
151844255
35583389
145552797
126678434
72676774
35190183
201127335
74380713
166524330
158660011
147125671
204928429
84211118
22082991
121304496
229701041
5174701
193131956
43185589
251983286
151844279
76477878
177272249
40433085
195229118
235599295
175437245
262600130
157349314
11859399
165737931
123532755
177272275
74380764
43840989
161412577
8058340
157349349
242021861
207418854
23393771
144635373
111998454
123532795
160101883
195229181
105838078
51574270
262862338
151844354
112653828
89191940
164558338
8058375
129299979
205714958
205059600
112653847
33093145
74511900
118027805
191821341
139261471
210433569
207287841
129300005
54851112
148698665
195229224
76215849
198768177
191821362
10024497
253294134
198768182
101905975
191821369
249886278
161412679
148829769
76609097
140179017
217642574
2684495
66647632
191821397
234026582
104396375
196146778
16447067
175830619
175830621
193132125
78968415
50394718
243099806
148698725
123532902
195229286
198243944
204666479
115144303
187364983
55244410
212924026
21034620
89060989
123532927
258668159
55506561
191821440
73201282
67696260
195229314
125499009
123532935
188544647
191821448
126809737
37942919
13301383
161412749
50263693
456335
203093650
123532946
116192915
118945431
199554711
98629275
21034652
195229343
113571488
123532961
151844514
199554719
130872997
42792615
129300139
201914027
92468909
108590767
193001137
123532979
193787575
190641848
262076089
151844541
118027967
74643137
50263746
198768322
98629316
129300163
148698822
175437511
255653577
262862538
217773769
191428297
198244042
48166602
20903630
15529683
175437524
55506646
152630999
247789272
32175832
58652379
26146524
82900703
190641892
151844582
216332008
56030957
191821550
258668275
55506675
174651123
120518390
84997881
129300221
48428798
247658237
195229441
11728641
136378116
254080775
249886471
254080777
175437576
105707275
40957707
247658251
247658249
254080783
254080784
136378122
213710610
254080787
31520531
123533075
262731539
191821588
98367252
137164566
111998746
37943066
196802330
195229469
216332059
123533087
151844637
141096738
262862626
263649058
193263398
204404519
21165865
190641962
127596331
14350122
74381101
254080814
68613935
140179245
190641969
159971125
214759222
151451447
182515509
151844662
6879031
14087996
205059901
34928444
204666684
262338368
190641984
247658305
21034818
21559110
229701447
76478280
119207752
78968648
71497549
247658320
174258002
6879059
190642003
247658322
191821654
190642008
148698969
116848474
21034840
82900828
222623579
247658334
33355618
205059939
78968677
118028135
191821673
166000490
189462382
52623215
58652528
181991285
104396662
205977463
113833848
199554936
26146679
122353531
205977469
118159230
26146687
167966591
72284034
193787780
26146692
98891654
26146695
247658373
25622409
175175563
78968717
176617360
140441489
263649168
142145428
230225816
12122009
175175579
126678940
145029021
113047456
251983777
262731682
72284071
262862762
38074292
131135413
110163894
149092279
201914298
204928958
191821758
66779074
175830979
172947396
3078085
154728390
3078087
116193224
55637961
53016519
3078091
190117834
136116173
164558798
3078095
199030735
3078097
11466702
3078099
161413074
3078101
164558805
3078103
191821783
191821778
214497234
47511515
111081433
167966679
3078111
130873314
196802532
247658469
41220070
125237223
3078119
121305063
181991402
33093606
41613286
3078125
75823086
208074733
97318894
158223845
57866228
198899700
204535797
94304247
191690744
55638009
151451642
191690746
118159354
204666872
70973438
191690756
193132550
49870856
123664394
214759436
204535824
126679057
107804688
123533332
130873365
193263639
196802584
161413144
57997337
849950
21035039
197589024
174913572
204404772
849958
187365414
107018280
249886761
849962
131135531
107018284
104396845
94566437
213710893
222623794
148699189
43841590
201914425
217511995
175831099
178059323
148699198
66779198
57735235
97843268
158223863
115669063
37943369
208321048
214497356
49870926
262862927
850002
185006162
253425750
262076503
154728540
19986525
143849566
151844960
208074853
191821925
19986537
262862956
143063148
214759534
204404847
19986543
19986541
145029234
19986550
191821944
113047674
173996156
206108796
196933758
148699263
57735295
253425790
68221058
154859648
44234880
195623050
262731915
19986573
114882702
94566546
104134803
151845011
113047701
174651544
145029275
94566556
123533469
3078301
3078303
61274272
191821982
97843360
19986591
142276773
251590822
193788071
164559014
41220264
45414568
97843371
145029286
198768813
7010477
121305259
260110511
183040171
19986605
19986607
121305269
191822007
177535160
137689274
191690939
168229054
76478657
123926723
191822020
57735365
191822022
242809028
35453128
145029320
118159565
113047758
213842128
191690960
214759635
161413331
234027221
216463573
106625239
201390297
112654554
184119162
129300703
212269280
263256290
242153700
90241252
253425892
60881127
145029354
191822059
205977835
123926765
263256302
136116463
158223897
143063283
213580021
251721974
74512633
3602683
141490429
136116478
216201469
121174272
213842177
74512643
31127812
96008452
50395396
229701892
202438920
145029385
101644554
260110603
3602691
136116493
196671758
76085519
148699408
151845137
195623181
91945235
253425940
100858133
183040278
118159639
177273112
107411732
19986711
136116507
158660892
101644574
140572960
152762656
179501345
111999267
45021476
204667172
6879525
101644582
101644584
101644580
101644586
132839723
41220395
191428907
205715755
196540716
168229169
97057073
15661365
191691062
249887031
253425976
23394619
118159676
204929341
143063357
263649596
212269376
121305408
171899202
90503491
151451972
110688578
151845186
193263941
263256392
51837253
57866570
213842250
74774860
32176461
114751818
251590991
121305416
41351505
253426002
240318803
68745547
91945301
158223917
263649626
148699483
110688608
75954529
229701986
148699491
144243044
181991779
149485921
167049576
187479843
182122860
457069
109377903
213842288
125499760
191822192
196147569
8321398
11598199
251591035
167967099
79362429
139262334
90110334
141097342
2029953
151845250
160889219
213711236
50395526
140179846
19986822
145029513
126679434
11598219
249887116
109509005
11598221
23001487
248445327
249887121
191822220
198900106
127203732
56424855
154728856
130873753
112654746
262863259
4258203
126679453
11598238
91421087
11598240
206502305
90110368
11598244
57080229
11598246
110688681
110688682
191822249
109377964
186448300
57866670
207288751
173865393
191822257
54458805
126679478
118159799
4258229
239139261
145029566
123533763
202045891
239139268
191822280
179763658
125499852
78969294
191822287
201390544
34273743
201652691
239139284
205978069
145553882
206502362
118159835
23394781
29817313
179763682
204667363
14875107
145029606
118159847
179763688
165345772
174258673
177666546
234027507
73988595
188545524
57866740
145029623
188545528
129825272
173865462
58259963
151845373
62323199
99547648
10680840
53279240
190118408
148699660
141490700
201390606
130873874
190118420
261945878
87226902
148699672
190118425
140179991
29162009
8845854
51968542
101644835
190118436
102955555
149092901
147126825
122223145
81590825
134019628
123533868
179763759
123533874
74512947
206502452
80935475
113048118
186579512
262076987
9370172
216332861
250018366
8059456
12122689
8059464
205978185
209386061
58391118
143063632
74512979
158223969
80935515
193133154
123533924
127203940
173079141
242678374
209123944
147389033
1374825
174652011
190118508
145029737
91421289
100727402
8059511
206240376
216332923
117242492
13695613
128252545
179763841
100989570
68090500
43842180
207288966
147389063
48429704
80935562
206633611
8059531
122092173
202046093
174652047
90503825
193788567
200866455
147126937
145029785
80935576
75954844
112655004
214760094
188545688
100727453
140180131
141490853
154729128
130742958
110688942
216464048
214760115
37550772
199031476
8321719
145029817
204667578
106756797
106756799
190118591
106756801
106756802
190118593
102955716
247921348
132840135
55638727
106756807
106756808
151845579
98761420
205322956
106756815
104135379
123927251
191298261
148699862
106756823
106756821
90110681
204667610
130874070
214498012
193788637
106756830
190118621
216333017
191298273
247790306
191298275
106756836
191298277
106756838
106756835
164559592
10681064
214498026
10681067
115276522
106756842
191429358
31128302
106756845
106756848
106756850
106756844
106756852
54852340
20642548
174914293
43842296
106756857
174914294
170719995
190118652
11729662
53410559
194181888
120519424
202963715
34274052
216333061
120519430
174914309
160889605
106756874
106756875
148699917
8059661
22870801
52886293
197327639
101251863
37681946
164559643
13302555
144505632
125500197
34274085
133888807
110689063
120519464
208075559
113572650
208075568
2161457
204667698
59177778
179764021
74775350
214498104
118160184
145029950
174914366
51575617
43842370
89455426
190118724
142670664
106756937
72285001
263387979
57473869
106756942
179764046
80935758
125500244
109378388
31521622
205978455
105708376
118160218
167050074
16317283
173865829
719718
120519525
154729320
118422377
49216358
194181998
148700015
145030000
194444145
174914416
95222643
263388020
106756980
158006134
148700023
110689139
117767037
57998205
147782526
4782977
180943746
132053890
100989830
100311372
125500297
91945866
206371723
202046348
196410249
147782537
117111695
214498192
110689169
138083218
106757010
103742356
206502805
125500308
56425367
202046359
193395604
78969747
78969755
89193371
254081948
138214302
4783007
147782560
147782554
252771234
125500322
101120932
147782564
187366310
2161569
113834921
80411562
132840363
78969771
247790505
147782573
259455921
124844978
176094131
101776307
111868852
154729402
128515003
178584511
145030080
179764161
173865922
249494467
173865920
173865925
201653190
166001609
151452617
78969803
214498253
46201806
78969806
66124754
117111762
89455573
43842518
2161623
117111768
207420379
53541853
117111773
196410339
249887718
178584553
106757099
55639019
261946348
100989932
120519664
145030129
178584562
259455987
117111799
91159546
132054010
106757118
24443903
35847168
110689281
58260482
186448897
154467332
154729478
234028040
145030152
177929226
83033098
195230732
166525966
94567439
102824977
23395346
181992467
35847191
213842968
31128602
106757147
117111836
2161693
195623966
208206879
121699361
94567457
34274337
251460644
31259685
53017636
101907495
138214441
116194346
120519722
125500460
205978669
262077486
191691822
91421742
110689323
73464882
117111851
129301557
178584630
57998389
49740857
178584633
197590073
140573756
70974522
178584638
42400831
178584640
117111872
37157955
53017668
154729541
118553670
183041096
105708619
16841807
208206927
208206928
147127375
144505935
156957780
158661722
178584666
261946461
38075492
170720357
193789030
174652517
113835115
109902957
261946486
100858999
185400440
213580920
117111930
151452797
100990080
38075521
19332227
13958278
187366534
170589321
89455754
247659659
187366540
202046604
145030286
169409673
179764369
127204498
80936086
130743447
150928535
130743449
208207002
111869083
102562972
110689438
125500575
100990113
73596067
111869092
73727141
91159717
206503079
102038696
187366563
102038693
51707059
94567604
49740981
94567609
49740988
49740995
62323908
68222150
41614535
193002696
195624134
178584776
130743499
183041228
214498510
145030352
94567636
55377109
235732181
235732186
247790813
178584799
172948709
17890534
110689509
98368743
208207081
22609127
56687854
261946608
145030386
247790835
167050484
208207093
58391798
140180726
100990200
186449142
195886329
11468019
114621693
187366653
148700418
15269123
54459652
34536706
198769926
135724293
120257794
172817675
44891403
204406029
80936204
195886352
117112082
118160659
94305558
690219
261946650
143326491
179371290
247790878
6094113
104004900
100990244
142802214
21429545
178584874
196148528
201391410
256834867
117112116
151452984
195624251
195886398
249888062
11468096
195886401
208207175
46202184
58522953
82902347
13565262
35454289
118947155
229702998
145030490
22084957
261815646
25361760
249888096
148700515
208600426
147127661
117112174
197852527
91159920
256834929
117112177
247266677
253427061
195886459
52886908
149355901
204668286
11468155
150928769
84475269
52886920
61799817
50396553
40959369
249888140
36109711
58391952
193920401
76217746
74775955
249888148
21036436
117112212
111082898
101907864
120782233
74644889
57867668
117112220
7667102
207420833
198245793
17497508
36109733
117112231
145030570
25755052
73465260
178585006
11992494
130743730
186711474
145030583
36109752
56819130
118029754
104791485
199032260
49741253
96533960
206634441
178585032
198901193
248446412
207551949
195886545
148700626
198245843
263650775
178585050
76217821
195886558
204668383
118554080
133103072
190512610
458206
92995044
15662566
194084513
37551592
4128235
458220
195886575
94305778
129695218
253296115
76217848
73465337
720379
21429755
57998847
117112320
100728321
90111490
720386
75431429
216333831
127204872
178585099
177919150
92995085
214760976
57343508
127204885
99417622
192216600
75955739
121306651
216333853
130743837
46202398
225246751
38207006
242023970
242023975
210959917
253427245
195886637
109248050
112262707
138608179
117112374
175177272
210959929
197852728
87621178
204668481
111083074
107675203
191954500
144637509
177274436
210435649
77659718
159055433
154861134
73334351
191823441
56032853
458326
458325
210959960
209387096
203226713
101252699
176488025
112655965
180944478
31522402
192216675
145030755
205979236
91160166
190512741
94305896
94305897
75955817
52887141
38207084
135724654
136773232
198901362
176881267
51969652
83033717
177274482
193920627
73334393
136117882
234028669
113966717
109248127
195886719
78970497
253427325
17890947
253427330
104791685
193789574
458368
154730120
263388809
104922762
136773256
193789580
54853264
111607445
94305942
152108694
91160216
104791705
198901403
136117916
97844896
94568096
111607458
102956707
84999843
208600741
51445414
195231394
204668585
31522475
31129260
94305966
198901424
159055537
78970546
119078579
129302197
458422
122093241
229703356
136117949
189595326
94305992
37289674
111607499
186318538
112656076
102956748
195886800
262078161
66125522
65076947
194445011
159055571
176488148
136117975
121306839
144637658
138608346
178585308
31129309
144637662
96272092
54460128
68615905
94306018
144244450
149749475
4259557
94306025
42925801
214236907
102563562
94306029
172293869
103481068
78970614
97844987
16580349
115801853
261816064
178585346
4259589
94306054
129302279
183041800
91160329
208600843
178585356
127205133
248184591
189595408
94306065
204537617
57999123
137559830
208076569
119078682
111607581
154730269
139394847
193789728
178585377
73334563
92995368
94306089
94306091
210435883
147914541
118030124
5046063
94306100
258670389
193789752
145030972
207552316
119078719
119078720
90242884
94306117
191299400
206241610
87097164
20905805
20119376
196280145
128515924
193003348
152895319
119078744
168230747
15662939
96272219
187367259
179013383
65863522
119078758
144768870
195886952
210435945
13565802
195886953
74383212
252641134
178585459
198901620
209387382
209387384
458617
154206074
186318718
112656258
154206085
96927621
142098306
154730376
6094729
107675529
217382792
213974927
135724944
177012627
151453588
25886614
144768919
41877399
250806168
130744217
133889943
178585499
178585496
8716190
51707807
53542816
186843041
83034017
35585955
75825066
98369450
74645419
136118189
112656301
176488363
54722480
121307057
179013399
151453619
12124084
103743415
190119863
138870713
170065852
71892924
214237119
25886655
177012674
184614851
113967045
248709065
171507658
83689419
127729611
115015628
2424779
116850634
125239242
178585553
159973330
110165966
71892948
159973334
129302486
94568408
94306266
178585562
118685660
164298717
186318812
12124127
200998874
253689818
178585571
48037860
186580967
179372009
128516077
94306288
186712049
196280306
241631219
115146740
12648436
194445297
198901751
458744
458737
178585596
188022780
8716289
138870789
94306311
144769031
101253129
74776584
210436107
147128331
155516941
234029070
94306319
192217099
138608648
14614541
98369555
75431953
121307155
195887130
43843613
164823070
148701217
159973413
104267815
179372073
164823083
193921070
104267827
16580659
151978037
137953336
179372092
109772860
31129660
109772862
7667773
72548414
121307204
164823109
164823110
12517445
101253192
34537541
151978058
207290443
72024141
118685775
112656464
164823122
41877587
214761554
132841554
263389266
138608726
140443736
177012824
261947480
187367515
183042140
151978078
37814367
195887201
10813538
17891427
121962593
167968867
180944994
74383467
166527084
175177836
91160684
167968875
149749870
51445874
103743603
138870904
65077370
52232314
159973501
196280450
71106694
128254086
34668678
189464715
3211405
70844560
133890194
74907796
128516248
75301020
162594977
49217700
118685861
147128488
210436265
102039725
262078640
83034289
48693429
177275062
122093751
101646518
154206390
92471481
262734016
83034305
154206402
458951
54460620
200868045
45416653
78971087
179503309
202047695
202047697
262078677
217514198
202047703
86573272
196018394
200868060
202047708
202047710
213713119
58917089
98369763
207814884
53280996
146079973
247267559
200999139
202047719
202047721
108331243
202047726
147128559
13959408
71893236
94306549
137429237
104792309
202047733
55640313
191693050
207814907
178585852
135463165
226033916
202047735
202047739
99156226
25624835
104792323
159056133
104792324
190251271
198508808
56426763
207814924
202047759
193397008
198639892
202047771
459036
202047773
59441438
137822497
82903330
104792355
202047777
202047778
242155814
202047783
56033576
202047781
85393708
248185135
125370672
196673843
173867315
202047799
116719928
251461945
105578809
158138682
459067
56033599
202047815
202047817
210436427
210436428
71369035
242155851
198902095
202047821
226034001
202047819
154730835
198508884
202047829
26673496
128254297
78578009
146080088
175178076
13304156
202047837
33096032
146080098
33096035
81330534
173998442
38207851
190644591
202047857
152633715
20644212
202047859
226296183
58524030
98632063
86573440
202047873
127205763
202047877
108069254
202047881
91160970
253165962
174522764
11338125
145555852
202047887
202047889
204669330
173998483
48300436
91554196
90112406
154730903
108724632
202047891
51708314
215024029
217514398
210436510
122225056
32440740
225378728
123929002
210436523
123929003
123929005
180945322
109380011
123929008
146080177
226034093
83034544
51970486
205980087
146080182
123929022
198771137
123929026
127861185
7668166
123929031
109511111
68354505
13304265
147128782
3998159
186319312
154730958
217776594
201916886
45416921
92996059
164037084
202047966
91029984
242156002
89588195
123929061
204931560
204538347
19395498
123929073
83165681
262603251
154730997
104792566
101646839
97714678
173867510
123929082
173998588
108069372
123929087
144769535
27853311
78578178
123929091
209388034
183042565
167969281
202048004
98370056
172950025
42972181
123929099
13566476
123929104
147128848
108069394
210436627
204669460
249233939
123929110
147784215
146080279
247661084
123929117
171115036
21430815
86573600
153158176
173867551
123929123
196149795
241893925
91030056
123929130
128516651
260112941
126550577
253690418
83165748
151847478
73204279
210436665
123929146
178061882
136118843
91947582
73204288
263651905
103875139
123929157
173867591
169280073
257753673
201523785
8061513
146080338
193758727
210436693
146080341
10682968
262865497
199950937
146080345
172950109
188940894
198509149
188940898
210436706
91161186
66519655
86573671
145556075
123929196
73204335
96010866
57999987
97321588
47121012
177013364
125502071
171901563
73204350
13173376
151847552
113705603
171901574
261948039
118162060
103875212
103875214
73204367
10289808
38208142
108593817
71893658
170066588
201523875
103875236
11338403
177013411
188940966
146080426
208077484
169935533
46203567
204669616
91161265
118162099
8061620
198902453
170066618
170066619
247661245
105185981
57868991
171901631
169935553
146944063
123929284
202048200
8061641
151847626
73859789
260113102
169935568
146080465
72811217
214762195
141099733
134021846
133235415
151847639
123929305
148701914
7668447
13304543
142672613
207946471
123929321
250020588
51053292
191431406
201917170
41222899
117375733
53543670
169935609
35717887
122356481
123929349
131138312
197853963
43831935
21431057
154206995
34669331
113050390
169935640
48038682
180290331
169280284
91161372
103744286
192217886
198509344
146080545
169280290
198509346
200999712
210436897
128516902
48694055
90899243
169280300
169280299
99156779
113050413
104792875
119472943
140444466
151585588
45024052
141755191
168493880
113050425
183042872
51839800
48300864
152896330
251462474
113967946
183567183
82379599
173867858
100598613
131138391
204669784
200999770
202179420
247268188
48300897
212927330
203228004
190514022
131138407
144507754
99550059
113050480
128516976
223806323
113443700
25363319
73597819
82903935
262734720
183567234
170066819
15532930
169935749
57869191
71893900
203883408
86049681
151585684
86049686
53281687
202048407
134939548
173474716
58393501
56689568
173474721
590756
99681188
215024550
197854116
61277093
215024555
76481451
216335277
94569392
90244018
104661938
215024564
71893940
590776
215024573
169935806
215024577
129303490
215024580
229704645
202179531
210437071
104793040
191955919
215024600
215024602
127599579
215024603
23397338
113050586
169935840
215024609
118162400
195232738
169935846
201917414
215024616
186188777
3998697
69665770
21038056
202048491
192218094
81986539
158663665
183567346
188023795
94569460
152896501
215024630
137430007
206111736
144245751
115934194
20644854
69665789
60228606
151585792
169935878
136774666
48563210
169935884
75826188
212927502
19596300
152896530
151585811
187237398
113968152
206111768
113050650
169935899
247792671
169935906
215024675
205456419
86049829
73335843
2425895
206242853
2425897
81986594
217383982
2425903
151585840
86049841
5833777
177013812
151585845
215024693
191693878
90113077
216204345
180945977
215024702
229704767
215024704
51840064
118162498
73335875
164430921
133235788
13173837
217777230
154207311
105710673
21169245
3998819
52626532
91161701
239141987
216335459
260768887
239273080
176489594
14615679
169936000
152896641
97846401
263390337
263390342
74646662
95224971
108987533
199033998
118162576
239142033
15533200
122094739
115934353
94569616
143328400
263390355
142541980
111084700
261817503
42402978
67437731
91817125
82379942
263390373
21431466
58262698
51840171
260113586
169936051
118031539
199034037
169936056
210437304
82379964
113050814
204670143
113050819
263390404
169936070
145556678
15664328
110691529
263390409
21431502
113050830
214762707
459990
212927703
83428568
44631257
214893788
169936095
217777376
169936099
169936101
180290790
169936107
262472941
69403886
151454959
27730878
169936113
128124150
24839421
169936127
169936128
201000191
247792898
193922307
84870407
73205004
72025357
82380045
73598223
74384656
75302161
169936148
124323092
152765722
217777435
185533725
113050911
105710883
25363748
52233511
84870440
173868327
169936170
169936172
84870444
25363756
105186609
169936178
176751923
82380089
58262843
3343679
169936192
188548418
128124227
68617540
48039237
15402311
216204616
75302219
177145164
169936207
124323153
113050964
91817303
117900633
185271648
217515362
196019559
162596200
177145196
212927857
204408178
20907379
82642292
90768753
113313142
123929975
169936248
216335738
123929983
176489855
89589121
168363394
97846659
111084930
195233157
180946307
92472709
121963912
113051016
155780490
207947149
177014159
51971479
206112152
179373465
104793500
216335774
193004961
168494501
111609256
139003306
247268780
99026349
169936303
175179187
210437556
213714355
217384374
176752053
113051064
206636473
203883962
74909115
230098364
21038522
27723198
161940923
19596736
197723582
113051067
169936323
58131910
166135241
152896970
91162057
166135244
103351754
173868494
176752079
206636497
206243281
169936339
169936341
33359324
213714403
247793123
158664168
37946856
10028525
169281011
123930099
123930100
192218614
58131960
163120634
118687228
204932604
59180542
34670081
109250053
15664646
117900810
113051147
103876108
20907534
212928020
207947285
152897046
124323350
228132377
153290265
195233310
169936415
66127392
123930147
169936422
72025638
145425958
28640809
197854762
145557035
106366508
10159663
195233330
208078391
91162167
106366523
23397954
56034883
113051205
189466182
32835143
113051207
169936457
33097291
136382030
184878673
91162193
173868633
146081373
117900893
28640864
220661346
113051234
94570083
22611554
192874086
37684839
28640871
217777769
128648805
38209132
38602351
209389169
105055858
116721271
127862391
201000574
209389182
207947392
51578502
145557128
47122060
136382097
28247697
166397588
189466260
217515672
129566361
163514013
167184035
209389221
155387559
28640938
160368301
77137583
82380464
169936561
182126262
32048823
235734711
108070587
207947452
75302589
118032061
194447035
253560513
113051329
90769091
177014465
190514885
74385095
190514890
35325643
28640971
122488528
163907287
81987290
169936604
72550116
82904805
235865829
113444583
127993576
167184107
174655212
91555566
127600369
24970997
177145589
153814774
74909429
45811456
150931200
48563972
216336133
158271238
177145607
113051397
247793412
190514954
191956750
190514961
104924946
151848724
54462231
82380570
113051421
251725600
14485281
72812325
113444648
48564009
137430825
167184171
144639788
98371371
247662380
167446319
190514986
150931242
195233588
142673716
164431673
131532603
75040572
105711419
247662398
95225663
174655300
175179589
118032199
105711433
164562762
108201803
220661582
135071568
145426257
121309008
72812371
167184211
198510421
133629787
208602971
48564061
197855074
171116388
216205156
104793958
205850471
216336236
198510447
234030960
57870192
75827056
205850487
173737848
205588347
113051516
175966078
127207298
150931331
92342154
152897420
207292303
187369363
40437651
74385302
118163351
43059097
82642843
190252955
205719454
113051550
159844259
191825828
31917991
44763048
82380713
46466990
217778099
158664629
195233720
94570429
82642878
13699008
11339713
127076292
12126149
138479559
127076296
98240456
7276491
44418900
133629903
127076304
119211989
262604760
150931417
206243801
11339737
44107740
192219109
254085097
41355243
248186863
53282802
196020217
109250555
106235902
83036160
116721664
82642944
91162625
22480901
201918472
85264394
116721676
82642957
253560847
13174800
52627476
99551255
73992216
82905115
247793692
184616989
195233822
96536609
91162662
186189863
52889640
166529065
46467114
159057961
125503533
252905525
199166005
22480951
206243898
213846075
73861182
10815552
57870401
152897601
56821826
3606597
217516102
21170245
247007301
104925257
94570571
205850703
147654735
95750225
155256914
191805163
72943700
150931537
198510684
152897629
119081052
137168991
172951647
113051744
131139676
263653471
220661861
217778280
209389679
79628400
75827313
32835698
189204598
249235578
77138044
253560957
254085246
158664829
115935362
205195395
106104967
198379656
113051785
172427405
77138066
63899796
131532950
113051800
19335322
47515803
173869212
254085278
48695456
254085283
148703395
77138085
176752810
48564395
117901490
68749492
152897717
132057270
186452155
57477313
53283009
77138116
82380998
99944648
31918281
77138121
253036748
207816910
213846224
113051856
120522962
198379732
27855061
10291415
48433369
73730266
263653594
106105052
201525471
58001631
172296415
122226914
133630179
207554788
192219359
11208933
68225255
77138151
77138148
77138149
70584546
135071984
91031796
58001660
74385662
20121857
60229889
52889860
33360132
207554820
57870599
199952652
196675852
196675854
97585427
153815316
174655767
207816984
87623959
260114714
12257564
27724065
192219425
193530153
207817002
175573298
49744180
217385269
188549430
111348026
150931770
2558269
57870655
196675906
175573316
135727431
104925513
193005898
175180106
217778507
43845963
108333385
58132812
261949776
126814544
226953550
74254675
254085462
133892439
207554908
176490847
199952739
18549092
171247971
38209891
196544867
131139944
213715305
51448172
217516397
58263916
152897903
208603504
163907952
113052017
113052018
220662131
29165936
108464502
113052022
91163001
207554938
85920123
173738370
252905858
82512260
158665093
170330507
4393355
185797005
203753871
104663447
67832225
140183970
147917219
220662180
105712037
241895847
31656360
196544935
73599402
199952810
113052074
109513134
25889198
22612401
95881651
150931892
78973366
59443642
199166396
136382909
117901757
87230910
177015244
99944908
4524493
176490962
197200340
196544984
82643416
124717530
127207902
104925663
139004386
113052130
198773218
152898024
158665193
152898032
205720050
73861620
169282039
117901816
92473849
132712954
149752316
66521598
135072262
207948294
73206280
90769928
104532488
91818508
152898061
180029970
177015316
262736405
89197078
213846554
206244379
210438682
25102874
90769957
140184101
19335719
44370475
133892652
108464685
16058926
226560555
195103280
55118385
213715505
113052210
135072308
204671544
51448377
128125499
10816060
87624251
19597889
141101634
68749889
55118405
190515782
74385991
13306439
206244425
172952136
2296393
107153999
2296399
189336146
217516634
167578203
136120925
104794717
95357535
19728992
207817318
126028391
84085352
87624299
11340396
129436269
205458028
44894831
198773358
102173303
112134776
104925820
210438783
158141056
22874755
44370563
52890245
68881032
46467725
195103374
52890255
217516689
136120979
35457687
128125591
95750808
220662425
53283479
260115098
107154077
123144862
79104671
220662433
144771746
68618915
2296483
217778853
2296481
57871018
196676266
141757101
176097966
56822447
141757104
207293106
199953077
196676277
107154106
133892797
1641151
59050688
1641153
136121028
87100102
119343818
68881102
262605519
99945167
262605521
45812430
26675923
262605526
208210646
170330840
262605532
171510493
72026846
201001698
205982435
260115171
262605541
133892839
262605547
104663790
55118575
10685168
175835887
247007986
114363128
53705886
180030204
68487934
262605567
153553663
262605569
104794882
48302851
198642435
49482501
138480393
155519754
188549899
67832588
99945229
112134926
262605583
207817488
208210705
140970770
217385747
11602701
262605589
156175128
206375708
139004702
184486687
45026086
156175143
133892904
81988393
206375722
156175147
3083051
123145005
115936041
73861938
10685236
220662581
99945270
177933108
149752629
90508089
213584699
180030269
166005566
205589309
189336385
82512706
166005571
184879938
217516870
156175175
262736712
88935241
76483402
230099782
104532812
33622862
117902159
99945296
985938
75696981
82643799
206244700
206244702
150932320
180030305
20908900
262736741
149752677
33229675
204802924
70454125
46599026
33622899
152636279
88804216
126815099
252906365
207817597
27855743
23923582
192220030
153815938
6491011
10685316
166005637
723844
115936134
71895944
166005641
175836040
248056707
28248972
175836044
166005646
164432782
83692432
201001870
204278674
262736784
263392150
10685335
13831066
141757347
104926118
76483495
184486826
166005678
8063919
105712558
167185329
184748978
247794611
43060150
8063929
180030394
263392186
208210882
8063942
147393479
68881350
216337354
104532938
247401419
149097419
133893067
104532943
31525840
46205905
166398930
174132178
68881363
206244820
107154392
101125082
156175329
208210914
188550115
168365028
19991523
206244840
51710953
76483562
104532977
10816498
84741107
113052659
82643954
72813559
175836152
25103353
213715959
168365057
72027138
45288452
198511623
252644360
8326153
127994890
214502412
84872206
159058959
84478992
83692560
113052691
242289686
198511640
175836186
175836195
171510820
127994918
175836199
68488232
76483625
38603818
171510826
76483629
128257073
115543089
166005812
87886900
166005814
190123063
127994936
138480697
171510842
186584131
171510851
56953923
110169157
209390663
197856330
171510858
127994958
196283471
31263824
178588753
198642770
171510865
171510867
171510866
11340888
110693465
136383578
253561946
196283484
91163740
113052760
20909145
48303201
141757541
72682597
19991655
189336681
72682602
104664170
104664171
83692655
10816626
29166707
72027252
115281011
166005879
178588791
855162
154995834
175836283
116722816
217386112
8064129
110693504
175836293
247925893
175836295
217386123
171510923
160763024
75697296
99945616
160894097
171510932
128650390
113052823
171510934
137301142
2821273
57216165
225381542
133893287
104926377
69536943
192220335
182783153
249892019
175836339
201919667
225381560
57216188
155782333
106237121
190647489
131534020
184093894
114363591
216206536
121179338
151981264
56036561
70192341
252775640
214502617
38472923
52366559
263392479
217386207
197070050
20909287
171511021
164433134
252906735
73862384
59444463
58133741
115150069
263392506
114887931
209390846
8326398
110169344
124325124
133893383
151981323
19729676
104664335
8326417
91557137
196283669
258542871
105712921
133893404
91557151
7408929
133893412
82644261
49381434
149490983
128912679
91557162
209390893
217648433
91557169
205458739
14748980
192220467
180948277
26676535
44895544
104664376
196283705
53284152
91557173
198511932
217779519
91557184
208473410
68357443
164695365
91295047
129568074
71503186
91950420
205327701
217779542
41880917
201002333
58002781
104664421
104664422
175836517
217779562
182783341
82644333
217386352
94571889
247795058
77925748
91557238
110169464
217779579
45419902
110300543
189336958
33492353
191827331
204279173
182783365
166530438
101125512
113053066
184880523
127995276
220663181
115150219
133893520
144379283
133893525
113053079
184094104
49745304
82644376
234032540
162205084
41225631
84872607
162205089
133893536
32574880
186191264
107154852
99945897
104926635
118164907
166530479
187633071
179375538
240848308
166530485
162205111
104664504
217779641
143855034
183045562
247401916
175967681
174132674
56954306
184880584
54857165
253300174
45551055
148966862
56036816
175574483
104664533
247795157
76484053
186060246
66522584
168365530
85134810
140971484
147918301
71896541
170331615
144379359
107023836
56954336
96013795
188026340
41094628
99945949
169545192
182783465
160370154
51056111
107154928
22613490
2690551
127995384
88804857
49352188
107154940
133893643
201002509
85134863
178064913
182783506
178064919
178064923
178064924
182783515
74255899
45157932
91164206
198643248
97455666
16322099
133893685
175574581
140971575
23531064
80929950
195890750
152374850
113053253
249237061
46599751
45157958
126815819
54726220
111873613
191958603
118165071
213585488
128781905
13045326
183701077
183701081
148967002
118165091
183701094
17632871
173084264
183701096
183701100
7278189
107155053
196021871
239144560
164433521
58920560
91950705
183701105
207294069
183701110
171118199
82251385
22613627
94572155
254086781
198643323
239144575
20123260
89591425
48565891
187108996
21565061
57085574
104664711
55512712
189468296
133893770
104664708
83431052
41356942
58396302
206769812
111349405
48565918
41881251
133893799
41356968
120524458
185929393
249761463
135073463
107155129
31264440
235867835
106892988
16322231
99684030
55119551
13307584
133893823
204803777
43716293
113053382
77663943
92475079
101125834
20647627
77663948
113577676
187109072
77663954
185929428
148967128
46599897
21434072
198512348
12390111
74625501
113053409
147918562
38211299
217386725
77663974
77663976
77663978
173739754
136384235
213978861
103223023
168365808
110431988
72290037
192220920
48566009
73338619
77664001
77664002
20123396
72027910
207294215
239144712
33361673
260640526
38080274
13438738
38080276
77664021
72027925
72290066
89198360
3608345
87887641
3608347
3608353
3608355
77664040
147918633
166006569
4132649
181473068
178720557
73207595
221712176
66522930
13307699
120524595
23924533
186191671
198512440
195891001
128782137
130355003
73600828
235867964
104271677
133893952
32968513
148967234
217386818
51318595
77664070
107679562
253038410
167579466
199036749
213847887
217517909
172822358
258805591
147918683
147918684
147918686
41881443
168365924
146214755
41095013
15273828
260640615
137564011
104664941
68489070
191958894
217517936
112791410
137432947
8064886
74256247
188551032
144379769
20123512
74256249
209391487
35458945
98242438
70586249
196022154
107155340
104664974
58658704
74387348
181997467
104664988
74387359
14618530
102567842
147918756
89198499
120524707
166006697
20909994
144379818
147918766
139530160
177278902
74387382
104665024
206245825
38080448
49352643
167972805
11341766
118689737
120524745
23007179
144379852
118165459
89722839
17895383
17895385
74387417
193007576
144379871
41881568
104665067
147918828
117903340
249892846
151982063
26677231
262475758
140840942
82644976
262082550
147918838
110039030
110301178
144379900
200793348
206245889
14487554
147918852
249892869
15273994
117510159
127340560
184487954
190517268
50270231
120524824
89853978
138481692
68620319
75698210
120524835
172822566
38342695
123146280
45158441
82513963
11341870
108466223
196808750
41095217
55513138
109776947
162598963
36376636
104665148
59052096
2166849
147918917
173084741
147918919
171511880
176885835
2166861
145428558
120524879
113053779
201003094
82514008
148967517
196153438
170463328
8327265
153555045
120524902
117903466
137564267
13832301
166400111
225906802
98242675
36376692
118165621
135336055
166400120
193532026
104665213
161550461
196153471
173609087
213848195
207294595
4132997
58396805
74256516
147918986
217649290
147918989
173740176
133632147
73994398
147919007
184488097
31264930
225906849
104665252
123146405
146870438
147919015
120524970
221712555
117379247
73863352
146870458
196808891
221712572
196022459
104665279
189468865
104665281
4133065
83431627
147919058
201003219
162599127
80941271
173347036
173871325
120525021
149098720
36638945
59052257
30740705
195104995
147919078
151589094
187240684
104665328
82907377
189468917
31658229
101257471
134418688
111874305
134418690
99684609
73994500
153978715
53022981
68620553
99946763
199168269
68489487
158667023
82514193
147919122
7934227
104665362
22745365
151589136
43847956
126816538
44896540
12783905
201003298
90116390
139530536
199692585
207819052
155390253
73732396
214503727
197988656
91951407
41226543
82383156
184226101
210440500
43847991
104665398
129569086
110694718
103092548
175575365
147919176
134025545
158011720
207819084
207819085
207819086
158011730
207819090
48697685
48173398
123146581
196022617
207819098
128913755
161943901
129438053
73339240
247796073
57086313
115020137
158011757
34279791
129438064
59052401
123146610
199692658
210964850
195236214
159060343
134025594
103223675
214634881
169546117
118690183
103223688
197333385
56430986
82645390
103223695
103223696
97980817
110170514
209392020
67309975
197333400
137826715
191959452
11080095
158011809
77926818
104665507
104665506
82121121
31265190
104665511
149492134
179376555
247796145
195891633
19730867
214503859
91165108
252383670
145691063
7934390
104665528
127340982
177279413
249893311
145297857
204804548
58003912
158011849
54858186
197333449
104272335
204804560
191566289
120525266
104665555
120394196
94573013
217649624
134025689
103354842
155390426
184488412
82121180
134025694
197595616
155390433
112792043
195105261
139530735
53285360
168497651
123146743
207294967
162599417
103223802
51843579
109515260
146870784
8458753
249893378
253432324
168366596
112529930
103354890
15274508
249893390
206246417
58397204
85398040
225907227
7934492
104665627
41882142
161944095
20124188
158011937
95228449
249893416
249893418
55513647
68358703
198119986
249893427
127341108
121311799
45814329
96408121
56955449
57086524
149492287
249893442
144511557
204804682
249893451
263393868
249893456
45945424
112136784
181473872
20124244
48697941
37818966
26022486
249893465
96408154
48886719
49091164
116360306
15274591
53547615
112792162
184619621
73994855
198382183
253432426
176099946
73863788
68358766
36508271
225907312
197595760
31265398
253432440
57086587
33362555
68489856
94704260
156963460
58397316
195236488
31920776
196022923
158667406
247403151
76223125
11080342
165221013
147919518
42406561
214504099
91165347
204804773
38605480
46207661
155390638
214766255
31265460
193925813
97063606
247796407
144380599
197595836
73601726
197595843
126103616
152769224
51712714
15536845
207295183
198120155
67179229
116593378
15274726
856807
126030569
184226538
104665835
199693036
208474862
56955631
197595891
19731188
6623989
116593398
146871033
197595900
194188031
173347589
22876935
172823303
174002951
203494154
133108491
190124812
56955659
73863956
169546518
184095515
86577947
247403294
263394080
198120225
117642022
67179302
135336744
20648747
48042796
203494188
104928044
16061231
206246702
206639915
140579635
109515573
255267638
140579637
197595971
205722436
162599752
73864009
197595980
191828819
50008916
58135380
95753046
141366103
191959892
59315033
116724571
196023133
141366110
198120287
123147104
166007649
241636191
45290334
230364004
19731300
19731302
166007664
103224179
127210359
107549562
166007675
183702396
149099396
197596036
192222085
29954948
129438602
230364048
153162641
192222097
263394196
20779924
82908056
73864089
166007704
108598173
56693665
166007714
97850275
166007717
48567207
82908072
195236776
241636269
44241842
140579763
174003122
197596087
214504376
155259832
127210426
127210430
59315134
52106176
82383810
225383363
81204164
59315138
59315140
74257351
208212937
161027018
42406859
121312204
181474252
73995215
162599889
166007761
2823121
101782484
4133843
202183639
117773273
49484762
166007770
15406041
209392605
26022879
230364129
11080679
262083560
82908135
59315179
217781233
77403127
191960056
249238519
96408569
241898494
107549695
217781248
127210497
104666112
93000707
174134277
206771206
104010760
42764684
20648971
180950028
74388495
262870032
36770834
160633876
206771224
166007832
220664857
199169053
124326941
158405663
7935008
179377188
166007845
112530475
4789295
177280048
14095409
145429554
241636401
241636404
143463478
207819831
143463479
203494457
225383482
68490301
159061054
41227329
169415747
166401091
140579917
11998288
57087057
253039702
124327001
209392730
147919964
145429600
128783457
166532192
43848803
48436325
142546022
125244519
166007911
128783465
123147377
197596274
123147379
253039734
252908663
114758775
161027194
57087098
15275135
166007937
25629834
72946828
46601357
166007949
173872270
82384016
113579153
52106388
82908309
217781397
116331675
128783517
120657054
104928419
160634020
166007973
51713188
251335848
43979945
174003371
186193072
97719473
128783539
48305332
140580020
161944759
41882807
166007995
9770171
43848893
214504643
155391172
199169223
166008013
48960718
108074190
191435985
19731666
98374867
74257619
48960726
199562457
40965339
7673052
217388253
173872351
235607269
118691046
145298663
155391207
71898345
118035689
155391215
41227503
155391216
69014770
72029427
89855219
166008050
203887859
183702775
247796984
119215355
54072571
34936063
184095999
191436035
120657158
48960777
60232971
201004301
210965774
31266064
59053330
112792854
197596440
166008089
201004320
31266084
7148837
28251431
150672681
203887913
167580969
20649261
203887922
252515635
74913077
173872438
193533239
81597752
57087290
261821759
17503551
189076808
144381258
49485131
204281165
145298772
119084374
220665175
34149720
203887964
167581021
104666468
249238886
186193254
106108267
161027439
144381299
196154743
70980983
7935352
82908541
34674050
74913155
54072707
150672773
155391367
69932425
48305547
137958803
74651029
72029591
109385113
262870425
103749022
247797151
217781667
174396836
188552613
186193317
68490669
166008239
213849520
209393072
19731888
51844533
184096183
199169468
123147708
197989830
24188359
101651911
14055934
49485259
263394764
74257869
37033422
192222671
98899409
249763282
190125528
15668699
125638108
45159901
54466015
12129760
168236513
168367588
125638117
131405286
106239463
132847080
140449259
125638124
131405295
14882291
122361333
101783029
1644023
204281335
174396923
54466047
158012928
192222724
155391493
141235723
67573263
198120977
154474005
53286421
140580379
169416220
82122270
217781791
74257953
168236578
144250403
174396964
123147814
154474023
168236584
35198503
35460650
173872682
82908718
55645745
57218614
175969848
43718202
250418746
144250427
261822013
137827904
20649540
168498756
1644103
262346314
137827920
22222418
82908757
35198552
81466970
48567901
122361438
38344287
22222436
48567909
32577127
48567911
168498791
56956521
153949806
141235823
253040240
196286068
185276021
164435575
32577144
262870650
125638268
82122366
197858943
262870655
148051586
116856451
89593477
253040265
185276042
193009290
4265611
144643726
261822095
103749270
85005979
128259740
162207387
124065440
41096866
43849380
67049125
48567975
104666792
206640810
108336814
35460787
51713715
140580533
51844790
68228791
84743862
185276088
193009338
155391675
263395007
185276095
99030722
97982147
180950722
173086408
76355274
167188171
75830988
197072592
90773202
199956181
197859030
51320534
128259800
48174812
124065502
124065506
214767332
88020715
164959981
227743472
48568049
175838961
88020724
185276148
197334773
263263995
63944767
68491006
88020738
197334787
160372483
32577284
217782019
144643843
7673608
185276168
196286211
133895945
88020750
55645967
206640912
48174862
743644
32577301
988952
117249819
261822237
205330207
128259873
196286242
241768226
88020776
144381738
96933674
261822256
103749425
206640946
113186611
51582773
229971769
158668602
34936636
177280832
75831104
45160256
4265795
82908996
123148101
229971782
190125895
185276230
196024138
11736913
241899346
88020817
82909010
22615890
109647704
174397274
20911963
130619230
207558497
88020835
262870883
13440869
230365029
171251566
164435825
98375537
185276273
197597043
126949238
7673721
103749499
91953021
116070270
147003261
110696320
175839105
177280898
88020868
42407813
248715142
49223560
248715146
213849995
119478160
88020881
90642322
38475667
179509143
164435864
186193818
207951770
249239450
12785565
76355487
82515871
91953057
185276321
213587875
90642341
62461867
126949292
174004141
230365102
17897387
248715192
217520058
27858875
55646139
127342523
215160767
57350081
143857603
52107204
196810699
262870988
74389452
4134863
144250831
13440977
1644495
97589199
158668752
155785173
90642390
172693463
217520088
104929242
144250844
155785180
19732446
133896156
155785190
63641581
155785203
46471157
71636984
6756345
155785212
155785213
154998781
82909182
155785216
20649985
96147458
26679299
155785220
261822469
149493766
215160839
100472839
189339657
96147467
87103502
217520144
261822480
127342611
96147475
144250902
155785238
56694808
185276453
139270182
113842215
155785256
87103528
74389542
13572137
120526892
263264303
185276464
43980850
71505973
144250934
261822519
206641206
75438140
124065853
112793662
223811647
215160896
139270208
185276476
108075071
147003461
63248454
247666759
197072966
261822538
217520204
81991758
100210766
261822543
124065875
82909268
173348949
174921815
108337240
207296600
185276505
107681883
82909276
120658007
128260190
183572575
42276961
206641251
127604836
170727525
144382056
155785321
73865321
185931884
155785326
208476273
155785330
55122034
124065905
61020277
155785334
248715381
262871160
54466681
45553784
127342709
207034492
130619517
67573885
154998909
217570997
206641274
46209154
208214149
217520262
48699526
205723784
23009418
124065930
261822603
96147598
206641298
206641300
220666005
34281622
178329751
247666840
25106587
85006491
160635039
199170208
143857826
52369571
112531619
90642597
116594854
72685736
596138
75438251
160635053
195106990
205723822
184096947
201791669
17635512
185276602
249239740
74389693
15931582
101914815
90773695
127604927
155785410
47126723
230365379
73865411
24582350
202709203
242424019
242424021
112531671
155785436
114366684
4266205
230365408
196155618
206641378
248977637
261822698
205723885
230365422
124066036
166533367
207952119
134551801
45684987
70719740
130357501
44112128
230365446
118692103
249239814
253171976
168368396
96147724
262084879
28252431
171645200
67442963
11082004
117512469
205723926
196286743
96147736
143857943
205723929
247798046
146086176
118298914
144382245
243079462
81991975
111614248
118036776
261822760
52893995
154999085
161028399
185276724
185276726
191437112
96147770
127736122
118036796
195893566
11213119
204282178
220666179
174922050
204413253
52631881
15800649
134551883
171907403
178461005
202709326
76355918
217520460
81992016
202709332
15800661
262871380
20650327
58267993
135560674
89200988
128260445
14883167
195107167
174528866
252647779
135600484
146086244
204413286
253172067
217520492
86841709
89069934
168368495
263264626
138221940
178329973
248191350
96147828
148052343
15800697
185276791
248715649
130619777
185276802
112138625
17897861
90642823
90642825
261822857
38607244
247798157
90642830
263395727
196286865
113711510
155785623
168368539
178330016
198515104
185276839
189471144
11868584
118036904
11868587
117774764
27990445
27990447
84875696
161028527
58530227
185276851
103750070
103356854
128784824
263264700
204675517
136780225
247798215
148052427
88021452
261822923
52238799
136780240
164436433
48568786
75438549
32578006
89201111
55646681
155785690
26024411
215161308
263395801
136780251
136780254
96147934
110696930
67443171
155785702
7412199
122362344
158013929
206641641
172825067
155785709
56433133
59054577
252385778
35199479
10689016
72555002
7543291
107682300
186587646
108337662
141367808
185276930
242424324
79239684
28908040
84875784
118037000
68229643
166009354
170859026
15276563
74390037
55122454
182131222
254614040
178461209
129833497
114760219
43588124
118037022
214768158
81992225
195893795
727588
187767333
168368677
249764392
188946985
52763178
91167275
192354860
148052523
263395886
75700783
81992240
727607
146479672
14096953
252385849
74390078
46209598
48306752
112138820
242424389
19339844
56957509
1382985
214506059
171645516
249895499
141105742
96148047
43981397
249240150
727639
140843608
56957527
118037082
207559253
727644
1383005
989790
727647
52107871
1383013
190388838
159717992
145562219
136518252
52501101
54860398
128785007
56957551
67967601
727666
116857451
140843636
103357045
727670
235870836
102832765
98900605
2046397
7543425
68491905
37296772
147397254
190782089
208214666
134290057
168368777
147004045
61282957
19339921
118037138
20650641
37952149
165747350
41228949
247667352
55646876
190519964
81074847
165747360
165747362
249240227
35199651
203889317
103750309
17898151
101653160
85400233
85662376
158669478
144513703
146479789
127343269
144513708
229972660
84875956
85007029
185277110
16718520
57219770
216210108
51976892
126032573
149756612
145562310
140843720
75700936
51583690
44899019
173742796
72686288
58399441
13441744
51583699
87890643
225385177
252648156
43850461
229972703
103750368
55515871
2431711
118692577
185277155
215554791
217520872
168368877
124328688
126032631
133765881
248978170
227089147
20126462
249240318
103750400
97327873
167975684
141236997
124328710
147004170
229972747
220666635
82909962
182131470
119347983
194583311
188947220
119347989
81074966
26024725
225385243
263396125
8067870
79239969
152378146
84876066
188947236
196025126
120789801
145562409
194583339
144251692
16718639
194583344
13441841
66788148
194583349
135600952
26286905
229972794
194583352
140843836
194583356
194583354
103357244
81075006
7412545
188685114
217520963
204282685
58792773
169679688
140843850
249240398
168368975
106765137
75832150
107682647
90774360
167975771
196156253
41229151
116595554
37952355
109910888
164567913
58792808
120789870
34151280
206117747
174529397
158669687
55647096
55516026
21044093
149756797
75832191
193665922
119348099
193665926
206248839
8067975
172825481
193665930
157096843
193665932
75701132
159849354
192355215
193665935
42670992
249240464
174398354
82910100
166009749
193665942
206248855
206248856
79240089
188947354
180951961
75832222
4135839
196942751
242424737
188554146
106765220
157096872
193665960
106503081
58792873
71506863
70196144
44899249
249240497
142547893
193665974
152378295
58530743
81075128
24976314
103357370
82910135
124328892
191044539
193665986
15408068
196025286
193665994
58792909
82910159
118037459
202447829
194845653
157096919
127343575
205986780
196025309
20126688
16325601
58924002
106503139
196287457
171908066
72686567
173218792
142547945
213851119
34675695
38214642
15670260
81075190
81075193
146611193
41098236
3873789
164961278
19340286
186981377
171908101
150936582
59055111
41622540
72555534
150936593
167975955
180952086
37035033
58137626
184097820
65084448
171777056
248978468
120396838
112139302
55647274
33102890
235871279
242424881
1907763
168369207
73210941
106503232
186457154
235871299
198122562
91167810
81075268
103750727
465994
173218891
213589068
465999
136780879
85138515
150019157
213589078
96148572
179772509
136780895
187898976
58924132
103881831
82910311
81992809
151592044
74914927
96148591
179772529
127868024
45161592
193535098
96148600
82910331
154999936
126950533
126950536
54467720
172825739
41098379
109124756
243080341
96148630
122363033
126950553
15670425
179772570
192355485
45161627
173743261
128785568
137960609
67574948
207035557
173218992
137960625
205069490
137960627
113056945
113056949
103357621
137960631
26025144
59055283
208739514
198515897
44899519
137960639
119479490
210967747
80944326
179772616
3480779
179510475
179772620
124067022
78847184
196287697
204283090
193535187
128261334
192879831
118693079
179772631
80944346
70327515
124067036
179772636
57220317
50273505
263265509
115547367
150936807
50273513
88808680
29170924
139140335
128261360
164568307
188947700
179772661
113057011
196287735
192355575
42802419
188947706
171908339
185277689
101260541
192355582
51715328
38477062
155000071
262872326
76225801
258284810
179772680
124067083
74915079
193666317
75701510
204283152
196549901
44899602
133766420
91430164
105192727
174398746
115547420
191044896
179772709
260644135
1514791
186457385
262085929
179772715
56958251
230366508
249240871
179772719
192093488
56958262
36379959
103750967
196549945
243080502
56958267
179510585
59317562
243080514
81075522
179772743
75439433
56958286
6495567
179772752
75832656
138222930
103751004
37952860
179772764
214506845
57089374
192355681
164568421
184491366
230366567
179772774
253304169
205069674
162340197
75701612
226696557
195894635
203890030
104930667
56958321
193535347
205069684
183311733
179772787
106503543
216472960
56958336
165617027
81075589
167976327
179772807
179772810
159849867
203890062
248978831
193142160
155393425
190127505
92872083
167583123
97328532
230366618
179772829
103751072
179772834
81075618
188685732
42278308
179772838
35331495
178593193
205069739
96148909
253566384
82910642
13311411
139140532
139140533
167976375
190127545
116727227
6495675
179772862
75701695
196287938
124329410
59579846
155393479
173743563
174661071
220667344
226041297
104930767
51584471
179772890
214506976
38477281
92478947
169549285
262086118
243080680
90775017
189341162
207035887
118037999
81599986
155393524
248978933
113712630
136781304
141762041
103751163
179772923
216473085
115547645
167976448
44899841
193666562
103751171
248061444
194584069
179772929
179772935
193666568
82648585
53026308
2301451
196812300
137829904
179772945
178069011
6495767
140451351
104668697
179772954
75439644
17636894
31268382
171908639
82910753
128785955
196288038
206249511
105192999
179772968
155000362
210968106
91561517
16588335
179772981
84876856
170729018
191438397
249241150
58007106
204283465
179773002
262086219
18030159
179773008
118693461
191438422
75439703
253304411
179773020
14884443
198123100
90775135
179773030
179773033
33365611
50273900
179773036
121970284
113057391
92479087
76357234
113057395
179773044
44113525
103358070
206249591
225255034
85007994
68230778
247406205
247668349
170073727
179773060
115547781
225255048
178593417
106634890
127737480
179773068
33365645
58400401
42802833
252386963
82910871
207167128
128786073
18554522
179773083
247799453
253304479
203497122
179773097
179773100
128786093
208608946
179773109
36380342
35200694
136126134
179773112
161029818
22486715
179773114
185147068
196812476
22486719
72031934
179773122
155393732
179773128
127868617
82910921
127868624
113581777
179773139
178593492
199958228
127868634
73604827
65085146
133897947
179773151
104799970
42409698
73473764
179773157
179773158
67182314
27598571
194453230
167190257
217521906
108863219
59842294
53026551
68886264
21176064
179773185
174661381
189603590
74915591
198516487
67575563
216211212
158670605
51584782
261824271
138747660
133897995
192356116
104931093
178593563
179773212
253304605
138747680
196812577
138747684
96149285
132063015
191438631
127868714
188030765
60759856
178593584
147267377
130621236
178593590
178593591
179773239
179773242
214114108
48439101
183050044
170336064
179773252
127868742
5971783
174661450
205463371
250683212
179773263
250027856
72032082
144908115
127344467
253304661
198516563
225910615
125771602
179773273
162340697
25108315
153821020
127344474
121446240
179773281
75439971
53288804
203890533
121446247
67182440
88809321
179773289
261824362
155393896
180952945
249896820
28254069
71507830
2301815
141369210
75439996
198254461
75440005
179773320
168370057
73736073
253566859
75440012
50274189
178331534
84090764
108732304
187637648
196026258
110698388
225910677
189472662
173612949
109125528
127868825
208084888
135077788
263397276
75440030
157491103
173612959
136781731
102047657
95887277
119218093
192880559
173612976
68231093
225910715
96149435
56958910
102047679
14098366
249241537
127868866
214769603
103096259
67313606
102047688
149757898
74915788
247668690
178331603
67182550
13443032
81076185
183312349
68362205
193011679
62201826
2301923
252387303
96542695
183312361
67182570
42409961
196288489
68231149
84877295
175972337
73736177
263266291
150937593
121970685
204808192
178593793
37560322
157097984
196026378
96542732
206643215
68362255
198254613
195895318
91430936
217260059
2433051
209920027
46473246
183312415
151592990
103751710
249241632
101261352
103751720
36380714
119218216
38084652
2170925
143990830
127868974
108994603
138747953
3088435
157491255
139141175
34938938
111616061
261824577
157491271
86319176
118038602
157491276
48439374
192356436
169025620
229974103
127869016
138747992
10690650
21045338
206643287
142155869
50405470
171516000
249634914
171516003
206643298
82911330
103358566
75964520
170336360
253567088
108863601
76226674
127869044
103751803
133898366
158802048
127869057
52502658
178593923
249372804
155394181
116203655
183312521
157491339
10690701
2302095
142811280
197206161
249241746
75440278
216866969
44114073
85008539
206250139
5972135
45293739
216866990
206643376
2695345
51585201
91325469
234037430
249372855
106635448
253305019
192356540
67182779
103358660
220668102
113582284
183312590
214114511
16457935
171516114
50405587
198516948
121053398
135078105
207298777
164438240
198779105
113058017
199041254
197337320
173220074
158408939
112140522
112140524
220668142
103096558
176103658
71508204
115941615
241901802
16195828
181215477
91955446
103358715
116465918
195109118
67182852
196157701
150937862
134947077
205725960
16457989
45818119
145432843
11477268
198517013
80159005
197337373
103358752
142811426
168239395
178331940
134947109
213721382
136782119
167059752
166404392
114893098
116465963
38609210
178069819
188686652
160375103
168370496
96149824
252387648
142811460
208740678
248062279
189604173
114893135
208740693
217522517
102572376
56959322
148054363
35594592
52502885
148054374
95101287
36249961
177545578
184099177
168370540
193274223
130621808
226697583
247669109
192356726
162865525
84484474
66920827
35856764
59318651
113058174
2171265
51061121
252387715
241901959
199565704
11477387
205988236
253043089
192356754
194584979
55779732
174530965
193274262
130621850
4137371
138748315
195109277
115941787
98115997
171254180
217522598
206643623
193274281
103752109
48964013
177545647
25633202
213983668
203760053
72950197
249766331
44114365
48965657
23667135
116335040
177545669
208740806
67445189
177545673
72950219
196551115
192356815
247669200
103752146
177545683
72688084
16064983
85008856
148840919
261824987
162865627
127345117
161030621
193536479
69149151
106766821
102572518
161030632
249242089
177545708
158409197
102572525
98116078
37560817
138748401
72688118
199959033
72294906
189604348
178070013
84484604
8069628
138748416
165749249
191570433
72557059
138748423
165749256
249373193
170652591
67969547
167977483
173613581
174400013
44245519
10691088
184099345
10691090
53289489
128524811
18424342
173613590
259465752
41624089
194585112
106766873
10691107
15409699
7021091
220668454
56697382
225911339
197861932
162865711
67445296
59056688
45818418
162865715
253305397
162865717
28910134
89727544
141107769
82911801
195109435
210444860
138748475
50405950
172565055
199565888
14885441
170730049
206643776
102572616
174400073
102572619
77013580
210969165
174531151
58270288
14885460
126689876
112403033
135078491
196813404
79241821
11870816
77544270
132194916
181215846
240460391
139141743
119087728
161030774
104669817
112140925
139141758
27577350
253305471
124854915
21176964
63644292
161030791
249373321
109126282
138486409
222110348
132326028
249766542
121184910
121184912
209396369
193012370
194847380
2171541
248324758
198910613
107422363
73923113
71639714
158671523
32711332
203760294
205071017
252388010
33366698
136782508
53682861
54076078
98640558
154477231
212935344
92480175
102572724
217653940
216343223
14361272
51061433
204677815
253043386
37561020
11477695
148841153
90776258
174006978
216343238
111223497
194585297
207168210
252388051
150545108
1516245
103359188
112141011
73605849
249242329
102572764
89858782
205726431
241902305
194454243
143860454
253043432
68231914
209396458
119087853
193536750
207299311
178070255
98640627
27730679
174400247
57484029
170730241
27730689
214770433
37561092
192881414
208216840
103359241
98640649
162734859
139141903
119218964
198779669
138748697
45818650
72688411
155788060
38085405
73736990
178332449
138486566
213721897
135734058
7938857
19604265
87499565
14754609
109126450
205071155
220668725
71508793
48046907
139141949
121971520
196158273
89465671
176759627
24453964
193536846
41886542
127345488
142811982
174400335
75616502
148841305
51848027
729948
134388863
42279777
174400353
182133604
68100966
150938471
171909995
729965
57090927
196158322
205988722
101000052
3744629
48964467
48964469
48964471
125348970
82912114
118694773
38609788
102572924
41231232
121709444
201532292
165225351
192881543
34808714
90514315
118694796
198648714
176759695
113058712
150938521
45818778
98640794
220668828
207037341
253043614
162997149
138748825
252388256
74261410
170337193
41231275
13444014
205726642
205726643
102572984
730041
139142073
205726651
49226684
59188158
730047
102572990
730049
205726658
205726659
205726660
241902531
730051
205726663
220668872
23012295
112141252
207037387
56959947
177660554
138748869
148841424
49226706
205726676
115680214
177546199
82912217
205726682
203498459
55780316
68232157
138748892
249766879
33235936
56959969
182133721
96150499
21046241
49226716
49226720
98640871
52241384
77013999
13444088
68232186
253305851
14885884
170337277
174531581
26682367
197600255
13444099
135078916
96150533
82912265
121316362
70853641
102573065
25109517
141108239
98640912
72688657
46343184
180954131
205071379
189473813
48964633
23012381
32449575
174531625
13444139
730158
23012400
51061809
174531634
11084850
134685748
209396789
199566388
13444151
46474293
98640952
21308472
174531643
172919190
170337343
262087748
132195396
730181
174531655
59057224
136782921
195241039
174531665
5055571
98640981
149759062
191571032
174531677
67253998
143860831
174531679
155395169
149759074
59450462
149759076
58270825
52110442
174531690
220669036
174400623
195110000
56960113
174531697
70853747
138617973
23012472
113583226
23012476
57484415
174531711
172958849
16721027
57877636
158409862
210445448
174531721
138749066
113583244
113583248
214508691
19735699
197600404
23012502
38085783
186066070
174531734
170337434
116597914
67183772
253043868
155395228
113583254
188687521
174531746
148841635
138749092
174531749
239150241
239150248
129705129
170337450
68887723
113583278
96150705
111092914
73737394
183313587
14886068
41231542
138355892
174531763
113583287
145171633
241902780
136783037
205726908
170861759
24061122
170337478
145564871
209921222
172172489
147399883
170337484
253043916
252126412
70853840
77014225
174531794
225912021
46605525
138749147
58402020
188687589
113583334
95495401
49226985
46605545
74917098
249373933
96150766
25896176
170337521
86844656
29566195
29566193
170599669
107554033
29566199
170337530
4269307
29566205
29566207
192357632
29566209
173614338
29566211
113583361
29566213
113190145
29566215
173614346
29566219
59057418
29566221
176104718
262087952
164963601
151987474
189080850
158410004
29566229
138749205
29566231
247801109
102966548
130622746
139142426
249242908
29566235
29566237
239150367
75834656
248587553
179774756
239150373
239150379
170337580
239150381
4138287
80946481
21046578
162866484
239150391
106243386
239150395
261825850
230237501
217523518
194585919
98772287
11347265
150938942
57746755
75441476
130229572
197731646
29566271
29566273
29566279
215557448
95757643
168371523
101655885
239150414
239150415
217654607
73606478
133899602
86975827
207037780
25109845
162997596
260646237
190522717
170337634
162866530
113190247
178595176
71509352
162866541
134948207
249242992
144123248
155395441
98641267
29566323
29566321
98641266
75441527
29566329
148841849
51717499
170337661
29566333
90776959
239150464
29566335
214771074
127346049
190522750
189080967
46212488
71509383
72295820
84878733
113583501
207037839
186066320
186066318
186066322
58271123
178595219
205727125
46212502
111748499
115942804
21046681
186066324
212048730
197600670
182134178
170337699
162866596
203892133
162866597
173090215
106112424
199566761
203892138
251078057
15672748
113190330
170337723
102573499
207037891
132064708
158672323
132851141
52372935
103753160
196158919
191440329
217523660
195765708
196158924
126035410
32974290
83568084
204285397
102573524
177546712
143861209
138749405
52635102
89466335
168895968
6497761
48309730
162211300
76096997
128787946
113583596
143861229
180037101
180954607
71116270
208217585
193013236
195503605
19604982
80160252
68888060
41887232
55387649
196027906
174663170
127870468
49227269
126035461
162866693
189867528
204285444
111748618
174663177
159196684
190522893
143861260
126035471
255403536
4138513
119219730
165226001
56960530
205071893
240592404
174663186
106505745
46343706
143468058
53290524
170337822
170337827
55649828
126035491
254092835
116729385
199566892
102573613
204416556
13968945
139142707
139142708
25110070
248587831
99690040
57484857
47261238
468539
101656125
48178750
143468095
194455105
16328259
109520452
5449289
155395660
113714764
71509589
127870553
72820315
189867614
104015455
143861342
111748706
19342948
149759589
189867623
202450538
194455149
250553968
207824496
23012978
59057779
204416625
102049398
169682554
98641531
161031804
168896125
252388990
182134400
129574529
178595457
206251650
203892355
22619776
128788102
148842120
98641551
143337104
191571607
191571609
139142812
242450972
38217379
36382373
108471976
186066601
142812845
22488749
55649967
17901233
193668787
134293172
52504245
132851381
208217783
101656249
247932603
111748800
122234561
2172611
134293188
162211531
129574605
75704014
184231632
52373201
14493392
167061204
205072085
126035674
141764315
126035675
138749663
143861473
138749666
21309159
16066280
197601002
171648746
206251759
253306611
135603957
196028154
193013498
195503867
202450686
189867776
72820485
168371974
166405895
22095624
189867785
155395850
41232136
142288655
129574673
252913427
225912595
189867798
148842264
253306653
216475421
13707039
4269853
98641693
217524004
155789100
34940719
111748912
33761073
192358194
98641714
208742193
189867830
13969209
262874937
32843581
226043710
248325951
253306687
179513152
150021954
44902208
10168125
253568837
67446599
2172745
195241804
173483855
241903442
168503122
51062612
202712917
252389206
202712919
168503126
202712921
179513178
101656410
174401372
202712925
33761117
202712927
143468381
174401377
145434463
248325987
253306723
202712933
151988067
202712935
20260711
253306730
109127532
253306733
253306735
168503152
147662711
207333489
253306746
164947573
252913535
253306753
151463810
253306755
253306756
113059716
205727622
253306759
205727624
79112070
81209218
80947083
253306764
253306765
161425294
205727630
205727632
207693711
50931598
253306771
86321042
58271635
142813077
145434511
253306776
73344921
138749841
253306779
253306782
134293407
253306784
189999009
111749026
114501539
17901474
158672803
41232291
253306791
71903144
213985186
145434529
148842402
161032099
253306797
134293422
80947116
173877169
67446707
253306804
174532533
135079862
207824820
253306809
198518716
112928704
158017474
72296387
253306820
7415749
155789252
253306823
253306825
198649803
113059788
253306830
135079887
48703440
253306835
148842451
57485269
79243223
155396059
16721886
253306849
111749089
143468513
127477734
253306855
134817767
253306857
103360492
196159469
150022126
112928751
253306864
104802288
104802291
181217268
253306869
126298100
76359671
253306872
50407416
213854204
72689663
193669120
111749121
116336641
57878532
72034308
197601289
73738250
253306891
134817804
56698895
53028880
114239505
253175826
134555666
199043092
59582485
253306902
138749972
129706009
253306906
104933403
148842522
3614747
181217310
241903647
198780958
111749153
19736610
11479075
253175843
7940133
166537249
13576231
46213160
11479080
11479082
253175851
117385260
50669611
13576235
58665005
55650344
46213163
139143218
192358451
212936756
194324530
7940150
49227831
119089213
253306942
198518846
127346756
253306951
170338375
134293577
139012170
110307400
103098445
163522639
152381519
139143249
56961107
140978260
43984982
31533144
253175899
184100961
89991266
205727842
85010533
128657510
68102246
168503402
249505899
2173039
84879472
249243763
10954870
69675127
162736247
56961144
253175934
15149185
55650433
73607300
182134918
73738375
175712390
213723273
58271878
184101004
162343055
108996758
102574232
108996763
135080091
170338459
253175967
173877411
148842660
2435237
58009763
8333483
55126189
172959917
185149613
16591021
106899632
179513521
19605681
73476280
217131193
133638335
249243840
31008961
206907583
192358595
164047044
49621189
25635014
86583495
132196552
73476296
208742602
199567563
201795794
99428564
128788694
127346902
134818009
77670618
119220445
134293726
132983007
3746015
126953695
148842722
146483427
185149670
121972966
43854054
148842729
139143403
72689903
126167281
85666035
47130871
85666041
55650554
55912702
11872512
93137155
52111620
201926919
50669832
198650121
198650122
198650120
469260
105326861
51587340
183052559
148842764
106375446
105326871
216213789
84224286
112929054
102050081
198650145
216213795
53291302
64301352
198650156
119613745
13707570
158673203
14756146
54733110
14231864
13576505
111487291
19605823
174532927
108996929
183052610
2304319
247933253
148842821
198519114
261957966
48310607
184101200
253700433
72558930
105326930
157493589
3746135
19605847
207825241
108996954
41888092
207038812
148842844
43854174
252389728
134293857
134293859
15673702
108996967
241903976
119220583
119220586
119220582
244132204
55650669
11479404
217131371
52111728
145172843
23013747
109128052
133900660
199043449
82651517
229714302
204810623
257763710
108996995
98118020
185149830
229714312
196290956
75442573
129706383
73607567
203499923
67185043
129706389
97331605
118696343
54077848
119220632
141240723
59320734
58272159
213985697
148842914
122759589
148056485
99953062
11872678
229714345
197601709
247933359
99480070
253700528
7416243
198650292
156314036
172173749
68233656
101657019
29960638
109521343
104278469
195766734
105327055
207038926
204286417
148842959
19605968
73214420
130623957
200616408
163523033
50407897
50407899
100084185
50407901
80947673
148842975
7809505
163523043
47131111
163523049
117778924
163523052
185674223
247933424
163523056
46475759
141765104
148842995
163523061
144124405
139012599
171911671
47131130
105327101
163523072
25766401
216869376
197339649
247933443
105327110
121317896
6367753
192883209
143862283
160377357
212937232
163523089
29174290
103492114
128657942
139143704
163523098
155789851
19343900
249771643
91171358
173877794
182135331
129575460
52505125
170994214
57748007
254093864
147663401
138488367
11479599
254093873
153037359
122759728
195635764
163523125
261827121
21572147
148843059
171780666
163523131
143862333
163523135
183315009
148843073
136784454
119220807
163523144
75573832
148843082
13052490
67316300
195766861
104671824
163523156
172960341
163523158
128658007
163523159
163523162
200616540
205072988
196815454
101395036
205728352
20261475
109128294
20261478
10824296
163523177
163523178
91171432
25766505
220670573
129575533
163523183
163523184
163523186
110307955
53029492
59320949
247802485
53029494
34155128
29829753
217524856
29829755
163523195
144124534
163523198
136784506
75704958
148056698
91171456
163523203
48704128
163523205
229714566
247802501
201927295
196291209
183052937
247016076
105327246
29829774
163523216
72559246
163523218
138750606
200616597
189475479
205073048
58534554
182135452
163523231
118696609
58534564
197601957
144124582
143862439
29829799
174009000
141109930
163523243
128789164
49097390
155265712
4270769
144124593
45689525
15936183
253307576
163523258
163523259
247802555
29829821
163523262
195766974
138750656
175188671
163523268
163523269
109128388
13576902
163523272
105327303
86715082
12135115
58272457
163523281
29174482
247802578
197602003
10169045
126167761
71903961
163523290
150547164
181218012
109128412
172567262
163523298
50277092
197602021
252390117
57486060
57486062
163523315
138357499
108997374
72035073
140323594
205073165
138750739
108342035
247802646
124070679
109521688
121318166
121318170
108997407
155396897
108997410
33762083
177941283
186592037
79637285
173353767
75574054
155790120
200616746
200616747
138750764
21572395
119614256
68889396
105327414
84749110
72297270
105327417
121318202
197864247
79768380
136391484
75049790
49490750
98118457
144124737
58272577
166013763
183053124
120138565
163130181
205073226
68496202
84749132
138750794
19606347
58403663
248589136
164309839
178596691
109390679
13445981
97332061
71904104
84749161
114240362
198126443
19606380
58534765
143862638
134294382
117779313
74001265
167979889
196029300
130624372
200616820
79768433
102443896
204942206
207956864
164047746
140323715
167979909
164047751
97332103
177941385
177941389
34810766
248589197
207956880
209398673
177941393
51063698
59452306
59321232
164047761
195111827
82914200
107424661
167979925
138750873
16591768
194456479
119221154
56699811
116075429
155790246
56830887
171518888
138750889
207956906
183315370
201796523
183315373
108997550
16591791
33762224
128789426
262089650
207956916
197602229
79768503
155397048
134687676
17902527
138357695
84749253
171912134
66530247
207956936
153037769
132328394
105196491
84749263
179776464
104541137
182135761
105327573
109521880
182135770
108997599
137047008
16591839
13577187
13970404
194456549
205728739
207956967
71904233
136522730
209398763
49226690
2436077
49226692
108997620
97332214
23014395
253176828
7941117
126561277
31140861
31140863
31140867
213724164
34286597
84749318
158673927
143862793
53292041
31140875
194456588
85011469
66530314
140717071
253570064
67316755
196029460
27733013
71511059
183053335
106638359
161426457
148843546
199568405
23014427
253307933
14109174
207957025
14232609
203762723
217525282
168242209
197602338
21048359
199568422
164310055
213724194
253570091
108997676
207957037
147008553
207957041
262745138
53292083
84749364
98118709
52374582
7941173
143862840
66530356
194325563
207301699
209398854
139275336
2436169
121318475
207957072
11480145
248589395
161295445
207957078
103754837
207957080
129313880
207039578
11873367
91565148
127478876
207957086
152644702
58272863
59452514
207957092
96414822
198126695
109522026
195767403
207957101
63122542
181218416
73477233
173354097
115158131
158674039
161426557
56306814
14625921
84749445
115813513
133246090
68496524
128789645
143862926
79637646
19737744
161426577
172305553
194063506
112929938
194325657
20917403
84749469
114764962
82914468
51063972
74919083
148843691
206253229
173354164
52112565
143862966
126299319
248982709
215559348
25111743
67185855
198651074
43723971
29830344
208743625
97332429
188951758
205073618
130624724
177810644
144125144
36777177
196291801
138751197
253177057
35204326
35204328
74788073
16854250
37170411
84749544
84749548
20917481
253177064
173354224
11873518
90778867
114896123
100347131
33107196
143863038
470272
470273
119221504
194456833
4533505
470277
143863047
175582472
252259593
207039756
15543567
173878545
121318676
68496661
148843797
161950999
130624791
171126047
29568288
26291487
11480355
194456868
207301923
84749605
196554027
187116854
13577528
93924666
175582523
143863100
155790650
74991769
139275589
119221575
175582536
470344
198257992
58273102
33762644
110308694
248982875
41233756
143863133
94186845
186199388
169553250
155397474
172436841
119221610
96284015
96284017
85011827
205729144
43855227
58797436
12529021
217132415
104541568
175844738
165883266
7155075
138751365
34811270
164310407
7155079
139275657
148843913
7941516
212938124
195636623
93269391
188951953
19606931
175582612
183053717
45690262
7155099
98119068
106376607
28126623
198520227
161951141
85011878
51064231
187248040
252390823
84749739
217525683
168373684
153824693
84749750
183053751
8072632
151596472
33893818
168766906
171912635
151596476
173354421
50933183
127348153
22621633
173878725
118959558
72297929
194588106
188952011
109915594
140324300
84749776
89206226
115289554
126037460
89206229
143470038
197602775
194588117
119090649
225258970
29830611
84749785
57880025
128134622
17903071
138227172
143863269
128789990
174403047
85011947
84749805
95497713
126037491
108604915
171912695
162475514
21835259
85011964
79638011
157494782
122760703
157494786
225914371
48049669
21835279
95497745
105983507
21048852
190524949
22359575
121712152
229715481
183053850
8597017
83570200
148844059
184495647
201928224
216870432
115551777
143863331
208219680
261959199
40185382
26553895
220671523
84487723
247017004
31141421
197602863
138751542
139144759
247017018
252784186
183053883
247017021
128790074
147664446
205073984
82914882
247017028
182136388
188427849
199568970
139013708
115551823
247017041
115945045
26947158
144125525
7941719
87895638
158674522
127348313
128790108
37170783
2436707
104017516
34811502
144125552
247017076
199044729
46214778
197602941
143863422
44904062
153038466
148844165
208219783
198651529
97595018
155790987
52375183
177548946
212283032
89206425
160902809
109522587
109522593
198127266
128790180
167980710
247803560
27733672
53030570
91565739
46214827
248196781
89206446
115945135
148844207
122236594
10038963
76099252
138751668
484331
229715642
50278078
89206463
168898239
207302336
50278084
470725
165883589
5975751
247017160
197603012
144125641
196161227
213855948
170995405
84750029
56700617
247017168
14364369
100609740
84750036
207564501
247017174
139144918
59322072
92483288
33500890
89206491
242298588
247017181
170995422
165883613
89992928
27733727
13577957
27733733
139144933
147664620
120794861
2436851
148844275
247934710
43855609
144125690
21180158
148844287
55914240
13709055
128790274
19345155
199700226
87895815
253308680
14757639
252784394
67186443
196423431
203763467
31534862
732944
207564562
103886611
122367764
27733778
52637465
37564186
27733791
68759328
109915937
103886626
199569189
158674725
84750119
59715370
16461612
261828397
177942319
97070895
2699059
84750132
251998006
244133688
118959933
248590142
244133694
128790336
110571329
174272318
229715780
199569223
262877000
23015242
54472523
201928523
88813386
56962894
252915536
62336849
105328466
94449491
148844373
89206615
170340186
205336411
57749342
173354846
125349577
170340198
205336422
155004777
108212074
262745962
185806700
19345263
66924401
253570931
255143799
137572216
207695736
119615353
37564283
29831031
136785785
108212087
134819711
103886721
192884610
37564292
229715847
100347784
72560521
196423559
21835663
37564308
39923606
115290011
138358685
137572253
89206692
89206694
198127526
13709224
103886767
5844915
72036275
148844470
139145145
76099517
173617086
96284609
199962562
22622148
199176135
21049289
84750282
161427406
139145172
72298453
26685400
207564765
130756573
67436945
37564388
54734821
37564391
37826536
57487339
72691691
37564398
100610033
89206773
22622198
100610038
48574454
254095354
37564411
173879291
36777979
19345406
208744447
37564415
213987323
100610045
100610051
2699265
89206790
37564422
263401480
12005384
262877194
173355018
79245320
134819853
96415758
186068998
173355024
108212241
87896083
197603349
37564438
85012501
155004952
37564441
74264608
89206822
253308966
115945510
37564457
115945514
48967721
134688812
157102120
171651120
100610096
54341682
19345459
146223155
51720242
100610102
100610107
111095868
66924605
119484478
108212286
155529280
174272576
216870978
100610113
147796030
162476105
138621002
37564492
37826637
100610127
59453520
100610131
57487443
199045206
216870999
143863896
100610139
253309020
160903261
86061150
217526367
207302755
57487461
209399910
196161643
173355117
58667119
216871024
176107631
216871028
97333365
101396598
75706489
207564927
162476163
115945606
199176327
54997130
126038154
98119818
262877323
262877326
138621077
196161685
147796117
144126103
173093013
157495451
115945631
143863969
138358946
144126115
144126116
194326691
115290278
142815399
169685153
37826721
142815404
86061231
85405872
14758066
72954037
169685173
72954040
22884536
152645820
77672637
138883262
207040704
34549954
59060422
173879495
76099784
134820042
193147083
77672652
5845199
173748432
15413457
240333009
263401683
147665110
208220377
72298717
198127837
77672671
173355230
86061278
52637923
5845221
188428520
248066284
262877421
115945711
146223343
100610288
52637943
86061306
169685242
153170172
48050429
90910974
146223359
196161793
207958276
171520260
207958277
116075298
89469190
90648841
251998474
212283660
110309645
145305869
262877455
138752278
155791638
96284952
52113690
193147162
86061340
173748510
134820127
206516511
31142176
186200354
165884195
89207076
59191589
62730533
144126242
158019885
43987245
253309231
142815538
4209833
173355316
103887163
175190332
73609532
107032896
14758209
207565122
134820162
204288324
471365
226832708
198914378
471370
92090701
8335696
16200019
85668179
22491475
200618325
25899352
175190360
100610394
26292568
199045468
148844892
117256542
143077730
262877538
184496482
172962148
208220517
184496488
184234344
186069354
186069356
5845357
186069360
220672373
6631801
115945850
208220540
143470973
162476414
115945854
184496510
134820225
184496516
115945862
73871752
148844937
59453835
115945868
184496525
206123411
184496533
153825686
173486487
104935833
22622618
165884315
184496539
147009948
117256607
56439203
175190435
161952168
50016682
128659882
242430382
184496563
184496571
174535102
242430399
85668288
98644415
207958466
76755395
196555204
134820294
155398599
103887306
134820299
169685451
76100043
184486781
206123470
242430416
73347538
108212690
135082456
84881883
100610524
155791840
96416225
115945955
174404068
32977381
173355493
4534759
103887335
253309417
103887337
174404075
199700972
253047277
206123502
187511279
254095853
247411187
100610547
100610549
169685496
57750009
10695162
71119355
141111804
16855549
53293566
203502077
187511293
134296065
22884866
173748737
46215676
100610563
187511307
208220683
120533519
103887375
16855568
205074962
157495827
253309460
67842581
100610581
137572888
58798617
216216089
199963162
103887386
139670047
98120226
175190565
187511334
172175911
186200613
48181800
74527274
5452331
137572908
173355562
207303211
5452335
187511343
87896618
43332141
135475765
72036917
207303223
187511352
68235831
31142458
141242939
116470331
184758845
253309502
196424251
176108096
34550331
165884483
200618567
187380298
207041107
10826325
58012245
173355607
169685591
141242969
137572954
207041110
137572956
20918878
174273120
157495908
11088486
144126568
262877803
54997618
147010165
58405495
187511415
187511419
199963262
225915521
75182721
225915522
109654657
160903813
75444870
148845189
150286978
196424322
58405512
248590987
54080141
181219984
173355665
125907602
165622422
103363223
225915546
93270684
72954525
125776542
195637919
138359457
37958307
196424356
259076773
138752676
4534951
113717923
184496809
162476716
10826412
160903863
20918970
174404282
83833532
253047487
247935680
198914751
96285378
71905985
115552964
207041222
187511494
187511500
74003149
178729678
115552975
160903888
184496851
94188245
212939477
115552983
128791256
52638424
168112858
106771166
20919009
72037090
5845733
103363306
187511530
175190766
187511541
134558455
36647675
107033340
248591100
188560126
122761982
198783743
162870017
173355771
31142653
253309701
243741449
72037130
113718032
194327313
181220114
166459154
22098705
174142226
29963030
133772057
79770394
74003228
86061856
82916131
195113770
206123820
198521645
125383476
174404411
205730624
14627651
144126791
248066887
175190858
192230219
174666573
155792207
154219348
68236116
247411545
173355866
253309788
220672868
75314023
73610090
73610092
205075309
52376430
73610094
10826608
73610096
73610098
75576179
73610100
20919152
73610102
12137335
73610104
69022585
73610106
45560700
167850877
157234047
253309824
85668736
73610112
73610114
170079108
73610116
115946374
11613060
262747017
35730320
197735312
19739536
49492883
174404500
82916248
243086236
185807774
172307358
82916256
72692641
147010466
167850915
169816994
31142817
121259696
184628135
91304872
52376490
109917100
5452719
116470705
189608883
35730355
72561590
76755895
26686392
75576247
253309888
192230337
241906626
167850947
136786886
125383626
19739598
195769301
133772245
105591767
201798617
113062875
207565791
206517217
128791524
159855589
26686441
199701482
72954860
262878188
167850991
207565813
138359799
116995063
191575032
58012670
141243391
102446083
23802884
253309956
72299531
83047437
207959054
166147090
109392914
48575508
180995985
155268118
196686871
206648344
167851038
23802912
196424736
56439845
144127015
146224171
158676016
31667248
118043700
43332661
192230455
138490937
196949052
120271935
135476289
104543298
180958273
23147586
6894661
83047493
36516931
142700177
129578064
207565906
3224661
83833947
72823899
144127067
196424795
208745567
14759011
253310052
65877094
115946599
116601959
83047528
137442408
207828075
235877484
70857839
77149295
207828081
137442416
176370801
114504816
162215027
147010678
68236408
26293371
104019068
48051325
207828093
76100731
146224258
207565960
253047944
177943689
155268238
91042960
176370836
223818904
207697048
130364569
194327710
144127135
48051367
227357863
35029026
248722605
41104558
200619183
194327727
207828145
87241905
176370863
113456300
187643061
197604533
54736055
16331967
170079433
157496522
106378442
87241932
176370892
92484813
72168651
176370891
66663634
7156947
48444631
41104599
129578199
99955932
223818979
87241958
235877607
11875560
149239016
87241959
147010795
7156969
14759149
131020014
15021295
126170351
131020016
200619246
138662215
73872629
138491127
87241977
223819005
155530494
75445503
13579519
111621377
188560642
123548931
150549759
77673726
104543494
253310215
188953865
209401100
153957656
58668313
195507484
69023007
203765024
196949281
188429605
87242023
48575783
95892777
172438826
125252906
127350057
141767983
57750831
72037681
223819057
196293941
170472762
133248317
188560703
68236609
107033922
188560707
139670852
94188872
19346761
164967755
86062411
205600078
68629838
115946832
206255442
261829971
118175061
125252949
48051545
173356379
5977435
147666269
118437215
64042336
188560737
52376930
200619362
195638626
83047781
125777253
223819111
188560744
34288994
188560746
184759653
178599276
131413353
36779365
207041903
251475312
184235375
178599279
178599281
147010928
115946869
223819125
178599287
180958581
56702325
178599290
188560763
253310332
149239168
128791937
173356418
206648708
195638661
52376967
35861895
35861897
68498826
33764746
186070412
207697294
180303250
162477459
158676375
142030232
167851417
199177627
166147484
54343068
57750941
87444849
5977505
253310372
5977509
56309159
169817512
235877801
55522730
104543658
139146668
72168876
162215338
96023989
42284472
249247162
13317563
116995522
33502661
104150471
36386251
173487567
173487569
173487572
139146711
58406360
62862810
133248475
118175197
97072606
22361566
173356509
145700319
107427298
125777379
76841870
73217506
198129126
5977571
159725032
175191529
5846507
7026159
36386291
171914742
111621623
180958714
173487611
216217084
203765244
120796676
200619524
71644682
144520722
51328534
172439062
87242263
21575193
184497690
190133787
201012764
169817629
120534557
47003172
71120422
146224678
200619559
21575209
180958758
230110763
261830187
115947053
197211687
115947060
173356599
180041272
55653951
40056386
157496898
261961284
43857477
72169038
68105807
248591952
136656465
192886350
94582355
22754895
32323159
198915675
133772892
106378845
34289244
79640159
139146848
54998625
55653986
175847012
162215525
94582383
87373427
249771635
54998646
35599990
155530874
76101242
155530876
14759548
76756606
138753660
252917371
90650241
249771645
193541759
73873028
126039684
203765381
128267911
249771651
188692105
197211786
184235657
249771661
126039697
44250771
249771667
22099608
180958874
35206810
175847070
155793055
249771679
214775466
144520875
77149871
253310639
162477745
126039727
68630195
77149875
56047284
148059827
197211832
22099641
22099643
118306492
139146944
142554818
42284739
472773
142554824
72300236
263272140
43857617
23017174
195245782
120534744
70203102
22492897
197211874
128268004
203110117
146487017
253310698
119617263
158676719
142554865
52508403
123549428
170735347
175847158
116209399
87242487
43333372
72955646
188692222
201930496
155924226
179517188
72693511
253572877
94582545
155399954
145700626
35469077
2009059
71907095
217921304
472857
57751321
230242081
48314146
206255908
138491690
58799919
186070832
171783985
8861490
252131124
115947317
138491701
43857717
90519352
201013049
113063738
170997563
155531065
184629054
72038206
66664256
249247554
170997572
66664260
88815430
96155463
138491722
56309579
131020623
193148753
144127827
187643732
55654231
47134551
184760153
40056666
158807899
140982108
113063772
73611098
73873247
138491737
138491746
96286564
96417637
249771876
138491753
138491754
193410924
253310830
146487158
142555000
235485049
56440702
190134142
207304576
91830145
204421003
126039955
12007319
248723355
115947419
128268189
146618267
166147999
19740578
47134628
138491813
184629156
191575974
176633776
138491828
22886326
15284155
47134652
191575999
155793346
6895555
73742275
142555077
119617486
115947471
249247699
473044
159725526
121059286
193279960
203110363
253310940
3618793
3618795
139540460
207042541
162084845
138754033
68892658
22099954
95893492
177158134
107034615
248723449
158808057
204421117
79378430
6764543
207042563
156710916
173488134
197605382
68237322
196950026
14891019
156710925
103757838
54343694
79116304
149764110
22099996
251738141
207042589
48314399
6633503
261961763
28915750
251738151
251738153
251738155
209401902
139147311
185940018
248723507
129710134
142555191
67844152
103888950
199178295
6633531
113063992
197605434
138754110
58669121
22362177
604227
164575304
604233
72038474
138754122
155269197
22100046
10303568
167852112
84228177
114505810
247412820
473172
126695509
6633563
68892765
77150303
48314464
113064033
225917026
108083301
32192615
143865962
176765036
46217325
79116398
175847533
76101744
142030961
68106353
128792692
191314038
155531383
174667896
125384825
147011709
6633599
126040196
175847556
103889032
187644041
76101769
159725707
217135243
128268429
56047755
180959374
77150355
113064083
125778067
32192662
204421274
79640730
73611420
57882778
113064095
137181346
148715684
32192676
68106406
192886953
235878571
183056555
38484140
59455662
187381935
16857264
86063280
199571632
73611446
93272247
193280190
59062465
177158339
144521414
97990855
213858502
253311179
186333389
186333391
73218258
188561623
58144984
115947738
72038620
140458206
252131553
178600165
103102694
128792808
253311209
186333418
186333419
159725804
126040299
109394154
6764783
73742576
59586792
144128235
180959475
168114420
11090165
97073398
103102707
12007672
179517689
31144186
249247993
116340984
176240892
103102717
103102713
103102721
103102722
171653379
103102723
253311239
34158856
103102729
143341834
14760204
46610702
75184400
103102741
107428119
103102743
206649625
253311258
103102747
58931485
147798302
176634142
103102751
183056673
253311266
103233827
31144228
75577633
19740966
58407207
14235943
69286182
175847721
73742632
103102759
103102765
103102761
196950320
126040369
103102769
103102771
253311284
48314679
103102775
103102777
208615739
253311293
104151358
103102783
103102781
127351107
119617859
183056707
103102789
103102791
103102787
103102793
103102795
149764429
103102797
83573071
103102801
115947859
196950355
197212501
180959573
143866197
56047959
177158489
103102805
253573467
193280347
104806750
128792926
183056736
113064289
253311333
183056741
72300903
205338990
263272815
145176944
127351153
147011952
111491441
138754419
98122101
177158517
121977210
187513210
96418173
194066814
14760318
70251005
57751938
103233923
253311363
249248131
10172806
91437447
242451934
253311369
209402250
136788363
113064331
142031245
183056782
249248142
111491472
113064334
162478480
128268691
22624659
52378005
67320212
164051350
15415704
103102873
73611673
997782
16333212
127351199
225917344
72300961
107428258
148715940
73218470
78985640
167852459
136395180
188955053
144259503
197212596
262486461
77937086
10303935
87898560
22100416
59455937
143342015
185678276
155793861
22755779
193149383
126040522
113064395
20527567
19347925
116341207
57752024
143866333
183056862
128924126
45300193
128793060
113064421
241908198
120666596
207698410
104675819
177158639
225917427
82917876
184236532
207567350
128793080
73611771
66533884
3750399
263404032
158153219
248986117
22493704
78985737
174012939
125254160
127351313
253311505
179517970
97991189
56834583
263404056
186071576
10172954
191314459
206256666
57883171
128268835
116341285
54475299
177551911
48445992
10172970
103234091
51984941
48970286
247806510
202717747
25246262
246889015
185678393
202717755
198523451
44775997
175848001
109525571
143866442
248592971
180042318
77675087
74005072
262748751
215562831
242432601
64043609
202717788
20265566
126040679
115817064
10173033
103234152
143866474
143997543
57752167
197212780
113064560
248068721
202848885
186333813
104807031
25901690
68500091
51591803
126040698
22755965
11221632
50674304
103758469
202717830
132201095
206256779
252131980
97073804
97729163
147798674
202717845
125778584
177552025
77544091
116341404
171522717
79116958
249248411
202717859
22100644
197212837
57752229
206518952
193280682
76102315
171915948
247413421
35863215
204683952
201669295
45824687
24984248
67844795
72301248
217266880
248593091
138361541
113064646
183319240
184629961
201013962
68369099
206256847
183057103
127220433
54737617
126040784
72694481
146094805
198261464
110443230
137181919
155269857
75971297
111098595
137181924
195902180
170605282
185547495
137181928
174537448
201013994
113064682
22362860
12270311
248593128
67451622
169818860
253311729
1391347
72694519
72301304
103103226
249248508
206519039
113064703
1391361
142031617
226966275
48052995
45169413
84884230
23018251
248593164
193280781
104151821
97073936
198261521
263273232
137181971
41892628
137181973
104151827
45169432
127220505
188168985
207698715
109525788
1391389
137181982
181746461
176634651
137181985
248986401
138623774
59456292
249772837
176896809
198261546
72694571
137181996
249772844
137181998
26164016
179780403
249772853
249772855
14760760
57752378
109525819
137182012
115948350
191576894
249772863
103103297
10173249
75709251
199965507
10173253
109787974
109787969
249772867
10173257
137182026
137182025
137182027
135478090
128793417
133118799
94583629
199572298
65092434
31931218
41892692
248593230
140458831
104151890
10173272
194198359
198261585
137182043
249772889
116996957
249772885
176896863
249772895
10173282
137182051
249772901
176896871
249772903
176634729
194198377
2833259
45955948
138623853
249772907
176634736
249772915
103758710
89602935
249772919
128269177
249248634
3226491
137182076
3226493
261962619
242432889
77544314
133774209
170736514
68107140
110181253
10173318
56048519
175848326
141114249
199179144
49363846
119225228
176634765
128269191
247806863
10173328
206388113
178338706
113064850
198261650
71908245
114506641
201014168
104151960
180960154
199179163
10173340
65485722
44776354
48708514
10173348
175848355
4406189
127220655
127351728
45169585
198261685
72563639
199048120
100219833
174930873
201014204
127351740
113064893
198917055
6765501
48970691
176634822
183319495
201014218
157498314
57752522
127351763
87899093
58014678
176634838
128269270
173882329
127351770
249248728
58670044
146226142
147799009
247938027
48970734
201014255
142031856
144129007
167853042
115948531
173358068
1522675
206781433
127351801
122239995
143342588
103889917
45300730
59325439
99040257
10173442
187382788
74267653
242301958
247413767
52771844
177552394
116997131
1522699
198261773
155139086
127351826
51592216
176634906
198261787
162216986
252132383
174406688
199572514
127351846
261962792
125910056
113065002
186072104
84884525
127351854
58014769
144522289
207043635
51592243
148061234
127351862
67976244
158415928
138624055
10566714
14761019
125779007
177552448
183319617
196164673
101137475
169294916
183319621
179780675
197606464
198261829
193281097
139148353
183319627
260127820
176634956
248069198
113065036
198261840
12270674
202849364
242695252
178601048
56048729
46611549
197606495
176897122
202849379
82525283
201014378
141245546
193281131
198261872
164314228
73612405
113065078
248986743
113065081
73612412
176635005
201014399
57752704
223820935
102055047
206781577
127351946
85539982
67845265
113065106
145702033
201014420
58670228
68107413
58277016
155532442
64306330
127220892
198261915
132856986
201014432
16333985
198261922
148716707
127351972
55524516
69024935
180960425
176635053
209403056
90782898
124861619
80952500
179780787
73612470
198261943
198261944
196951225
180567219
22625465
194198716
113065152
143867073
176897219
94190791
191912039
201014473
217529546
127352015
169819346
176897235
34553044
197606615
174931161
16989402
176897243
81738972
196951261
176897245
194198751
77544672
104152289
149765353
169819370
134429929
253312238
152780015
68500720
152780017
223821042
170343664
117783796
113065202
248724721
152780023
180567288
73743607
235879674
57752825
235879676
152780031
252394752
101530879
198262015
115948803
170736900
130104581
48315654
198262024
127221002
71908618
180567306
107035918
180567311
51068176
247938321
130104594
61553939
223821078
180567319
98254103
145702169
217267484
180567324
180567327
127352097
180567330
198262051
180567333
69287207
37961000
180567338
180567343
167853360
130104625
206781743
125910324
113065268
247414070
474423
474424
180567348
166411572
198262071
180567357
223821119
171916607
180567362
180567367
180567369
127352139
75709775
166411600
254098769
73481554
180567379
125779285
180567382
180567383
7421273
130104668
142032221
103365981
29965663
127352157
180567394
74792291
109264228
180567401
74792298
252394861
180567406
57884016
124861809
170343794
103759219
115948915
55786869
235879796
192363895
101530999
180567416
199048570
180567418
166411637
57490810
89294911
90783103
133774713
112672129
474498
155532675
127352194
180567428
125910406
73743751
127352200
134561161
125910410
164052366
127352207
43072912
42941841
180567444
75447701
180567447
127352217
94584219
121322908
180567451
37961118
96288159
127352226
2702755
77544866
201670053
235879847
180567464
90521002
155794858
37961132
180567469
189218218
197606831
180567472
67976622
94584242
180567475
186203572
235879860
112672182
174013879
201014713
180567482
180567483
235879870
180567490
103759299
127352260
86982083
57753026
180567495
108477896
170343880
127352266
195771851
180567500
180567501
109264336
140983761
98647508
180567510
192363994
180567515
113065436
37961184
180567522
209403364
130104806
180567527
180567533
73743853
246234607
252394991
180567537
108084722
173751794
113065461
122240502
201014776
180567545
37961210
188300794
196951548
127352317
201670142
180567548
72039936
122240513
38223362
180567553
235879937
125910529
180567558
158154241
201145860
180567561
127352329
261963275
160906764
189463255
197344777
37961231
201145868
122240529
139148817
235879955
74792468
56704532
122240534
72957463
97861143
249249305
16858650
35733018
157498908
122240541
164052509
253574687
206650911
122240545
72957474
21708323
127352358
214777383
174931496
199573033
201670187
190791213
97861165
93404721
143212081
174669363
59063860
157498934
72564280
235879993
122240572
155532861
37961279
140983871
51985983
175193669
235880007
139148871
199573065
46612045
177946190
194199121
72040019
213859923
91831893
37961302
116997718
162217559
174931542
175849048
165887577
10174040
235880029
58277465
144522847
23805538
13302505
111230566
242695784
64306795
126959214
200621679
113065582
47267440
122240628
206650997
191053436
50413183
178994817
142425730
208223874
253443716
204291715
16465537
125910663
24198792
139148940
84229772
78986895
41631378
167853717
235880086
58408599
196951704
111230620
204291742
235880095
173883042
113065637
176897703
205471400
206782120
151844808
235880106
30883500
164052651
176897710
157499054
201146035
37961399
24198840
122240697
138755770
107036346
197607100
138362554
43335354
201146047
252657344
113458880
127745730
474819
167853760
201146045
91978289
209403594
247938764
45301453
22363854
37961423
24198864
263405265
67845839
144129748
205864662
37961434
173883101
72302308
82151101
98254568
235880168
474858
125779694
117784304
247414512
122240752
73613041
67059442
167853810
37961462
193150711
51592951
185024249
139149044
142032640
199704320
180305665
247938816
193150726
37961479
23936775
242695945
196951816
175849223
178470668
194461451
48316174
16858895
158416656
171917073
125910802
252002064
139149070
165756694
252395286
215039768
93273882
194199323
37961501
107036446
54607648
185810723
177422117
31276839
235880237
180567854
72040239
45170479
155795249
139149105
76103473
155795252
49233713
180567855
57884471
180567864
173358903
180567866
138755896
180567868
132857661
196951871
172703558
194461511
180567880
7552841
180305739
53034828
180567884
213860175
196951888
180567888
43859793
77545303
181485400
125779804
54476638
180567903
139149151
51593057
122240865
180567906
127352676
35733345
252395367
66797418
203505514
180567916
220675947
143867758
175849323
73088881
180567922
155533172
180567925
132857719
149766009
197345146
58802043
180567930
253312892
58802046
167853945
127352704
180567937
189611903
252657530
185941894
180567944
92094345
62341001
107036553
235880328
110575502
140459918
155795343
180567950
180567951
235880338
217530262
54476695
125910934
126173079
72302490
127352731
135217055
132857760
140459941
197607334
127352743
94977960
107036582
174931878
252395432
170344364
59064237
14499758
127352753
100351922
249249713
143867827
180567992
127352761
206651321
180567995
101531583
48316352
132988868
261963716
180568007
1392589
180568015
180568016
235880402
248070100
125910997
122240983
180568023
74792922
11223003
124862428
180568028
181223390
127352798
180568030
48054239
104415200
206651357
180568036
166412261
202063846
225918951
180568041
173883370
166412267
475119
127352815
475121
21446642
180568048
180568052
193413110
475127
180568056
127352825
114900983
16334843
174014456
135479293
475134
180568063
84230144
127352833
125911042
184762367
180568068
115949573
196296710
180568072
170868745
66928652
122241038
209403918
180568078
127352849
147800082
180568083
255410196
107036687
235880465
143867924
180568088
77545488
179912730
202063898
180568093
217268254
164970527
150814751
175718431
107036710
155533351
180568103
167854120
253706286
202063918
52248624
113066031
180568114
74530868
73744436
127352886
253313080
180568122
158416957
58671166
202063935
180568127
180568129
170606655
201146435
180568133
180568138
4931659
145702987
72302666
74793038
180568143
158416976
148586570
148848715
68763731
180568148
145178707
207044694
180568151
173097048
180568154
172834906
158679131
125911133
41369694
97730654
98254942
194461788
157499492
163659876
130891879
257507435
179781740
127352942
122241134
103891055
261832818
114507892
68108405
51200117
114901112
127352953
214909050
202063996
162873470
167854207
117784704
261832834
125911172
70074502
212942982
107561097
35340426
66535563
242434192
125911185
113459347
45170839
216350872
212943001
139149466
52248731
203505826
90783908
178602149
248463527
45301929
145178794
16859308
180306094
104415407
196427954
195510451
16990389
183320757
51069112
257900730
144130235
253182140
1917115
166412478
49234107
249249985
205996226
146620610
97599684
171000003
85672134
47136967
10698950
157499594
14762189
475343
111231184
127353041
214515922
166412496
475348
166412497
167854287
174932178
166412504
75448534
139149521
148717786
148717785
216350941
138625241
103104735
162349280
162349278
162349284
206127333
39534824
117784809
69026024
151994603
103104747
127353069
107036909
111755500
116343027
51069173
253313269
127353079
108364843
162349307
165888253
183058686
202064127
216350976
57902939
55263491
58409220
225919237
166412549
158810375
249250054
206651654
199049482
246890765
166412558
156188944
166412563
177946901
158810389
13451543
114901274
203899164
201015582
166412575
193151262
195772702
167461154
89473315
72958242
194461987
165626142
115949863
178077994
166412587
166412588
113459501
252657962
161956140
144130357
43335990
158417206
139149621
146620729
203899194
103104827
76103996
52248893
203899196
252002620
25903423
48578881
66404670
166412611
166412612
72302918
156188999
46612808
144130376
166412614
104415561
156189010
156189014
158679383
156189018
185243068
253182300
253182301
252002656
99041633
249250147
97599845
125911397
253182312
184762729
13451626
166412651
198918508
7815533
197214575
253313392
73744753
193282416
173883763
253182325
94585205
131416439
53559669
253706613
16859514
113066364
253182334
247677317
73089414
100221319
140329351
193413512
138756490
156189068
225264014
21053839
14762384
166412689
42287509
166412694
113066391
156189077
249250202
140329370
34423196
128270749
20076079
253575583
150159776
169716341
166412706
156189092
115949990
52904360
252002730
207831467
131416492
247939501
131416491
158417328
14762417
206651826
242696627
208093622
195772854
43860410
51069370
74793404
76104126
20267457
4932035
71778756
20076087
225264070
171000262
96289224
198918601
143212999
164970955
103104971
999883
999885
475595
107561427
999891
249250262
204685784
193282521
101532122
194200027
113066460
65094109
105595358
250560990
178733535
204685792
57491938
204685796
249250283
68370924
167461356
14762479
23413233
22364658
103105011
46612981
253313525
165626359
103105016
14762488
215040506
253575675
208224761
22364669
76497409
4932097
31670785
158417413
192365064
178733576
53297678
139149839
263275024
204685845
151994902
225919511
242696728
124863001
253575706
246891037
249772865
202850853
2179623
74793514
73613871
107037233
162742835
178078261
107037238
158679607
63914552
213860920
64045621
196297275
197870141
111755840
247808577
163791425
253313603
204685889
19481160
206651979
15942222
51593807
6242895
184762962
202064467
53035604
249772875
157499992
57885273
35865178
197870171
249772877
5456477
35865184
193413732
131416678
193282663
10306152
7029353
21709416
54346344
54346342
54346349
252002926
74793583
249774705
47268466
206127731
90784372
124863091
54346353
46613111
111755895
125911673
86983289
89211511
94585468
54346357
74793598
54346361
208093824
54346372
201802378
54346380
55657101
54346382
173359759
54346384
229982871
133776024
139149977
54346392
190792347
115950236
97075869
172835485
125911711
36389532
54346398
54346400
51462820
54346407
15942314
197083819
204685995
138756781
125911726
122302524
196559531
105071281
43336369
1000115
77546155
54346421
177947318
158417590
107037368
54346425
221725370
19481275
54346427
133776062
247808702
177947326
214909632
198525634
54346434
54346431
247939782
54346440
144130761
263275210
100745930
219235020
197214924
125911753
150815439
184763085
165626577
93274834
54346444
113066708
54346456
177947353
198525658
54346458
257770206
103105246
54346462
204686049
54346468
54346473
23020266
191054571
249774828
143868653
186598129
54346486
101794551
209273592
54346488
197214973
198918914
54346498
105333508
225919751
167854856
197214987
54477580
54346508
54346510
41894672
6243089
15418134
214909719
201802521
54346525
54477598
54346527
73089824
68141317
125911844
198525733
167854885
225919783
54346532
15942442
138756908
32326446
54346543
115819312
126960435
242172724
76366645
196559673
147931962
178602814
155271999
15942464
57885509
131416902
136790857
68141325
196559694
125911888
26166098
107037522
191447896
158417754
73745244
164971357
136790878
113328993
109658978
247677795
158417762
125911908
136790884
56574824
170345321
165888874
73614186
177554281
251179716
36258675
35865460
39273333
194200439
139150199
177554295
225919866
72303485
6243199
116999040
158417793
128664450
136790914
476031
109134728
212943754
121979786
143213452
125911950
55002000
186860433
107037586
201802644
54672674
125911959
167855004
107037596
138558756
249250721
131416995
54672677
117785509
106644389
195773348
102056874
73221035
199050156
84892509
109921198
7029681
54672680
203506611
68109234
249775036
48055229
197215166
178602943
86066109
6243265
35603396
116999108
247808964
187515848
24855497
180044750
225919953
198525908
116999125
191054805
10699737
151995355
44123106
125780962
199836644
198788066
263406571
159597548
172966894
109659118
21709809
196559859
86066164
54346741
103105528
225919993
128271352
116999165
74793982
48317440
109921281
109790213
257770511
128926737
94585876
174015511
38355993
113198107
35865629
94848030
86066206
48055328
139150369
109790240
127484963
103629860
53298213
48055333
201802796
86066222
107037744
158417970
144393268
11224117
249775156
131023925
77546552
199705661
235881533
159597633
198788163
155796548
201802822
67847238
125912136
155403337
155010120
869452
45171790
108217423
158418003
869460
214910037
198788181
120538198
146621523
194200665
56575066
25904218
103105628
120538205
165889119
229721184
208094306
137970787
197739619
98255974
111232103
10568809
177816682
101270634
253576300
137970795
101270638
190530668
52380784
58803313
109134961
128664691
107037812
125781104
101270646
101532791
158680179
144131186
109790331
101270652
109790335
101270656
159597698
249775235
137970820
10699906
190792838
1918087
125912200
178603142
54346887
7029897
109134991
16860303
198788240
253576338
101270677
197739670
173360281
120538266
120538268
72303774
101270687
107037856
103105696
170869923
151995555
248595620
257770664
107037866
98649259
94061740
21972141
165758126
16991402
128926894
101270705
86328492
120538283
120538291
7947445
178078902
4932791
124208312
92619963
178078909
178078910
120538304
101270721
120538309
73876678
150815943
124208327
51725509
199705803
120538318
178078930
92488918
20137176
120538328
190792924
210978012
48055521
201934050
109921514
124863724
54084845
54609134
174540016
107037937
54084850
205473011
54084852
35865845
49235190
54084855
54084854
191055096
150947066
54084866
86066435
150947076
249775371
249251083
100222219
120538382
261965071
186860811
109135121
36259088
46613780
127485205
64308501
89474329
144131357
738590
253052190
210978080
10700065
242042150
158418214
114902313
21710122
209274154
120538412
197739823
174933301
163661110
146621749
174540089
163661113
52774202
80692540
210978105
80692537
174933311
174933306
92489025
109790523
174933316
174933317
120538438
83576135
51987784
194463052
120538444
197739852
249251151
177816915
120538451
67323221
176506198
167855446
170739032
162350432
120538466
137971046
4670825
127485290
144131435
107038063
168379760
109135216
146621807
165889391
197346677
190530935
125257082
210978172
120538498
120538500
185288069
107038085
120538501
124208516
16991626
137971084
249251213
22365582
21972366
98911632
174409100
120538511
137971091
148063636
95765910
90523031
249251223
114771353
199706012
201147805
242452549
120538533
121980331
176506283
137446832
16336305
242304434
208094641
249251251
107038136
201934265
113591736
171132347
185550268
109135294
73614784
120538561
210978243
139150787
4933061
176506310
57492935
197084613
175850953
208094665
120538570
8078800
120538585
167855579
51201501
98911709
66667999
205473248
51201505
120538591
120538593
120538594
125257190
217138662
8078824
94455272
109135337
137971179
229721580
120538605
109135343
217138672
92095990
120538617
253183482
158680574
204424703
168117765
103892486
206784013
94586384
168117777
8078866
48580115
246105619
19737636
127878679
131417623
87639576
77153818
51594780
144524829
140330525
217138719
68109855
90785316
25904676
253628704
214910508
111756847
247940657
7947829
115689014
124208695
209274423
205604407
91964990
116999743
116999744
200623681
55002689
200623683
36259396
77284932
249251392
118834759
19744323
193152578
156714572
43992654
5981775
56313425
109135441
141248082
242435668
206128729
91833946
69027417
131417692
52250206
56706654
94586463
109921887
103102699
58803811
210978403
247678567
125912679
109135463
38356586
55133802
103102701
144131694
263276145
120538739
120800883
191579766
124208759
108349047
57099897
89474678
242042491
77547135
127485572
116344454
73614983
16991882
92489356
57099917
199706254
103701895
106514070
263276184
247678617
125388442
196560537
121063073
70600353
92489379
16991910
167855782
253707946
201934507
141248177
16729778
100746931
72304308
57755319
203507386
30885563
167855805
188565183
102581951
103892673
108480194
66537155
3491525
35735237
249251532
1918669
201803472
51988177
56444628
98911957
230246103
149636826
72304347
158680798
75974367
248989406
143083237
53298920
10569449
92489449
146622187
131417834
125781737
77285099
171132655
229721841
75843319
191579900
252790527
131417855
186861313
96421634
124208900
161040134
97732361
30885641
183060235
201148171
21317388
120145678
125519631
38749968
121063185
180963089
125912847
10569487
144131856
35866394
205473563
72304414
101533473
56575778
103106339
120145698
199706408
69027625
92489513
100747052
77154093
40978220
252004143
121980722
248727348
48318263
139151164
125912897
171657026
191579971
70862660
101533509
93144903
127878984
206653256
10700618
113198926
220677967
191579982
135350096
144131924
163661653
140461910
206653269
243091288
206522202
103106396
203769695
73221983
204031843
172705636
136136548
140986216
177555307
124209005
43861874
109397875
104417138
135350132
113198969
191580027
100747131
247285631
89212800
103106432
105990019
139151235
214648710
243091334
198526863
101533584
249251728
203769745
58935187
173885334
95766423
157632409
90523546
20793247
90654623
89212835
93144999
11356076
88950702
206784431
172705713
157501361
74401717
248989621
131024823
207046585
105072570
128534458
263407548
131024829
137971644
93145024
16992193
192890816
199051204
16992199
137971655
220678089
150898636
129451979
197216207
22366163
197347285
138758105
242042845
210978782
125781981
125913056
32327649
144132066
131418082
235882471
13453289
127879149
109266925
109922286
157501424
200624110
83183602
171001843
13453300
137971701
73484279
125913084
249645053
127879166
7948286
241911808
55265278
24856572
89475072
243091461
184895499
205604879
125782032
174540817
116738064
184240147
112936978
196560917
13322262
253052950
103106582
105990169
137971734
247679001
42551327
68896802
78989347
109922339
16992297
127879210
205080624
35735602
207308851
191055924
4278325
49104950
50415667
252135480
193546296
107694139
19744830
49236037
193546309
128272455
252004424
134826056
77285450
193546317
257771597
19613775
200624211
73222229
97339479
114509911
58673239
214911066
171001943
184240221
216352861
184240224
195774563
184240228
184240229
101533801
207046762
184240234
76105833
103102803
184240238
229984369
252528753
68372598
249645180
131418237
40978565
32196743
179128457
162351244
105990284
154880143
248596625
235882646
21711000
189614235
162089116
180963485
180963487
253184163
90523816
182143146
87378091
1263787
101533874
73353395
145180850
252528824
140462265
203770042
49236155
213862589
96553151
51726531
30886084
90654918
96028871
263276745
104810700
22759629
117786830
205605069
131418320
51988689
248989902
201803991
58935512
162089177
203245786
125913307
77547736
201672925
203245790
243051900
203245794
49367266
146491620
203245796
127617253
26691814
180963563
196561132
162089203
125913333
77154551
125782266
188696829
117786881
162089217
56314115
205605123
164055309
180046098
190794005
120146203
73746715
144263454
222382367
144132383
75581732
167594277
76368169
262883628
97339697
56969522
87378225
73222455
42551612
49498430
103369023
252528960
96160067
477518
112937294
141773136
201804114
477523
262883667
80955730
103893334
112019799
263276884
193153369
216090970
252528987
49367388
173885790
131418464
92621153
23021924
205080934
133646698
10701163
95111532
252529007
90524016
73091443
170346868
59197811
477558
135612789
26691960
203508091
477564
180963711
73484671
212945282
30886275
160516484
114379142
242698630
477576
158419336
196954502
24201614
739730
199575961
40716698
249776542
166152606
111233440
180308384
180308386
202852777
160516524
186861996
24594862
179128751
129452463
74009005
196561333
263276981
2574773
163793338
16861627
83577277
107039165
253577664
55003586
180308421
74009031
49629642
249776586
249776588
253577678
140331471
225266126
24594897
180308430
249174070
249776596
158419412
205081046
90786261
250431960
114903508
203770330
51464666
86591964
117787102
173885919
194595295
112019934
114903522
125782497
258820584
253577705
204425706
58935785
154880492
194595313
212552177
249776627
46221811
74402291
14240246
186862070
127617524
249776633
58673657
154094075
95111675
127617533
184240638
205081083
195512831
75975171
20138501
249776648
131418633
249776650
10701322
249776652
159730189
159730191
53955092
249776661
204425750
54479385
37964313
168118810
35605020
215697949
205081116
252529184
136792608
53955106
191449637
54479399
180308522
140331563
156191277
173361710
229984816
166545971
155798070
160516662
103893558
82528825
263408187
261966398
209406527
127617601
143739457
179746638
158419524
205081158
204425799
180308550
196954694
184240715
154225231
74009173
249776730
90524252
140462684
169298526
19745375
253184610
207309410
103369316
146492006
37833320
104811113
56183401
48450167
131025528
205605497
42289785
76368503
92490366
173886079
205605504
197085825
162613889
224742022
205605511
57363080
42814095
117000849
158812818
147671700
135350933
129452694
73353880
114379416
129452701
112020125
203115167
195512989
172706471
90524327
163793575
36784810
248597163
164055726
75582126
201804464
122374832
2837171
140462772
118573753
87378617
165235385
172706492
99699389
72567488
149244609
72567493
31148745
73485004
131025616
87378640
118180563
52644564
92228309
57887447
69028567
17910487
73485019
172706524
92490461
198396640
176507618
50416355
164055780
260917989
253577955
136006375
100485863
160516834
165759723
180308718
204557040
69028593
253577972
144132853
140331767
54086396
15944446
57756415
152783615
170085122
173230852
146492174
253577999
90655504
116345618
125913879
184240920
117787417
201149209
117787419
74926875
100485915
191580954
30886679
249252640
141773601
188566306
166546212
170347300
114379560
125782824
35736363
114379565
127617839
146492208
32721713
73222965
119229239
193153848
110447417
252529466
261966651
205605690
117787454
34163518
127880000
249776958
58805054
110709571
164055877
58805065
25774922
90524491
176464192
90655566
68242254
47139663
77548367
251087694
252529493
100485974
249776988
247679838
152521574
140462950
58805096
34163563
190794605
47663982
90524527
35474287
190794606
131418995
176769908
247679861
34163575
100354935
34163578
203115386
202328958
252529534
190794623
190794624
98913151
167594883
188042116
249645957
117787527
98913160
90524554
10963853
186862478
117787543
190794647
138890136
104811418
104156059
42945439
54086560
74533791
163793827
263408550
160517031
117787562
125782954
167594924
158419884
45173677
52251572
129715125
131025846
205605815
40717236
74533817
205605818
125782970
182143929
146492341
167594943
86723521
154094532
19745738
167594955
146492363
205605836
154094542
262884299
48450512
134958030
152783818
73747407
173886421
16993237
2051031
167594969
73223132
110971869
201149405
21711839
109923295
104156128
172313572
117787624
168119274
77679596
34687981
166153201
129715187
69028851
191056883
160517108
6638583
163138558
114379774
106384385
188173313
252529672
114773002
100486156
20007949
182144015
249646096
66538513
249646095
165891092
173755413
261966870
48057365
196955159
59460633
225922075
30886942
36391967
43994144
196955168
157633573
167595045
117787688
182144040
117787690
172706860
249646125
156191790
125783087
141773874
92621876
249646136
76500026
69028926
181750847
165628992
53038145
190794820
252529733
182144072
109923402
15420492
141773902
51989585
114379861
51596377
135351386
190794846
6638689
160779361
111234151
226053224
148851816
187255914
191057001
182144108
249384040
141773934
207965295
252005488
71476393
55659636
34688117
141773946
146492539
252529789
104811649
140463233
120278152
186862732
129715341
98913421
149245072
146492561
214125716
186862741
181488791
187780247
205606041
164056219
13192349
152784031
158420128
140463265
93539490
225922211
114379936
205606053
59722918
40979623
186862761
21712042
123948202
228150441
174017709
76500142
186600620
201804976
160517297
138890418
202460339
74534069
176245942
99699893
90786997
249384123
253578428
154094781
104156347
247286971
11226304
5983427
55135427
114379979
249777356
103894219
178212046
188959956
195775702
167857370
196955355
50416860
156191972
167595238
58936551
6638823
92097766
181488883
247942387
205081845
23940340
99699956
158420219
110972156
155012353
155012355
107695363
57888007
10046729
182144270
73878798
98782480
205606161
196955408
191057171
92622100
77155610
208620830
40979744
131419426
163925287
192892202
35867948
192367917
19352879
76369205
248466742
140463415
249646392
216354105
199839031
203246907
146492734
104811838
176246078
8342849
113200451
29445444
141905221
180047171
261967174
73616707
248204617
22760778
160517452
185552210
144526678
148720986
69029211
188960090
178212190
157240676
109661543
182144361
35605866
248597866
67194220
92491116
54480241
45174129
171658612
145182068
39931254
107695478
241913210
144526719
19484033
131419521
117788039
48582028
35605900
146361740
140332429
66932112
62213521
171658642
109792659
164711827
141774226
123948440
186863003
53300637
198868667
114380192
74534305
136007072
140463525
117657003
104811948
104811951
48319920
35605941
48319926
173100471
82922940
111103426
196562371
6639043
179523010
117788103
192368079
119623122
132206035
21974482
67980754
135220694
98651605
136007128
171658713
184241626
119623131
87641561
72568280
173493725
185945565
47140324
69029350
145182185
77155818
131419627
115559915
170741228
184241646
131419630
186863088
174411249
19746290
53300720
170741229
170741232
104812022
253447670
162745848
127880697
32722425
92491264
97865222
229723655
58805769
148065803
119623180
255413772
199708173
96685583
109792781
171658770
129715731
131419668
162745878
171658776
165236248
138890778
119623195
162745885
184897054
58281502
118181406
158420515
86986275
39144995
55660070
263278120
132206123
173100595
225267254
141774392
109661754
117788219
196824634
199052861
106778176
199708225
53038658
115560002
127356488
248204874
76369484
41373261
173887052
134827601
104812116
181096020
212553302
119623255
92753496
191581780
110448218
100486742
180047449
19877469
119623262
216354398
199839326
247680610
24596070
119623271
104812136
119623274
119623275
136007275
114380394
225267311
106385008
249384559
81874546
158420599
97734264
6770297
104812154
32591480
178212476
217140861
260918909
245976706
128929411
91836037
129584773
260918919
243026138
249384587
44912270
207048335
75320979
201150099
107695764
118181524
104156824
146493081
100486814
201150111
94064289
13586083
35606181
109137576
202329769
196824747
129584815
176115376
127356595
71519936
84867021
7294657
105336515
188698308
104812231
146493129
173362889
104812236
252661453
71126734
56708815
194465487
202854099
214912723
66670292
33246934
253185751
80695000
64311001
209407700
104156885
252661464
186863325
92491488
168644324
95112933
86986472
193548012
146886381
252661486
92491507
119623415
119623417
237850370
55791363
75976452
24596230
55660297
21974796
199103204
87117582
199103205
58806039
263278360
177164058
208621339
208621341
252661533
129322783
86855456
201936674
119623460
35868456
97734440
104156968
165236526
263278383
252399406
177164085
217141049
179523387
66408252
93146946
34688835
202854212
92622666
66539340
208621388
66539342
29445964
7819088
172314450
8474451
195120979
167858009
88821595
191319900
101535580
261967707
6639457
50417505
126701413
154095462
188960618
92753771
206131051
43994990
10309486
252661615
197742450
144134004
247811958
171659128
197218173
140463997
169299840
21450625
105336705
107696001
157634435
114380678
257773452
257773453
104681357
257773455
257773457
257773458
171003793
173911355
257773462
257773463
249778071
77680537
257773466
10571674
257773468
197218205
257773470
120278943
257773472
257773474
252661666
257773478
186208167
257773480
121327529
247287726
252661679
140464048
152391603
87379892
125652917
121327541
91836339
138324907
184242101
252661687
252661685
141905858
213864388
141905862
199053256
141905867
8343507
77156308
69029843
134303703
100487130
174280667
141905884
23416794
140857306
202330082
1003491
16863204
87117795
262885349
28528616
136007657
126701549
197742573
134303728
186863602
198529020
108089342
252661763
184242180
58937349
104157188
69029897
74403853
252661773
153178128
252661777
198922259
172707860
252661779
199839766
171659287
77680664
247812122
121327642
87642143
247287840
121327649
77680671
165236773
35606566
206131239
197218344
91181097
146362411
52645932
248991791
58937392
29184048
197742646
47271990
100487224
15028281
42684472
56709179
193548348
213864508
188698686
168775746
202330181
90787913
201150538
263278665
12275788
64311375
145576016
51466321
171397202
6639699
146493524
247418963
87642200
12013657
20140122
164450397
196956253
166547551
32329835
83579012
171659397
100487301
114380935
262885515
91181198
479375
40194195
127881364
249254039
257773721
249647257
4804763
119361692
197742753
22368425
184766641
53969949
171659445
71520440
140333242
43733178
176246972
176246973
115691709
176246971
114380995
206131400
123949260
206131405
249254101
104288474
197349596
67064031
197742816
185946335
176247013
108613864
74010857
72306922
109400299
69030120
191320303
207311091
196825334
479480
252399866
20402431
20140289
202461442
69030145
186863873
171659525
119099653
109138183
243000213
16732420
247419146
29577483
173232396
201937162
176247057
191320344
44519704
40980760
165237019
176247071
193417504
193548576
193548578
22368547
176902435
206131495
127881514
77680938
81613102
201806126
206131504
168775982
71520558
146493747
176247091
127881525
127357238
198791478
127881530
97341755
94982460
56709435
42684734
101929278
156193086
171659585
107041087
172708163
52252996
146231624
252399944
206131531
22368588
248467788
176902480
126308690
68899156
220680532
184827056
40718679
101142872
94982489
16601434
180965723
117789022
185028962
176247145
54350186
176247148
28266860
121065839
184242543
53825904
54350196
144134519
175853946
206131583
48583040
146231681
117002626
59199871
176116098
16601489
73617809
106647955
188043670
188043675
73224607
252137887
56709539
87642534
74011048
167596458
12407216
203116977
37835188
100487604
120672697
77156796
181752255
252006849
225923524
205345223
143872457
198922698
87118283
19485136
74928594
54481365
73093590
245977557
146493913
59199964
69030367
130765280
34951648
188043748
184898024
74535400
188043755
43995628
249254379
201150962
136008180
63525370
115692027
118575615
164057602
57758212
5984773
90657285
68375047
262754824
167596552
141906444
158421522
92623380
134304277
141906457
167596572
108352031
81613344
92623392
198791716
16863785
249254443
217535021
140333616
110318130
70210100
225923637
3232309
202330681
215175746
197743172
141906505
248205898
76239435
47272522
47272524
47272526
178475600
80620796
21975637
106779220
87249493
197743192
19485273
41767514
155013723
106386012
53826138
184242779
252007007
109138521
161960543
217535074
154096224
209408613
217535079
20009577
216093290
15553132
252400238
109138543
84234864
204427889
125784689
146231923
77025908
225268343
13718135
169562745
107434615
203117175
252400255
29184642
146363019
131027596
198791820
141906574
146494094
23286414
74011279
206131859
114381462
191713942
479908
479909
149508772
206131878
206131876
107041449
207311530
25964603
87249582
110580399
101536430
76239537
114774703
132207286
479926
184242873
203510458
147411645
25964607
21582528
166417095
131289802
11489994
166417100
14242508
14111438
159863502
94982863
479956
141513428
104420056
69030621
114250465
146494178
85152482
152523492
140333797
194466534
159863527
249778920
55530217
197743338
74404587
118182636
172315365
55137007
183718645
248206077
104289022
3232515
149508869
209408773
2577157
105206539
158421772
191320845
249254669
100619021
134304529
76239633
100619029
53302040
100619035
131027741
52646686
5198623
202855200
10048287
134304546
50942755
5985067
89477931
68113197
134304556
171660079
158421808
90788655
98128683
131289907
67326772
94589749
74011443
77157175
120542012
50942784
179786560
93541186
152785729
203510597
139023174
3756875
54350669
3756877
3756879
52908880
171660110
175199054
19747667
185946964
3756885
157635412
7155397
225923931
132076381
176903005
131027808
263410532
41374565
94065512
252662633
55137130
159601515
252662637
250565488
131027825
160519025
172315506
120542068
90788725
157635445
247944055
146494328
190141307
131027838
117789567
171660158
199709570
132076420
257774469
179786630
146494344
67982224
15684496
55137171
152785811
15684510
157635486
114774942
32986018
109400994
70079397
101536677
172315559
15684523
97866669
134304687
164582319
104289205
28922806
59200438
45700022
100750266
199054267
243094460
259478460
150557630
115692483
172315588
199054277
90526659
56447944
48452553
66540490
2577355
188568524
92623821
101929934
28660689
158421971
69030870
13587414
92492761
186209241
51336155
32592866
59200484
14636005
9524196
157635559
123950059
257774572
235885552
90526706
23942131
249254898
253580279
50025472
50025474
32855044
171660294
140465163
128894457
165237774
73618450
220681238
204428317
90526750
44127266
170873890
7820326
154489900
76239917
185947180
6771759
73618479
104944684
188568628
114381879
23417912
86725687
58283066
203117624
249254972
179786812
57758787
110187588
184243275
134304843
87249997
170873933
25384013
45438035
229725267
247288922
32592987
46486620
74011742
68244577
100226148
179786853
75977831
102847591
66540647
125785193
54482028
66409581
194860142
3232879
192894061
58807407
251545305
16209014
183719033
114381946
46748793
134304890
114119805
225924222
43865215
136795269
158422151
225268872
118183050
180966539
172315786
23811214
53302415
204821651
241915028
141513877
8082584
104551576
73618586
67196061
198792357
44520614
115561640
92492970
131421356
165106865
165631161
204821690
107041978
107041986
89871554
215700676
101536964
107041991
101536968
25384135
114906315
76240075
83580109
11228365
165762252
163796178
1004757
120673498
225924315
73618658
152524006
133780712
110449896
225268973
16471278
55661806
205608183
158815480
253711607
141645049
157504768
201282818
119362818
100488450
136664325
119362821
134305029
199578888
201151754
207049997
37836046
136664335
104551695
89347341
249255181
109139218
126178580
165238037
100750619
114644252
173626651
178607390
32593184
201151777
173495587
144135459
39540007
201151784
127358247
53826860
140465453
187913518
129586479
81614128
17913143
119362876
192894272
128275778
101537092
129586504
191452491
119362892
208622925
149509452
188437840
134305108
152786261
152786264
152786268
121328988
205739358
132207967
51074400
119362914
126047587
125916515
201151848
177558889
134829424
69031281
23418228
100488565
172316020
198530425
253318522
127358330
146363772
127358334
51336577
21058946
157635971
157635972
82366414
178476422
176248199
27612552
141645193
133780874
71521675
198530444
3626381
74012046
76109199
105993615
3626383
126309778
114775442
3888531
35345819
54875548
149509533
90527135
229725602
252401059
173757860
76240292
51074470
131552679
114644392
253318569
213865898
53826979
252138920
201807281
253318577
199972276
41768374
225269178
206132666
172316090
21714366
145184193
141645250
191452612
253318599
172316103
125916622
163927502
253318608
100750802
144135637
131290582
165893591
134305239
171791829
52385243
114120155
247813598
90527199
57759200
110974433
53827040
58545635
150033889
185947617
16864742
48059879
17520107
105338348
157636077
172316141
173626863
194860535
158815741
21583359
2577919
180049409
183064065
130766339
201938435
229725703
136009223
178607628
125392397
75978255
177559056
248206871
57759256
188214003
177165847
53827098
206132762
173889054
173889056
118183456
173889059
173889062
194860585
201152047
114382384
72308273
25122356
201152052
77157940
191977018
162616890
172316220
141645373
204428862
133125695
242701886
50419266
57759299
173626946
193418821
52647490
157636167
21059144
67720777
7951942
150033991
194860620
187782734
126047824
146232912
54351444
25122390
185554519
77682266
192108123
173889117
74012254
173889119
53302877
135222881
89347682
41375331
57759332
150820452
58676838
111498854
37967456
173889129
57759338
131290731
105207396
252139117
57759342
140465768
99178096
225269360
119363180
222254708
249779829
198530678
175986292
43865720
75716217
5199485
136664703
57759360
179525247
194860672
154228355
57759364
252663431
192108167
242439816
52385418
185947786
179525259
75716235
260920976
253318802
60774037
201807510
76371606
247944856
199103588
58283674
51730076
245323425
6772385
109663913
158422698
155014827
217536174
146757295
252663472
173758129
188831410
249648814
129717934
73881263
247813814
91182775
40982200
111367864
201807546
136664763
253318842
185947831
73094846
91182782
247813824
164583105
57759426
173889220
216094406
262887112
199841482
69031626
253056717
79648463
175986385
239163089
121329361
197220052
166549208
2315993
157636313
147805918
253318879
23942880
114644705
185947874
2316003
79386336
195122913
176117478
157636326
253318888
243095266
252008166
259479276
140990189
260921070
14505711
175986418
14898932
184768246
209409784
53303032
114906879
174151425
51336961
138893060
53827336
252139273
104027914
163927819
125916941
215045905
73488146
158422803
249255702
97605400
249648921
10704666
51336987
180967196
253318942
171005727
48060190
253318946
183064357
73881381
180049701
191977256
212555561
138893099
126048044
147805996
165893935
7165747
249780020
262887220
261838646
32855863
203511609
32855868
20666172
118183742
20666176
163927874
173758275
136402756
201152322
171661126
164583237
91182923
157636427
199579469
14899020
188176211
52254550
157636442
157636443
92493658
180967263
111105888
201152357
204429158
171661159
76109672
34690921
146364265
136402795
51337072
13850480
69031796
173758326
217274230
184244090
19879802
130766717
52254592
121329537
72046466
150165380
100489092
171661190
158422919
253712264
117790601
172840842
69031817
217274250
50419595
249649042
19748755
97867668
216356759
203511704
94459801
220682138
253319067
173889438
171661221
201807784
140990376
21714858
73881515
134567852
3626925
128276398
138106799
146364335
229726127
106518445
253319091
208230323
259479479
197744570
249255868
73750462
128276415
122902467
191453123
128276421
157636550
174151623
148985807
253319123
2447321
118314970
12015580
95508445
253319134
253319136
100489185
188831714
229726179
253319138
252139492
194861031
247420906
163928043
194205679
159602678
128276471
172840953
132339708
133650429
97081342
132339718
128276487
201152520
174151689
133650441
8476682
48584716
197220365
222386191
8869904
1792015
249387027
64313363
48060435
128276503
118315034
128276510
114645025
187389986
1792033
147806244
90527781
146364454
201807912
10704938
144136235
166549546
1792045
21714990
7034927
128276529
148068403
35870773
79386678
259479607
68507701
118315066
73881662
40851522
132339781
157636678
52254791
74537032
216356940
171661391
69032015
157636693
262887516
204429406
163928158
135092322
55138404
68376676
55138406
247814247
184244327
94197862
166156391
15423590
204429413
119363695
199972975
109664371
171661429
119363704
212555897
208623742
241784962
188831875
72571011
178083976
177297545
119363721
203905161
143612047
135092368
205609106
143612051
221730962
194467990
197089434
173627548
172447900
260921501
204429472
262887587
113203364
100620451
212555949
195778737
262887602
203905203
58284210
114645174
132995256
212555962
135092410
144136380
129587390
21846208
73357505
171661507
154097861
208885959
3233991
3233993
53041354
3233995
212555984
170612945
3234001
91969747
204429520
253319381
240474325
240474326
97999062
3234009
249256150
203905240
54876380
146233565
157243614
201808094
109533404
217143518
140990688
119363811
143612132
3234021
157636835
3234023
136796392
3234025
178608358
186210534
202332396
3234029
173889773
3234031
118184175
166156529
253319409
3234035
253319411
3234037
195778806
253319413
134306036
3234041
3234043
20666621
107305214
248600830
162574675
253319427
66672900
253319429
253188356
173889795
212949256
3234057
73750794
53303559
119363852
143612173
36133134
193419535
136927502
230250771
230250773
47405334
230250774
230250777
230250783
220682528
230250785
132340002
69032227
126048547
121329956
99834150
136927527
230250791
80697641
230250789
230250793
253188398
48453934
99834160
97343793
109664560
40589616
171661619
29841717
259479862
69032246
178477368
261839160
29186362
89479485
41638206
92625215
230250814
94329153
99834180
210458951
16603464
35215689
134568267
86989132
259479885
99834190
14506318
71522638
89479501
92494157
173627724
120150357
25385305
53303642
82663770
77683037
15817053
51730783
94067042
166025575
21977447
143612267
153835884
147413356
98654571
186210669
217274736
25385330
31938932
204953974
126048632
249256312
179526010
212556154
146233720
242702724
193419655
133781896
114252169
57760139
34691470
59070865
117004690
169695637
94198166
213866901
157637018
97606043
184637855
171661728
252402081
217143714
197745059
55663012
8870308
129587622
217274786
69032360
147806632
143612330
52255148
73750957
261839276
118184364
169957804
143612337
28662193
129587640
252533177
19356091
214915518
229726654
117266879
78993854
143612354
229726658
201677250
199055807
201152968
91969994
260921808
249649621
201152982
247814617
73488858
76372442
200628698
250960348
107305438
200628703
171006432
200628705
250960353
143612387
193550816
14637535
194468327
156326377
40983017
65362413
15423982
158423534
201153007
247683569
202725874
59070957
171923956
201677302
100489720
123951611
249387516
253450750
189618692
201677316
165894665
159865362
213867027
176380437
201153046
249387546
141253147
89479706
100489759
147937824
174283297
174283300
69032485
69032486
69032488
201153066
23026222
103635505
48323122
126048823
24730168
249911865
58939962
158423611
73882173
195254847
204429888
157637183
102062658
196827715
176380482
142432839
212556360
205609546
203905610
140991052
48323155
87120469
205216342
121330268
143612510
248994399
205216353
140991076
58940010
229726826
19880558
158423662
121330288
79911537
220682866
95246962
128801390
132209270
90659446
249780857
82139772
143612542
39148158
98654847
76372609
248994434
7166595
92625538
131029637
76372614
12409477
57760393
52124302
54614674
240474770
137976469
59071126
194861722
3103387
87120540
250960541
193419930
133662230
250960544
147413664
191584923
250960547
143612581
73751206
104159910
193419943
94198441
180050601
23026347
35609260
217275046
58940081
38230712
221731513
45308604
208100029
193419966
7166655
98654910
249256641
67590847
175987395
178608836
613061
2448069
178608839
217275080
202070729
198269642
195648203
183065291
198793938
253713110
201808600
181754589
178608864
143612642
2448099
108616418
128801507
25123561
184507113
249912043
21584619
113072877
131816174
73882357
48454392
81091321
206265080
126049019
175987452
253188861
49502969
81222396
114252546
195255043
188963587
197745414
75586313
100489994
107305742
184638223
2448145
197352209
203774740
248208150
143612696
75455260
243096351
104160037
3103527
205609770
212556587
54483754
153180974
166550319
98655027
132995894
181754678
115825463
261839673
59071292
213998400
94460737
15162176
185948998
126049095
184113992
54876999
181754698
13196109
108223312
206265169
97082195
184638292
198269782
132078422
188701529
181754714
253188953
45570908
174283613
125393757
119364447
181754720
107043676
101407586
182147939
81615716
185949028
212949862
106912615
185686887
114514791
169958241
185949033
169827179
144923504
173890418
182147955
81222517
206658422
95247224
261839738
189750140
208100222
93936512
187390849
252009346
143612803
48716676
216226690
182147976
248732553
87382922
140991370
189750154
108747658
93936522
189750159
167598992
20274065
154491794
107043733
203774872
151608218
101407643
206658459
81222557
193420193
162749346
129981347
29580196
7166887
206265256
143612841
104160170
74013609
171662254
95247279
1661873
171662257
15162292
51600309
74013622
1661879
174152632
21060537
190405564
185949119
157637574
208100296
209935307
80960459
213867472
14244817
81222609
207707093
146627542
94198741
132078549
55270364
144530396
131816419
206658532
115694565
225926119
168254440
47143913
173235177
81222636
86989805
80305133
116874223
74537972
130767861
193551350
220683253
2448375
76372988
52648959
151608326
217275399
172317703
157637641
204954630
92625931
56843274
147020810
212425742
47406097
57760785
153836562
171662356
131816469
171662358
208886805
178740249
155933721
132996126
108092449
153836577
155933731
92625955
186211366
116874279
182803496
116874281
153836582
186211373
213867566
80698416
212425777
25386032
182148147
130898997
176118839
179919928
8739897
143612987
81091645
176118846
137976897
131816516
59464773
103898181
186080329
95509578
194414595
57629777
116874330
216226906
13720669
131816542
23419999
116874334
20143198
181754973
188963938
143613031
180051047
176118887
75455592
72309863
54353004
253189230
59464816
220683377
116874356
216226934
209411191
100752504
125394041
126049401
171662462
81222785
94985346
182803587
81222787
56188038
47144075
208493708
36265102
12672143
220683408
149642389
106912918
137452694
68508824
157637782
252533914
192371867
46881948
106912925
116874400
10706082
35216551
215047338
132078764
158424237
182148269
247422128
116874417
116874418
179788981
143613112
214785210
210459834
197745851
482496
482497
134438082
179788995
127360194
220683461
172317888
63921348
116874440
242703552
52387023
69950671
73620690
81222867
199974102
113204439
158424280
48585945
116481242
217275607
92626137
91970782
213867744
99835108
248470761
72965353
26303725
185949422
141516017
260791538
207314163
217537782
261840120
81091832
94199034
97344766
136797439
81091838
81222912
47799562
243096844
208100624
104160528
143613202
73882896
161307925
47406362
106913051
207838491
66673949
14638366
199974176
52911393
220683554
73751843
68771107
116481315
40983850
52780331
197745964
47406382
199974190
206134576
74538290
214785331
151608628
220683573
66936117
100490549
157637943
118447417
16997689
128671035
65494331
191978811
144268605
262757696
41508160
193420608
215702851
41246020
106913094
217275718
62741832
81091913
185949512
157637965
220683598
170483023
144399696
206658896
100490576
80436558
67722580
16080216
32726366
214785375
143613280
213867872
147414370
185949537
197352810
197352811
13720941
106913134
225271151
208493937
262757746
262757748
7298423
153836919
203428500
185949564
48323967
197614976
81223045
262757766
15293834
110845326
43867537
81091989
35610006
220683674
90135963
75697623
208100775
213999020
6774189
106913200
20012465
220683698
220683702
120413624
206134714
49634750
106913215
81223105
107044291
91053508
172318147
95247818
220683725
161308109
66674127
35610065
186080721
52649429
209935830
149642711
26303961
94199259
172973531
81223133
87383518
166551007
149642723
173235684
182541798
184638951
126049772
202595820
121331184
131816947
150691316
197746166
106913274
263020029
146365951
249912832
182148608
121331203
48324101
109665798
59203077
48324104
91184645
188440075
260791819
157244942
249388560
37969424
12672530
220683798
81223191
202595864
202595865
6643227
263020063
116088353
94199330
173891107
106913315
191979045
193420837
225271335
76897827
103767591
214916650
36265515
164978217
197746221
54353453
94199343
174022188
80698930
214916659
249912886
133783095
105602617
146234940
249912893
105602628
217144901
201678406
99835462
99835461
180575818
104160845
197746256
98655825
149642832
149642835
195124820
142564946
261840464
128278103
94199387
16997981
80698974
73752159
107961953
174415461
151608934
58941031
171794024
35610220
152919663
122642032
260791919
16211568
122642035
26697336
107961978
259481211
121331323
52780672
150167169
35610241
184639105
52518534
81092230
80699016
73227917
133914254
29187725
36265616
104160912
131135427
155803283
107962004
45440660
35610262
66936471
98655896
98857524
90922651
133914270
184639136
143613601
131817125
129719977
131817130
73227951
129719983
15163055
81223343
35610291
81092277
35610300
73621180
99835581
252587892
19750593
143613635
263020227
81092293
143613639
116350663
152919754
115564236
170876620
483022
170876622
21978833
169303763
80699092
36658907
101408475
205610716
89612008
46227177
205610729
22372075
158424813
129720047
144269041
22372081
80699123
92626681
81223417
79781627
143613697
197746434
165895939
198926084
34692869
117661445
73752327
81223432
72048393
157114122
22372105
133914382
213868303
229728014
107962128
131817235
158424853
81092374
42557207
214654744
166944537
182542106
82665242
164454172
22372125
22372120
131817247
31678242
81223461
155803430
26304296
42688296
195649322
107044650
31022893
143613749
173760310
157245239
98656054
172318522
77029180
143613758
144269119
189226821
142827339
151609164
249388878
160784208
52518737
206135124
133914454
214654809
116350812
71917406
52780895
72179552
91053920
173760354
92626782
68771682
81092455
214785895
58548080
99835760
50945906
80699250
50945908
92626804
50945910
144531320
193290105
191717242
188833658
184115069
201809789
131817343
202858370
115433346
77029255
31022983
100491143
197746575
202596240
13197207
135094168
197746585
72703895
67985304
214917021
213868447
176119711
92364704
132079520
197746595
143613859
109666217
195649449
201678766
144400304
197746611
51077043
135094196
121331636
252665783
2187189
159211449
135094203
214917053
135094206
16998333
166944704
171663297
151609280
243097538
214917060
91316159
198270918
92626886
207445951
69689289
249389002
56844235
72048585
131817421
58154957
167600079
263413711
107962317
81223631
80699342
22503380
136404949
68116437
72703957
19750875
49635293
251748320
198795232
136011747
90791910
92626927
129720304
193421299
253321204
165896181
214654965
34168825
99835898
153575419
198270971
202465277
217145349
214786055
136011783
107962377
144400395
137846796
82403342
46751759
129720336
178216977
160522261
259481622
193421335
249651225
92626972
220684318
57892906
194207787
205479980
21979190
116875318
202596407
116875323
137453627
11755579
131817534
81092673
144269384
107962441
173891658
99180620
81092684
143614030
107307087
73097294
204038225
209412172
172318803
132079693
158425173
136405078
232611926
160784470
15556694
4939863
145449048
167600220
89350236
104161374
214130780
89481304
80699481
213868642
132079710
170745961
143614058
121331818
101408876
92627054
84893808
193421427
160784502
144400507
200630396
80437373
42688640
107307140
201678980
184115332
172318855
204431498
150560909
57499789
150560910
80699534
200761490
198533270
144269464
107962520
204038301
161308829
37970079
43212963
213999780
217145509
21979299
263020715
181362860
16998572
157114542
158818481
204824755
192897203
137846966
146366646
204038326
151609530
145711292
91316414
129589443
214261956
99836099
89612486
90792131
89481415
206135498
262889676
107962572
81223885
121331919
74932434
205218003
204038357
145449174
3236053
116875482
192897242
190537947
6906079
128278754
103637219
140992740
93151461
67461346
99836135
46620902
54354153
95248612
16605414
88826092
216228076
198926572
136012013
91316462
253321457
136143091
192897268
107962615
94462202
136929532
3236093
220684545
107307266
119365890
122904836
74932485
191586562
127670693
204562697
92627210
193421580
50553102
143352080
203514129
128934162
35610899
142827796
191586581
146628886
136929559
48324888
200761625
23421211
183290816
197091616
38101282
93151526
92627240
81092905
21979433
132079913
132079916
243097901
132079918
81092915
261841203
197222714
194863426
175464770
212558148
263414086
54616394
167993678
105341263
196305232
263414097
107962706
95510872
252404059
7430493
10576224
197222752
155804002
193421664
7430497
137847141
205611363
91447655
146366826
197353836
154886508
96821614
84894063
133390704
134439281
52257138
74277230
164454772
167207285
144138612
93151614
58024318
73490818
7954822
164454791
59203975
263414153
155804043
117793166
11624847
147782538
146891154
22372766
128934303
53961125
173629865
183067053
73490861
104161709
205349294
154886577
69165485
69951918
164454837
164454840
202203577
23814589
248209854
198926783
253059520
201155006
153838018
147782548
54354372
155804101
199582149
10969548
207839693
179921358
77029839
71918032
7430609
113205714
53961165
191586774
77029849
91972058
168387038
95511007
94462430
217145822
10969567
7954918
117268968
10969576
58810858
40591850
35873261
116875759
93413873
205611505
147782558
161964532
93413877
198271478
98132470
198271480
162750971
54092285
140861949
182149631
136012291
99836421
168518151
165896712
191586823
151609866
181363220
176644628
154886679
4678167
59466268
92496413
176906781
53961245
19489313
166158883
213869091
54485541
95248933
164454953
199844398
13984304
136012337
173761078
101409334
6906425
144925241
167207481
54616638
195912255
213869120
108262330
56844871
212427339
48325196
23290446
207839827
71656020
151609942
9735268
116351578
52781659
220684892
77029983
57893472
169304673
7955040
67723876
176120422
13722214
93151846
107962987
213738093
4678255
81093231
114778740
13329014
154886785
98656898
53961351
83059338
253059727
195781267
196305556
137978518
23290519
8348311
197747353
50422426
101409431
43868830
202334879
14901920
144138912
259482279
213869224
212427432
138764970
69165737
73753260
202334892
87909039
72049330
247816886
200630969
195257017
259482300
257516221
105603774
58811070
21979838
204432065
199582404
48325316
129721034
71000781
225272526
247423693
249258704
197092049
193553106
177169107
164455123
104162007
176644824
207284407
173761242
119104221
83190497
182805220
143352551
199975659
46752499
59466484
101933813
121332473
162358010
49373946
97346300
176120573
136143614
2581245
262890236
72573692
75588355
100492037
179397382
73360134
59204360
121332488
259482378
2581261
173761294
121332493
155804433
101409553
103113491
253059859
200631063
73360151
197092121
121332506
167731995
155804444
121332510
101409570
195781411
155804452
247685924
95249188
57893670
98657061
169304873
121332515
114778930
6906675
121332531
212427576
200762173
11506821
259482431
121332541
121332544
121332553
212951886
21979982
105603920
155804496
43869018
259482459
204039004
53306205
121332575
104948580
176644966
217146214
216359784
161309546
89613164
134439788
166028142
212427632
104948594
217146227
202490947
159867768
253059960
53830520
160392059
38232953
2414833
160392063
20276096
56320900
118580102
195257226
197747595
114779021
59073422
67199892
117793686
71656343
1008536
80700314
104293278
1008544
130769825
95249313
249389987
121332642
113337253
7168931
213869479
1008552
72836009
1008554
121332651
132080559
262890418
262890420
168518580
262890422
16868280
213869497
262890426
262890424
262890428
186737593
91448248
8348607
262890432
262890433
141648832
257909699
127493060
98657220
174023622
262890442
136799179
262890443
8348621
212558796
71656394
262890448
7168975
149644235
262890452
81093588
262890454
99836886
262890456
9266135
115827674
262890460
262890462
101409759
262890464
243098597
262890470
197747685
259482600
262890472
13722602
106521577
262890476
206398445
107308014
137454575
55141360
122774511
262890482
128279538
52126706
81093614
155018230
262890490
62743547
132211708
46752765
263021565
262890494
199975935
162227201
262890498
162227203
173237245
19489798
101278726
139682825
59466762
181756938
207709198
35611663
197223440
196174865
178742289
178218001
173761557
9397270
176383000
21980187
47277087
154887202
69690404
68510756
6775849
173761578
246113323
118973485
55141423
259482672
128803891
179135539
162227253
201942078
48325699
151610436
137847883
188834891
107045971
101278807
136799321
58811481
252798042
174023770
164062301
216360029
140993631
16868446
79651937
251749474
195912803
212558948
197354596
176383074
263021666
176383080
252798051
202597478
2450539
121332841
101934189
137847918
253322350
115827824
5465201
132080754
21980270
138765430
53830775
6907001
184247417
74540154
137979005
191718527
225272959
252798081
248865922
1533061
72049799
197747848
204825740
50422925
197223565
193422479
94637472
43869329
174417041
45442191
128803988
1533077
195912858
59466911
171009187
62219429
101278887
74540204
158819504
5465267
259482804
112288948
96298166
195126455
72967351
7431353
54486202
172451001
1533119
186606784
252798143
92628162
154887363
54879430
118842568
249259212
121332940
101278927
48981200
144139476
96691419
176645340
53699805
72967390
58811615
101278943
154887392
137848034
101410012
216360164
217146592
253060327
260924647
121332969
241788138
177169642
164455660
47146221
197223661
13985007
247817456
72967409
136013042
252798191
252798190
252011766
101934329
184116475
101278973
204039423
81356032
252798210
144270595
140993800
125789455
166159634
217146643
80438548
193422613
144139541
249259288
107308313
101279001
121333019
101279004
101279008
207840545
107308327
138896679
173630762
173630764
202073390
175990062
127493425
190539058
98133298
117794100
57632061
193553731
101279043
181232965
181232966
183330119
73098567
184247626
181232971
181232973
138896720
73491796
69166421
16868692
14378329
181232988
72050014
74540384
80176480
75982179
16868708
170354022
150824295
198927719
81093993
188835177
151610731
193422699
121988460
31679854
54617455
26305902
121333101
121333098
101279091
16344439
9790844
101279101
55272830
21980544
121333122
241788292
252011909
175990148
23291271
260924809
77161865
121333130
14378380
129721740
73491854
214787471
14378386
100492694
80700822
222389657
187000217
68248988
56321436
20669857
178218401
249783715
129721764
203384227
7693733
190539169
149775788
123954608
116352433
168650163
190539188
196175284
151610807
217540023
138765754
98657723
193422778
151610813
73622976
139552195
10708427
55141836
101017036
125658577
121333211
90924509
53831135
25388511
249259494
212559335
101279208
208496106
103769582
98133487
251749873
20538865
81094130
118842875
195651067
193422845
67986941
195126785
12412419
197355014
146630151
260924936
151610893
121988621
121333261
151610898
249259541
154887701
205350423
192374299
151610908
121333278
166159903
252274214
193685032
120153641
199058984
25388586
174417450
174417455
175990327
69035575
151610938
138110522
199059007
151610944
176121409
249259585
77030976
175990340
91973185
121333322
30893647
99837519
7038547
48326232
121333352
151610986
249259626
183068268
119891564
162358894
147940978
25126523
139552379
121333374
169567871
138503809
249259650
138503811
235890308
184641158
168650376
104162952
206399112
71526026
200763021
151611022
260794000
230123153
249259666
200763027
136144530
249259668
178480790
105735831
72050320
151611035
249259677
81094303
217147040
2582177
2582179
40724132
144139941
249915046
92628648
2582185
191981224
235497134
197617327
10053296
67200689
98657970
212559539
262891188
197879477
10577583
2582199
252405432
2582201
72574647
200763068
249259709
40724158
212559552
133916355
249259717
195520197
252405447
168519369
19490506
15951566
130770639
24733392
262891217
89745103
162358994
161310419
162752209
243099351
38364889
165897946
186738396
96298717
197224160
172975843
215705316
103376613
118712040
110978792
107308780
48719598
110978798
56321777
747250
3237617
207316724
207709941
144140020
168388342
110978803
2320119
747258
168388348
68249346
81094402
80701190
110978824
68249353
170354443
175466257
110978833
188835606
107308832
25388833
110978848
216360742
160392999
253585191
198272812
43869998
16738095
121333560
162752314
144271164
7038783
151611200
151611203
110978884
151611207
262891335
151611209
154888009
110978890
19883852
151611215
151611221
101279577
133785436
162752348
71526236
125658976
197879648
143091556
193554277
151611240
214132584
136406893
57763695
151611250
150693748
150693751
54617976
121333626
68904828
96298876
101279614
96298885
138504071
85288839
96298891
56846220
48719757
262891410
98658197
101148568
192374681
50554780
101279649
197748642
185690019
35350436
200763301
59467686
215705507
247818148
165242794
165242799
72181681
58943414
69035959
215705526
248342460
212559805
121333693
175990720
247818178
165767107
224225218
241919941
48457673
17000396
186738636
148989902
35612623
71526352
17393617
58943441
38496208
128280535
186607579
165242844
122644446
76376031
110979041
17000418
98658274
204957672
115304424
248342509
257779694
88958959
207710191
52127729
110979056
186607604
116746230
104294391
175990776
80439294
98658305
130770945
121333765
48719878
186607625
10053642
249260043
248342540
165242893
72574987
49899536
193423380
262891541
96430105
19752986
148858909
199976990
57894944
116746273
165242915
248342565
186607653
143747111
128280616
17000489
121333801
165242923
16082988
197093421
72968239
110979119
214788145
189491250
73623604
150693941
177170484
165242935
262891575
143747128
177170487
248342587
72575029
216361012
247425088
121333824
57763906
47147075
109406276
71919685
177170505
69167178
144140363
109406283
186607689
109406286
75589711
71919696
115566673
184248399
113264542
22112340
71919701
110979151
112945240
249260122
5859421
118843486
4548703
67987552
71919713
248342627
205219940
5859429
121333861
22112359
34564200
262891623
71919720
115959912
125397100
100493420
150693998
172976238
138897520
71919732
59598968
177563769
74279033
205219965
130771070
21981311
195651712
121333887
71919746
175990915
75589759
110979205
195127434
225273995
74541194
16869517
71919755
15427727
184248464
59467920
204957844
123431061
120285334
71919767
251881622
263415961
186607765
207710364
11364509
155150492
206399647
248211616
140994721
74541217
195913891
43083934
202860709
138897573
24864933
71919784
85682347
54749362
204957878
204957880
84764857
204957882
24864955
175990972
38103230
109537470
202598591
202598590
175990978
171665602
152922308
84764866
104163526
170187262
87124168
74541258
36792523
184248522
204302541
180316366
204433615
59467984
105736401
110979282
169568467
53831893
158427353
128280794
195127515
186607834
196831455
104163553
207710436
205220069
125790439
110979304
164587752
38103275
205220081
116353266
100100338
51603697
133785845
179398902
84764919
186607863
72050932
46622971
68774142
54487299
144926981
80046342
128805126
59205896
5859593
84764938
179398923
114649358
54749455
205744401
21981458
179398931
262891798
154888483
226978084
68643109
179398951
177563944
179398953
175991083
152529198
16869679
121334062
205220145
121334066
121334067
111503663
121334069
75983158
136931639
152529208
186607926
124479802
41380152
154495296
209414464
75983171
58943812
136014149
259483979
747852
123431245
193423695
105212240
98658640
115960147
259483987
76114263
59074904
15690073
105736538
254896475
121334104
204433758
125790558
57764194
20539747
205220200
138897772
8874350
193423727
109406578
208890228
12705510
144140665
184772987
185690493
29190526
207710592
12705512
246638978
151611778
138897793
68774279
121334152
76114314
12705514
208890252
67332495
174418321
84164993
12705516
206137748
262891927
74541463
5466525
99838366
106654109
106654111
5466529
259484065
124479907
58157473
144140701
128805279
197749160
197749161
175991208
106654125
146368942
74279349
175466936
105212345
72182202
84765122
207710663
196176329
110979529
147941835
196962765
52259277
58550743
13593048
212036055
105605594
212036057
249653726
83847647
243100126
139815393
75327970
259484130
27879914
67856876
16869869
262892016
129591800
84765176
216099326
1534463
190540289
154888707
121334275
29452808
195521035
43739660
175991308
106654222
94857739
87910929
165898770
166592210
128805396
184248853
71920150
55667223
106654230
191982101
249653783
174287389
253192733
177170973
186214946
75983400
137718313
75983402
98658859
147941936
122645041
175991346
117926455
99838520
46623291
101280316
99838529
151611970
99838531
144140868
101280325
132082249
101280331
253192780
99838541
193686094
209414734
67201617
123431516
66677340
138898012
197225055
57895519
164588131
169568868
101280365
68905582
99838575
73755248
52652656
108358261
79653495
251882105
73099898
101280379
99838588
128674432
188050048
203909762
146762371
147942016
79653510
150956681
42560138
30763661
257780365
50555538
169568916
116877975
72313496
102853273
182151834
194865819
84765340
189491866
121334427
109406879
56715935
114649757
116877991
138898088
205482663
38365867
197356203
129198765
63924910
186739376
116878001
21981874
259484339
128805556
86731447
177302199
206662329
230255290
147024568
109406908
109406912
62352065
53570242
83847881
79653588
151612118
175991511
201157338
184117978
194865887
154495711
174025439
77032162
116878047
152005348
103508708
121334497
57764582
68508064
13855473
96037620
74279669
138898166
139422456
20278010
83847932
253061887
121334528
150956801
254896896
161311491
259484420
144141063
2452233
179399433
154888970
52390669
114518797
94726927
63269651
193424149
73100059
24603419
154888991
199060257
196832034
109407011
191982375
116353832
16214824
179399467
112290603
62745390
197618481
179399474
132999987
96037684
83847989
179399485
171666240
252275521
171666243
182545220
72575815
176384840
74279754
185035595
179399503
260402000
205220689
179399506
182545235
73755478
43084631
185035608
106654553
204434266
176384855
185035612
103115613
101280604
133786468
79129445
44788582
209415014
117402468
121334628
77032298
182807405
86076272
71920496
101280627
185035636
182545269
154495861
143354743
179399543
179399546
43740027
94727038
250964864
182545282
77032322
179399558
86076295
142437257
25080115
185035659
185035660
176384909
182545298
171535250
89222036
150956948
72575894
160787347
199060378
138898330
91974558
171666335
182807456
179399585
184773538
154889123
214920100
176384931
86076323
100756391
74541992
176384936
128805793
205613990
136932275
19884979
144534455
43871162
101280698
121334715
56323008
107047877
192375749
185035719
203910088
188574664
178482122
107047883
248998859
171666381
109407180
214920142
260926414
146369490
128817512
14379990
192113622
133000150
86076375
54094808
80047066
144272349
196832223
101280735
128805858
157117410
184904676
182545381
248605669
160394215
56716261
46099432
154889200
185035761
176385011
140209140
171928563
72838132
197225463
245328888
101542905
176385017
84765691
121334778
150957056
205614080
263295765
144141318
13855753
174824609
184773645
138898450
208235538
41380884
138505237
86076440
212036635
171666460
879646
188050462
115960864
197618721
13462562
260926501
12020774
101280807
121334822
186739752
48458794
182545451
142699563
101280813
121334832
50162739
121334840
150957113
31026235
165899324
197225533
182545471
197225536
185035841
171535424
67202115
33385540
193686599
196832331
104950860
203517005
100887633
106654804
128674903
184118360
5729373
128674911
144141409
171666530
84765794
72969314
106654821
48720997
198929512
201157740
185035886
19491950
67071088
101543025
144141426
84765810
126184564
171666549
193686645
173632628
171666552
121334900
28011637
117009523
137981050
48458877
15428733
1535105
1535109
176909446
109407367
89222282
184904844
197225612
121334927
182807696
184118417
192900241
121334932
104557716
186215574
183331991
66546838
56716441
71920793
208104600
193424534
121334938
5729433
186739873
175991971
106654884
74280099
74280101
74280103
206662824
188050600
185035946
178482344
74280105
113339565
56454317
74280109
48458928
68775088
198536370
185035955
138767540
144272562
178482358
172977326
171666618
14773435
178482363
90533052
115436734
121334975
205614273
123956420
42560708
165244101
183332039
191720644
146369734
35220682
76508364
176123086
48458959
35876047
189492433
178482388
182807770
107179227
176254173
148073694
11103457
104164580
94727397
125791461
107310311
11889893
98135278
208235759
106654960
31681776
20147439
34434292
173632758
148073722
170487036
109407491
42769212
204041479
150957321
105213200
94334224
101281041
108883219
171666708
171666709
68644115
213740823
171666715
73887005
199060767
106655007
69037345
213740834
104164644
84765989
48459049
164326698
137719083
55668011
10317098
199978288
181366065
209415474
48459061
183332151
108358972
171666751
72707393
174943556
189492549
188050757
101281094
179793224
128281924
29453639
205614405
109407564
43347277
98659663
179531088
115436883
139816278
175992151
184773980
165899614
214658398
35876192
112946529
183332192
7695713
122645860
204041572
54750570
179531115
48459117
249785710
111242608
167210352
214789490
214920565
68644213
182545784
205614461
176254334
171666815
103378304
108490111
253193602
171666819
63925635
171666821
252800390
171666823
106655110
198536584
114388362
125791621
147942793
183332239
189492624
172977554
154103187
197750164
114388373
198536600
13594009
3632537
35876254
4025759
59469216
24341921
260926882
3632545
182545828
198536613
94334374
50425248
3632553
5729705
109407659
48852396
179400105
154496425
123170227
77557174
48065976
198536632
54750650
128282043
101281211
133000637
68251070
48328126
154234304
71658943
198536642
121597374
182808001
121597381
72707525
27880905
198536649
35876304
55406037
106655191
52129240
154103258
192376283
239824348
5729757
35614174
182808030
58420702
133000671
54750689
182545891
91563861
86076903
10841576
137981418
35614186
214789613
24997357
175992307
123432436
53308918
133000694
46755320
113208824
84766202
85814779
179400185
260926974
58420735
154999458
133000704
113208834
58813955
50294271
145976836
144535050
104689165
138898958
217148943
186084877
10317325
113208845
103640595
77557267
176254485
13725206
103640598
77032984
128282137
49507866
217148956
121597470
10317343
5729825
146763299
214920740
10317350
197619239
59076134
113208873
13463085
96300589
13725232
147942962
122646067
90533429
104558134
90533431
84766263
260927033
154889786
113208888
101281340
133000759
90533444
193424965
217148998
84766279
14904904
182545993
113208909
133000783
73494096
82669137
87125589
121597525
152923733
113208925
86077022
76377695
82669153
142569065
94989930
178940879
260927084
71921260
100101742
82669167
59207279
55144048
183070319
13463151
187657846
183725687
94989943
187657848
187657850
70217339
38104700
122646142
180317823
184118913
113208962
229731972
203910789
195522183
121597576
171536007
207974029
157511311
155020945
106655378
72314515
260927124
215838355
98659988
206270103
48328344
180973209
82669210
213479066
50425498
182546077
82669213
58945178
73494178
58814116
197750439
137981609
137719468
217149104
153579185
138899124
198536887
51343037
82669247
216231616
96300737
217411267
82669254
96300749
103640782
82669266
82669267
248606418
198536915
217149140
203910869
1535705
198536923
43740891
146370270
130772703
160132832
176910050
72707810
130772708
82669284
82669285
262762215
82669288
171536105
141651691
121597676
147943148
137719535
261975792
74280688
98135794
147943155
261975796
203910901
170880758
37449457
144142072
117927674
5205757
109407998
14815969
182546177
72707844
200634120
121597704
62222088
105344782
82669331
212299542
94334742
5861143
193425177
183070487
174550813
128675614
82669345
94990114
16609059
52653860
120549157
165900070
178482989
154890030
203910960
141651763
83193652
55668532
14511927
82669371
55144260
20148037
54095687
184119115
182546256
173633361
82669394
141389650
121597782
176910167
110849878
207974233
173633370
70217563
82669403
217149277
249261917
157511518
206532448
249261921
14905185
139030371
82669411
121597795
253063013
164458344
23949163
82669420
77033323
127364971
52653931
56455024
45576049
94728051
103640948
24080246
82669431
118976376
94728057
130772857
53833594
171798392
104165245
154890110
82669439
171798399
104034175
182546306
50032514
82669444
150826883
73494403
174419847
175992710
82669450
206794636
193425292
65105806
58814350
136540048
82669456
136540050
164196239
207187860
201027472
106655638
212561814
121335704
35614618
109408158
138899360
10186657
193425314
217149347
10317732
160133034
217149363
59469748
49639349
136540086
140865462
138899382
176254906
247820219
182546364
206663610
136933310
71659452
184119229
140865473
55668674
109932483
192376772
26701764
53047233
138899395
140865482
86077387
103641035
109932493
195653578
229732307
206532567
94728152
73494493
46231517
104165341
193425373
73494498
136540131
136540135
106655721
140865516
206663660
110194670
48459761
71659506
48459763
54620148
146632694
54751225
214921209
217149435
150827008
208629761
81358850
55668738
20541443
54620164
146632711
214921224
20148234
749579
103641100
54620174
182546449
89878546
42299411
96301080
92893214
247296031
128544800
184250399
253063202
54620194
202862628
103641131
48459822
153579566
54751280
193425466
214921275
173240383
5992513
103641154
206794821
195915846
75984970
220688459
249917518
125923407
253063249
113078355
68776021
103641177
54751321
178090075
193425497
20148317
195915871
104165471
175992928
3108965
76378214
213872745
106655850
32862314
117928045
171667566
214921325
178221172
80703607
214659195
196046971
146370687
195653759
48722049
198537344
59233986
146370692
71659653
112816255
73887880
163016840
160264329
204042378
179400843
20148362
148074638
253057726
109408400
156725395
212037781
206532760
103379096
107311258
206532763
184250522
112816284
112816285
107311264
230125729
146370722
179794084
168521893
174026921
212037802
198537386
119369900
212562089
121335982
59470004
17920186
112816317
112816319
880832
14643393
168521924
112816324
24604870
217149639
193294536
206270664
7958732
112947409
148074707
69300435
112947413
121598167
33517783
72577241
7958748
173633758
81227999
247296223
173764831
106655970
81228003
90796266
94728428
161968365
7958766
193425648
150565105
147550450
206270706
208105719
206270711
194212088
112816378
113471739
112816377
112816385
94728451
124088580
180580611
14512390
169832711
139030792
214003977
136016136
7958795
144273667
106656018
23556370
72315158
107311383
192246039
192246040
1536287
171798819
48722214
55669030
192246059
249262380
107311406
170881326
109932849
141259058
97612083
7958836
148599093
112816433
192246071
43610423
129724732
192246078
171667774
94728513
192246081
51474754
192246084
50557253
146370886
112816455
161968458
144273740
136933712
203387217
149909842
106656082
139948372
104165717
194212180
109408601
171667802
94728539
186085724
116748634
128545120
204435811
112816484
59470183
112947560
148074858
141259115
229732717
112816500
145977719
212038010
186085754
249393530
198799741
144273789
48591231
48722304
157512059
76116366
194343310
10056080
98660750
67989905
28930451
167473557
20148632
74281369
160395675
182546843
202863005
2453915
195522975
194212256
197620131
94728616
112816558
138899891
154890675
112816564
179401145
37974458
145977787
881084
7434685
145977789
247820735
37843392
230126010
9007554
72970690
881092
167473605
206795205
51474888
112816585
193425872
112816594
171799002
196047323
8090076
171799003
141128159
150565344
174420449
167473631
197751267
148074980
145977827
109933030
252015079
14119399
2322921
150565347
133001700
259486184
141259242
109408742
168653295
198537714
147812851
178090484
198799859
252015095
155808248
141259256
130773496
8090106
173765114
112816634
90403329
154104321
10187267
35579231
203911687
49115656
19362313
47149578
247296523
150565387
184250889
136802830
146502160
107311633
106656274
252015123
167211539
252015125
151613973
163803666
21459479
252015130
71004700
48984605
112816668
249000480
20804131
136933925
206795301
98136615
48591400
167473704
56980010
138900011
16609835
252015151
161968688
154890801
249000499
48591411
252015157
112816693
116617785
174289465
253194810
193920730
119501374
252015168
174813764
73495109
205615686
48591433
168653386
59339341
191328848
67072593
163803730
70087249
166031954
164328021
26047062
155021911
112816723
73495130
184250971
21459551
48591455
186348127
252015202
150565474
45314660
160264804
191328867
11367015
119632490
119632491
136278638
252015215
112816750
263287409
175993457
170488436
252015221
181105270
252015225
52523642
112816763
252015229
171799165
32338559
138900099
136278659
172192390
127365768
229733003
188576396
146633355
24736400
217150096
54751888
248214163
130773652
163148437
171799186
252015255
252015257
881306
168522393
150565532
171668125
106656410
198537887
42693280
230126240
167473826
112816802
157512358
42169000
170488490
174551723
212562604
54096558
249918127
112816821
172192442
881346
104166083
881348
150565573
186348230
48591554
184906437
230126281
174420684
197227213
186348236
75985615
263025360
154497745
198800083
248869588
94728917
31945430
242447063
98136789
119501529
98661078
171668187
188576470
162230999
119501534
196047582
135754466
53179113
252015338
94597866
59470569
94597869
66548460
120550130
252015350
94728954
128938748
171668221
138900220
136016644
85553925
94597894
188576519
196047624
13333254
109933322
136016651
112816906
171668242
94597906
112816914
16347929
155022105
108753693
57897759
55669536
146633507
164459301
103510822
144274217
119501613
230126382
198800173
59339568
212038450
171668276
172192564
252015414
53179192
59208505
23556925
112816963
252015428
98267973
193164103
243809555
195916617
150565705
169833290
138900300
59077454
87520083
66941779
76247892
118584150
119632724
59470677
13333344
252015460
204436325
112816998
20149096
69301100
109933421
252015472
33649520
79131510
106656631
168653687
138113914
119632764
198800254
154497919
135754624
53703556
48722820
22901637
166032266
146633611
146633614
189756304
119632785
45839250
119632788
72840086
155153303
252015513
109933465
54096795
252015516
229715668
54490010
173372321
95253410
82015138
179401635
70087589
6648743
81091420
100627367
12022696
148075439
110850992
171668401
52655031
119632835
20411333
138900422
107443143
108753862
127366092
143356877
230126540
72577999
34960340
101807060
230126549
117273561
119632859
138900444
73233375
260928482
260928485
75330536
263025641
44921834
98661354
154366967
5993465
171668474
201028603
158692348
20411388
143488007
143488008
119895048
112817165
57766927
138507284
49116181
59470870
7697437
85816349
193426463
95253537
19493922
230126626
198800421
119108646
93156392
193557546
162100270
7697454
58815537
52524082
58815538
58815540
122909750
58815542
186348598
159872057
120812602
33387577
206140474
186348602
186348604
90534975
112817216
263025727
73364537
137458757
163148876
109933645
248214606
7959630
7959632
183727182
37450834
184775762
9008212
260797524
48591956
119632988
70743132
202339420
212563039
67990620
106656868
163148910
217150574
155808878
73888881
7697522
109933683
155808882
249918575
138769526
149517430
750703
154367098
110457979
109409403
110851197
17003645
114783359
252540031
188576895
112817279
252540035
2323587
8877187
74282112
68777095
75592839
146633864
750730
115438733
73495695
242971793
109409428
20149396
105608342
59470999
109409432
69039255
105608343
105608347
105608344
22115476
148075678
62878879
141128864
197227681
22377634
195130529
138900643
73495717
105608355
105608359
105608357
105608361
105608362
750761
105608364
105608365
74282158
114783407
127366322
73495730
105608370
105608373
107312310
261977271
106656951
146240697
173765816
105608374
75330748
112817333
196048056
217412799
17003708
154367170
109933762
121337028
105608389
80966856
88962249
48461002
179533003
208106699
105608395
230126800
99316944
103773394
72578258
59471057
143357146
59471071
173765857
51737828
143357157
154367204
171668712
119633129
172193000
146502891
249787628
138900716
74282224
187659507
208106739
130774259
104035572
59077879
121337079
173765877
58946806
155809019
115438844
147420412
750837
750838
141260035
263025925
155153670
188708105
179533066
189232395
138900748
100103437
188445966
11872449
229995793
200766740
163935509
108098838
171668760
119633179
171144479
128939296
110196001
114783522
114783526
23950631
109409575
52655399
49116458
122909995
249263403
186479912
67204394
260797738
50951474
94074168
90273082
146502971
67204412
248345917
200766781
186348863
119633214
201291073
248345921
248345923
114783556
41907525
148075844
248345925
189363528
186348865
247821647
203126096
112817487
58553682
248345939
58553684
186348882
106788179
248345943
21198163
205223248
208106846
119633246
155809120
167212385
130774373
248214885
163149157
136541551
167474545
200766834
48723314
248345974
149910903
155153783
248345977
157513082
202863992
137852288
186348929
141260165
107574662
143095175
186348934
186348935
247952778
155547017
186480012
53310863
63927696
104166801
64320915
206140819
109409684
1013142
87913879
57767320
186480019
50820506
106395034
112817560
146503073
208106918
87127467
94074284
186480043
107312559
191591855
117929393
206665138
87127475
205223346
119633334
751031
115439033
751034
110851517
109409726
143095232
126186945
115439042
57636291
46233028
119633349
146503117
260928974
59340240
184907218
116618710
204043735
186480092
167474657
205223395
751085
20411888
104560114
119633397
202339830
112817656
107312633
205223419
143226364
186480134
138901000
186480137
129332746
57243147
112817673
182547982
117929489
179795474
94074387
153581074
20411921
153581076
204043794
186480150
75331097
7173651
112817689
67991066
49116702
101807647
103773729
117929505
263419428
152925732
75724327
24606251
118584875
57636398
204043823
126973488
181761585
247821875
112817718
148076088
108099132
84899390
97482304
56063553
204437058
68908612
163935813
103118406
188446279
119633480
84899401
138114633
84899403
186349132
186480201
114652753
105795159
154891862
263026264
196048475
186480220
97482335
184776287
119633504
171538019
260798053
206665318
186349159
106657384
157513318
106395240
169047659
75331180
115439213
97482348
154891885
128677488
260798065
98661995
145061491
252278393
3241595
77035132
49247869
98662018
98662019
215840388
115439236
67073677
137459346
186349202
148076180
20412053
76117654
143226519
115832472
119633558
55456817
3765909
119633564
105084572
115439262
168392352
113211042
55015074
73496228
100234917
52786854
84637347
20149925
90797733
186611370
142046890
31684267
72185517
260798126
186349231
97482416
193427122
143226547
120420020
208631475
57767606
31553209
190543548
207976128
176125634
23951045
143226566
49772231
145454789
42432200
112817865
45053643
143226572
52262604
122648270
118191823
212956876
184776401
75724499
109410005
157513431
22771417
165902041
59471580
114128606
118585054
263026398
208107233
106526434
130774760
143226601
50558697
74544873
58685162
241661675
138901232
196703985
155678450
143226614
141260539
117798652
50296572
119633662
151222015
198801148
16348934
130774799
146634515
109410071
13334299
224753435
263419679
33388319
115439392
253720354
262749248
187660069
74282790
87652140
115439407
42694447
204914749
148076341
252933941
186349365
75331382
3110713
142047029
155809589
186480444
198932286
253720384
45446977
174552901
143226694
35354441
138901322
31684427
87652171
196704077
186480459
87652175
109016913
53180242
100366162
102463314
109016916
87652187
150173532
119633756
141653855
86865760
196441953
186480484
28145511
33519463
175470441
202864493
253720430
186349422
106526574
104167277
75069297
107181944
186349434
57767809
259487618
109934469
173766533
129202054
179795848
204437385
143226762
74676105
114653063
142833549
74282893
107313039
225933199
194082705
143226771
190543764
147421077
157251475
5863319
150173592
48461717
138901396
144668571
10712988
26703776
57767841
25917344
26703780
145455014
11630503
26703782
119633833
24999851
109410219
196179885
148076462
146634673
196179891
129726390
92239799
175470520
201815993
146503610
175470523
190543806
25917375
49248192
8878020
206141381
43874246
64976839
68777927
119633867
186218444
137459662
148076499
119633875
51476435
165902294
146194526
1013723
167213019
154892251
67729376
191330272
188446691
104167397
52656101
143226855
247953385
138901482
174553066
117667820
186349548
171931631
7567343
119633906
179533812
15431668
70088695
106526711
102856699
13858812
119633917
77035515
263419905
215185412
175994886
4028425
143226890
45447177
186087434
103774221
175994893
253720594
108099605
34961432
109934617
113473562
191592474
172587038
248739871
184776740
263419945
180320297
212564010
48330795
52656170
123435054
146503731
50690103
126711864
214661175
196180024
3766331
184907835
3766333
165902397
3766335
111376445
52262977
58816578
3766341
141260870
3766343
184776776
3766345
75672927
3766347
145717324
205224012
10713164
96827472
201422929
74283091
85817429
116750422
190543959
212957272
248739930
201291868
212957277
208631904
11630689
75724898
35354722
212957283
212957288
142833769
212957290
263026792
75724911
212957296
212957295
115439730
89225332
186349685
193427573
120813690
67205247
98662528
117405824
203913346
202340484
202864776
105085065
87914634
212957323
86866060
143227021
128284814
184121483
249657483
184907922
119896210
119634067
186742933
145717398
24344726
186349718
186349717
201422999
171669658
146503841
32864419
254113957
75987109
212957352
175470763
75987117
58554542
201160879
122910896
201423025
192116911
52263088
151615675
204437692
122910909
167213243
173635775
179534015
212957377
193427649
149780672
146503880
49379530
143227083
184776912
261978321
212957394
123435220
206665942
110852311
192903384
43088090
119634138
146503904
75987169
201423074
212957411
58685669
75987174
184776934
204437735
203913447
73496810
146503915
203913450
83196141
190413038
151615727
26704113
108624114
46755710
143227124
83196148
119634161
104167671
242710776
3242233
179534073
119634164
117930236
144799992
241793279
248740096
184121602
119634178
21199109
63535366
73103625
157251851
49379596
20281613
77953294
171669775
253327634
171669779
248215827
146503955
68778267
186349856
115439905
127367456
190544165
242710822
252410150
189233448
8878383
143227187
44136755
5863733
201292086
140998967
194345269
109410617
119634228
184252731
10713397
148076862
165902658
54360386
58292549
198932806
57768263
11237716
170490197
10713429
110721367
19757401
196049242
116619612
190544224
75987297
129726820
5863783
108099945
201292144
247953776
170490226
192641395
52132212
146504053
201423222
220690806
33257846
104167799
76904826
74283390
54753665
72579462
254900615
214006155
117406092
142834060
191986062
19757459
146504084
73496981
63273368
198539673
155810201
107313563
73103772
254900637
170490271
121106947
100759967
179534244
3766693
248084901
121106948
82540965
164985257
42564011
186349995
198932909
108231089
148076979
171669939
110197173
171669943
186350011
97876411
58292669
155810237
168786367
198932928
198932929
170490302
201292227
203913665
20281795
170490311
77691339
58292684
170490325
20937174
3635671
195787224
195918299
154892767
163543521
198932962
183335393
181500386
183728613
52263401
251754986
22378990
192641527
207976952
196049400
144144888
207976954
87915004
229734909
198932992
87915008
96303618
196573701
225933830
49641991
87915015
87915014
207190536
122780170
131299851
75987462
158693897
252672521
249395730
198933013
155810325
198933015
87915034
94075421
198933025
19888673
120420899
167475746
80968229
115440166
186350121
257915434
139295275
196966957
155286062
151616047
247298607
170490414
50297394
200768051
124484148
55278133
119634485
116619824
196573750
115440185
89750074
198933052
143227453
148863549
76118594
100366914
116619842
189233735
155548232
179534410
55671372
52263500
52263506
143227481
190544475
179534435
50297444
104168038
175995495
93157993
112949866
143227499
72972906
21199470
163543664
148732535
205617783
165640827
67336831
198933120
158694016
205617796
175995526
145717898
69433997
114653838
205617809
158562962
214006419
140212881
140212884
198933142
43743889
205224603
242711202
205617827
67992226
196049573
158694051
143227559
262896292
167475882
198933167
24607408
109410993
15563440
142834355
112949939
103512758
172456630
144407225
129727162
15563449
198933180
204831417
182549182
186350272
80968385
71924424
148077257
142834377
50559694
229997262
182549201
198933202
165903059
149781205
214006486
229735126
26704605
66550496
143227617
52001505
261978850
186350307
142834406
49642215
144407275
147815147
146373355
28670702
147815151
87128816
225934065
147815153
167475953
214006518
142834423
23296762
155024122
205486844
49642240
147815170
252672770
140150721
107576070
249658120
214006540
229735180
9796365
147815184
127367952
214006547
163543828
50559764
214661910
128678681
50428701
7174947
179796775
53181223
49642282
80968492
75987759
147815215
100367154
51477300
127367990
182549304
182549305
163543866
155810617
109411135
33651520
127368001
71924549
140213062
249658182
260668232
72710984
67730250
31685450
214006604
229735244
196049742
50297670
52001619
153844565
57244506
74152795
115440476
96041823
197229409
258571106
188447585
72711012
129071973
190544740
140213094
73890666
106658668
179403633
174029683
257915766
1276791
147553144
38370171
143752063
260668293
190544774
130775943
146504583
229735307
171670414
57244558
184777615
207977358
179403668
57244565
34438039
143227800
72579993
135232410
98663321
204962716
20151196
109411228
53050271
52657053
195656603
163806114
136936355
175471521
183335846
95255462
212564902
62225318
106527658
26049451
229735340
98663341
229735342
242449333
147946423
214006712
136936376
257915832
178092987
142834622
37714880
205224896
172325826
196049859
171670468
136936386
184777668
84376519
74152897
59079626
55409612
142834637
101940173
146504656
116882387
136936404
207977433
54623200
91978721
163806178
229735393
136936421
155810791
168655848
50691053
247823342
83852270
193428464
262503407
184253431
206142456
148077562
64715770
49904636
229735420
104168446
148863999
148077568
143227909
212040713
72973321
249920523
247823371
214006797
140213261
143227917
148732944
196443152
136936466
13597709
170490900
253197330
136936471
201161754
149519387
113474588
107445277
100367388
251755551
171670560
194083868
214006819
247823400
155024424
146504746
222657580
53312558
249789487
117668913
100367411
194083895
100760632
205618233
142834746
175864891
188316732
117668921
24533881
138771519
255294526
106003524
117406789
87129158
261979209
142834762
111377482
158694474
144407630
146635855
91847760
22379598
72711250
108231764
147946581
248347735
44661849
200768601
258440282
23297116
174029918
148733024
148077665
147946593
66681954
74546275
143228007
169573480
51477610
249789548
214006893
196050030
111115375
214006896
253197424
11107442
201292915
115440757
5078133
133528694
214006905
183336059
201817213
154893437
54361213
253197439
68779137
16874626
115440769
115440772
109804675
196050054
108756100
13466758
69172366
53050512
124877969
58293393
51477650
52001940
107314329
52264089
53181595
249789596
73235613
106527902
174423199
70614171
55409825
73628833
140999842
262503587
106003621
69172389
48069791
109411496
201161895
73759906
110984363
51477671
52657325
50691251
197885108
197885110
147946681
103775417
167476411
146504894
115440831
35355841
261979329
15695042
181107909
164986055
214006984
262503625
147946698
109411531
104955082
196443350
206535895
100760792
58948827
184909019
199195870
73497825
175996130
167607522
185949490
20675814
117669094
253197545
176127212
147946733
146504942
79396078
116096241
196050162
179797233
143228153
200768762
247823615
67861759
253197571
253197573
252673287
24608011
52264204
109411598
253197583
109804817
11894037
214007069
174423326
167607586
253197609
95124777
98663721
178093356
52788523
11894062
252673327
53706033
248347959
206798137
214662459
109804859
109804863
164986176
189365569
214007106
106528070
214007114
71531851
163544396
253721933
214007120
17530195
52264278
179141975
253197655
63798615
146505047
196050267
34700638
214007136
253197665
189365601
214007139
21200230
100367720
115441000
104168810
57507178
155811182
253721969
194477427
118586742
197885303
167607673
109411706
15957371
138902908
72187262
22379902
193428862
148733313
117407107
104168838
194084232
181108106
143228302
57507214
198671760
109804944
195657106
59080082
89882004
254901652
176127382
57507219
52657560
143359387
214007196
20261493
108232094
146636191
84376992
116096415
193428899
108101028
57507240
109411756
148077998
108101042
76119474
10190260
57507254
74677687
208108984
135626167
184778170
137854395
184253884
188919413
143228351
148078018
208633282
171670980
73498052
214007238
72580550
202472904
108232135
115441098
193428940
52264396
167607758
80969167
76774864
109805008
58555858
167476688
143359444
262766037
37453273
58949082
214007259
124485082
20282848
83852768
93289957
194477543
111115751
139034089
209419753
134708716
208764396
39157230
26050030
146505196
193428976
138116594
199196147
253197808
16874999
171671032
192642555
253197821
147947006
97091069
254901762
54361606
4423175
139034120
109805062
144277002
202341899
174292486
214007309
109411853
139034127
13729303
214007320
206798359
257916442
186088990
42565150
122256928
20545054
259489311
199196196
164724262
89751079
68124200
146374183
260668970
216104491
214662700
160661035
122256942
199196203
90406442
255295025
155549234
108101171
259489333
13729333
106659383
39288376
152010296
55279162
259489339
100367932
262897209
191725120
50822721
74546753
262504003
120553026
246906437
108101190
111115847
188579401
214007370
142573129
195919438
8879695
192642640
167476818
189700990
13729365
214138455
259489367
16219735
108101207
119242327
175996503
57507423
164986466
158695013
91455077
259489383
13729383
57900650
259489387
133004908
259489389
193429100
120553069
55279217
133004913
259489395
13729393
259489397
109543030
173210348
198934136
115441267
263028340
75726451
213876348
202997373
158695030
151748223
167607929
146505345
15695490
259489412
134315653
260669060
91455111
143359625
259489420
259489422
171933327
76119696
259489424
253722258
259489426
58162837
259489430
109411989
19889818
170491546
151748252
248741536
259489441
134315682
259489443
259489444
107314851
59211427
259489447
120290983
164462244
259489450
202342059
77954728
77954726
53968555
202997414
169705129
77954738
259489462
164986551
17923768
259489465
77954744
32997048
214007484
196050621
84377275
52133560
103907008
196050627
189234884
247955142
156204743
36798152
250052296
259489481
202604234
253329100
253198029
115441357
72056527
42958544
174030542
167476945
197623503
262504148
119111382
179142359
119373526
174292697
214007514
16875227
186089179
184647389
89751262
50298588
90406615
201424609
14384866
49512163
86867684
59080424
11239145
117407468
158695148
194477806
214007535
53968626
259489523
174423795
20283127
241663736
134315770
253198075
131170045
201424638
131170049
55410434
189366017
87392005
111116039
194346761
20545292
52264717
215973646
214007566
44269327
195657486
35487506
251756307
42958613
214007574
252673815
129728281
192642842
4685595
215973658
66682654
216366883
622371
52264742
261979943
115441448
208371497
84377386
55148328
44138287
253329201
139296564
166035253
2457399
196050746
214007611
139296570
148864827
187662142
3243839
73498431
194084671
168525628
84377402
177569605
202997573
130776903
45842248
58949449
185696072
204439371
115441483
165904200
158695242
138116943
35487570
109936467
101154644
68779861
139296598
149913428
84377430
109805404
122650461
194346847
68779875
106659683
252673895
175210346
196968301
117669745
196050804
214007670
166559606
91848566
212041594
134578043
196575100
110460798
214007679
82673534
88047489
222658433
69042049
174423940
109412229
252673926
52658055
70352771
67862410
144277387
53968781
137854867
214007708
100368284
252673951
174817185
214138788
73236389
22380454
2588583
122257323
139558827
2588589
103120816
2588595
108101556
138903478
2588599
2588601
109150137
166035386
20021181
57769918
32079808
214007749
109936581
214007752
156205001
103514058
217153483
48463820
52264904
262504400
109936594
260931540
189366233
206536666
41648091
103776221
202604510
5079007
72712161
133005287
82673639
252674024
144277482
198672363
253067244
163938287
105086960
19759088
68124659
36798452
176545026
77692918
102858743
109412344
156205047
109936632
107315195
122650619
57769974
95125494
109936641
42827778
95125514
109936650
158564364
16875532
109936651
198740976
242712595
89227284
198934548
52264981
58687511
20021270
20283417
139296794
166559771
147816477
252674077
58163231
95125536
133005345
156729378
136151074
52133924
4423719
252674088
19365929
184516648
39288875
190808109
214007855
52133935
76120116
147816502
177045560
184516666
214007867
174424124
109936700
60784699
214007871
69435456
198672448
143884354
114333874
192643140
177831998
40599623
58294344
135495757
52133966
164986958
182812753
262766675
10584147
10584149
135495766
147947607
252674136
111509593
13860953
143884382
208633950
44007523
249659493
164986982
28934249
76120169
115441771
196051053
196051055
163545199
91848815
248610930
117670002
54362225
135495797
4030581
23167095
54100089
206667898
91324538
105087100
19366013
73236605
105087103
115441791
177700991
109936771
252674183
68124808
109805703
177701002
138903689
77955212
262897805
141394062
124747919
66027665
86868118
117932184
6783133
133922975
34570403
249921699
184123557
197886116
206667943
91324585
130646188
67207341
167477423
109936816
147816627
72712371
129859765
119111862
96305335
133005496
190808249
107315386
54362300
50561213
252674237
162496705
113475777
9666756
12550341
147816646
124747973
57508039
177701066
57508045
214008016
147816657
147947729
87523538
1409235
113475792
67862746
58556635
176652507
74547418
208634079
147947744
141000929
183337184
79397092
196051174
183337193
182550762
57508075
173768941
196051182
45842669
190808301
214008049
98009329
1409269
260931831
186876151
180322553
199196920
182550779
147947774
20152575
119111936
108232959
160399619
1409285
108757254
249004295
1409287
175997195
68124940
212566285
222658829
115441936
133005585
77037842
190808337
117932312
184910108
148734236
182550814
196837664
38633761
98664738
71926051
55148835
212566312
96305449
51347755
147947820
167477549
222658862
190808364
192381233
109150516
261980470
133005627
144277819
113082689
134316354
56197444
1409349
96305479
186351945
107708746
133923149
113082701
128287054
128287053
141394257
56197457
128287059
186351956
196837716
196051286
107708756
52134232
108888409
104169818
107708758
142836064
1409377
107708768
87130468
50430309
147423590
184910182
214008168
107708774
13992300
107708784
98664818
157254002
107708788
142311800
5472633
141918585
20676987
25133435
191725949
46760319
182550912
117408129
214008194
128287106
9798020
190808447
107708805
159482248
214008201
107708808
248742285
262504846
203391375
123568529
190808467
128287128
205226392
50299290
193692058
103383454
191463839
14909855
107708832
107708834
260932003
214008228
146112933
20152742
154894758
165904805
107708836
107708838
214008235
142836140
136020397
90800556
107708846
139952560
107708850
155287991
72712631
191463867
58425788
133005757
198541758
45842877
155288000
107708860
26575299
107708868
84378053
190153159
133792201
113738186
107708876
198934989
5472717
214008271
35488208
133005777
190808530
7963091
157254100
191463893
107708880
107708887
49906138
50561498
58556892
107708894
191463903
177308127
214008289
26313186
196051427
156729826
196051429
107708896
5472743
191463912
137986536
197624298
184517099
34570732
71926253
147816942
196837870
113345007
56066545
188711405
86868462
249135607
108757495
35488250
184517116
58425853
179405309
7307773
107708925
107708931
196837892
142443012
157254153
107708939
15172109
155157005
107708943
70615569
212566546
157254165
74285590
186745366
36274711
107708953
133792282
188056091
207192604
142311965
39027228
114655771
157254176
214008353
133005858
133792291
252543522
76120613
200770081
49119783
214008360
167608873
214008362
133792298
138773033
50561575
46105126
107708971
196051504
47153712
157254194
107708973
107708975
107708981
5472823
147817016
249135675
214008380
125796925
128287292
206668351
133005888
23953984
103121474
214008387
121078342
186352198
255165000
180322895
76776016
222659151
202605136
180322899
167215696
157254226
202605142
15696471
104563286
50692697
242221174
217154139
222659163
15696477
157254236
165773919
142312033
125010532
193430118
201163367
174817896
214008432
87130738
196838006
195134070
174817912
127369848
192381561
22774390
133792380
139952764
196051582
62227070
133005952
133005953
5472897
58294910
212042372
196051589
196838021
54362756
174817928
196051593
184124043
163021453
184910478
214008464
35750545
68780688
157254291
262767252
217154197
249135764
107184792
202605210
91325084
208765597
249004704
214008484
131302052
180322983
5472935
16876201
133792426
38240941
71664301
195658414
198542003
167477940
184124087
260407991
49644222
204309184
198542018
133792451
16220867
157254344
33653449
187794122
15303372
54624973
44925646
15303374
15303376
81756880
76776144
15303378
15303380
21201619
55411413
203391696
225936089
91325146
73892577
114918115
133006052
157254374
65110760
157254376
196838125
133006062
199066351
214008560
249004785
96305902
242451184
71926516
100369140
72581880
59343608
177308409
31687416
180323068
76776189
42566400
53707521
196051714
186352386
157254400
252674821
196051718
249004807
206668551
197100288
5473037
97092365
109282063
203916046
138117905
182551311
42566419
131302164
133792532
249004822
196051731
186483476
175997715
101286682
198935315
193430299
145851165
249004829
16876319
16220958
135496483
192643878
186352423
76776232
42566443
43877163
133792557
207192877
192643886
74285872
257786672
257786669
174162740
192643895
129336121
263291708
190808893
70878014
43352895
26051391
109413189
208634697
190808907
186352462
73630543
186352463
59474766
174162770
67208019
214008666
11502427
214008668
149521246
5473119
45581152
108364641
214008675
141656931
182551395
196182886
149521255
133661545
141656937
77038443
202343276
157254509
101811054
196051824
196051826
214008694
190808951
181371767
147948412
190808956
248349566
193430399
249004931
5079941
150700934
249004935
254903176
192410619
91718539
204309388
196838284
89883533
161973132
242451342
254903186
161842066
136020884
5473173
5473181
108364701
207192991
142836637
52134820
196838309
5473189
254903206
172327845
63950296
59212714
86999979
108364714
76514221
254903214
215188401
193430450
48333745
186352565
149914551
179930040
19760057
108102588
214008767
102859711
254903232
169706438
262505415
195527625
118588361
142836682
198542286
91194319
492496
214008786
190809043
203260887
136020952
185828314
5473245
198542302
109151197
108364767
5473253
149521381
196838376
190809065
138904554
118588395
93553646
118588399
166429682
190809076
190809078
198542327
214008827
51741692
166429695
203392001
260801538
260801540
180323333
19760134
180323335
260801545
260801547
147948558
15303694
197624848
198542353
102859793
190809107
139559958
139559959
20677654
207324185
139559962
217154586
260801563
139559965
214008862
139559967
59081760
260801562
139559970
247956513
108364834
254903325
86213670
260801574
190153760
260801577
174294057
116622379
44008492
118588461
196052014
57115689
171934768
168526894
188187698
137593907
57639988
14517300
249660467
138118197
203392056
166429749
190153779
185959480
174294078
147948607
254903361
67208259
153584708
107316295
191726664
174294087
174294088
3900491
151618637
253199439
254903377
118588498
144802899
98665561
252675163
27886686
118195294
169313376
133792864
52659298
174294116
108364902
69436519
174294122
249005163
262767723
254903405
235897965
109413489
257786994
249005170
249005172
257786996
257786998
112297077
186745973
42828921
247301242
248087672
253592693
128812162
185435269
31687814
182551690
136545419
214008972
254903437
199066769
138904722
137987222
195527830
131302550
190809238
190809248
248087713
32610298
124748963
143361190
251888810
118588586
188712108
217285805
129074349
73499823
147948721
118588594
96437427
58950835
108364980
96175282
85296312
55936197
10585287
174163144
190809291
249005260
73630925
190547149
697124
72320212
114656468
214009046
199066838
180847833
109413596
697127
90801375
173376736
151487714
88048873
158172394
253068523
174818539
188318959
104170736
188318961
252282097
118588657
202736884
188318967
32998648
4687097
125797627
208766204
54363391
193430785
106792193
190547201
29590791
68125959
2852105
242451722
203392268
67208461
89883920
180323603
2852117
249005336
260932888
149914908
89752861
10585376
249005345
174294306
174294308
174294309
108365099
134579502
133662002
190154048
55674182
138380616
45581641
7439691
75990348
118588748
111510863
202343760
137987410
77956434
104170837
142312794
199066971
37061979
52659549
49251678
176260447
181372257
147948899
169706853
217154921
72975721
207717737
102466922
138904942
178095470
102466926
46237038
1672563
201164148
96437621
48203125
129205626
156206459
147948932
108889476
252675462
134317447
136414600
260933001
138118539
247432588
179930507
85558668
102860183
249005464
201033115
116622749
249005470
249005471
242451872
196969889
207717795
262505892
122521001
131302827
106792364
80053677
120423854
198542768
201033138
49251765
198542775
9799099
14517695
216237504
142837185
129074626
202999235
214664643
109413829
242058688
198542792
261981642
201164236
20809165
214664654
102860241
137987538
181372374
127501784
57509341
53183966
109413854
33129952
49251808
67732962
56198627
141526499
262637029
147949030
122521062
71927270
181372393
145309488
6129123
9799151
59213296
171935217
198280689
49251823
224101877
118588922
181372410
178226684
168527356
49251838
109938175
44664319
170493439
183338498
7439875
209421828
201033221
178226696
184124937
163546634
111511051
198280716
198542856
7177749
116491798
249005591
46630421
31688217
186615322
166430234
75597339
49251868
173377054
216368670
26183199
71927329
193431074
7177765
201033254
136807973
181503529
33261098
103384621
86214190
88049201
150963762
186091059
16483892
52659765
13862454
49251896
3769913
133662264
131302971
81757761
70878787
3769923
154895940
20547144
178226760
106661453
167478863
168658511
198542937
217155162
144279130
249005661
214140510
167478880
197887585
118589028
262637156
99845734
113084007
187795051
242452076
76383856
362097
253068918
149653110
199198329
146769532
79267452
20547200
109414017
73107074
196314755
48858756
33392256
196314759
198542985
114919050
58558092
206669454
196314768
37455505
178226838
205489815
91457174
66815641
167478938
88049307
99845786
179013275
39159456
198543009
107447969
181372579
20678306
8357536
184518312
198543016
106006186
15304360
106006188
181110446
178226862
26052272
199198384
170493616
152405683
7308979
142313141
197625526
755383
198411960
755384
129599162
755382
254903996
755385
118589114
755391
755392
755393
755394
118589119
179930820
205620933
96306886
198543047
198936264
184518344
16221898
190154436
139429580
153978572
74811088
249923281
175867600
118589140
184518357
184518358
217155287
81757911
196052695
58033880
153978580
190154464
201033442
184518372
198412006
206669543
135366376
206669545
106006250
184518375
178226921
36275945
178226926
154896110
199198444
199198450
131303157
254117623
188712695
152798970
175998715
242452220
52004605
169707268
169707270
118589191
203261704
184518409
175212298
169707275
198543116
58296077
98141966
125142799
208373519
755473
755474
206669587
755476
190154515
182814477
133007127
34965272
755481
755482
755483
198543129
85296925
11503390
755487
175998752
179013405
198543140
198936358
34965286
28280616
92505897
175998763
118589229
73238319
104171312
194479921
109414194
177702710
175867702
73369403
36013884
142837569
121210692
141788998
198543180
52528972
85296974
71141199
175998802
203392851
182552404
184518487
149391191
143492954
175998811
175998812
249005917
81758045
198543198
11503451
107448156
262637404
175867740
98666340
164333414
75990888
248743786
249005931
169314156
206407533
249005935
149653363
99190644
121603958
163022714
137463677
57640830
171673470
249005959
198543240
179013515
70092685
119244688
190547862
164595606
249923485
56067997
198936477
188057504
196315042
249268136
25921449
199198632
263292843
254904236
127633321
154240942
178227125
178227127
163547064
131303354
163022779
196839354
160532415
136939459
108890052
171673541
114788293
25921477
175867845
68388809
184518602
263292873
163022797
262899667
10717140
38111190
262899671
174557144
185173977
199067610
106792924
114788319
198019046
6391783
249923559
118589417
56199145
108890093
167479281
138119155
178227187
69699573
206669813
99190775
88967156
141658105
2852859
198543360
216369153
136546312
108890120
153978890
141658123
41388045
134318094
249006094
91195408
205883411
248875027
206145559
54364183
206145561
40732698
206145563
191727647
204310560
171673634
178227236
115443749
253069350
205752360
6522921
174295083
177702956
165251119
8882225
217548850
165120052
6522933
171673654
201033781
154241080
249006137
157517883
174295104
53053507
20416580
257787973
29984838
119244869
198543432
249268297
174295114
6522955
54626373
247302221
136939598
44664911
247302223
247302225
141789265
178227283
242452559
174295125
151488597
167479383
178096213
20023389
174295134
118196320
174295137
197888100
249006182
141133930
108890220
57903213
99190893
205883504
183339124
174295158
205883511
174295160
174295159
205883514
198543484
14780541
253331582
73107580
11503746
263293058
164071559
98666633
141789322
171935885
58034317
174295183
153979022
109545623
167479447
174295194
157517978
99322011
31688861
196184222
185174175
193431711
153979040
31688872
74942636
111642798
164071599
81758384
109358452
174295218
188713135
169707700
174295221
174295220
153979062
178227384
107448505
109358454
153979061
51349685
129206462
196839614
14256320
205883591
67733705
174426314
204310731
107186379
257919179
52529358
36014287
14256336
119245002
131172562
198543571
196184276
176130259
131172564
179013848
73500891
53184732
198412509
198543581
49645797
50825446
171673831
196184298
217155819
73500907
216369391
174557423
22513905
161974514
99846389
114788598
174557436
67995904
53184770
157124870
148867334
31688969
26052875
153979149
178227470
67733774
136677648
189368594
180324629
106006805
196184343
142838039
198543641
225937689
136939803
195791131
166037789
134318367
178227489
81758498
148605220
105220389
198543653
176130340
225937705
196184362
74025258
172984621
180324654
53184817
57903410
204310835
188844340
57772340
109414710
198543671
153979187
153979196
87787837
196577600
98666819
249006404
69699909
104171844
249006407
174426440
180324681
59083077
99846476
153979213
2853199
176130383
217286993
252676435
21727572
110987612
42436957
76777823
178227552
21203297
165906785
6523233
175868259
198543718
22120808
69699945
6130025
141789546
176130412
136939884
106793326
69699951
196184431
201165161
22382954
105744747
52005238
46107000
149784955
153979262
6130047
174164354
56985987
260934021
189630854
62753158
106793351
112691596
53184910
185829780
69699993
54129154
123439515
253069724
176130462
58952098
58558883
198019491
69700005
157125029
887207
214141348
887209
253069738
53184939
34441644
176130477
26708390
105744806
53184944
121735600
180324789
157125049
180324794
157125051
55413180
106793405
196184510
58689983
184650170
194087361
14387651
198543813
887239
148605384
118589898
85035467
198543821
2853329
136939988
249268694
68258266
3246555
129599964
136939999
200772065
136940001
24480225
178227685
114788839
171674088
52791785
178227689
99191274
58296811
178227693
143100393
25135599
26053104
192121329
55151090
198543855
136940022
262506999
148212220
128158205
141658622
134318592
190548485
198543882
2591245
178227728
262638096
119245328
196184595
186616339
189630994
171674138
111381018
109414941
199068191
196577826
67996200
173378089
173247018
2591277
215452207
178227759
193563186
198019635
151489078
31689271
104958518
138381881
106007098
211913275
58952251
179145276
24742457
199068215
6523449
165907010
143362628
148605512
151489097
208374345
260934216
148081228
260672077
198543950
136940110
214789268
134318674
263293523
154896980
190548562
125536854
253332055
164596312
136940117
175213146
252414555
125536861
121473630
19630688
225938017
107448930
167479904
118852192
136940136
2591337
142838377
141658731
5999213
120031855
111643249
105089650
187796083
225938034
102468218
17009277
184519293
171674239
11504256
50825857
142838402
248744583
53185160
168528522
98142858
188713612
248351370
242453135
101288592
188189331
181111444
46107285
196184725
58296984
106793624
196184730
242453147
198544028
114002589
198544032
17533601
136678050
196184739
110201509
47811239
136940199
174295721
174295722
74549934
132352687
134318769
84765865
6130359
154897081
36670138
196184762
6130367
169708223
148081343
136940226
174295747
197626563
257788612
80710343
184519368
149523145
136940234
6130379
136940240
139561681
194087634
198937300
67996378
6130397
174295774
261982944
166431457
157125347
99191524
249268964
205884134
261982949
74418920
25660137
261982954
76778216
174295789
250186480
168528627
261982963
58166007
67865335
46107386
261982972
69700350
160402175
174295810
111643395
180587268
53709570
178227974
181111560
76778251
36014859
151489291
197495567
148081424
184519442
57903892
195529496
91720473
148605722
175213339
225938203
122260252
148605725
174295839
148081440
250089198
263293724
41126691
51612452
91458333
210126079
73370407
181111593
106793770
174426923
15436588
26184492
67996462
53447472
160795442
181111607
189369144
20286263
103385915
72059709
164465470
178228031
116886337
173378370
159484738
184519491
199592773
124488519
73632584
107187018
48859979
5868367
177703760
143362897
157256530
110201681
174295891
102468437
199068495
177703767
148081489
37718877
756577
48466795
179538798
180587378
174426995
135498612
194087805
205622142
172067713
174295938
110201731
129600390
164596614
109415302
46107526
207195021
31689613
217549717
151489430
75598748
210126103
184519590
178228139
242453423
212569009
174295985
201034676
181504949
756660
199199671
149916600
249771647
89623484
99191746
174427078
197888966
110201800
136087528
132221898
248089546
104958921
188713936
212437972
63540181
74025941
27626456
177703898
67996635
156732378
177703906
188189668
51612646
113478631
128814057
171674603
177703916
177703919
41257967
214666225
188189682
55413747
53185524
188189680
225938425
188845049
197626875
188713981
193432574
36015103
188189695
174296063
260672511
23956484
53185541
135498759
167480327
125406218
77040654
14519312
178228245
179932182
202345493
198544408
30772249
71666715
198544413
94997536
111381537
114789410
107187236
187927588
2067495
120294440
121736233
14519337
150494070
82938924
28150832
168791089
184650802
179932210
138382388
72584242
214666294
110201911
160402490
188714043
68783166
120294462
14519360
188189758
104172614
157518919
112692296
72059978
154897486
199068755
260934741
188714070
263294040
109415512
168791130
53185626
204049499
14519389
178752606
63933528
22514784
190155879
102861927
177966184
252939368
115444847
118590575
74157169
56462447
52137075
110201972
4033653
53185654
261983349
261983350
172067960
249531514
179932283
138119587
58297473
57379970
109415557
91720838
7965832
121343113
261983370
261983371
7965836
47680652
143363213
202345615
164596881
70356115
63540372
168791192
168660120
110202010
161844379
261983384
173771933
177704099
193432742
80972968
53185705
91720872
195792043
91720876
52661422
252415153
41258165
67996854
99191991
128158907
120294588
207195323
263294142
198544581
195529926
248614087
242715849
143363274
208506059
134974666
197364943
191728847
96046288
161844434
89492691
50171092
169577681
1019094
242715857
171543768
198413528
48860378
193432796
249662685
70094044
110202080
198544612
134974695
71929064
167480552
165907688
195529965
33000687
197627120
16616690
72715508
16616693
36015351
188845309
175213822
16616703
194088194
16616709
248352009
43617551
14257424
2067729
127634706
42437908
34180373
260934932
184651030
58952983
53972255
174558496
90803493
155159850
57773359
67734833
212438323
263294260
180718902
51612984
169708856
195530040
72453438
2067777
72322373
59477321
161451345
195530068
107056472
199593309
207719777
197496162
136154474
74157418
74157419
252677485
24481134
74157421
53185906
117411187
207719796
123833717
123833718
199069048
195530105
98667897
167480700
207719805
173903234
94997893
82939270
179932551
58559880
181112199
106794378
118590859
190811526
248352144
32214417
96177555
78613911
104172952
78613913
10456474
52268443
143887770
188059035
128159134
181112220
193432986
32214426
53317033
131960234
129863082
197627308
107974061
33394093
32214448
168529329
115707314
96177586
230002098
248352178
73764278
82939316
82939314
5082553
107056569
96308667
19762620
43879862
129863094
197627327
199069119
121343427
46632387
64458181
73895365
8490435
189369800
72584649
32214474
69701069
120294862
248745422
52661714
214666712
16092633
46632410
32214489
82939356
98667997
4427231
174296545
95260131
96308711
110202344
171937257
249269739
140217835
136941037
107974126
249531887
250056179
11898355
59084277
120032762
58035707
11898366
129863166
82939392
53579266
16616962
47681027
150965765
109415942
72322567
174296584
263294469
200904202
263032331
161844746
58297868
188714510
192908818
31821334
122392088
54103576
136154650
76779034
82939418
82939420
148606495
242716191
23039522
161451555
136154663
106794535
57118249
110202410
15306283
102862375
82939440
174296625
193433139
177704508
69701181
888381
263032382
263032384
103124540
104173116
53186115
75337280
260935237
14913096
39292490
249663053
171937363
161451603
129863252
136154713
138382937
74550873
116756060
80973404
2592345
138382944
179146341
103386725
173379175
158699114
161451626
104173164
110988906
138907244
148606578
118591091
74026612
46108277
181112438
169709177
79269497
136154747
184651387
4951677
109416059
75337337
188321409
50433666
58035841
194088582
92507782
171937416
136023689
54759049
80973450
79269517
138382991
14257808
91590297
171937434
117411486
120032927
172068510
202215078
116756140
184651441
154898098
172068533
214666934
138514102
167481020
200773316
50040518
187010758
124882635
116756172
136154828
131305165
185175757
202346189
172068559
38112978
57773784
129863390
21860064
85561056
204050146
164990691
202346208
118329062
134844135
168660717
136154862
116756206
173903598
136154865
52661998
161451768
67473147
140218108
50695934
183078657
72322820
91721477
110202630
116756231
75599620
116756236
186879756
140218125
120033038
249663249
202346257
116756243
120033044
204050199
72584985
116756252
89493276
116756256
87789345
213487394
252022565
142053157
172068647
173903665
19894066
190680882
67997509
190680901
195530568
199200585
174296907
114003788
242716493
174296910
144936783
161451856
198283086
85561172
22777685
110202713
121343839
143888224
257789795
195661668
109416293
84119398
174296940
210734960
130781041
174296944
67997554
69701488
150179701
205492086
158699383
174296951
193244876
193433461
207196029
97095549
23039871
73240449
116756354
174296965
216371078
116494215
138121096
171020172
197365644
109023118
248614800
174296977
142315410
128290705
160796564
85692308
35229590
98668438
17010581
173379473
24219546
72716189
174296991
97095584
248614818
37064610
109023140
163024805
154898340
183078820
174297000
129863595
263294894
163024815
106794929
169709491
72322996
210735036
69701571
260804547
130781125
90148806
26054595
67997638
190681028
69701578
263294922
44273612
116756429
73371598
121606092
142708688
260673484
120033234
59215827
260935640
69701597
113479646
49778653
10063839
260935651
155291620
260804581
69701611
62885867
163024877
120426477
23695343
495599
179539950
179146733
62885875
179146740
83857389
170758134
197627895
120033268
58298355
79663100
83857407
83857409
83857411
193433604
12629317
116756487
109809676
249401357
79663117
249532433
57380884
38375445
79663124
192385044
158175256
83857439
99717153
128290852
57511974
100372519
160534572
83857452
197890094
183078959
120033327
128290863
13602866
104173621
109416508
186617918
23826495
104173630
72323137
158175295
181112900
83857477
147689541
110202954
161452107
179146828
123441229
39161934
83857487
174821456
13733965
157782101
201429078
50434133
153849944
190681174
83857498
50696283
129863772
74027101
83857504
121475171
91721829
154898535
168923242
138383467
138383472
5476465
42176627
263032947
138383479
192909431
123441273
157126778
145461376
35754117
14520453
74027143
192909448
181112970
146509963
181506194
83857555
214012051
142315669
53973143
43880599
109416602
196055201
42832033
139956390
120033446
79794342
192909481
99193006
123441327
177705137
179146934
153981111
173117626
138907836
81367229
79663293
157520063
192909503
217288897
72323266
161452225
168267972
107450569
160534731
263557324
74813643
179409102
74027211
207196368
63279314
241799380
167481556
157520084
45846741
33132761
190681306
67473627
198283485
31822046
192123103
32215264
168268000
163025128
184520937
188453097
216109292
142840047
142840048
201429232
201429234
201429236
142840054
201429238
221745401
94998781
164598013
207755683
73502976
242192641
181375234
15307010
120033543
177312008
159486223
83333392
166301968
260804883
94998803
138383636
263557398
42701079
184914198
153981210
159486234
183079196
206147869
169709856
255299873
99717410
120033568
94474532
120033571
159486245
94474541
117281070
183079215
11374896
159486257
94998835
187011379
2068787
80974135
43880760
153981241
73503037
198283582
154898757
186618182
121737542
192385352
159486280
131174730
170496331
153981260
188453194
263557448
63934790
263295312
263295313
168005968
48599379
72323412
75993429
193427333
179409240
154898776
127242585
164598107
115708252
164598109
55284062
164598111
128815452
168005985
263295332
74682724
164598118
141267303
107450726
164598121
263295337
134975848
51351915
164598125
263295341
164598127
84382059
54497653
32346486
207982966
128815480
134975864
101552506
159486330
164073852
105615740
164598142
102863230
164598144
164598145
263295359
109285761
159486341
73765253
42701194
176263563
179409292
164598157
146510220
48599441
260936082
164598164
92901780
164598166
101552535
164598168
120033684
147952028
159486368
95916449
164598178
164598179
114266530
192123304
120033708
189632944
196579761
260805042
173642163
159486388
263295414
252678582
177705398
56463798
190681530
160797115
164598204
790815
164598206
134975935
116888001
14913986
134975938
45322692
32215494
197497287
196186567
129601992
53449161
79663564
138383824
146510289
58298835
67473877
81367512
155554265
177705434
26055135
153981408
175215073
183079393
199201251
91853283
48075236
75338208
134975975
160797154
66687468
190812657
54497778
164336114
244290040
114135548
12030460
184783356
247960062
4297215
153981442
74682885
138383878
196055558
48075270
73503238
164991498
225939979
91591180
188453386
134976015
205754896
496149
249664021
125276693
205754904
146510360
150835740
134976028
217682461
134976033
1675811
146510372
73896491
183079471
57905714
20550195
171020852
171151924
261984820
134976055
79663669
247960121
32215604
109417019
21074491
95916607
244290111
43881026
171020871
106140237
179147341
6787661
167481934
52662861
141267538
25662032
12292692
134976085
92770901
496215
66687576
263033433
53973594
131306074
142185051
43881051
263033435
125932128
153981538
91984482
153981540
98275942
113349228
186094194
183079540
181899892
153981558
167481974
128291448
151491196
3773055
10064514
3248773
201036423
180720264
118985353
43881098
57905804
44798605
171020944
69309073
263295634
167613075
167613077
167613081
171020953
244290201
181899932
136155806
262640287
142709411
198415011
241668773
21074601
169054889
42832555
249664172
169710252
72454828
196580012
55153329
14914227
9147063
48075448
244290233
107188920
214667964
53973692
190550716
180327103
190681792
37982916
213488325
43225800
150311626
25268939
150835917
25268941
249270991
167613136
98276049
25268945
25268943
177443546
134976218
167482076
171676381
58954462
180720347
42832608
73503456
25268964
167613157
25268967
205886184
260805352
98669288
25268969
167613165
32215791
225940208
25662193
171021046
141529848
244290297
171676410
79663867
118330109
85693183
76124944
249271056
167613201
146510611
150311697
260805397
197366550
3642135
171676440
173904665
13734681
122655512
171938583
150311706
49255198
146510620
28283680
174035741
146510626
196449051
58299174
160404265
49255215
63279920
83202864
179147568
179147571
73241396
104174385
188191542
207459130
116757307
7967552
114922304
7967554
153981766
105616199
67474247
263295817
99980105
75338572
136155980
225940303
97489745
120427346
75600723
107189076
134976339
80974678
26710868
179147608
179147611
173249372
44012381
137466719
134976353
190681962
9016172
74683244
63279982
260805487
118985583
222663537
250057587
190419827
134976375
150311799
19239810
260805508
181113733
206672774
43750282
109024141
247829390
199070608
186749841
136156050
49648533
154899353
168268699
112825248
208376736
149525411
93819812
249664420
195662760
169710505
136156075
138384300
198939565
134976432
154244029
181900226
188715975
249664457
139301836
7967694
99980239
68785107
198939604
15307741
139301858
198939619
171676644
95392738
149656550
190682089
2986985
113480685
15700974
263033839
68522992
150311921
195924978
134976499
192910324
192386034
207852534
223581175
73241590
115577844
134976506
109024244
207852541
207328253
84382719
12293119
52139009
177312768
47158276
176264198
242193417
172069899
120427536
198939664
64328722
260936723
142316567
15307799
177312792
134976536
262640665
72586269
21074974
171021343
207197218
104174628
108500005
174298149
68785192
180720681
142316586
107451435
146510890
46765102
16094259
260805684
107451444
128291891
142316599
97489976
100373561
179147836
142316605
252548156
154899521
109024324
69440581
53974086
46765126
78615622
7050313
77304905
7050315
149656652
7050317
146773067
213881935
7050319
7050321
9671759
7050323
114136148
7050325
147821650
194483285
199070808
25007194
225940575
36017248
248616032
188847204
226989157
9671783
79664232
146248809
160797800
253072491
105616492
160797802
176264295
253465710
154899561
196449393
185439343
171938925
9671796
171938930
58037360
146510967
142316665
142316671
9671809
75994242
197629059
114922628
249271428
177312901
43881607
145986696
214144135
134976649
142316683
171938955
167482502
146510985
202347658
79664264
180720785
128291987
143103124
9671829
116757654
98276504
98276506
104174746
75601052
247829661
250057884
14914720
80975011
52663460
142316710
206673063
72586407
9671851
142316716
80975020
247829678
138777775
160404656
72586417
179147952
58561715
9671860
104174772
263034033
247829686
180327608
148870333
142316735
136811714
189633733
142316743
142316744
193172680
215848136
150312137
134976716
142316750
198939854
157258958
80975057
85693650
120427731
134976722
181114062
109286610
103388378
171545819
22254812
138384602
142316768
49517792
20550880
204051681
186094817
134976740
71668960
32216288
34968807
201037034
184521965
263296238
142316785
260805873
43750641
247829745
72586485
34968817
180720888
176264442
67474683
142316796
110073084
142316799
58561793
73372929
180327684
52401413
177444103
38376715
260805904
67474705
109548822
142316823
164336920
198939927
142316829
23303454
146380063
38245663
142316834
171939108
137467173
180720932
70882604
146511151
75601201
263034166
263296316
72193345
142316866
185439557
120427849
53450059
67474766
263034195
72586581
57382233
66950491
16094556
25269604
198940004
180327780
98145639
54105448
69178724
13619552
44012911
205231473
217159025
205231475
138384753
96441717
139564407
202347895
179148155
67474812
225940861
70882685
118592893
146380160
113350016
49649026
69834121
137860490
139564428
162370957
36148622
121345423
202347921
146511249
94999955
79664529
150312343
100373912
112694681
96310682
154899867
76780959
247436705
142316963
92902820
69178787
170628518
128292260
55285160
201037229
98669999
163812784
146380209
203396529
172332467
172856755
252941749
109155766
142316988
138384828
199595454
192386495
128292286
180327873
7837121
225940928
247436740
107320778
73242058
14915019
114660814
107320783
203396560
142317009
93689297
98276819
13735380
58562009
187012570
177968604
22386148
150312421
128292325
192517608
217159145
167482859
137467373
142317038
4953581
134977006
112170481
134583790
128685556
14915061
45585910
150312436
72193528
78616053
134977021
192386563
142317061
142317063
74814983
21599751
184522249
262247945
146773522
110990867
70882836
142317078
208639510
179148315
128292379
72193565
146380324
99718692
31692325
57382440
75994667
121607725
153982511
45848111
76387887
142317108
263034421
96310837
188323383
136156728
46241337
20551226
180327988
112694843
142317119
216372799
163026498
102864456
142317129
150181450
116495944
197105231
180721234
58562132
134977113
71669337
81499739
193042012
138384989
92640863
142317152
42833505
142317154
69441119
109418086
65115753
134977131
5084781
170497647
204052080
142317169
162109044
263034486
142317177
167483003
263558781
138385022
4036225
124491394
222664322
142317188
23172740
179148422
92640902
200513161
142317199
66688656
124491412
225941141
86873750
143365784
94869149
177968797
77305503
890525
890531
214144676
252941992
151230120
890537
108893868
146380461
162371245
222664366
203396784
45979313
32741040
252942003
108893878
108893883
207853244
32216764
207853246
10983103
146380479
253335233
50173635
107321029
49649350
112694981
252679880
263296711
197891782
54761166
179148496
146511569
57775827
119510740
60659413
107452118
207853271
205493975
194483931
146511579
150312669
182556387
146642661
58955493
168793831
119510760
150312681
205231848
252942059
56334059
207984364
222664429
168662767
109418220
136681201
13735662
1939187
249009910
17929976
95917818
134977275
207853308
146642685
203396858
146642687
96311040
55940863
141924098
170628867
19764992
33396486
9672455
221222665
75994889
71931658
150312716
253073167
212047631
133928722
207853330
168662805
221222678
74028823
207853337
109418265
263558938
174036764
92903197
134846237
222664479
78878492
42833697
172988194
167483171
208115494
112301863
98670375
110729006
221222703
105617199
188585774
69048114
112170804
58562357
111253302
192386871
248878904
91723577
46110522
20551480
248878908
128292667
134977342
248878912
171153217
248878913
197629760
103471537
149526337
197891914
136157005
96311120
189372241
182556500
170628950
222664535
198940504
190551897
207722330
193042266
44013401
254908253
179148636
128816986
74028898
146380643
134977383
56203113
174823278
153589617
196319092
78878582
162109303
80975736
146380670
75995007
50435966
123180929
181901185
58038145
207853444
116365189
182556550
252024710
129734535
24876937
52402055
52402057
120035211
197891974
74028942
177706895
52402064
22779791
21731218
71538580
135370645
6526869
174299035
177706909
263296925
54630307
250058659
104175524
201562024
57382827
252680108
23959468
68917164
146511791
152803248
138385328
174823346
207198130
107452339
119904181
143643092
4822967
134977464
116365235
20551604
160405435
203397051
100112317
128292797
80975807
122525632
104175551
201562052
20944843
10590158
181114830
162371534
9672658
109418450
26056661
247306200
120035289
74684386
249796579
43751395
263034852
58562531
74946535
203397096
181114859
8361963
177706991
181770224
75995120
263559154
260937715
12294134
58562552
10196985
138385402
3643387
101947387
97359866
222664696
3643391
128292864
3643393
186619906
3643395
146380804
181114884
249927677
3905541
138385419
78878732
79191507
261986320
41523218
58562579
120035353
19765274
9803803
181114906
134977565
190289946
134977567
120035360
216897569
93165602
146511912
9803818
247437355
118593580
261986349
132356142
179804207
222664752
152803371
71538739
249010229
95393847
181770298
19372091
137992254
99850309
99719238
99850311
92510280
22124617
95393865
140613702
201431117
114399311
17012816
170498128
42833999
178100310
146511959
73504856
119904345
92641370
260937819
99850332
140613723
178100318
198416482
182556774
197367915
179148910
176789615
168663152
23304309
178100342
74815607
24877176
96311417
125802613
68786297
104175740
58693757
222664824
178100352
252680323
150313091
189896837
112826503
178100359
146380938
58562700
178100365
85170319
185440399
179935380
252942489
140220574
178100383
130390174
164075681
252680356
146512037
56727722
32872619
146380980
200775860
57776312
168532155
241801405
75995328
107059392
22780097
221223108
205494469
118593738
146512075
133929165
48077008
205756628
168925397
52140247
180328667
197499102
168663263
131176673
168663266
46110946
120035554
56072420
138123497
95000810
105617645
49125614
58562798
13998320
13605105
252680436
215062774
167483642
161454331
164075776
212048129
154245379
120035587
182556933
138385669
263297283
208771338
208115979
199727373
201693454
128817424
199727377
146381074
201038098
100505876
170498325
138123542
225941781
207722776
48077080
80976154
225941787
154900765
366884
73373988
190421287
98277673
195664171
152803631
208771384
162371896
52140347
98277692
171546942
149526850
105617733
248224070
42834246
199596357
168925513
49649990
44800329
146512203
72849735
200776014
48077126
189897031
120035664
248224085
137730392
48077144
58956122
98670938
120035673
170629472
189897061
760167
168925544
226728296
164075882
263297384
760170
760173
39950697
181115245
44800367
96311665
161454450
192649578
137599348
147560821
48077173
11245943
31824246
185440633
163027326
171022718
120035711
263297413
94345608
54761864
61970829
21600654
90806672
164338065
69573012
137599382
214014360
31693209
201038233
118987161
128293281
185964961
54630819
186751398
90413489
137599411
179149238
164338102
146643384
25270712
24353206
179149248
96311746
137599428
104176070
120035783
180722120
97360328
74684872
3643853
138385872
207722961
176265682
160405972
250059221
146512342
214145495
124492249
74029530
181115355
137599452
120035804
197892574
137599455
46766560
58563041
167221730
137599459
117283302
15309286
150837737
181770730
74291693
204315118
2595313
105617906
207460850
20552181
193042935
20421114
176134657
5741059
44014089
80976398
367119
221223441
129210900
205232660
128817688
109681177
367130
367129
186489369
69704222
120035875
72849959
367144
31824431
192911919
179935794
161454643
189897266
201693749
96311862
189897274
180591163
196975165
102734398
189897281
96311873
146381379
222665288
197892681
119642700
104176205
117676623
262904400
47290961
95001167
96311887
252418644
102603348
125803094
212048471
95132247
197892694
209164897
117676642
160406113
195271268
137599589
197892708
96311906
262904425
58956394
51616362
148871790
255302256
165911153
141531761
180853362
248355440
128686707
204053110
142711415
146512502
73636474
68655739
96311937
197892738
171940485
96311942
178100872
199727753
178100874
7838345
174299791
104176272
174299793
14129810
192649875
182557329
178100886
128686747
96311964
73767581
247831199
128293536
209164961
129211043
209164967
137861799
221223597
13736623
174299823
138386102
249535161
141531836
31693502
115710655
14260927
146381507
250059460
46111427
191732423
249535175
146512587
20552396
79665870
169712342
104176342
101554904
179149529
74685146
54368986
109681372
14129884
85564126
17013474
120036067
172071654
174430950
120036071
178232044
167221997
193567475
74816244
146250484
137599733
72456951
132881144
178100982
221223674
120036090
21863155
73636605
68131582
16882430
68918015
109419263
40344322
146512644
174824199
84777738
255302414
207461135
149658385
174824211
111647507
106535701
170498838
11377431
196188950
178101011
41261850
192781082
53582620
174299932
179149600
207461154
142973733
59480872
100113193
174299946
19372848
178101040
159095602
161454897
143891252
146512692
212048690
68918071
73243447
249797437
182557502
150838079
248355646
120298305
95132482
10197825
117676869
99851082
5348173
146512720
120036181
199727961
195664729
117414747
102734684
201694044
229743451
98147166
17406816
213883743
107322206
239311715
171547492
21076836
25140072
125803369
120036200
141663085
31693679
183343984
68131695
73636722
96312175
186489716
46242678
178101111
3644281
161979257
20028284
190815102
107453314
96312200
239311754
96312202
176135053
196057999
102734736
199596944
4168591
14261138
260938645
214145943
96312215
215587737
103259035
192912284
17669020
108764064
52140961
10984355
213490597
19241898
146381739
160406445
55810989
139303855
44145584
149396401
25009074
160406449
196320180
209427381
96312246
243030066
146512829
1022909
74816447
1022911
141663169
103259074
1022913
175086533
96312264
131177417
52796364
249666510
164076495
138386386
104438738
17013716
104438739
46242771
207461337
2071515
77437916
209165278
50174946
263560172
131177453
52665326
96312308
19373046
96312312
176135161
212048889
175086591
1022975
92511233
252812291
131177475
44014597
250059780
4168711
132094986
15309836
188849169
170499090
75996180
1022997
74161174
209165335
133667864
94346265
146381849
75996185
78879772
128293917
1022999
68918303
183082008
262904866
196320293
176135207
58694697
96312361
79928363
134847531
43228209
73505848
204315708
155163712
207854659
74816582
79666249
138386506
98540620
123575373
165256270
103259216
252157009
141532242
164076628
120036437
8887383
174038110
138386527
105880674
120036450
162241636
152018021
96312418
138910823
167402370
70491245
189635699
4168825
186752124
104176765
141532287
117808256
10591365
154901638
21863559
207723656
16620679
141663368
15309957
16620684
192650377
73243781
77700239
263560336
179149967
215587984
97885332
120036501
260938903
73243803
16620700
171809948
42704029
19766429
201039008
17013921
102735010
263036064
85695652
113482917
171809956
179936423
260938918
242719912
132095142
198941867
135109804
120036523
115449007
120036527
176135348
71670965
10591414
77438134
71015610
54631612
52665537
111385796
198941893
171809990
173907143
184786120
761033
16620745
181771463
76258508
58563783
12295374
25140433
172858579
76258515
171941077
201039062
13606102
73506009
26057945
171810013
7970016
196058336
137677544
74816739
65117413
155557095
105618664
196189417
141532395
146513133
196189424
46111986
55418103
186490105
19373307
95001852
196189437
41262334
125803775
131570945
179412230
186490121
109419785
42966281
176135440
146382098
242720019
164338964
75996437
196189463
185310493
146513186
146513192
185310505
176135467
127376685
123575597
185310511
196320560
103128369
68525359
196189491
242851122
185441584
74554678
243244343
138124599
156212537
150707514
127376699
182295859
185965881
260939070
164076865
196189505
185310535
171941192
146382153
185310538
185441610
146382157
127376720
172989777
82550097
140614995
7970133
41262422
33398102
140221784
169844057
168271192
185310558
164076894
185310560
123575649
46636388
146513259
134585708
127376749
16620910
25009518
15310188
48602481
260939119
56526908
252157300
25140597
179150199
164339064
176266618
35495293
160406910
127376767
168271232
66952577
68525442
146382209
123575682
208772485
133668221
96312706
96312712
96312713
96312715
109419918
177315216
146382228
52665749
177315220
52141463
46636446
52141470
80977315
177315236
225942947
160406951
138386856
169713064
101361686
96312756
193568181
146251190
113352119
201039288
16883129
120036793
208772532
199728564
102079938
205102532
160406981
74554820
176266695
58957255
138386885
76389829
202612172
123575756
57908690
47422932
89234900
66952661
92511701
163552728
85564887
249011670
96312792
115318237
31694305
249273826
182558179
248880609
33136098
104439270
46636519
145595880
52665833
72588776
15310314
164339181
185310712
208772602
118201857
164339201
141008387
176397827
68525575
105618952
173252107
89234957
164339215
62758417
131178002
168664597
205233688
177315352
116497949
19373602
56991267
98934309
96312872
68525612
44015149
127376944
102735410
76258872
253206074
174825019
185310780
171941437
196320828
7708220
143498816
182558276
185966153
116629069
214146637
208641615
175873615
169844305
243244624
185310797
77962832
181902933
196320854
243244631
176135766
248880729
179805786
6397531
198942296
181247581
119250519
108240472
71540320
17014369
181247577
177315430
185310823
146513512
182820457
185310825
40869482
81763948
54632045
186228328
68525681
50306676
107454069
21077622
130784886
169451134
21077632
121609861
179805831
197369480
12033673
71016074
146120334
96312976
196189841
81763985
176397969
185310869
252157589
77962903
254123674
173383324
136683165
125279902
32480927
205233825
185310885
263560869
213491367
73113258
263036591
131047093
73506491
182558396
149397180
47161022
167616194
90414786
168271559
182558412
193044172
47161041
141532884
35364565
112172758
249011927
96313045
96313050
94346971
173383391
179150560
179805921
217292516
196189925
217292518
39165671
3645157
11509481
13606631
177315566
176791279
179150576
263036657
176791282
137207535
131571444
135110390
179805943
143105784
67477241
131178234
25140985
77963000
13999869
181903103
176791296
1679105
176135936
144023299
1679111
176791304
164601609
101949192
1679115
96313095
53976840
262643470
167616271
263036688
84909841
81370898
75996947
182296340
52272920
85696281
63938332
68919071
134848288
242196257
214933282
85696291
179805988
12295972
130391846
53976870
192519978
177970987
141532971
192519984
14786352
177970995
168271671
195927863
209166137
152018745
133668665
179150654
188194624
167616320
125280066
57646916
182558534
165257030
48602955
186883919
149397328
134979407
182558547
41262933
149397333
185966421
173907801
247308122
85696345
179150684
149397339
252682078
203923297
41394022
96313191
201009058
167616361
182558570
81764203
73637740
16490357
26451832
67215229
203923326
71671679
4300669
60137349
212574086
73244551
102735750
630667
263036812
192913296
117153683
150839189
226992022
14000023
168140696
75997081
125542296
21733275
164601756
200646551
154902431
71671714
76128164
263036843
167616428
28286893
182558638
22388659
73506739
196976566
58695610
78487486
26058687
212574145
96444353
96313282
173907912
200646601
48209870
176136142
630736
193568721
189374422
9412566
45457368
96313304
166436827
177971165
101949408
20553696
57909218
22388704
179150820
176136167
58957800
67608551
165650410
172072938
7839724
173645804
196321259
117153774
182558708
53977078
149397495
104177656
176136184
73375740
145203199
73113603
248881157
143368202
249536524
150183952
181379088
96313362
152805400
213491737
213884953
42704923
243245084
203399203
196059173
182296613
97361959
197894183
75997227
143106093
47030317
141533230
152805425
57909298
118202419
22388790
216244279
152805432
117153848
203923515
55812156
230137916
215259313
97361983
180854855
165650506
147431499
179413068
121610316
68657234
20160595
185966676
125280341
263561302
176267350
180592722
21733460
249012314
215588957
24354911
9412705
104308834
262905956
14786661
124887142
152936549
130826158
215588970
43753579
42180717
168796275
154902643
17408118
137732215
101949563
50045052
197632125
185704572
24354941
150708352
174301313
111911041
179150982
177971338
117153934
143106191
23306386
11247762
167616659
143106196
68919446
96444572
1024158
58957983
8364192
73900193
24354974
167616674
89628836
184787109
179151013
143106215
134848672
630947
49651882
179151018
214147244
179151021
117153963
120168628
150839477
5349557
49651898
167616699
192782522
174301378
13607106
161456325
137208007
24355019
249143500
123969744
4301009
176136402
208642262
119251160
13607132
163553501
261988574
48079074
180855011
24355049
19767531
19636461
68657394
169844981
78487799
97755383
68657401
19898615
69837051
215589116
189311980
58564863
255435008
243245314
196190468
48079108
192782600
73769225
65118474
104177930
163553548
193569040
91332882
166437145
78881049
117154075
167616797
143892768
24879396
170762534
76783910
141533482
174039341
23830837
97362236
31695169
118989122
68657474
23306564
112566597
113484108
171942221
114139473
23437650
56598866
249798999
84648279
19374426
36675931
73507165
48865631
178102626
12427618
176136547
53977446
248881511
170762603
96182636
106144109
118989169
118989173
197370234
110731643
170762619
152805757
2990467
22389124
154902917
196321672
59089290
152805777
118989202
127377810
248881556
146252181
87531923
118202772
179151256
108896664
146383259
31695259
8102301
118989215
19767716
170762660
91464100
98017702
163553704
176136617
194486698
59351467
170762667
146252205
90415532
105226671
167616945
13607346
249012660
152805812
87531957
87531956
97362366
261988799
87531968
87531969
253075906
2990531
105226688
72458695
140222920
136028617
750702
171680203
118989260
74555852
248619470
141271501
248619472
97362385
118989266
87531988
2990549
170762710
16228823
192258520
49127895
87531995
135897572
102081006
118989295
107454959
170762737
131572210
58958320
128688623
141271541
188719601
176529912
22782460
53453308
174301694
98279934
84648445
87532038
260678155
3777037
70623764
3777045
173515285
118989335
173515287
190816793
3777051
3777053
198025763
68788772
182297129
113484330
14787113
137208364
3645997
170762797
3645999
118989360
3646001
3646003
200647219
214147637
170762805
53977651
38117945
143106618
107455035
3646011
214016571
204317245
212050495
35889725
58171969
176136767
163029570
21602875
182297148
182297150
84910660
123576904
91464265
204317256
137732683
118989387
58565194
215720526
21602898
196190803
242721369
108241497
187671131
167223900
2990685
80978524
102736479
130392670
33792609
631391
214147685
214147688
99852905
141009514
58434157
54764142
224764526
215720562
182297203
130392702
161456778
153592458
179151502
20554383
91333267
89629332
216113813
205759126
15966872
102081176
100901535
163029664
149398177
120169123
141271716
102081187
170762919
218735272
94347945
56861354
163029675
145990316
248488619
145990318
129606319
120169136
163029681
207200945
33399475
108896948
47162033
164209334
56992437
145990328
117154489
98017978
68919995
263561915
165782205
105608351
141009604
54633157
204317380
197894852
59482821
59482830
56861390
121479891
170762964
56992468
260154071
145990360
4301529
45458139
172335836
141271773
180855518
11903710
257532638
133669597
7185119
42967779
31695588
55157478
257532647
196453096
129737449
145990378
64332520
90022640
141271793
163029746
163029748
179151604
11903734
153592565
80978680
145990397
182297342
176399103
170763009
105751299
117285636
87532298
208904974
22258448
167617297
58696466
150840081
184918807
116106008
71148311
50701079
118989591
53060379
33006369
53977891
141009700
79668005
119644966
147694375
4170537
170763050
16098100
249799476
195797817
84648762
221225792
215720771
76129093
262382407
108897098
170763083
194487117
108897104
58434385
133669714
44933972
179151701
22127446
208642907
25404252
96183136
121480033
71934817
69182308
186229606
199992169
185443178
32744299
20161387
40739696
74163057
203400050
187409274
167617403
20030332
2597759
208118658
150184834
160801668
215720837
195797892
72852358
54633354
196977547
116106123
151495563
179413903
54633360
108897167
248619934
54633375
248619937
170107810
101819299
40346533
69051305
248619946
150184874
248619948
7185321
19637163
19637161
117154736
107979697
167617458
54633393
66823088
154248114
218735542
151495606
192259000
42876201
116106170
63808435
98804668
263562173
71934912
216900546
160670660
260678596
150184908
87532495
200778706
21078996
100901845
167617493
120824791
117154773
150184918
248357849
113484763
15311836
176137181
132096990
225289183
167617500
118989787
4170715
216900579
146777059
143893477
179807210
150184942
57648111
7578609
150184945
68789238
150184952
108897273
90153978
68789243
11248634
6661117
179151870
159884287
108897280
176156087
179151874
56730628
53978119
179151880
150184969
4170761
53978124
108897296
130393105
262775830
188851223
216114200
113484825
20161563
171942940
57123870
195798048
150184992
84648995
108897318
198419496
108504105
104309806
208380979
72459316
57123891
179151926
179151925
205497400
207201337
41133114
133669939
108897337
34710581
151233598
108897343
33530945
631873
182297666
217708367
141272136
32744520
197633100
254125134
262906959
34579537
13608017
179414102
137995352
137995358
136815710
49128544
155427938
113484899
150185062
154903657
72852586
137995371
167224425
254125161
184788078
137995375
155427952
87270512
38380659
20423797
208381045
40739959
63546488
146515071
185967744
207332483
216114307
156214405
119645317
20292744
179152009
263562376
249144459
155427980
150709387
108897421
108897422
53978251
58958991
118989970
113484947
186229908
247440533
160146581
52798615
33793175
197633174
150185114
49128597
71672989
182297764
185443493
117154982
108897447
104178858
179152044
117154995
255304883
108897461
98018483
49652919
261989559
108897464
155428026
169714875
160408764
136029380
172336326
15183428
133670088
87532748
102081742
84649167
249930959
141272270
74556622
2073807
94348500
73639127
99067101
146515166
137995487
108897504
117155043
146515172
146515173
53978342
208381159
117155048
113485033
192128233
199992554
74163428
74163430
247302991
146515183
117155056
193963247
172336369
108504307
38118645
139699447
146515193
108897532
108897534
73639167
141534465
39953666
184919301
135374087
146515209
129213705
107980041
162505997
146515213
59483405
137995536
108897553
36283666
204317972
201565461
53716247
199730455
146515227
72459551
117155103
10593571
134849827
254125347
63284518
155428137
204317993
21079344
129869104
154903857
146515251
129869107
179152180
146515254
91202872
146515257
71148859
125019451
205104446
146515263
135374144
167617860
169452872
155428169
249144648
152282444
129869134
208905553
21079380
129869141
147432789
241804629
35235160
166438237
166438240
170501472
176792930
103916903
201565544
163030376
205759853
92382575
201565555
179152243
74556789
108504438
130393462
208643448
108897657
205497724
146253180
262382974
46769535
146515325
195798402
24618371
176137603
101950853
200779142
179152261
34448775
138913158
74556813
58566031
41264527
208905617
215590290
192128403
130655631
150185362
108897679
108897684
195798424
50308506
178234778
8103327
141272479
20161951
135374244
155428263
179152297
146777519
89236914
59483571
65381815
242984376
87532986
74032570
146515389
57386430
130655678
91071936
136816065
254125508
175875524
101426628
144287173
125412807
108897734
260810186
104703434
96445898
177317318
85697998
169453008
178234836
146515413
3909077
212051415
14788054
201565657
146777561
176530907
74556884
176530909
132097501
185968086
96445921
85698018
96445922
58828259
104179173
92513766
172205542
146515430
208905704
141534694
262383080
216901097
179152366
204318195
254125556
193439221
216901108
74819063
193701368
204318201
263038460
137995773
147432958
134850050
56337928
193570314
242984462
204318224
127641105
71149072
71149074
17016340
71149076
71149078
50570768
85698072
129738265
145466900
1811991
230139421
20162078
255174176
144287264
52274722
221226531
176137764
261989925
205497893
262383143
82028072
92513827
58697258
176662052
108897835
131180077
129869357
179414575
117024313
120432188
142321214
15574594
254125639
260941390
262907471
85698128
37070416
133431617
242483522
108897877
108897880
254125658
100247131
23176795
192652893
114140766
262907487
179414625
204056163
44017252
176137830
216901224
105358953
90941034
179152489
155428460
262907501
205497966
193701484
168928877
130393713
168928881
74557037
155428474
179152507
20162171
3909245
262383227
249144962
13608580
44803720
129869449
155559562
140879497
177055375
141272724
104703637
176400026
138127003
168928924
193439390
252159648
21866144
140748450
42837667
129869476
108504737
177055400
199730857
174827180
96446125
141665968
176793267
204449464
142321336
38119098
181249724
160409279
249669313
155428546
106276548
142321350
216901318
128558792
168928968
129869514
129869518
73639630
221226704
8890064
13215443
196323028
14132955
173516511
176400097
152282850
163030754
179414753
142321381
167749351
195536619
129869549
140879598
176400109
263038704
763629
199730934
149268222
108898046
107980544
193439494
173516553
253077260
61974286
137996048
38119184
188196626
176400146
262907668
110470934
167618326
168929046
77702937
216901405
208906014
188196640
260941601
35366690
169191202
176531233
128689957
110470952
169191209
104179498
20162347
155428653
201041711
108898099
173647668
125413173
141272887
165652280
179152697
169191225
134326075
198289212
169453374
206284610
44017475
179545924
199731011
14788431
35235664
253077328
204056402
137078615
87533401
97494874
181774170
140879712
119252833
53716834
175875942
175875947
216901483
108898157
198289269
19769205
218736502
6793079
204318593
194488194
85698436
114927494
199993223
176531337
65513355
176531341
192391055
79669138
19900309
176400277
146384794
208250781
113485725
81635229
249931680
155428771
137996196
58697635
137996198
188196772
146384808
201041833
103786410
108898216
146384812
167618477
202614700
174172079
108898222
135112626
96315314
55158710
52275126
152151990
146384825
146384836
263038917
171681734
199993286
141535177
176400331
53716940
108505048
40871899
108898268
62760925
146384862
207333343
216246236
146778083
195799014
142321638
150185959
39561193
104703983
201566196
128821238
108898296
167618554
195667963
242722812
56600570
176793598
195799038
108898301
198944772
8890375
102869000
197700947
40740876
208906258
35366932
209430549
165652502
262907926
155166743
19245081
208250905
131180569
172337173
195799069
184920095
107456544
181119009
14788639
199993379
19769380
137996327
248358953
17016875
153987116
133670957
97364014
242722863
179152944
48343090
155166770
262514741
4696117
217163832
216901691
123447357
208906302
87009343
113485888
137472064
262645826
250456133
1681479
172337225
179152971
217163852
21604429
167618638
108898386
208250965
23046230
147564631
19900506
49391707
217163870
262645855
137996384
85698657
215197794
160278624
188590178
172337248
107063398
137996391
206678118
162113642
208250987
208906346
47032429
137996398
208644205
171681898
107325553
171157618
202483826
177186928
179153007
149661809
241805431
52275319
42969209
43755642
207333503
66824319
207333509
71542919
107325576
202614923
262908043
115320975
89237649
203401361
229746836
208906389
149661844
46639255
262908057
250063002
137996442
249669787
68659354
121481369
204712095
173385894
204318892
202483890
185051315
196323507
22390966
240756920
74557625
185051323
89237692
93956285
176793790
149661885
137472190
203401409
149661891
21604549
203401415
177187018
14788812
55158989
108243154
501972
167618772
207333589
207333591
174172378
57649371
36022492
208906461
203401435
133671136
174172385
175876323
137472229
207202535
174172393
109029609
120170733
4172017
198945013
96446709
49391863
36022520
181512440
203401462
141535483
197634300
28420353
171682049
175876356
49129735
171682057
137996554
204450058
176138508
108898572
179153167
163162386
137996572
53979421
15444258
149661990
163031335
19900710
217164073
58435882
19638570
74557737
19638573
154904877
19638575
108243249
19638577
163162419
119253299
97888569
15968569
262908223
95136064
146778433
53979460
2074949
217164102
135113029
120170824
43755849
75999561
19638601
122267980
163031370
108898633
186886481
197634387
205891923
191605077
221358424
190425432
175876442
21604696
203925853
174172511
186362208
191605089
203401567
141273443
137996646
130787687
148613482
51489130
156215660
108898668
25405806
105228658
184920437
34580857
184920441
169716089
50702716
84912509
68659582
182299006
262646145
179546499
117811588
113617285
189376900
172206471
4303239
215198093
262646157
36546960
74557840
46639506
71936413
14789022
175876509
163293597
107325860
262515110
64334249
175876527
52406705
764340
213887412
58567095
104704441
213887418
196979131
213887420
58698174
49129918
113617344
35367361
141273535
205892035
191998405
137996743
150186439
73509323
108898763
193702351
215591375
163031506
74557914
248359391
105228772
262908391
173910504
201828842
107325936
141535730
104311283
262646262
255306231
185444856
99854842
43756027
262646268
113617402
171682302
199731711
204057084
167619073
108898815
149662211
125020676
56863230
216902151
69184008
89238024
19638792
67349003
199993870
113617423
95136275
108636692
112175638
74033686
52406809
2075161
167619097
177318428
199731740
58698267
52406817
50571810
108898849
107325990
208906792
207333934
58174001
179153460
202615351
108898872
107326007
262646332
136424001
186231366
71543367
149662280
113617483
96315980
73509459
193178196
251767381
113617493
169716311
195799642
169716314
148613727
128821855
106539616
26323558
222407271
133933670
199600746
169716331
93956716
66824813
216902254
3648111
169716335
169716337
108898930
169716339
177318516
193178229
203401844
7973495
50702968
7973497
764535
95922811
208382583
169847421
208251514
262908543
113617535
187804289
21604994
184134276
125020808
7973512
255306378
262646412
163687052
107195026
97757842
262908567
177318552
169716376
73378458
7973532
193178269
155429532
184134307
7973539
108898985
141273770
187804330
7973548
109816492
169716393
184134319
176925360
128821935
154905266
213887665
74558134
97757879
169716409
184134330
199600827
110471871
181119683
171944650
216246986
73509579
184134350
136293071
199731922
78490322
108899027
145205973
184134359
16624344
199731930
262908635
222014171
177318620
184134368
1813217
108899042
109816545
52275940
95267559
197896940
192129773
51096303
177318643
128822004
114273015
205499128
197896956
57649917
154905342
108899069
11512576
108112642
46246660
146778885
260811526
242723593
11512586
136293131
192129802
195799819
110996238
204319503
194489104
204450572
201829135
11512595
193702675
55329229
195799830
108899096
177318681
11512603
11512605
76262173
11512608
19901221
96578342
164080422
212314920
197634853
212314922
115583785
28289833
172337960
252947239
95267631
213494575
108899119
7973684
45067060
93956916
108899124
172337976
191474484
212314941
53979966
52144959
53979967
53979969
127511362
209300286
179153733
173910854
177711941
108899142
150842187
44018509
54635343
74689359
58829650
206678869
181119831
187411289
58829658
221358939
119253853
154250078
133671773
169716577
164211554
213887845
184134502
97758054
193702762
44804970
202222450
176401266
76393331
167750518
197897078
191474551
97102713
108899194
197897083
115583872
197897089
207334273
158706564
108899204
191474566
147696519
110996361
191474571
74558350
64859023
164080528
255175574
103918488
151497630
83471262
76262303
260811681
179153831
108899240
74034094
240626610
49785779
93957045
202222517
247442361
108899257
58174395
58174400
47164353
89893827
197635023
153988048
157133776
203402192
20818899
66609601
99855319
90024922
107457499
90942428
49654748
119385053
172338141
202484705
8891364
96578534
195800041
28290025
73247724
108899308
108899310
174173169
172338165
76393462
179153915
27634684
199076862
208120831
177712128
10333182
89893892
83471365
161459206
108899334
158706697
262908942
27634706
53980186
193702941
27634723
193702948
58829860
169847843
11119655
213888040
138914858
163032109
76262445
175090736
179547185
83471410
167750707
133671990
108899384
59092026
36154427
162245692
262515775
14003269
17411143
109816904
194489417
57781322
177318987
160934988
92384336
109816918
260811862
125021272
76393560
137866330
108637275
28421209
260811866
260811870
137997407
89893984
123841633
185052258
260811874
254127204
42183780
260811876
260811881
194489451
263564395
93957229
73641070
19901547
260811886
128822385
260811890
33533045
54373494
137997431
109816952
169716857
109816955
204319871
215198848
76393602
14134404
11512967
171551880
8891528
204319883
119385227
138128528
68267153
11512976
109816977
169716881
34843800
169716890
114535579
129871004
19770523
67480735
104180895
202222751
212970659
89894051
11381926
216902823
128822438
169716904
176401579
55159980
58698925
43756718
200649902
177319083
169716910
172338355
129871029
107457718
177712311
177319095
70626490
129871035
35368124
215592125
27634881
97103045
15445190
142322885
95005895
183348426
27634893
177319118
104705231
109817043
21867734
109817047
83471577
168668379
143895783
146255082
70626543
177712368
102739185
93957362
146255090
5221621
101166330
108899579
109817085
37727487
29863167
167619841
201043199
129871113
157134090
162770187
252030219
187804945
70626577
195013905
108899601
68660501
10726677
44936469
142716181
177188121
204320026
108899607
76262686
225946912
176008481
104181025
93957411
195800356
243248421
140094761
32615725
41790766
129871149
70626605
197635373
177188145
19901746
225946932
107457844
91335990
109817145
57519418
179154234
95137084
207596861
70233406
195800380
93957434
190426433
177188162
109817150
215592256
212970817
68660550
74689863
58174792
46640456
249802058
186756427
11382090
141536589
128822606
74165583
109817170
215723348
167619925
28290390
53587286
154905943
150842713
167619927
177188184
77704540
44019033
248884577
107326821
179154278
42839399
31698280
45460841
141536617
174828909
177188205
109817199
167488879
174304625
243248497
89501043
67218804
46640497
262516088
55029114
177188218
199601536
216116608
129346949
98151817
109817228
109817229
167619984
93957524
43888022
77966743
214150553
58699162
173911451
191081883
48344475
108899739
109817247
174304672
35368353
174304674
177188256
6925731
129346976
241806758
150842791
203402664
177712553
196455852
136293805
208776625
147697075
55553460
116239795
74689971
78491063
229748152
196455865
137997758
214805952
63679940
35630532
154906054
129347013
46640587
44019149
201698768
20819409
242724306
7581139
161459669
115846614
257535447
167357912
174304725
11382235
103525852
201567711
216378848
196455904
25931232
57519583
172338656
260812265
213495274
73641450
201698796
53063150
168799728
46640625
217427442
176008691
76131829
216378870
140094965
19770872
203402746
195276283
9154044
31698428
216378878
121482751
104050175
177188352
196849154
73248259
201436675
129347072
39955974
136293894
139701767
196455942
140094982
129347082
108899854
216378896
73117200
177712657
142192147
74821140
176926229
84913684
63942163
100511256
100511257
174304794
141536795
216903199
121613856
103525921
45329954
14659105
58175011
179547685
503327
161459744
209432104
128822825
125021738
257535531
108113449
176008749
174566949
195276332
91074091
91729458
125021753
190295609
48213562
121482810
125021757
133934654
55553599
55553594
207597117
171290178
55553603
57912900
257535557
139701828
74821191
177974854
177712708
75083336
55553611
177188428
77707699
108899911
179154511
176008786
196849235
212971090
108899924
106540630
124628566
169193047
48213594
10071645
179154525
67481181
167358048
213495393
154906210
124628579
196324963
137735781
108899935
206548586
203402859
153988716
206548589
7974511
108506735
896625
66563698
128822899
124628593
48213621
204320374
153988726
203402872
19771001
177188473
99200635
206548604
133672564
108899966
129347190
212053632
241938050
125021826
48213634
162770565
106540678
55291528
125021833
162115213
167489165
76263057
205893266
115846802
46640788
138915479
203402906
199601820
177712798
108899999
176926369
103526049
73117345
167358116
176271013
176008870
184790696
128822954
216903339
203402924
147959466
58699438
177974955
176533162
135900852
150711989
194490039
208252600
168144567
207335096
115322555
20688572
129347261
46247614
68660926
148090558
170241729
176533182
124628675
123842244
129347265
149532359
54111946
1552075
6926027
186232526
141536976
55553748
99851567
20688600
150712024
53980894
29339359
177712864
201436897
121482979
134983396
57519845
52276966
95006438
71544552
156217059
213495524
108900072
197373677
1945325
208645869
125021937
199601908
177188596
129347319
174305017
195276537
128823036
214937340
70233856
176402177
202485504
100511491
76525318
67743496
241020683
242200331
73772811
217689869
48606992
208645905
215985938
129347347
177188629
203927318
2076437
177712922
177188634
109293338
129347354
69054239
1027875
42446628
57913125
36679462
23179043
186494756
133934889
76001063
108900134
190557993
216903469
179154734
108900135
108900138
171683633
41266991
252948275
1945397
1945399
76263223
20688697
143241020
48475965
98152252
201699137
20688706
143241030
93957958
108900170
128823115
103264080
205893458
168275795
93957970
154906456
129347418
58961755
208645980
45461342
143241056
208383841
249671522
202616675
202616677
23310182
15052648
29208429
83472238
164343668
51097462
110473078
208383862
128823161
177188730
129347446
129347452
42971007
73248642
153857925
253079430
73510793
146386828
36810637
140357518
129347470
25669520
14135184
56995729
154906516
247312277
10596245
253079446
108900244
77180826
145207196
212053917
40742815
143241119
58306465
177713060
155824037
52408230
129347494
174305190
215592875
177713067
171290541
71020462
202223535
177188783
216903601
117551026
41267123
181776306
209170357
156217270
218738616
125415353
142716860
208908222
196980670
19640255
56209342
73117634
82948034
192393158
103133127
136818633
214937545
213495754
196325323
67874765
143241166
25669583
216379343
104705999
108507086
107327443
14790605
201043925
129347535
77180887
23310297
247705564
200912861
143241185
19771366
57913319
52670443
174305260
83341293
179154926
108900332
19640306
20819954
17936372
179154933
212054006
176533491
174305267
125022201
48476154
244690939
179154937
208383994
129347581
129347577
206417923
91860996
20688901
127643656
142716938
176533515
109424653
240365582
215592976
109424657
143241234
93958160
110997523
215592981
125022229
46116884
249671706
77180955
176533534
244690975
124891168
20819998
89501731
215593001
21213225
127643690
20820012
150712365
241938478
765994
20688950
21082172
93958205
197636159
143503424
766016
68005955
106541127
54374472
177713226
20820044
42971213
242987087
176402512
20688978
171290707
173125715
177713236
52670551
109424729
177188953
17936478
179155039
20820063
180990047
108900447
73117797
181776489
42971242
70234220
108900463
86880368
17936497
41267314
20689012
122794102
126070910
242200705
27635842
125415555
133673090
164343942
177189000
19640459
8892557
108900493
174829711
177189008
263303313
171290770
55292051
178237588
93958292
126595222
20820119
180990099
68661401
13611153
111653019
263303324
160149661
142717085
98021534
141537442
98021546
142717101
108900526
110473392
209170611
140357813
103788727
109424823
164343997
48607422
212054208
58175681
34844866
67088582
189509831
2076871
57782474
44806347
72724684
187936973
77705422
55292111
153989328
179155153
110735569
141275343
49000658
73248975
177189078
177189080
206418138
93958365
177189085
59224286
58175712
2076893
253341922
98021603
125022439
215986407
263303401
141537514
251769067
108900586
128823533
199078126
1028327
84783344
95138037
87011575
34320632
146256121
108900601
205500667
179417339
1814781
44937469
10727682
139440388
215593225
20820236
155169039
174305556
135508245
263303445
129347864
176402714
68006173
127250718
176402721
77705505
125022499
176402726
179155247
201306416
197898545
155169078
3256631
176402745
126595386
19771706
251244857
174174526
49656127
125415743
176402753
109949251
26325318
25145672
139440457
173912394
89764170
212054348
262779210
179155278
179417420
77181263
122532174
212054354
198029650
262517076
55030101
261992788
9417046
212054360
173125978
177189213
100905311
73249123
212054372
179941735
212054380
125022574
263303536
97890678
20820344
177975674
109687164
180990335
21606785
189116805
262386053
212054408
187281807
186495377
212054418
179941778
14397844
110997908
139440534
74559892
96448917
55423379
212054428
253079965
197505440
179417506
136819107
212054436
64336292
152023467
212054444
126071213
176402864
20820404
85307831
9286073
212054460
103264701
124891583
103788992
197898687
244691394
124891589
72331718
48214471
260813255
72593861
176402890
173912527
110211535
70627796
766420
263303638
141537751
201306584
217559510
172208602
104706525
49132001
52539878
155562470
84783592
174174697
17936876
56603117
20820464
249934321
41267696
57520630
77967864
248230393
146649593
204321273
46641659
143503874
146649603
33796614
207335945
71938570
128823818
61977101
103789073
78623250
31961618
179417620
177189396
40743444
249934359
40743441
217559575
119386651
113619483
215593504
262386209
179155489
177189414
54768168
262386218
202224174
77443631
108769840
173519409
84783667
142717491
3650099
108900918
153989686
145207864
127119929
68006451
635453
27584665
137998916
181908037
176403014
143897162
174305867
21606988
168810269
130265678
176403019
77181517
100643409
58569295
249016919
98184445
91075165
194490975
262386271
200520287
84783714
141931106
185578084
242725475
213889638
30782054
143897184
108507753
177189482
248754788
107459181
153989744
53981808
59486832
42971764
95138426
141275771
163033724
127119997
202224250
173519487
19903099
189641346
225948292
121746054
177189511
177189513
199996042
127120015
13611666
9417363
54375063
179942039
177189530
253211291
127120028
177975966
215200415
103264928
53981856
113619618
48607906
125416097
173126310
76395175
89764520
104706726
46641831
170767020
249017005
149533358
50311855
168145584
86880945
200913586
179155634
173912756
181777078
103264951
19509943
68793017
158708408
49656507
205632184
86880952
101298879
46641855
10859201
158708418
202224324
104706757
154907337
213889737
177189579
188461774
103264978
1684181
182563542
25146072
103789273
177058522
158708445
173126366
74429151
158708449
103264994
182825697
249934565
23442149
21607150
96449262
103265010
212316914
103265013
21082870
138392312
249934588
173519617
103265026
46641924
177189637
252162825
14660367
88191760
48608017
179155728
177058579
133673744
92517141
169456409
169456411
216118043
141538076
225948447
240366368
197636897
195801890
195801891
205632290
199996197
186364709
194491175
14660398
57783087
195801903
162116403
248361780
1684277
100905782
72069940
19772218
127251258
72332090
163296061
195801917
46641980
72463168
158708545
153989954
159888194
179942209
125416264
19510090
13611850
100512588
55030605
109949772
197636946
46642003
65123158
48477016
247444313
104706906
48477018
173519704
189641563
113095517
110736226
57783141
46117734
73773927
173650792
133673830
635752
215200620
244298605
38122350
177189742
635759
251769715
208122740
48477046
263304055
9417593
262648698
152023929
123581305
187020156
263304062
248492928
181252994
48477059
179417990
48477064
177189769
7189385
162771851
78885772
202224525
253211532
146649999
42972044
158708627
174830486
262517656
72725403
201307036
19772318
214152098
190428067
86750116
177189796
33498443
204321703
83604392
215069609
189641639
36025260
201175982
223982511
192918448
202224560
4043697
177320879
247706548
19641268
195670962
209171383
93959096
85046198
106542010
113095616
127120321
215593922
71021505
215069638
174830535
136033224
86881225
169194442
158708684
34845646
52409294
45593552
196719568
89502674
192918483
262648788
81507283
201569236
4305871
88191960
201176025
205894618
200520663
215069660
53064672
4305889
200520674
150844391
200520682
215987179
148747247
262779890
203404274
161461236
40743925
242725877
177189876
262648824
192918521
203142138
216380414
146256895
78623744
179942400
68662276
209171461
58962949
215069703
15053832
260813834
193180683
239973388
207729683
199734292
216380437
133936149
199734295
158184470
68662296
248755226
48215065
94876700
20558877
179418140
181908511
181122079
43758623
202224674
126071843
216380452
189379619
72332326
213496863
215069733
50705450
20165674
193180715
216380461
193180717
127120431
125285427
216118324
215069749
14267443
205632568
213890106
177189952
83604545
184792130
189641794
15053890
181908551
155432008
73118795
215594060
78623821
54899790
127120465
146519122
110867541
158708822
163165274
141538398
215069790
202880096
127120481
208122979
193180774
193180775
197899369
177714282
179942506
40875116
125416555
72332398
76395630
81376368
215069809
216118386
179549299
143897716
216118388
16888953
38646906
208123001
176534651
177190013
68662398
94483583
203404416
215069823
250721410
78886015
185709708
181122189
177190031
165262479
203404433
48346257
169456787
213890196
242070676
177058966
176534675
13612188
247444643
263042211
77706411
193180845
193180846
203404470
263042230
159102137
8238266
248755387
71939260
57521341
104707263
76395712
146388160
263042242
260814021
148747463
80065736
153466057
89502924
207729870
150713553
7845076
186627285
127120600
148747480
215069914
182826203
100512987
127120605
144684255
58569952
203404511
194491618
177714402
127120612
195278804
107459814
177190118
165262568
144684266
162772204
162772206
101037297
147961073
127120631
4568311
154907897
40350970
141538555
22131959
197506301
185709822
199996669
2602231
262386945
199734532
136819974
56997127
53458184
68138251
11121933
176141586
19772691
179156244
158709013
181908756
162247959
141276436
74429721
131183898
48346388
247706908
179156249
78624031
79672608
152548641
131183906
74560804
121353509
143766822
130790692
74560808
161461545
169325866
48477483
127120684
127120683
53982507
142718255
100513068
12694827
219133234
158709043
136820011
205239597
248886582
104707382
159275539
126072122
127120700
144684349
185447741
173782337
247838018
125416774
182826315
242726220
142718286
90682703
171554127
247706962
107459924
98284884
219133268
208385366
116634968
242726233
95008090
108246361
145208668
183743836
13350233
70628706
19772771
24229220
10597734
115717483
64730476
219133294
253867378
104707444
202225015
201569657
253425955
14660987
156611964
90682749
215201148
247838079
99202433
72332673
177583489
77182345
172471691
11122060
87930252
103265678
7189901
107459984
242726289
205370770
37860756
147043733
147699093
140096920
198817176
158709149
131184029
161461661
171816353
260814242
128824741
120829351
58701223
241939881
146519467
56866226
242726323
46642612
169719218
169719224
219133370
144684475
90682814
133674430
68400577
46642628
79279558
183481799
57521608
257537481
68400582
6927817
247444940
83604940
47166926
199996870
167359953
58963416
158709209
229750233
46642649
141014492
73119196
185447902
42579416
119989796
119989797
636396
169719282
141538805
145208823
143767031
169719290
2078205
115455487
187414016
174175744
258848256
162248191
133674499
214939141
767491
197637641
247707146
54769169
92517906
14661139
156087829
244168216
87930392
73643544
244168219
46642713
150844956
189642264
153466398
59487775
162772514
99202596
215201316
127120934
142325288
72463913
25277994
136820280
197899833
133674553
185710139
71153211
57128509
136820286
21608000
131577408
147961408
167360067
7190085
93959749
199997000
108246602
169719370
186627660
196851276
74561103
67090003
74561107
169719387
215987804
180598364
104838748
10073697
51885670
35763815
202880615
110999145
191739498
4961899
29472364
146257517
133674606
103265905
43628146
15054449
172996211
173913720
215987833
43759226
125548153
57652857
49919614
129742463
169457282
131184259
43366020
116110980
42972806
178501250
119989828
171554441
119989827
98678402
202618510
136820366
119989830
159889045
96319126
99071640
98154139
2340507
158709409
14136994
118208166
75740838
174306982
176535216
71939761
58439345
2340533
244299450
155694779
158709437
108246718
99071679
109295294
1816257
102872768
75740867
90027711
154908358
104707783
56866507
14268109
212317901
215594703
169457361
10729170
196327125
180991703
176535255
19773149
121747165
96319198
201176801
82949857
150845156
202225381
174175974
141539046
76527334
93959913
109295338
240891629
93828845
76134127
57784047
59225841
240891633
98154227
183351028
200652532
229750517
114538231
146650875
108508923
196327164
108246782
108246783
37992191
83605249
2340603
249935626
118208273
100513560
201045785
201045786
24753944
98154272
212317994
206288682
145078059
2340651
201045808
201045815
78886713
158709566
240891710
105101119
102872897
89503554
96319297
244168512
6010693
42972996
121747271
155563847
208910153
116111176
71677768
108771148
100251471
2340693
129742678
189642588
240891740
186627935
213497696
99071840
21608295
104707946
212318061
71153521
114014067
77182835
63158135
44283773
128825217
251246466
257537923
2340739
110868357
105887622
127121287
55424905
122271628
85047181
59357070
176404365
176404364
45463436
138393493
176404375
208254871
208254873
108246939
98678684
2078619
55424926
2340767
55424928
76134305
2340775
185055147
55424940
98154413
36550572
76265391
177321903
208254892
73512884
204322741
195278773
63682487
129873848
55949241
54638523
100644795
208254909
197900223
110868416
163035072
158709698
197638083
78886852
108246981
20559812
4306879
83605448
145209289
176797644
15054800
157398995
54638547
202880980
215594966
109295575
149403608
149403609
98154458
192788438
121747420
185710557
109688789
172341215
263436255
103790560
15054817
2078689
212318183
38385647
158709745
260814835
208254965
11122679
178894840
4962299
154908670
72595455
258848771
173520899
208254982
7976968
22525960
173520904
186497040
196327443
149403669
229750806
183744534
374806
99334169
192919578
219133979
374810
374812
149403678
200521752
135510039
173520930
215988260
248887338
72464427
149403692
149403700
178894901
22132791
208255035
170506300
169457725
215988285
188725311
230012992
138000445
204322882
162773059
193050692
169457733
38385731
48216135
192788548
146782278
262780994
76396619
104183884
127252557
35895374
48347215
158709839
257538128
83605581
84785235
24492115
76396625
200521814
193246956
98154587
24492126
171292768
173520992
173520994
196851811
138000484
208255076
53852262
173914222
99072112
158709875
76396659
86882422
171817079
176666743
200784000
173521025
66828422
90945671
174307463
116373640
173521034
73250955
118208652
149403790
173389968
176404625
52672659
173521043
183482517
147962008
251771032
173521050
25147548
90945695
92518561
158709925
155564197
199997606
217168042
158709934
149403824
147962034
158624428
190298297
143112380
173521086
149403839
263436480
143112387
173914310
98154696
262387913
200653002
85178571
147962061
138393806
143112399
87931090
105232595
173914324
173521110
59488472
260815065
136820954
173521115
181123293
29210846
59226336
147962081
20297954
85178595
196196578
66828518
197114087
88979689
149403882
210745579
208255211
118208747
31570157
127252719
142850291
143112438
190298359
149403896
192133369
173521146
72464633
208255228
143112445
156219644
156219640
184793338
200915201
147962114
37861635
143112449
141539589
200653062
136820995
98679048
105232649
186628362
125679883
107985164
99072264
247314702
153073934
39172369
85178642
4962579
128301337
149403930
197114139
119257371
128825630
10729758
109295903
64731425
149403937
149403939
142850337
52148513
222673182
149403944
185841963
208255277
143112493
173521199
54769967
213498162
104708403
149403956
637236
201439541
201439539
637240
56211765
207862073
190298427
147962172
213498173
124631359
149403968
160545090
83605828
185841989
200522054
173652293
147962186
201439563
126728523
105232720
173521233
190167379
215726422
201439576
173521244
263436638
163297630
208255328
143112545
149404003
58046820
202881380
173521255
47823208
186628458
143112557
202226031
208255345
14793073
185842035
133675381
173652343
88979833
192919931
173521278
83605888
67090819
54770058
174307727
201701777
76659089
173521304
202881433
77445531
135510430
149404063
149404064
214153632
140622240
208255394
87931302
637351
7977384
98154920
173652395
118208939
56211885
252950959
221231536
174307763
149404083
21871029
197114293
46250423
76528055
114276793
208255413
43235771
248494524
98154941
260815294
199997884
249149888
212318657
163297730
109427139
126728648
189905352
21608908
88979916
133675469
32225743
114538960
136952268
143112660
126728661
141015510
127515097
149404122
119257566
204323295
14399968
17676766
77576676
117029348
54639079
127515112
115325417
118209005
91732462
104708591
71940592
36026862
121354738
177584622
208648692
186366449
196196854
32225783
207206906
263436796
174438909
41794050
67484164
103791110
247446022
46250504
76265993
126728714
221231627
244169227
79411724
142719502
207206926
143112714
146782737
116636178
180992522
141277716
51100181
74037780
146258458
54901276
131578397
190167581
180992541
105626145
185842210
201439779
2079265
206944808
131578408
191740458
192526891
247446060
155564587
169851433
255179311
58964525
255179313
180992563
89373236
219134517
130398774
255179320
183482942
207862339
158710340
20953668
6797895
216382024
180992584
212318795
208779857
213891666
54901330
185711188
141277779
213891670
20560474
208779871
155564640
221231713
20953698
153598563
90684004
171686501
180992615
180992623
181910132
163166839
171686521
86096505
637565
171686526
171686527
637571
154909317
4962951
16235143
204847753
11647630
32225934
115325583
637585
67484305
183745169
202619540
204847761
204847760
207207063
181910166
208255643
106805916
180992670
143112864
162118306
209304227
71547556
10205858
212318886
123583142
167492264
76266153
243251879
201833123
51100332
98155183
197638831
171686575
171686578
204847795
209304244
136821427
208255671
54639290
209304252
205503165
168934079
169720512
55425729
85965506
104708803
104708804
208255686
204847815
130792138
2079435
209304268
204847818
637646
83606223
88980170
108116685
204847826
180992722
81640139
191216341
171686613
209304281
106805977
32226011
209304283
196197084
137607901
167492316
97630944
178109151
210746082
114277091
67484387
76528359
21609191
79411945
113359591
208255723
637676
174308077
93960940
171686639
143112941
56212206
143112946
124238580
124238582
19774199
178109176
106806007
67484412
132102909
32226049
209304322
101563139
204847875
109034245
104708870
78887686
247839490
252295945
104708874
114277131
168934155
168934156
176405258
115325711
72334096
168934161
262388498
197638930
54901523
209304341
76266255
209304343
114277144
209304344
216120090
85965595
184793884
214154012
112442142
209304351
162773792
249019169
8633113
178109214
107461412
176405279
101301033
143113003
176405294
176405295
219134768
168934192
26065710
185842484
209304375
206945080
204847927
179419959
109296447
212319041
182565698
176405314
185842498
114277189
181779270
114277191
176405319
109427529
136952650
33405771
109427531
204847941
93043534
124238667
76397392
143113033
143113036
171686739
116898644
124894040
114277209
180992859
106806108
136821597
176405344
131578721
132103010
77445984
23313253
192920422
62765928
209304425
46906219
133544811
196197231
209304432
76135284
209304436
19381108
77446004
163560310
133675892
58440570
15317887
176405376
25410433
114277250
9943939
141540228
203930496
154123142
205503362
209304456
141540234
82033548
209304463
24755087
209304465
209304468
94878613
209304469
174308245
209304472
143113108
20822934
114277277
137739167
203930529
250461090
111000483
209304484
50707362
637863
148749225
36551594
138001323
53459890
212319157
117816247
32226231
247446455
83606457
245218235
209304508
186104761
204848062
104709054
219134910
43891649
222411713
58047425
96320452
176405446
209304519
209304520
134855623
207862730
117685194
2603979
127122376
195148746
176405447
58440656
204848081
143113169
19643347
180730827
212319192
262388696
193706970
7322587
197114840
96844765
7322591
124238815
15317985
195148769
124238819
32226281
41663466
97106922
103922665
32226285
209304555
44153841
130399218
69843956
124238836
59489270
53066744
108510201
176405498
151763962
208255996
217168892
69843964
98155517
10992640
4701185
48872449
48217090
180730879
7846917
136821759
201702407
19774474
130399245
77315085
150977553
130399259
10206239
250068000
196197409
126729253
143113254
252558375
138394663
143113258
114277419
99466283
44022829
159275894
204848176
32226353
209304625
181910579
242859060
127122481
262388791
176405561
209304634
46251066
143113276
143113277
57785406
185842753
186498116
135642182
104709190
41794632
186498121
124107849
11517001
197639244
186498125
124238923
121748552
263437388
119389261
154909769
197377104
143113300
159275903
124107866
14138459
186235998
143113311
215727202
176405602
248495205
176405607
77315179
176405612
121748591
32226418
176405619
32226422
242203766
77446264
96189562
192920701
74955904
126073985
83606658
121748610
71941252
106806406
134855814
164084870
76266632
185842828
127122574
72203410
124238995
146128020
32226453
172997781
176405656
52673690
102481058
242728099
185449634
215596199
57916584
185449642
23837867
121748652
58047660
176405678
143113392
117161136
67222707
176405685
143113398
154909879
114277560
81509562
121748667
58440892
201833659
154123456
104185025
114277569
185842886
67222727
176405703
76135628
43367629
172342478
113097934
262782160
209304786
209304787
113491168
244169954
9813218
198294756
128302309
216382694
198294760
186236141
114277616
208780532
131579124
638198
59227380
120438008
135773434
192134398
124239104
84786433
638210
147569924
124239109
147569926
93830407
124239111
147569929
213499144
143113482
20823306
91208974
143113486
205241614
252951825
147569939
78494999
196853018
147569947
93830431
44416290
176405795
62504230
44023080
54770984
196853034
6274347
194493740
252296493
247840045
11517227
176405806
121093425
208911666
199998766
129219883
180993333
20692280
209304889
74300731
173391165
96320830
132103488
201964864
155827521
137608515
68009284
87217286
196853063
58178887
114277706
182566221
209304910
2342221
106675536
19774801
95665488
37862743
142458199
165920087
15711575
262782299
31571292
262651231
142458207
179420518
186629485
244170094
198557040
31047025
242072946
190823793
167492980
190823797
124239226
196853117
173129086
51101056
10730883
207207814
96845191
32226697
121224585
77446539
102743436
201571725
148487566
216120720
173653393
97762708
214810004
157400471
208780697
207207838
215072158
67354016
186105252
190823846
124239272
83344810
143113642
58965421
32226738
155827635
124239284
187809205
171949495
113360311
203275705
14663095
214810043
45596092
187809215
56212927
249019843
77315525
37731782
136822214
155565514
262651338
196853196
167493067
96845263
50707920
6536657
150715859
56737239
136953304
147963352
115981786
51101152
247447011
72728036
158449129
83607017
174516156
115795900
247447021
261996019
8895989
263044598
77446645
77970937
142458366
149798404
115981829
71941638
165789191
215072264
179158536
165789193
215072269
204848654
199681987
165789199
215072277
134594073
72728091
47824413
51887646
113098271
197901853
51101218
16236066
114277924
131579429
81640999
248757803
153861677
46906926
91209267
102743603
59227700
77446713
76135994
83607102
177585727
197770816
124239425
16236095
87670339
124239423
132365893
87670342
165789246
124239432
96845385
17940041
153861707
189251147
67354184
263326004
78495312
128302673
98156114
197770836
13745749
52411990
52411992
52411994
50445915
52411996
215072346
149798494
214810207
52411998
106544737
141540958
263326008
214810214
247316071
98156136
214810219
115981935
101170800
99335793
70893168
98156143
164478577
182123244
74038902
124239479
109166200
181780092
203931261
69058174
115981954
247971459
98156165
262651528
72728201
52412046
181780113
52412050
46907027
214810260
52412054
27639447
52412056
96190105
91471514
82296475
169459356
171949724
22527644
206290591
52412064
173864902
99335842
52412066
52412068
74038944
261996198
206945959
52412070
72203945
119104488
117817003
142720684
91209388
214810285
252559022
115982001
169459383
87670455
114540220
58965693
89112253
51887807
72203968
5750467
153468611
212319944
197770956
172998351
98156241
124239572
171949781
207208154
99335899
101826268
51101403
153468639
11910879
91602655
113753829
25935591
214154986
153468651
191217388
248757995
191217390
51101422
98156267
182566635
72597237
198295286
42974966
93961979
20954878
72728322
89112322
127778564
114671365
248758022
124239623
131579656
174309129
79675145
71679754
192397066
186105616
13352724
16498452
168541975
183353118
174833438
202882849
74563363
52674339
104709925
171556645
124239653
113098536
153468713
107462441
153468715
122273579
90947368
25935654
244301618
100253490
203145014
113098552
64339770
244170554
248758074
73121597
111263550
199999296
83345218
87670597
147570502
20692806
59490120
36159305
13745994
39305033
72728396
139444037
199737168
79675216
45596498
73514837
638805
186629975
199999319
146259801
71941978
249151321
199999324
15449945
218742625
59490145
37076837
209174374
192397160
87670633
46120812
172343148
153468782
53854063
93044590
98156397
207208306
95141746
93962100
36028277
8634229
153468791
126730103
21741433
93175674
205897595
98156403
247316349
215990142
253214588
207732612
172343173
59228038
46776199
8896392
65126281
242073478
139050886
129220492
141541262
87670677
190300053
87670679
158449557
89243546
100253597
33406878
212320157
101826465
39305124
44154789
101302183
124239786
98156459
71155626
98025389
126861232
53329844
205897653
199999418
209305532
2342847
107462593
115982273
98156484
209305541
21610437
51101636
248496072
201834439
212320202
100253642
56213446
58310604
57753081
71942097
141541331
6406101
263045077
21741528
187023320
208650202
192790490
20824031
203931616
117686241
208781280
98156515
107462632
2605035
87670763
87670765
37863406
73252848
252559346
261996532
251772920
117030906
87015419
133545980
180994047
165789696
117686275
73383939
253214726
115982344
74301448
196067336
177848331
198426636
114016269
44810254
17940496
124239891
98156565
216121366
81379353
124239898
185843742
87670815
113754144
185843748
205504553
58441770
134332461
39305262
192135213
73383986
212320307
242204723
93962292
211927095
193708088
134332473
75350074
163561529
215990332
196067389
191217724
117686334
146260028
72597560
20955203
93831236
134332485
193314885
134332490
96845899
102481994
252166219
127123534
192790606
71680078
134332497
87670862
98156625
170639437
54902860
23838806
134332503
143114327
84262999
58310746
177979483
10207324
147570785
134332516
17023078
96845930
96845932
49004652
87670896
179421297
193052787
219267187
143114364
117031038
204849279
186630272
141541505
186499203
133677193
163561612
173654157
134332558
170246287
263438480
170639505
21741714
102875288
73253018
54378653
120963231
212320419
100253860
186237093
203145382
251773094
109413403
244301994
114597668
56869039
199999665
158580914
209698996
98156724
19775670
185712822
178503864
139706557
46121152
98156737
19775682
69320898
58441924
134332614
77709511
247447754
179159243
203931851
251773131
173785294
2605263
196853966
20824271
192397518
108511442
145434459
174440654
173785307
54640860
192135389
107462875
194101469
173785312
214155488
186237154
149536995
176144609
137478371
174440677
148750566
192790755
73253096
195150058
77316331
173785327
57917679
95142133
76136694
95011062
198426872
179945721
172474618
143114492
139706621
68141311
98156800
93962496
93044992
186237187
133546244
192790788
68141315
77447431
186630407
68141319
46907658
134332683
139706636
119914765
48873741
179159311
208912651
68141329
68141327
133546259
68141323
119914773
68141333
208257303
68141335
68141337
96846106
21610779
87671070
185712927
52019488
73515297
205898020
209961253
103399717
198426920
71156013
72597807
177979695
148750640
139706674
212320568
69845305
85180730
73253180
139706685
98156861
96846142
217563453
129876289
185712960
98156867
129876291
143769923
143114560
217563466
165790027
263569740
139706703
23839058
134332755
98156884
6799701
185712983
217563480
181911901
2736479
186237280
73253216
217563490
72597855
205504869
96846183
187810153
58311019
139706736
136823153
35897716
217563509
167756150
133546359
508281
247841145
71680379
139706747
508285
107331965
118735230
98156921
193970558
46514558
139706755
192790916
146784645
102089091
508295
20824454
508297
133546377
200917386
508299
508301
134332814
508300
108773775
77578641
141541774
173654411
20824468
260686220
54903195
74826140
66568607
186630561
10076577
205767075
77316514
76136865
104710569
106807722
66568619
214942125
20824499
49791413
173654455
20824505
247447997
72729023
17416639
213893569
80855493
217563592
172474824
72729037
153076175
20824529
262914515
204063188
508373
193970650
77578716
20824544
192135652
73253349
10863086
104710639
96846321
33145330
211927539
20824570
74957312
20824576
252166659
115327492
213893637
133546502
46514695
207208966
114541065
54903309
71156242
249152019
20824600
20824602
198427163
247317019
36028959
93700643
217563684
143114789
19382821
253608489
104841772
131187245
262783535
125944368
125813297
21611058
20824624
217563705
146391610
129876539
217563708
44155455
207209026
189383235
202883653
249152070
185188939
207898522
20824660
249152085
98157140
19776087
52413016
263045721
49267297
129876577
98157164
185057903
129876592
20824690
7586419
157401715
96846455
20824705
153469570
207209091
45859460
71025285
14402182
244302470
19776135
177455753
196723339
217563787
31572621
94487179
20824720
217563795
253215379
141279894
197378712
81642136
146391708
247448220
217563809
196854434
14926499
117031587
73253542
73777833
19776171
113623726
20824750
167482473
209175220
246923959
116900538
216122046
62636735
249938623
44155587
111395523
96846534
66568902
42975950
263439059
58311382
118997720
186630876
247841502
186630878
74564323
108511972
73253607
131187432
217563886
45859567
136823538
116507382
136823543
177586936
96846587
122798846
154911487
82297600
137478913
49398528
91210503
20824840
108249866
118997772
136692497
52151058
170640147
141542170
117687071
58311456
117293859
247841575
126075688
136037159
85967663
71942960
69452592
3654451
81773364
14926645
193971001
77316927
76792641
1950531
77316932
77316933
108249924
263045956
73909067
48087884
7979854
19776336
10601296
217695058
31572819
74171222
126075735
262914904
172999518
193708897
29344612
19907431
143115111
136037226
71156590
117425006
99337072
43762543
45597553
187155317
216122230
59360120
200000377
78496636
154256254
43762571
145605515
58311568
225952657
89113490
188334995
44155794
178504597
50185110
219136917
169460632
51889049
89768858
206554009
239190938
45859741
129876894
249938847
42976159
45859745
45859747
134333348
59360164
147702692
136037285
160940968
192398244
204850093
249938868
136037301
195150774
196068283
118997948
21611453
59491262
44155838
46252992
136430531
154911688
91210697
117556173
263046094
143377359
34849741
208389075
159237075
19383252
195281876
23577561
19383258
213894107
23577563
83608541
69321690
23577567
58049499
23577569
139445216
190301156
164348903
208389096
78889961
154125292
73516012
154125294
11256815
200000496
73384952
106808315
154911743
190170113
208389129
154911754
208389134
82953238
117294106
98157598
93045791
157402142
163824675
113624100
174310437
8111142
208389155
24495143
196854820
25150501
24495147
24495149
109298735
182305840
27771953
217170994
24495151
24495155
24495157
117687350
122799159
58573880
24495159
20825146
24495163
79414331
45597757
96846910
96846911
137741376
225952832
208389186
96846914
24495169
24495173
24495167
24495175
27771976
108512329
96846921
106546251
153994316
202622024
208389198
118998095
147440713
200000593
116638799
205767763
205374547
76399699
225952848
25281620
185058389
139969625
90686554
2081881
76399707
42976352
202490976
56869985
114017379
213894244
263046245
196068453
251511911
19776616
20825191
147440746
72598635
11256934
112706669
196854893
94487661
56869994
162514034
225952885
121488502
51102838
178111607
208127097
193840248
182305909
263046263
176800895
173393024
192660609
73254019
160941187
76137606
37733512
60408969
225952904
142853259
225297547
37733522
20825236
215598231
163824793
76792985
225952922
2213019
114672797
163824799
26068128
185582753
127124641
202491043
72205477
71681190
198296743
7980201
225952937
225952939
263308460
124241069
202491054
222676147
155698364
160941245
23053511
229754055
119522506
121357514
20825296
244303057
252560594
200787156
170247381
250201302
89507034
137479388
179553502
21218526
263046366
247448801
136430815
262522083
85050595
208127205
217564392
14927081
208127208
222676202
208127214
141542638
196068591
110347508
137741557
55952629
208127220
115328248
208127221
208127225
76268790
45597948
167232766
73516286
77448447
191218942
208127234
37733633
76268800
263046401
207209734
139445511
105628936
34718986
176145675
195806477
247317775
127649042
19645715
76268818
49267989
49267990
25281814
57753350
199738658
176145699
50447652
32752936
250463534
172344622
230016305
196330804
20170038
153470267
250463550
247317822
176145733
262522182
20694345
119653707
198559052
173786445
202622286
209175887
143377742
72598866
73254229
83477847
174835032
72598873
197117274
25281883
57787737
163562846
120833375
94225760
225953121
10732900
217826661
82953574
247973220
197379430
56608106
225953131
83740014
196855151
137741680
183354737
78497138
249152881
114279793
263046518
23446906
198952316
141280636
247317884
22136192
252560775
110871947
52807052
252036495
68404627
103662997
69191062
202622361
154912158
263439774
117032352
69322144
181781921
252036524
199607725
127124912
163562930
189253043
200787381
225953206
225953208
196068793
45598138
262784449
183354823
249152967
76269000
249152971
262522316
159499725
249152972
2082257
249152980
116639190
160941528
249152987
94225884
103400924
73909725
249152989
76793312
249152994
247842276
82167272
195151339
129877483
225953265
78497267
1951219
173393397
112969206
198821363
77317623
248759803
217171453
177325569
179160580
252560904
56608266
70895119
15058448
253347345
92915218
8242706
249153042
185189909
162383385
77186586
181782042
114279964
249153053
37864985
157402656
34326049
80856613
169330215
249153063
203146793
229754409
219530795
249153065
205506093
80856624
71681584
120047154
263046707
80856627
169330227
173393462
110216754
173393464
24495669
249153085
80856639
196855360
195544641
252560964
249153099
112707150
216122959
205506128
174179918
120833618
151897683
205243988
147703388
85050973
93046366
204981857
141280868
2213477
128173672
1951337
185976425
197641838
249153134
68142703
106546805
71288437
72468090
177325692
21612158
130532991
195937919
52151936
200787582
181782147
129222273
222676614
70502024
122799754
196855436
251250318
249153168
141543059
152159893
116639382
177587863
174179991
204064416
113886881
77579936
72861351
183355048
222676652
96847532
146392751
153470639
249153202
178112181
225953464
60016315
225953468
196069057
262915778
260818626
66569928
216385225
76138184
262522571
153470671
23185104
214943442
263046868
155567835
163825372
262784733
51103454
248760027
143116002
76269282
76269284
170772199
173393640
173393641
262915817
207734509
42190578
41273075
82298615
205506296
16107258
120047356
3655427
153470727
153470728
240240392
95536906
193709834
126338828
173393680
262653714
153470738
173393689
195807002
248760089
195544860
69191454
252823328
126863136
46647074
126863140
76269350
169461543
198035240
110348073
263440169
250070830
163170097
188598066
63555377
117688119
195544889
73910076
195544892
155305796
96061253
248760135
203147086
247449423
162121554
20301650
173393748
47171413
262784851
47171415
66832210
46909273
168675161
186369881
143116124
124766042
192530273
36030309
76269417
195544939
181782379
76269419
173393775
137611120
260818801
141543283
116639605
202229622
159893367
52152182
41273209
96847738
43108219
262915964
195544950
173393790
195544953
116639616
9815938
205899652
76269445
186238856
263440265
195544969
173393804
225953676
195544976
137480081
117688210
14534547
104843155
104712083
155699094
188991383
117688215
50317209
68011930
19515291
196200347
180340637
129746841
104843168
151898019
89245609
126338986
112052139
65390509
207341489
203278259
200001459
202622901
217696179
138135479
9688323
154781626
126339003
58836929
57001922
158582722
120047556
104843202
112707526
154126279
215205830
58443721
195938249
13354954
136693708
174442442
191219654
73254863
154066170
97503183
225953747
249939927
151898075
49006555
104843228
12306400
253085667
190826471
252037097
68143083
120047596
120047598
206948335
240502769
222676978
13354995
79153138
199870460
209176573
117295102
193054716
121227264
155305986
173393924
225298436
207210502
7981063
129222664
247449610
252037131
107464718
93046801
117688337
56084499
143378451
149145619
509974
82298903
109692950
154912788
53200922
178505747
45467680
212453408
113494050
173393954
190826530
173393960
36816937
191219754
262522924
139053107
5490739
165922872
55167034
196069437
190826561
174442562
207341635
104712259
177588292
191219778
7981127
263047240
186239049
124766282
176801869
104843345
140101713
173394004
152291413
176801879
44550233
152291418
217696347
174442587
52152413
113625178
176801890
2607203
77580387
66570341
121227366
181782627
66439266
117688421
74958957
193054829
180996208
73386096
116639859
173394038
162777207
252299384
112707704
173394042
903290
248891512
180996221
190826623
203147391
196200577
77580418
217696386
77580427
173394061
903310
77580434
117688466
162777238
262785174
112052377
260819098
77580441
196200603
198035614
143116449
208783522
133810339
88197283
56084645
116639909
186370215
190171298
124242089
162777263
133810352
174442672
174442671
70895791
163825844
82561199
19777718
195938487
903352
77580473
209176756
198035636
39307452
77580480
141281473
162777282
163563715
120047814
77580487
151898312
196331720
151898315
93046992
139053265
176802002
109693139
176802003
195676370
903382
163563731
72861906
180340953
74172632
55953629
77580510
149145821
200788192
93309153
124766433
109955297
20957413
191351015
117819624
176802025
87410925
26069232
143378673
15452401
82561268
191219959
149145849
242206970
5490939
49268988
200788217
135514366
116902142
49268992
197380355
126339331
262785285
187156740
77580551
200001800
196593928
73648394
196856075
195676427
77580558
141543699
100256021
193579287
77580569
72861978
191219995
174442780
45205793
84920611
207997220
135514406
76138793
121751852
94226733
143116589
196856109
135514415
31705394
59230517
77580597
56609082
172345658
200001851
205113662
202492223
176802113
197380419
14272837
262523205
198327876
137611593
14272841
14272843
126529729
14272847
149145937
52414804
244304217
37865817
202230107
74172763
44419423
147048803
154913127
31705449
78891369
51104109
179161455
57002353
135514481
187156853
260819321
36292987
162777471
191220095
263309695
174442883
262785413
73517450
69192075
262654349
113494418
49793429
76007831
29346199
207735195
209176988
207735197
126339485
178768287
73648544
117033377
150718881
163170723
146393508
179161511
176146856
12700073
176802219
12700081
262785457
142985651
247843253
117033401
106809785
174442939
94882236
201050557
78629310
169331134
200001984
176146886
113887687
150718920
71944650
150718924
202492364
78498254
23448019
150718931
51628500
98552276
88197588
174442969
174442971
48875997
174311902
52152798
161466853
179161574
67488231
150850024
248498664
149146090
126339563
110873067
263047661
262392304
195283442
197380596
197380598
96586235
208390656
150718978
251513352
121096713
208652809
174443021
25283087
135514640
45468177
216123928
200002075
259770909
120441373
174443039
197380637
35375649
163564067
171821609
51366443
153471535
99863088
39963185
143378994
179161649
146393650
153471543
219138616
105368123
199871036
219138620
153471550
203016770
104712771
510532
116378180
179161670
190171718
263047752
196725320
43240010
150719051
141544013
141281869
14142031
72338000
249154130
199215698
142985810
98028119
176802393
259770970
259770973
32492125
149146206
48613983
69061220
5491301
6802021
69061221
199740009
16239211
260819568
180865650
186632818
43240052
193579636
249154166
206817909
59099766
94227065
14535290
113887867
203803252
196856440
196856446
195283583
194497156
259771013
37997190
178113158
51628676
176802441
186632836
67619466
7457431
215206554
247450267
48614044
221235869
259771038
103271071
136432286
139053729
21482144
192268965
53332645
34458282
204065451
147442348
45599406
176933552
45599413
193710775
196856504
100125367
190171836
179555005
2345663
196725441
163564225
17943235
24496836
74959556
153471683
2345669
121227976
25283276
113887948
192269006
79547085
94227148
171035348
179161813
153471706
179161819
77581026
176802531
217303778
135514853
44550885
117557991
153471720
87411430
54512362
94227177
57658092
136825581
110873324
136825583
153471728
136825585
179161841
19647220
139053815
153471735
168807159
136825595
149146363
21744385
183487234
173394692
19647237
175098629
16632581
137480968
81513222
113888010
136825611
262523665
139053843
259771157
186501909
190171932
77581086
32492328
117558057
163564333
236047150
50711344
21744433
83741490
259771190
186633014
179161911
168938298
16632635
14142268
190434110
52153153
190565188
249154372
205245256
183749448
99339084
141544268
153471824
56609617
11651922
116116311
21482330
216124250
115723098
260819807
22399840
146262880
153471844
249154404
175885158
202623847
138904336
113232747
186633070
153471855
21613424
14273396
262392696
186633086
208784257
82299777
179161990
196856714
225954700
186633105
216517524
64474006
196856727
154913687
118082458
39308187
10734490
144690079
150850464
135777185
184667044
108645285
185715623
186633127
96324521
173132715
137481133
196856753
197381043
196856757
41274295
215206840
116378552
162122682
244173754
17943484
153471932
39308222
200002496
163826624
146394048
510913
205507523
45468613
163564486
96324552
70634441
186633163
188599244
141282253
5753809
113888211
193055701
209177559
244173783
107989977
208128988
176147422
150850527
169331682
49400802
197381094
11258856
200002537
147442666
193055723
160418797
108645358
141544431
195808245
70765558
196332535
196725752
56347641
227527672
20958203
190696440
181783547
52153346
125684739
3001353
144296969
166054923
137481231
179162130
244173847
58444825
135515163
74173468
248499228
35245088
90033184
208129056
41143331
226741283
158977061
197381159
104057896
115723306
110742571
165268523
133811245
94358573
49007665
29346865
105630769
192138292
186633268
147442743
196725816
44682298
116378683
39308348
177589309
46910526
95276095
252824634
121490492
250465347
52415555
196332613
79285317
23448647
166054984
248499271
260820045
70241359
81513552
190172243
75353174
23317593
39701594
244173915
207342683
147442782
158714975
72076382
249154656
208260194
76794979
96324707
169987172
23317603
158583911
193186923
116378735
96324720
14929010
62770291
196725880
208260216
112708732
252038269
54119548
88198270
40750212
208260228
193055881
249941131
192531596
196070540
161467533
95276175
151506065
81513618
49007767
195284121
54643865
2608283
53988505
25939099
195021984
88198306
71945382
70896813
135384238
43764913
29609139
154258613
180866231
147967160
7720123
70896829
90688701
186633405
67226813
133811393
205245634
115723455
133811396
186633413
196857034
95276234
173001935
195808466
249154773
76401880
180866265
208915673
133811419
37866716
208260317
251514079
158584031
55299296
76795109
45468903
251514088
186633447
105630953
74829038
193187056
90164467
154914035
249679095
141544695
184667385
76270842
249679099
169463034
249679104
110349572
93048070
24366348
93048076
93048078
179162384
98553107
45468948
79547667
93048083
216124695
122801433
77712667
180604189
33410334
76401950
249941280
76401952
179424546
263048485
169463078
6278439
108121383
196726057
126340394
180604203
208260393
163826989
184667437
128699687
180604208
200789296
57658675
29347124
159894838
139971894
260820278
199740727
78892346
262655290
180604223
23055680
178113856
216124739
208260424
90688842
3525963
136826188
76795210
216911183
93048143
82300242
145083731
67226964
133811542
187288919
169463128
3525977
3525979
193056091
128699749
642406
49401192
187288937
200002921
133811564
108645743
193056112
196463985
166186354
208915825
145608052
81644917
229756279
90688888
179555703
213765498
179162488
154127737
208260478
57920897
35245441
83742086
53071240
262393225
222678410
69193098
144690571
122801549
90688910
152292752
29347218
133811605
166055321
96325019
198692253
19254690
90688933
147443109
76008871
248761768
193056181
108907960
11652538
134335932
196857278
126340542
52678079
138661312
91475394
132107714
163564996
216124868
95014343
33410504
141544905
195677642
197512649
179162571
50693817
57789908
33410519
212323799
112971225
136039898
193056218
147836379
263179741
74173918
179162589
57789914
208260577
247582177
169594337
46648803
81645020
57789926
190172654
3045487
197905917
511490
98553351
46648842
83742219
149409293
90689038
46910990
130141713
244174356
212454932
200920598
14929430
157666840
90689047
173865689
43372052
176147996
175885847
112053790
179686947
56610341
91606567
41537077
114937400
76402233
122408506
57790010
76271162
171036221
57790013
201051715
57790022
155831882
221236814
133811791
91606608
90951247
249941586
97504853
76402265
193056347
76402270
90689121
133811810
174181987
216125028
133811813
249155178
179687022
108645999
180866672
168808046
145608307
178507380
196857461
56741496
98368237
81514109
196857470
90689150
183750269
248761984
179162754
122408579
116379268
262786693
249155208
196202123
73911950
72076946
180604562
77713044
70241941
904854
100912790
904856
29347481
104058522
24366748
154914465
14274211
180604581
173657770
197119661
163303086
78892718
180604592
90951347
76009140
133811893
87936692
198692533
36032190
171953855
25284288
104713921
208129730
251514561
117296836
222678725
45207232
93834952
181915337
198692553
263311052
162516685
251383504
147050192
116903634
147443409
202231508
147050196
154914516
98160339
28036817
120311514
133811932
48221916
165924574
180604636
75353824
143118049
181915362
108646115
162123492
99864288
179162851
29347560
118083304
183750377
169987819
137219816
36032236
97111791
84266736
99864307
251514614
173657848
162516733
136695549
255446791
194498314
133811979
57003788
14405387
180604686
194498317
136040204
172347153
179162896
129748755
25284367
45600534
113364759
196857628
249155360
128569121
83742498
39440162
201707298
199216931
179425062
121229095
169987881
188075818
53989163
193056556
74567472
141283122
104714035
121229108
109694770
157142836
200789812
23449401
45469497
118083392
153472833
90689346
77713219
205508418
90165062
248762184
192139082
109694795
248762192
166448978
50319187
166448980
102879061
180604754
221237084
248106848
197644130
176410467
196857700
122277735
121229159
179162985
6410093
193056629
121622391
202231673
51498877
11259774
252563328
144691073
197906304
17944452
143118224
196726676
129355668
193974166
197906326
183488410
121229210
51367839
120049567
176410532
126341029
109694886
114937767
189648805
90689449
96325546
117559211
93048747
196726698
155832238
76042096
157142952
93236137
208916404
150851513
81514428
206163900
168808381
56086461
36687811
208916421
208916422
73781190
78892999
121229253
133812170
181915593
142331852
93310922
126078926
154783694
249155527
251908049
157405138
208916435
113758161
31838165
252563413
68538325
219140050
100257745
77451226
76795867
121229274
149934039
196726750
173658077
25284575
116903907
126210020
247189478
248762346
19779563
58839019
90689520
249155570
208916467
108646387
90689526
55300086
59494394
126210042
126210044
194498557
149147646
126341118
172216321
262787074
48484355
70242306
175886338
249024519
10211335
76795912
12308490
225300491
262656007
154914830
81645584
126996497
52416530
126210068
140627990
126341143
380953
216125466
181915673
43372571
6017053
112709659
149351258
173789217
140628004
262787108
43372581
185192485
196595752
250073130
51367978
82300976
155045937
193056817
74829876
248762421
152555574
136040510
121229379
179556421
56741962
197120075
145608780
118083659
7721039
21745743
126210129
172216402
249024594
196726868
133812310
178114650
208130139
126079066
147443802
73781341
198430815
208261213
90689633
138924130
180867171
138661983
23449701
77451366
138661992
133025897
7721068
205246573
83742829
126210159
138661999
150851697
174051443
173265012
29347957
252563574
124244088
7721081
183488634
77451387
32231547
174051453
48091262
216911997
205257962
7721090
73781379
56217732
136040580
905350
186110085
197775494
121098377
7721099
126079116
91607181
126210190
52416652
132108430
262394001
75616402
177197204
90689684
7721110
174051482
109695131
138662043
11260063
7721121
192794791
45338793
7721130
73781420
101306541
192008364
126079149
206295212
249155760
83480749
14536883
197906608
197906606
83742904
63951032
86888638
2216127
7721152
179163330
81645763
44814532
157405381
7721163
109695180
194105549
98554061
167235790
252563663
167235793
147837138
87019731
216387787
90689749
253350103
133812440
108253402
116117723
116379868
158716127
31576287
36032739
71946469
111005927
194498792
203280617
109695209
167235819
115200238
133812463
77451504
7721201
90689777
32231667
126996723
128700661
219140342
121229559
46125303
176017657
208916730
71684347
126079227
90689786
197644537
56742134
138662136
263049473
160289026
3657983
180867332
7721221
107335941
87019784
43634955
135516428
262656269
107335950
249155851
167235857
95408401
146919701
7721240
155832603
90689821
107335965
109695261
72864032
210882850
244306211
181915942
133812519
74567979
121229613
107335982
107335983
208916785
147444022
121229628
132370750
208916799
93311296
113103170
196858180
84267333
174051654
216125766
244306248
129356105
208916810
244306251
208523595
133812557
39309638
262525262
180867400
157405521
13619536
181915988
141807957
197382485
107336024
179163480
13619545
82432347
198955357
107336029
196202846
54382944
100258145
95015266
55955810
179163489
200003937
200003941
200003942
198955368
169595241
200003945
107336044
107336045
179163501
193450353
49664373
121229686
201576822
262787451
198824315
107336061
198431099
132370815
125686144
146919809
107336065
188993921
157405572
208785797
75485575
175886729
179163530
197644683
107336075
144691597
112710034
141283739
3658139
515329
128700831
107336096
77451683
208916900
122147237
126341542
253350311
262525351
244175267
116380069
242209195
137220525
76796337
216125873
181916087
71160248
44290489
150852025
126341565
252563909
55169478
121229766
146919880
73912779
157405648
140628433
90690001
253219280
90690004
107336146
121229782
160682454
249942488
107336152
179163608
128569819
37736924
107336157
51499479
165269983
1692125
262787553
37736930
37736934
44814825
37736938
107336170
116380139
147444205
112054764
4444657
167236083
176673267
157405686
14275062
133419510
179163639
199217658
121229819
107336186
83743229
167236094
137220604
104190455
244306437
121229832
20697608
90690058
14537227
138007052
20697612
137220622
20697610
20697616
20697614
20697618
180867600
206295572
121229845
121229846
203280917
200528408
127390228
107336214
20697620
121229852
20697628
20697622
20697624
20697632
20697626
121229858
126997020
20697636
20959781
20697638
107336231
132108839
20697640
20697642
139973163
21090859
70505004
20697646
144691759
20697648
20697644
179163689
179163690
179163691
115462709
222155311
73781816
115593785
250335802
78500411
73257534
164352576
197644869
251515462
197513800
52417097
197644874
98554443
263049800
160682570
139973203
11129434
78893659
52154970
133812827
74175071
47567458
208917091
47567461
90690150
249156201
115593834
72864365
19255917
197644912
55169649
11522675
109695604
52417141
46781047
115593847
226742904
183489146
52417148
19780222
105632385
95015554
162124419
251253380
197776005
56873606
10211975
23581320
10211977
196596369
222679698
208917141
149934741
13882007
77451927
242078361
249942680
53465754
242078364
157405853
242078366
208130716
142201504
173265564
251777698
203149981
133419684
19780261
197907103
204984999
643747
78631600
82432690
2085555
147575476
172348084
23974582
512693
37737142
52417210
126997179
23974589
126997188
512711
23974600
103797449
47567562
126735051
81121996
52417225
244175568
37868241
143119060
36295381
206295766
47567574
181785301
154784473
66704090
112710359
249287390
90690271
52417249
249942756
177722085
133157606
181785318
197907175
23974633
186634986
6279915
95015660
21484269
206295790
79680239
112055024
171692785
181785333
57398007
183489271
77058810
39047930
205378300
108647163
381695
215601923
249287428
187028229
197776134
179163911
243006828
76796683
57135883
121230097
94098195
126341909
77452056
197645080
144692001
75485986
121230115
198955813
176935717
197645095
163566376
29348653
30921518
29348655
113103665
181785394
37737265
29348660
183489332
29348662
130405175
29348664
185717560
21615417
116380467
42849084
90690364
205640508
77452095
29348672
203150146
192140099
116904774
137220935
180998984
84792136
29348682
74568523
249942860
94098250
155702094
262394703
29610832
197907277
137220946
29348691
103404371
43242321
205727036
195941208
197514073
177722200
72004290
11653986
57398117
176935781
249287526
42586984
77058917
206295917
250336109
192533359
136041328
63427437
105370484
162124666
45339515
7197569
113234818
132895619
195941250
188208007
109302668
43111309
75486096
54907795
179164054
124507034
21877662
179164068
49271717
250336167
192926637
198300592
49009585
27644852
41931700
146265014
164352951
197907384
75486134
644020
644023
200004542
108909504
221238208
21746625
134730691
198562756
57398213
121230282
644046
249942992
149148625
76403667
202494938
121230299
98161628
152294366
115594207
118084576
182834147
83743717
121230310
45339621
144692201
121230319
154915824
121230321
200004594
171955186
159765492
203150323
42587130
121230338
75486210
179164168
121230346
121230347
50451468
184669195
250336270
247452687
195941390
6935567
49271827
199218196
54645780
108254228
197514263
39965716
196596761
116118554
121230364
54645790
164221983
98161695
54645793
43897894
54645799
44946475
164353068
4052013
115201070
200004655
164353072
194368556
13751343
198825011
102093871
31577141
52417590
34198575
214815801
154915897
198825019
208917563
109040698
121230399
188994625
160683074
123196485
250336326
174445639
121754697
203150416
171955287
120312920
203150425
16372826
121230427
120312923
121230429
120312926
123196509
121230432
120312929
139056221
121230435
173266022
24368231
120312938
205509738
136828011
102093936
121230450
120312947
23450744
74568825
206296187
165926012
204985470
204330110
217568385
196596869
136828039
197514379
207475851
51500178
217568403
176936084
54383765
73913492
189387927
263443602
192795803
48223389
160814241
53990561
176936097
177722531
49009829
174445739
144692395
129356972
116380852
54383797
263443639
145609917
56087742
160683198
262526147
121230533
183489734
102094026
121230539
139973837
100259022
3921105
171824344
43242722
200922341
142857446
163697893
162125032
138138857
200004843
9688301
69850350
208917747
57660660
143774967
105633017
31708410
197907706
251254009
121230589
644346
253089023
16766208
242865407
121099522
179164417
200791300
51107074
644351
178509063
218748167
222680329
251254026
36164871
32494860
6935817
205509902
121230608
192795921
33805588
78894357
126997780
167236885
103404824
222680341
2086167
178509083
76141855
121230625
129750305
249025827
1037604
216388898
249943334
58447141
154785066
126997803
66704691
99341620
252564797
178509119
216388927
73258306
178509124
229758276
171955528
115594569
180737355
178509140
147445077
93181272
198956379
162387293
163698013
112186721
183489891
178509156
75486565
6935909
200791402
178509164
181785966
69457265
136041843
163566963
178509175
154785145
50189689
97899899
121230716
76666235
145610114
145610116
178509194
105633166
177722767
176936337
72078738
171169171
181786002
104191383
19387800
251254168
196597146
143775131
108254617
51107229
208524702
5756319
133813662
218748321
247453084
121230759
198956456
11654567
253089194
197645738
199218603
109958573
162387375
121230768
178509231
162125232
73258420
121230773
159897014
75355575
103798198
96196025
178509236
198956475
243258806
145610169
40752574
128308671
74569147
53728700
206820802
196728259
159241669
121230790
121230791
121230797
178509262
21878223
39179728
59102673
121230807
87676377
159765978
38393306
126342618
177722845
121230819
178509284
121230821
162387431
40752615
178509289
99472874
101176809
184669676
104846831
38393328
176543216
251385334
94098934
105633272
37737976
111924732
171824637
212325886
85448189
251254272
198563333
189650439
180606473
50451978
82040331
262657548
121230862
184669712
198956561
105633299
136959511
177722903
198956568
121230872
32495131
141284892
44684826
121230880
21222945
112186914
104846883
64345636
202233376
59102754
222680611
48485929
121230890
24499755
152557098
202495531
146265646
171824687
121230896
113104429
121230898
74569266
75617844
97900083
147445301
135648818
147445304
44422716
121230909
121230910
121230913
71947841
98555458
8246850
181786181
105633351
147445321
136959562
181786187
252565069
39966286
252565071
199743054
33543761
100390481
184669779
28300877
100128341
115463767
121230936
45602393
75617882
82433623
53466716
203937372
121230945
160683617
14145124
202495589
121230950
98555494
147838568
114415210
121230955
67491436
153081456
10212976
7460465
8115827
121230964
8115826
8115825
51500660
121230968
104846968
171955827
51107442
9557628
76142203
248239738
23582341
121230982
54777478
23582343
23582347
161207949
76404366
179689103
126211728
23582349
168547988
222680726
248764055
200005271
171169433
121231002
186242715
176150171
74176161
31577762
75617955
104847013
121231016
195548841
56481451
82302637
81647277
53991088
121231032
15718074
198956731
26728124
167630528
133158593
128571074
121231043
38917828
2086597
52811459
9819847
136959682
167237319
162125514
253089483
11785932
83744461
121231054
143644366
121231056
200005328
167237327
253089491
202233556
181786325
78894806
139450071
42325720
105109209
183752402
121231067
193582810
253089501
136042207
121231075
52418277
205510375
153999085
121231086
133158639
144692976
253089523
205510387
95016692
222680822
121231096
179164924
121231102
150853376
52418307
121231108
14145284
253613830
145610504
49272586
121231115
196728586
253089549
121231118
136173326
104060682
225957644
82433810
9557782
2086681
143906586
40752921
222680859
9557789
121231134
251254559
121231136
106944287
161208094
162125598
191354660
108386085
121231140
14145319
9557796
64345893
180999983
207345455
17946420
121231157
130012981
185718580
121231162
186242875
262526784
113104709
73914182
121231176
205510472
195024712
159242057
75618123
200005452
200005457
93181777
98162513
205510484
48355157
74569558
2086743
145610585
192927580
121231197
251254622
163567453
36427616
121231203
44947300
258201445
170776422
202626920
139712363
201054060
98162539
253482862
75618160
121231216
74569586
183490419
79157109
121231222
121231224
109434746
120444797
53991294
74831745
121231234
38393730
55170948
145610626
250075015
196597642
7722890
121231246
121231249
121231251
177723283
121231254
54384535
99080087
75618199
79550361
157538199
1038236
78501793
196859810
76142497
146134948
121231268
93050790
1038242
141285290
129488811
154785711
83482546
162256821
49272760
43112378
72865725
162256829
100128707
126343108
263313350
215078858
185718731
52418508
116250574
100128720
121231313
115464146
150984659
9557969
150853584
110483414
147445721
196859868
150984669
141678558
69982173
106813406
45602785
155178978
161208290
56612836
125818853
116250598
121231337
114415593
248240107
144693228
75618288
97769461
114022391
198957052
168155133
176936959
186243072
176936962
187422725
115464199
121231368
177330184
71948296
254138379
76273676
121231373
36165646
181786633
59234311
183490578
121231381
160684054
177723417
59234330
5756955
155179036
202233881
184670238
8902687
121231395
188078115
263051300
197515302
78895140
105895975
242735143
78501924
28301352
88201260
80653658
154785836
97900591
206952496
200005681
263051314
212981804
514100
52025399
161470524
176937020
3004477
158586943
205510720
139843650
176150595
57399363
126343237
121231431
24238151
116381770
183490636
190699598
97040108
225957974
100128858
37869660
73783388
200923229
3004511
93050978
42326115
121231460
82040933
249288804
116643943
198957154
142989417
121231468
108910702
121231473
121231475
97900659
114415731
198301815
129751161
93706362
3004537
242735229
113760388
181786756
114415750
37869703
242735239
13883529
93051018
121231499
131192970
253089933
97900684
131192975
126998672
173398159
121231506
161208462
121231509
107993238
43767958
131192981
76404890
121231515
128702620
131192989
193190043
121231519
3004571
121231521
212981915
196597924
183490725
121231530
108517547
13883565
121755822
121231535
85186735
248764594
154917042
114415796
114415794
161208498
126736573
174315711
41932993
170514625
114415816
69064906
645324
242079948
37869774
170383566
197646540
242079951
114415829
38525142
139712734
212457697
127654113
87021796
178247910
192665831
93051112
154786027
255449325
83745006
114415857
178116854
37869815
85186807
194107644
160291070
37869824
20699392
249944329
207477003
115464460
19781910
43112727
252565789
196860190
259512606
93051168
25155876
183490853
253614373
181655847
107993386
117692717
215996721
179951922
225171761
8509756
49011005
51239230
162126140
183490876
68409663
183490883
82434371
89119045
127654215
79550793
127785291
52287822
166451535
192665934
121493840
19913042
167631190
191093081
59365721
263051611
73521500
207477081
8509791
20437347
2611557
89643366
251517288
207477096
155179369
37869931
70506859
110483822
37869935
155179376
155179377
180607346
82303343
250337652
76798320
48224635
108779900
116382077
116775291
57792897
73390467
169728388
177200873
251517318
222681476
253090184
97769865
137091467
99342734
25024911
149412240
141678994
146004373
21223831
146004376
119527832
183490976
194501025
196204962
225171875
37869991
74176937
188996010
253352364
168810925
98556334
34593198
37870000
99342765
196467122
166451638
147446202
197777851
252565948
169073085
181918144
201578947
114678214
253352391
51239369
181656016
31840721
96066004
72210902
133159382
98294233
249027034
72079835
155179482
97769948
52156898
253090279
251517416
202758633
207346154
31578602
251517420
20437479
251517422
162126311
183491061
16767478
141285884
208525823
174840320
252566017
40360450
82434563
55958022
208525832
114678284
185850384
20437528
76120781
25287192
54778395
82434587
173660700
37870111
115595807
74308129
176282145
161864224
25287204
126343719
53598765
196598317
207870511
217176622
217176625
151902769
76274225
110221878
249551415
113367614
127785535
154786368
111663684
97770052
250075719
121494090
23452237
147970642
162126422
190700122
73914971
514656
191093345
206953057
122411619
97770080
176937573
75487847
251255400
100391533
155179630
96459375
41015922
174316147
202496628
59497078
170515062
155179641
217176698
59497084
37870206
126999167
97901182
106683007
42326658
206953087
107993735
121363082
37870228
222681748
198957718
197778072
157538973
57924258
204069539
196598437
37870247
514728
247454376
148626090
68410023
23452329
73176982
117955247
97901232
4315825
20437682
121363124
97770164
263445174
249027255
185850553
43768507
250337980
127654591
47045312
136820991
141286084
253090505
244177611
204069579
192010962
244177621
128572119
73390808
159242971
249944797
37739234
146266851
40753894
39312108
19913456
263052017
250075890
201841394
208526078
74439423
136043265
136960771
167893771
43768589
214162190
206953231
147446548
217176853
259513112
75619097
13884185
43113244
205773596
263052062
113367836
155179806
155573025
165927713
217176867
48093987
182967074
155179811
94231331
170515237
173660971
242735920
184802098
262658867
198957876
177199923
147708724
23452471
20437816
53992251
74570557
198564670
41016130
13884226
189651778
6937415
20437831
186243913
253090642
43768659
147446614
193583958
58579801
183491419
74177372
87546717
258857820
186506080
135388001
97901410
73653092
76667749
193583974
176151398
186243947
183491437
145873776
165927794
170515317
10083191
186243959
10083193
23452539
258857853
155179902
166321024
10083201
186243968
168811394
258857858
258857856
258857861
188996489
17030028
198957964
84138894
97901452
23452556
55171982
155179926
93838233
155179930
154786713
136960921
258857885
43768734
23452575
93838240
242998177
93838242
249944992
258857883
258857893
17030054
33545132
93969325
124771247
167893937
258857906
107076531
173661107
117693367
176151480
99474362
160684987
53468095
197516224
130014150
147446727
166452168
90168265
254139338
249027532
78633933
66968527
249289687
154786781
147446757
182967271
206118246
89644011
208657388
198958059
174447599
212327409
208133109
249945077
196991992
173661176
177200126
170384383
198958082
200793095
89644039
183491592
188996621
193059858
164224019
58055703
208657433
89644058
97901595
259513372
193977373
26074140
162389020
31579162
187816986
182967322
126868517
100260902
60808234
177200173
125426737
212327473
181787698
52419636
50715701
196336694
248241204
176151608
139582521
177200186
53468219
193977404
193977406
89644094
259513410
55958594
89644100
23452740
177200199
44948554
196336715
58055756
212327501
182967372
188079183
126868562
70245459
259513428
128310357
59497558
206560342
109698136
89250904
95804502
97901659
136961115
247716960
59497568
186244193
71556197
68279398
208657511
182967401
121101422
97901678
25418864
193977457
193977458
200006776
104193146
100129915
212327546
155180158
58449023
113106047
250076290
23452806
217570439
198040714
222682251
515213
202890382
75357327
67493007
11132049
79813777
4316305
515220
55827602
174316693
43768984
214817956
55958694
52812967
138140841
87547052
102882476
46652590
79551662
40885424
174578863
154262701
32103603
147709107
212327607
138140855
97770680
172219578
193977534
168811714
193977542
55958727
212327625
124771529
138140877
242998480
75488465
103931090
197516499
55958737
59497684
147446997
253091031
51371224
192666840
56876244
50584797
43900127
109698272
184933601
116776162
53337316
121232613
259513573
100130021
16375016
146267369
97770730
77323492
159767788
199875822
197647599
179952884
193977590
198565112
208526586
205511931
147447035
196205821
84532478
14802173
198040833
58449154
121625859
181656835
69197061
64347397
22666503
206429448
121625865
173399297
145612043
155180300
145612044
121625871
52157712
212327699
97901844
121625877
120577302
188996884
173661461
193977625
154918169
21880092
161209630
110484773
108256550
193977638
155180327
132111663
193977653
200793398
2088247
253091127
155180342
46128438
19914043
23452987
155311422
214949184
193322305
205512003
79945027
9821513
259513677
249290067
97901910
98032983
212327766
108780887
242212185
51109212
155180381
98164063
16375138
17030500
193060201
49012074
16375152
16375156
263052661
76406136
3923321
23453049
10607995
200793465
16375166
258858367
16375168
212327808
183360895
259513732
193715588
116907398
248634764
253091214
177200529
212327826
193322385
68541845
121232791
181132697
43769242
146267553
102882723
126868901
168811941
155265655
197778853
181132713
249945513
3005867
113106349
162389423
72736176
141286833
163831218
169467315
208264628
3005875
181657010
43769264
43769266
183360954
163831230
23453119
73522625
155180484
12705222
646599
202497480
65396169
128310728
250338769
95280595
253091284
162389461
191356374
111402462
68279775
178511328
162127327
163831266
48094686
16375268
155180516
116776426
111402474
192011762
74571251
53992948
225304051
196337143
208657915
202497531
135519741
163831291
197778943
247324160
155311621
72736262
168156682
55959050
230284812
16375310
263314959
247717394
177200663
196206105
174579225
184802845
208657951
189652520
90693161
74178089
13360683
16375340
168812078
76013103
75619886
13360687
171957811
202235444
144170549
204332599
217570872
13360697
16375354
193191479
140107324
138927677
172482109
13360703
104717888
31317569
202235456
59498052
108387909
196468294
249028169
249290316
212328013
16375374
247324239
162127441
116776533
144170582
111402585
174841435
10608222
195288674
109567589
155180646
198958695
97771111
155180652
218750576
16375409
10608242
121233011
212328048
263577201
68279928
253091452
126344836
208658053
252960389
262790791
209968776
182967945
262659721
16375435
198958734
46259854
248635024
121233042
102096536
75619993
253091482
97902239
188997280
259514017
217570977
208527009
70770342
222682791
16375465
68673199
198565554
25812660
241819316
12705460
144170679
121233079
162258616
12705466
12705464
12705468
12705462
56876734
36560575
253091518
12705472
12705474
12705470
254140100
12705476
196337350
180346567
12705478
12705482
12705484
126344909
16375502
16375504
126082769
145219281
16375506
91741908
206823121
12705490
12705494
201580242
74178261
16375516
19783392
41934561
16375520
16375522
259514084
53599968
12705508
84270823
126869223
196337385
109567722
121233130
22011628
23060204
95149806
259645164
138141424
16375536
55697137
68542194
111402739
12705518
207478513
113499886
178511608
208396025
172482298
196337403
217571059
188997373
198958846
172482304
143515394
212328198
135520008
208264969
253091594
178511625
150986509
104062733
142991120
82173714
16375572
3530517
119529241
171958043
139583261
208527133
45211424
99868450
16375588
215080742
16375592
26074920
52420394
194371371
206561068
100261676
116776756
71950133
119398198
85450551
168812345
172482362
259514172
248766272
155180865
163569474
196206405
53469001
59105097
201580363
244178764
139059022
235921231
259514193
104718168
178511705
83615583
39313252
144170857
165666667
189652843
129228653
72081262
131194735
177201008
217571184
225173362
40755055
25812853
180608888
202760058
87940989
158719870
4317059
181133188
32366469
23060362
139059083
170123148
169467791
181919633
219406226
32366483
126345108
116645782
111665049
78503833
239198107
195813274
124772254
117170079
162258849
35250081
196337572
70508457
131194796
104325037
15589293
86630316
168157101
59498417
115990452
2088885
22011828
25419704
52289468
126345150
168812478
131194816
72212418
144039878
188997575
208527305
76275662
516046
14540750
91611091
516052
100261844
139059155
146268122
221896668
218750942
73785311
155181026
150855652
212328421
155181029
73654251
124903404
111402991
131194866
183492594
53469173
59498488
52813816
262660090
70508539
45473787
74571772
50192382
200794110
38133758
181919745
115990530
155705346
202760199
222683143
104062988
126869516
69066768
176152604
38133790
262660128
159244322
135520291
181788706
4055077
124903459
124903468
217571375
170516529
180346930
52289591
109436987
242999356
202760253
178511938
212328515
189653060
178511943
47964234
51634252
249946191
109568085
252829784
147710040
176283740
28303452
67231845
2089063
198303849
219406444
178511982
182313070
137486448
52813936
189653104
193192046
249815151
59498615
177201271
124772473
107077754
14147703
104063101
59498622
198697087
73785469
104063107
2089095
144957578
46260364
42721421
72867982
174317711
145219727
77848720
214818962
21880979
124903573
212328598
215736471
516248
160686233
111403162
126345378
59367589
113500326
189653157
197255334
155050154
200794285
95019181
178512047
28303536
141287604
109568181
116777140
74309815
2089145
58187961
225960122
178512059
200794301
121102525
173138114
72736962
2089159
58056905
200794315
200794321
61989077
2089173
248635605
647382
219406554
147448027
74309852
241819867
63824094
124772577
197910756
194109669
252829925
159244520
2089193
101179626
189653231
7069939
109568248
203284728
204071164
204071165
72081660
73785598
208527621
26599687
77717773
32104722
196993298
200794390
102752536
118219034
74572059
121626910
76407075
86630691
67232037
105111843
74572071
90693929
41279791
106553649
192799027
48095539
73654581
65003830
230023480
129622329
82436408
152166719
102752577
186638660
75620679
172482887
129622345
60678471
204464459
113238348
196993356
141287758
72606025
188997971
118219092
53469529
99869018
157147483
155443552
37871968
82305378
104063330
182313318
66707815
35119464
193716589
178512238
102752622
202891630
178512243
252174710
222683511
141287802
155443579
162521468
152559997
194109822
172482945
20832643
193716613
46129543
112976264
158183629
165011852
222683535
112976275
72868245
155443605
100262293
71557528
194109848
52289946
59498911
200794529
190439842
79552931
155181476
83616163
203022763
93315500
129622445
155705777
204988851
172482996
247456180
104063412
135753230
250470840
165667256
82698680
104063416
161472956
155443645
132899262
111403452
107471291
70115781
133685702
173531592
204988872
107078090
23060939
140370380
72606155
140632526
181789132
132899280
84140497
140370386
32367056
252174805
74572245
55697882
126345691
182313436
176153050
53469662
246014433
48226786
248766947
246931940
13885925
73261538
24764906
13885931
183493100
155705838
109568495
179167727
200794609
133816818
52421107
135520756
162521589
132899318
206692848
111403516
3924477
82436606
125559292
77324798
3924481
76014088
208134668
3924493
152560141
3924495
32236048
118219281
177201677
7987726
111403542
75358744
100917785
114680346
170385949
74441253
56091173
182313513
44818985
250077739
262660656
25420337
162390578
154919475
259514930
70115891
186638899
132899383
170385976
162128441
251257402
132899387
53994040
186638901
251257406
186638908
179954242
124772931
72868421
7856711
143909449
249029194
215867979
107471435
132899406
197386832
26731089
249684562
172483155
149414483
182313554
82436693
5497431
197648977
56877649
143385182
72606303
249684581
121102956
205644398
249684592
73785971
192668277
117170811
25027195
200925824
7987841
162259588
251257477
208528007
17031817
113500810
100262539
154919561
25813645
176939659
11920015
113583381
104063640
249684635
155706013
180609694
248636066
74441380
57139879
194110120
196600487
183362218
45605547
66708141
40886957
81126063
92791472
122413745
247325360
126345907
68936371
182313655
112190136
214164153
248636089
149414588
102752959
100262595
196600516
192668357
219407046
212329160
205644489
52683465
149414601
124773067
174318285
214819532
130671313
45998805
205644502
149414615
205644505
174842587
247325404
149414620
32629470
385763
174842595
116384485
385766
142861034
181920491
46260972
192013039
178250481
20701938
74349724
253616885
174842613
174842614
205644536
121103096
107471611
20701949
174842624
102753025
70640386
179954437
112190214
183100169
259515146
20701963
181920524
149021454
83616526
174842641
77849363
155181845
192013080
174842649
248636187
205644572
99869468
155181854
263054111
194110239
197518113
197518114
174842658
14541597
58188581
20701990
174842663
174318376
104063784
202760999
205644587
46261040
31580977
158720818
52290353
516917
205644598
102753078
100131640
102753080
158720827
174842684
174842685
222683968
174842689
205644610
189653828
83616582
262267720
174842700
99869516
40362831
252961618
163570514
205644629
43901784
99869529
136045404
2089821
205644637
81126237
149414751
174842721
190702434
50193249
159245151
73261918
205644646
6939495
179954536
385898
248505198
171434863
177202033
248767348
46261110
2220919
177202039
164356985
66577278
51372927
247718784
215999360
6939523
149414788
183493512
104063883
30925712
193979281
160555923
193061781
91218838
155313047
193979288
111403928
91218842
2089883
70771610
177202074
184673182
122938271
204989342
196600731
195814306
202761122
121496487
146924457
174842793
71164843
205644716
174842797
104063916
149414830
97641392
183493555
162390966
155182006
174318521
112059322
205644731
57937270
55698365
149414848
193061824
111403970
175104963
72606662
174842822
71558092
76145613
33022926
192799693
44295120
115073998
59499474
217179091
249291732
76145619
88204252
76538847
205644768
155182049
69067744
193717219
46261216
205644773
205644774
174580723
185590771
199222259
139060213
72737779
52421625
24765434
161211389
20702206
111404031
143778816
105112578
158983170
32629764
57926661
143778822
46261254
167896072
193061896
143778826
193061899
163570697
196338701
191751183
193061904
67232785
205644818
72082450
173401108
111404052
215999510
162391063
173794325
25420825
175891482
191751194
2082707
20833311
170779686
135521319
174842920
205644841
174842919
191357993
139060268
124773422
109569071
146924592
183493680
29746222
195028019
52421679
203547701
174842927
192537655
172483642
39838778
25420860
59499580
160425023
121496642
146924612
77718599
174842952
198698057
75359305
25420875
170779723
141288523
34464839
139060303
140108880
176153680
115467346
215999573
108913750
48096347
59106397
173401183
143778912
193061986
136832101
57271397
249160806
205644907
193061995
174318701
173401198
170779758
75490415
20702322
46261364
133817463
74572921
179954811
48096381
46261374
170779775
49276031
194372735
124773506
173401219
99869828
173401221
144172166
157803656
134734985
205644939
172483724
142337165
189654156
126739595
205644949
180610200
111404186
83616923
104064156
170386590
192013470
126346403
204072100
154920101
85189798
52159657
168158381
155313327
172483762
95544499
126346420
152560821
101835963
212853948
54912188
112190653
201712833
74179778
2352327
193586375
197387465
52028621
201057486
155313359
2352337
165668049
201843922
178513110
46261466
85189854
174318815
126346465
77718755
77718757
185591014
203023594
194372843
138011888
136045808
59499760
248767730
104064242
198305012
143385846
189654259
91612405
201057529
249029882
66970874
46654713
102753530
45606140
89122039
258860283
189654273
72213762
51111171
242083079
71558416
189654289
93709587
263316757
242083100
154920224
201057575
41805096
146662697
138011946
201057583
200795439
15066416
119399736
164226360
82175291
138667323
182314302
149415237
164357445
89646408
165930314
174318923
215999820
201319764
198305108
171566422
143779163
172483932
174056797
104064348
129754460
66446690
170648931
67233124
248505702
71951721
81257833
75359594
45606254
99083631
50455921
171566451
76539253
111404406
51111285
56092024
68281721
126739832
9823611
111404411
200926590
126346623
176416132
203023751
39970186
52422029
170124687
133817747
170648982
262792599
72476056
96069017
176416152
37741979
168526312
252044700
47310239
117171617
179955108
161211814
196470187
249947564
9823660
86107566
149415339
182707632
29746608
193979826
73786805
82306488
195814843
170780095
102753727
176416192
189654466
164357571
244311492
83617217
75359686
134735307
75490764
150726093
135521742
133948875
37742032
197518801
124773842
59499990
143779287
73262552
152561115
263054811
13755869
178251230
263054815
139716064
30795231
182707680
177202653
176678371
206693861
76277216
111404527
85190129
262530547
85190132
242083318
38135292
177726976
108914178
84141573
162260485
17032713
170780170
85190163
174843414
111404568
201057817
76539418
70641189
96986661
85190184
98690602
51111472
222684722
176416309
135390778
133817915
75359805
158459456
57796165
170780230
158459465
144565834
910922
214165069
196732494
195028557
36824654
58451537
109569618
5891667
85190228
40625749
176416334
76277327
114288218
111404637
13362785
7988835
253355620
173663843
118482535
170780263
149677672
45082220
111404655
121759344
192013939
51111540
130016888
196470394
148629116
189654653
174057086
217572990
185591424
13756033
43378311
253617799
176416392
163833482
108914315
104064647
221243019
242214542
46261905
191620753
252700305
200926865
75622037
189654677
83617432
74442394
92137116
28042908
108914341
59500198
208529062
108914347
192013995
75359916
161212078
249947826
50325170
139323061
76277429
126346936
145221305
181266104
192931515
83617464
126346941
191751871
54781635
208529092
45868741
208004806
85190343
196470470
121235145
193980107
23455437
140109517
11658959
263055055
124774097
46261970
108914387
139192019
190703325
192276195
13756132
111404773
7595750
168814308
262661864
251520744
263055080
134735595
118089451
15984365
149153518
176416489
198436591
167896810
51111665
911093
7071479
85190395
7595772
153609981
192014075
51373824
113633025
248243969
166061825
94365443
73656070
184674057
251520778
85190414
165144334
197650194
192014098
184674068
50325266
155182871
94365465
158459674
199747359
172353315
116385575
176416552
13756200
124905258
251520809
45213485
45606701
13756205
183101231
67495733
145221431
249947960
212461369
83617592
124774203
59238205
77719358
116385599
197781310
69068609
170649411
169338692
46262089
85190482
58189651
179955544
248244063
176416609
48883555
74636518
243001190
208004971
181266284
146138989
83617646
46262136
74442619
69461888
143779712
126347140
11528072
47048587
47048589
155182989
215082896
263055250
97511318
169338776
83617688
911256
93317019
139192220
135522203
192800671
111404964
140109733
1692113
201058215
198698922
263055278
127526833
176416690
200927155
93317046
198436793
192669626
6940603
47048636
252176314
263055295
198698944
222685122
249948102
115599305
118089674
161212364
85190606
58976207
109570000
76146641
163702738
100263888
116910036
183494613
112977879
85190616
198961113
9824219
13625308
190441435
250341343
192276448
140109791
248244192
32237549
225961966
176416749
176416754
16771059
15329266
58976245
242083832
15722489
12052479
85190656
178776065
192669699
177727493
104065031
135784458
72214539
47048716
7989260
71952400
124774420
114944025
83748891
155183131
87025696
58452001
198436896
155183140
242739237
76277797
32892968
221243434
121235498
54126636
113764396
71165998
183363632
109176883
203155509
212461628
57796670
129624129
181266498
127920202
74442831
23980113
242739282
155183186
106948689
100264017
23062614
111405143
143386712
42199133
203155551
146925663
139192418
248637540
102099045
76277863
146663528
176416875
29354093
29354095
25815151
17950835
131590262
163702904
171567227
197781629
74311806
135784573
155314304
198568065
222685311
178776197
128706695
183494791
250341513
43378826
176416906
155314316
176416905
176416910
76277895
192014487
152561816
48621720
178776219
58452124
121235613
66971805
192014497
250341539
252700835
92006565
181921957
178776227
75360424
165144745
57927850
155314346
518314
183363750
31844526
518318
149153966
225962162
202762419
1042612
204335285
146663604
170649783
109570226
76146873
193980602
230025402
1042620
193980604
46262462
176416959
1042624
104065216
87943353
31844547
202762435
1042628
85190855
1042632
193980619
126347467
75360461
198043854
177727694
1042640
104851659
193980626
130410707
1042648
160295130
176416986
57665756
179693788
1692175
155314400
1042656
176416994
1042660
109177065
155183337
152561907
9955572
9955574
518390
208267510
170649851
46786812
207942522
75360510
214165760
249817345
242084098
201638041
155314438
178776328
178776330
51112202
214165773
105376013
13363471
178776338
217442579
76278036
159770902
4319513
13363481
104065307
251521308
185592095
115992865
48884002
96332065
178776356
1042726
155314471
72870184
176417064
54651174
178776363
155314476
136046893
177334574
25422123
243001640
12052782
136046902
68938039
176417082
31713597
100264256
200927554
28305734
72870214
179956040
76540237
205515086
253487439
125167956
75753822
205515103
25160036
207481189
202762599
216918388
191752565
192014712
201058683
175106428
176417150
192014728
176417165
67627408
176417168
207481232
202762647
15198616
93710743
192014746
126347675
196340125
189655456
249686434
16378276
155314599
192539048
76147112
197650858
190704040
82700722
78506419
190179768
43248059
103541180
111405502
55568833
258861506
22145481
55568841
183495118
121366992
190179793
192014802
12052945
121366996
251259348
48884182
46131668
58059223
217311706
34728411
113633756
98298334
16378339
82700771
11921893
25684451
114289128
13363692
68282862
185592302
20834802
97511923
141289973
3664377
170125817
82700793
121760253
52685315
176417285
45869574
184281607
178252298
72870412
207481361
176417302
76278300
83749404
127527455
3009057
155183651
196471333
135522855
129755688
40757799
110357035
110094893
72870446
242084400
229763633
81783347
153610807
204204604
54651453
29354560
137226816
29354564
196471368
22669904
54389328
80341588
170125909
123202135
176417369
139717211
242084447
253749860
17951336
123202155
88992364
182315629
83618413
197651056
135522930
93055611
126347899
168946301
176417408
173664896
184281731
13757060
102099587
55569030
205646476
176417426
13757076
116124309
22669975
50064025
191752859
222030493
171174557
191752863
243002013
192801441
212462242
21097123
201058986
192801451
56224428
20834992
116255408
140110513
263318195
191752884
93711030
260827832
176417470
26208960
189655744
129493698
20703939
191752900
190573253
253618888
58452688
123202261
200010453
140110551
179956440
116255449
169732824
190573272
53996254
22670046
81521377
191752932
44296935
82701031
135523051
188213996
262269677
143911659
191752944
117172977
48098032
200665840
192801524
91613941
189655798
100264695
59239159
191752953
214690554
191752955
77720316
181922555
176417532
15067900
72215289
96987902
3140355
163572486
123202311
3140363
191752972
51112715
111405838
79948559
91876111
114289425
249948946
187296532
53996309
35908375
104065815
192801559
101575447
91876123
195947291
169732891
263318301
263056162
9825060
116255525
189655844
147974948
203156265
74181418
74574636
125430577
40364850
118090548
912180
92662585
109308730
46132028
176024381
202238783
138668864
214952769
123202370
114289473
159247172
190573382
191753031
263318347
19917644
133819213
182709067
68152145
62253906
142994258
197651284
142994260
94104402
45083476
192801627
192801629
70904672
142994276
57797478
57797480
178514793
142994281
93318001
229763956
108915574
167373688
12053369
100264830
249949055
56093569
225962882
155315073
182709128
147975048
189262730
168422284
136047502
135523216
94104466
3140499
10087315
160557973
3140501
142994327
3140505
3140507
110881692
56093598
142994334
52292511
181922720
91220898
34728866
263318432
40889253
123202469
142994343
3140523
263318444
68152236
3140525
136047536
136047538
192801714
20442036
108915637
63826871
99478457
70118330
176417722
110881729
191753155
153873347
176417732
252570563
263056327
140635080
123202506
203811788
125168589
253881297
9825235
48098260
175107029
107342806
144829395
93711320
182315997
192801757
108391393
99478499
146926564
100396005
141290471
1829863
45870057
114682862
165145583
113503217
142994419
141290485
135523318
99478524
192801790
15723518
88992773
133819398
65399815
8121349
168815623
72739851
912403
114682899
192801816
160558106
108915738
192801822
202763294
176417825
109702178
167898147
243002401
158854182
140241959
45870118
73526314
46132266
48622636
71560239
63564850
172485686
123202614
163572792
123202616
133688379
120450109
24243264
160558145
37874754
142994503
217574472
35908681
214690892
99478605
184282188
114682959
53996623
141290577
142994524
133819488
91614306
48098406
174320748
197651565
181267567
197651569
123202674
93056115
183495794
142994549
48229491
58453116
26471548
110750846
24898687
192015488
263056514
24243331
178515077
202763398
99478661
192801928
57666697
95153285
178515083
76672139
51899533
222424208
214690963
62254233
68021403
192670876
212462747
104066203
187034783
126348448
51375262
81390749
38268065
88992933
88206501
117828775
93318312
88992937
178515112
70773934
24767665
249818293
197651639
184282295
142994617
192801978
142994619
74575036
94104765
133819581
208661693
99478718
111668417
45083834
74575042
68152509
82439366
166063302
253619400
144567498
253488333
50064593
117042386
109571283
23588052
99478737
202763481
94104798
88861919
197782751
192015585
26733794
40234211
196078820
208661734
27651303
217574635
175107309
99478769
141290741
167898357
196603127
58584313
192015610
88993023
72740095
206433543
15068426
51375372
88993037
173665552
67497233
146664727
192015640
187952412
71953696
50064673
242085154
146271520
142994727
253619499
81390892
257551663
144960817
176418102
75361593
127790401
262663490
176418113
196603203
59239750
142994759
242085192
142994762
3665229
223997263
212462928
19393873
76279119
65400153
138669408
144960865
77720931
24767851
153873772
100789613
19393901
121105773
157412720
107343217
157412721
168815986
249818484
99478894
112717174
11660663
176811383
157412729
187952503
253619579
25030005
208661889
194375041
177335683
170651009
175107469
193719694
24243599
54914447
157412749
104066450
214822287
214822292
129494424
114290075
135523743
36695459
133426595
157412771
76672423
157412776
157412777
193719722
68152745
9432492
117042606
125169074
249032116
250080694
183365047
56225207
100265401
142994871
101182907
198307257
170126781
203025854
101182909
195947968
132080570
193719753
72740298
100265417
250080718
157412815
57273806
101182930
160296402
112717275
100265436
77196766
214691297
253619683
252833252
40365540
40889828
244182501
15986152
221769193
133426667
170651117
99479023
221769202
77196791
153611768
117829117
175107581
124644863
121236992
75755007
89648642
170782212
20573701
141291015
214691336
133426697
221769225
186117645
73788941
133426703
142994959
203025937
76148242
37482002
69463573
192802325
149941782
208137752
214691349
48492059
42462748
156233245
216395292
146271779
249032231
191753769
250080815
203157041
169340467
112717364
44428854
114290230
247328311
109178425
79556151
72216123
177204795
124707998
70774334
192933443
32108100
193195591
203288136
22670921
32763466
72216139
242871885
141422158
249032270
199618128
104066642
21753427
250080854
32370262
104722008
157150811
180350562
212463202
195948130
144961125
109571686
17952360
104722024
49278571
8121968
138800753
102100593
88993396
170651254
70250110
176025215
138014335
11792003
57405060
183496326
35516039
217312906
219410059
250080908
105639563
139718286
249425549
121106064
57405074
179695255
110096024
99479193
121106075
50327200
193719969
159510178
249032353
22015652
170782374
252571303
58453672
24243880
147975848
189263531
14544556
24243884
157413033
157413040
195686065
96202418
54914739
66580146
157413045
157413046
130412215
142995128
249687738
68677310
179695298
167374531
72740548
59240133
88993477
263057096
72740555
77197008
55832276
147975893
143257300
142995163
73658076
38923995
99479264
105639651
203288291
142995173
182709994
176156398
22015728
173403892
176156407
23064311
132247293
25292541
169078528
199618308
66973446
167767816
120450825
142601999
145092372
104066837
52424470
165015319
182710040
251391769
170782484
120450840
66842397
193720094
33419039
106032929
95285026
192933671
99479337
20705066
155316015
101183279
5893939
12054324
5893943
147451705
119926591
26341185
187821894
165015371
196349891
11792206
145092433
72609618
47050579
59502420
154406853
200929113
106032986
195948378
96595803
97644380
73527134
77721441
251391845
212332390
33419109
71561061
58978159
16379760
249950065
37744500
68939637
193720183
96989048
155185015
190574458
196472700
83750781
218754945
182710145
108130179
19394436
69463941
3665801
171437962
202764174
97775503
54128527
97251220
33419162
152694684
72216482
22671266
74182566
32894890
66580395
102100911
76148655
58716081
169340850
229765045
15986613
21229495
24637369
49016766
182710208
193195969
182710216
167374798
68415440
192409553
130805715
520148
74444761
138932187
196866012
93712355
21360611
212463587
187822054
23064551
119926759
214822889
58716137
29618155
95940589
257683439
193720303
58454001
44822513
37482482
176156660
19787763
121106425
24244218
263057401
196866041
116256765
170651645
135524351
152296708
49132462
145092613
99479558
187297798
37220364
258863121
177205266
122417175
24244249
3928089
253358109
77197342
150990880
57929760
188739617
182710304
193196069
138932264
249032745
131592234
213774376
189657132
104067117
157544494
137228334
253227051
138932276
218755125
157544502
97644596
74182710
52293689
252571706
72871993
104067130
203812922
129626174
50327616
258863170
135786563
116256836
48099394
31322183
253227084
98824272
109310033
258863184
76542035
116125780
182710354
77197395
57012312
95547481
258863197
78508127
182710368
263057505
177467492
76673134
121761902
50327665
171044977
36827252
251392118
49934464
96071808
253358210
32370819
114684039
132247688
119009421
216264851
203944085
171045013
51376279
195948697
192934043
46133408
208662689
217444514
227405989
170127528
35778731
116650155
119926958
249032881
195162290
77590705
51245237
129495222
184283329
189657282
68677829
182710471
191754440
202502346
66973898
42725579
36434125
197652688
51507409
126873809
138932435
56094931
98037972
39973079
76411096
145092825
114290906
90960091
141816025
193720539
251392222
138014943
253096161
72872163
205254885
5501159
247460073
222687466
205254891
121106668
177467629
247329005
72610032
110096626
72478963
220983538
114290932
5501177
55439610
168816892
168816893
202895615
114290944
128971011
177860871
31715592
99479817
126742791
112193803
99479822
247460116
107475220
160559382
189264151
135524628
263581977
133820695
52424986
103543068
193720605
55046431
253358368
197652772
71561509
169734438
146927914
163574058
99479853
249557295
208269615
249033010
163574068
108130613
121106743
158855480
103674172
145092924
176681279
166457664
99479872
32371010
166457677
169734480
98038097
77197649
119271767
166457688
192934231
51245403
114291036
139456862
12710239
133165408
196342111
242741602
73527651
68677988
104067427
119271782
185856359
182710629
95154532
73527658
185594218
95154534
242741613
208269671
169734507
73527669
121106806
8909176
221245817
163574136
99479932
99479934
140112256
196473218
260043138
101183876
73527685
121106824
72610187
214692236
204337551
116781457
208269713
253227411
257290647
56488344
48886169
82702745
181924255
11661730
96989603
69464488
45347246
160559536
52294064
192410032
67891639
133165496
182710711
145224123
176157116
121106875
54129087
163574208
913858
136835523
242086339
158593476
170652101
56226247
119927239
119927241
163574218
218755530
125039050
163574221
214823375
45871570
25293267
114291154
104067538
73265623
247722456
121106906
173404635
133427677
55701982
71561693
90189843
163574242
119927266
197652962
208269797
48624102
119927274
218755564
72872428
209973744
163574256
160559600
119927282
119927287
259518968
74838521
121106935
51376634
119927293
17035774
15725055
163574272
173404670
146403842
15725059
119927300
15725061
90305030
146403847
119927302
217707017
197652994
87552515
140898827
167113229
95154701
119927310
177205774
250081803
79557139
253227539
145224213
219148826
218755611
170127900
74183197
121106972
6943263
119927328
145093151
242086432
121106975
154530346
167113260
89911857
103674417
130413107
119927347
195162682
36303421
196211262
42594878
242741824
104067652
242741829
242741830
214168133
72741444
140898889
263582282
104067659
45347399
97645131
163574350
160559700
182710870
178254424
133821018
57930330
103281246
173011553
121107043
103281253
119927398
129495654
31978088
94892649
121107046
247722603
32371308
99480173
12710511
99480177
247722610
137753202
115077748
109310583
53998203
246018684
140898941
243004031
119927425
253227649
184414849
62780037
119927430
198308487
259519112
242217609
102888074
164491912
119927436
218755725
122286733
69464719
97645199
122286737
121107090
109834899
133165716
102888084
157414040
206303897
105247386
119927451
157414041
144044697
119927455
24244897
119927458
119927459
247722662
114946729
119927466
193589929
68154025
36434606
109310639
248246958
48100017
74445487
109834928
221508276
19395253
158855860
248771255
198308535
2749115
133165756
2749117
119927488
29356738
119927491
119927492
122417860
191492806
169865934
193589972
150205143
44156755
109572829
193589982
187298526
193589988
68940517
137753316
182711015
24244976
45085424
24244978
24244980
24244982
119927544
157414137
24244986
157414138
157414140
158855928
119927551
119927560
121107209
116912906
242742026
119927564
76280588
80737039
94892815
119927570
193590035
121107218
193590037
108262165
193590040
119927578
157414175
99480355
150991651
59241253
70906663
193590057
212333353
68940588
101184307
193590067
121107251
15725369
109310777
133165885
250082110
206304064
99480384
54653764
121107269
158462797
107344717
257553231
108262229
213775191
144962391
247722844
87159645
169472861
74969954
184415074
253096805
31716204
98562925
73921390
108262253
198308720
94761839
157414261
208401270
253227894
176288631
144962425
126743416
247722875
157414268
229766007
22672258
194769797
262796169
214823818
2749323
157414282
121238409
158856083
99480468
73528213
247460758
109179799
144044950
140374938
145093531
209318812
91222938
91616158
144044954
157414305
99480483
87159716
173405092
52425636
182711207
150729640
149943209
135001002
157414311
19395500
135001005
160691118
72217519
19395502
11137969
157414321
19395506
171439028
19395504
123204534
87159735
19395510
19395512
19395508
108262328
73397180
19395516
159118270
109310911
19395520
71693249
214823874
139457475
157414340
19395524
71168966
19395522
171439048
19395526
58323914
157414347
171439052
126743492
169735119
56095697
198308818
140374995
135525332
32563852
37745622
74445778
71168984
7074777
247722972
89912285
24900574
99480543
122418141
114684898
140375011
99480546
11531237
67498990
198308847
180380510
26211316
74970100
247460854
108262388
58061817
171439098
63960058
162132988
45347837
178779133
96596989
114684927
168293375
98825213
56226814
240645124
181793791
83489798
214823934
105247753
157414409
192410634
136049678
122156048
247723026
247723028
222688279
218756120
176419865
247723032
171439132
204338205
198308892
171176988
147452960
136049697
66581541
145224744
127661098
163574826
157414446
127661106
157152307
247723060
193066036
190444598
171439161
157414458
253359163
248640573
196342846
129496128
171439170
99480644
146928709
212988998
248640583
253359172
171439177
247723081
26735685
55178316
182711372
157414478
248640588
209581137
99480657
184284243
127661141
171439191
98563159
192935003
192803932
153875553
214168675
49673319
247854186
247723117
15463535
144307314
184284278
215741559
125039736
247329910
208270458
157414526
171439234
24245378
206304386
253097093
20575366
157414530
215741578
194770064
176288914
136836242
171439254
139457690
204207265
77138143
176420005
166458535
171439272
40498345
215741608
247329963
13628587
154924203
192410793
206304432
242742450
215741619
157414581
155055287
521401
521402
129234107
521403
192804029
176420030
155055290
171439299
15463620
157414597
176420037
59503815
56882376
198309063
155055303
169342159
171439313
521430
521431
521433
171439322
114291933
6157535
215741664
77984995
208401636
6157541
247330019
94106855
69465320
4977907
139457780
160560373
147453174
116651251
247198966
171439353
254145785
215741690
215741695
176420095
53998851
196343045
58324230
36697359
215741712
88208657
157414672
206304535
85062937
139719963
99480861
60814625
260961569
206566691
102888740
176420135
197653800
139457837
206566701
176420142
176420144
247199025
99480881
217183539
75363636
76281143
103281977
157414714
101840187
71955771
17954113
195949890
253359426
248247620
114292036
82703686
101840199
157414727
25687369
72217928
26342727
170653004
185333070
20575568
133166418
180614483
253359443
194114904
110884185
87160159
162133347
215610723
194114919
16381287
55702889
242742633
45872492
157414765
99480942
48887149
182842733
176551281
222295410
176420217
67499386
91616636
114685309
214168956
185333120
185333122
144045444
114685317
157414791
181794183
217183625
176420236
58848653
7599500
121763215
36173201
129496466
127661463
176420247
257553817
216266135
46265756
247854493
157414813
247199135
178779554
56096163
176420259
171570595
96990627
182842791
212989353
182842794
247199153
117831090
153875892
145225141
249165236
142210489
170915260
79164861
247199167
196343232
19920319
185333185
2356673
117831107
196998592
103544264
167114184
203945418
41547214
192411089
62780882
203945427
259519956
176420309
127661525
13891031
127661527
217183705
80737747
182842848
31323617
96073189
121107942
60814821
7599589
101840361
247854570
128710123
242087401
80737773
109835758
82179567
109835760
258209268
194115063
103675386
185333242
184415738
185333250
251393541
99481094
197654021
48756235
206304788
125040150
185333270
108918296
242742812
170391071
163313185
109835810
140506658
71693858
215610920
107345451
192542252
4191789
133166638
81786415
242087470
20706860
139458099
87291445
109835832
176289339
170653244
140899906
141293122
170391109
129234503
21362249
104724042
162526795
56751691
249296462
185333328
247461457
182842965
162395735
49018456
160691809
22541923
130414179
76543589
185333352
109835884
164361837
176289388
76543598
166458990
153876082
99481203
109835894
214169208
212334205
182843010
133166724
48756358
176289416
145225353
89519754
130414216
129234572
160560779
205387407
84670096
28239430
162526866
176289428
160560792
252573340
108263069
253228703
75363999
101840545
185333411
109835940
185333414
87553702
181794473
99481258
75364011
127661740
7730862
76150446
102495922
186906291
31717044
162395829
135526073
182711994
176289465
121108156
96597690
262665916
190707391
160560833
166459075
55047877
76543685
114685639
50329287
158594762
158594764
73791186
248641236
55047893
121108181
67499735
176289497
114685658
109836001
139458274
168818403
101840612
114292454
250083046
82704103
248772330
218756844
191756012
105248496
151779058
148895475
133166837
80738038
96859903
76150529
248772354
215217928
247330568
215217930
114292492
128972558
67106577
215217938
253622035
55047954
259520277
215217942
165934871
215217944
53212951
215217946
185333529
215217948
173537051
41547550
101840671
55047968
113899296
215217954
254146331
215217956
82704165
15726375
185333544
118534229
192804656
108263217
133166898
138934067
101185330
109967160
54130489
109836091
169473853
253228867
80738117
170391369
99481420
82704205
251262799
103806799
99481423
78509906
117176146
101840723
73791317
200931156
192935767
99481429
26081106
127661912
82704211
170653528
255588191
144176992
194115423
176682850
190707555
57931620
164755301
192935778
13629284
74446689
76281707
185333612
177207149
59242350
172488559
47970156
17037177
201062266
36829051
76150652
51378047
139458432
37877632
252180354
14677889
166459267
158070662
153876359
111933319
50067338
212465549
135002003
206698389
5896087
129234844
74446748
129234846
16119715
109836195
208009123
133167026
158857140
99481525
158857142
201062327
208271287
141424572
194115522
185333702
109836230
205256647
259520457
190707657
99481548
2357197
192935886
96597967
105795040
192935890
170653650
73398228
105795041
201062355
114292700
181270492
187299805
215218149
101840873
109836266
170391531
140376045
94894067
84146171
96598016
217184261
84670470
185333767
152565767
203945989
69335050
96991243
80738312
212334607
203814936
197654554
109836314
37877789
191494175
129234980
186120229
187955238
217708587
217577518
191363122
155056183
181794873
40368185
184940604
217708605
117045311
94894144
139458625
72742977
105248833
130414662
129235017
129235018
17954891
123861068
52295755
109836364
40368201
101840980
68679765
201062486
153876567
127662166
114292825
76150871
253098075
68679774
74446943
109836384
109836388
122943589
139458662
71956582
203815015
101841002
253229170
114292852
184678517
158595189
259520633
101841020
259520641
129235074
77985923
185333894
109836425
259520650
31586453
165148822
191494296
153876635
194115739
217315485
173406365
52820129
126220451
251263140
185333930
160692396
4454573
185333936
248772787
122288307
175110326
242219190
143521978
101841083
27523262
165804223
192936126
67238083
82442435
109836486
35911881
207747275
248772812
116424134
111409356
142211279
105248978
153876693
69335254
42465494
132380885
103545051
109443292
182843611
187955424
182843624
205388010
181926122
253098223
144177392
255588595
96991475
136837369
253098234
147060990
171833598
175110402
163576068
187955462
125696264
53606665
78510344
251263241
58456332
136837388
110885132
254146831
109836561
54130964
4978965
22935829
190445844
50723096
50460954
28309787
69335325
178780449
144701731
121370916
117831972
98826532
168818983
14678312
20576552
171571498
44824876
53606701
10090797
111671598
216135984
163576112
26736947
133167412
191363379
109836600
175110457
105795113
181401923
105795114
43907397
127662405
254146888
181401936
52154918
109836631
175110488
2095447
77986139
63699292
105795119
185858399
72743266
175110503
142473576
99481961
142473579
252574059
175110513
77199734
101579130
199752059
121239933
74185086
127662463
121239940
75626890
99481995
110098827
59373967
55572879
73529745
171702674
133167505
143915411
157809044
106654831
169736599
183533038
2095513
50461083
106428827
187955618
143915429
185334182
142211498
76544426
192412074
212466093
150862253
109836723
31324595
251394483
247462325
125172151
76544444
15202749
58587581
144046527
123861440
78510529
177994178
140638659
99482048
6289861
129235400
114293192
14809547
177994187
75758030
187955667
9435604
165018070
114293210
204339675
143784410
109836767
181271007
252574177
125172191
163707361
29882852
187562468
171702758
72743399
147978723
171702761
244316650
125172201
7600618
77986284
54917614
171702768
160823793
168819189
50330104
205257211
127662588
127662590
257554943
142211588
153876996
74971658
186120714
133167629
123861521
111147538
50461203
163707411
246282774
109836822
253229592
99482137
71957020
105795157
74316318
226621985
117045794
11663907
204339748
181926438
71957031
44038695
171702825
101972521
171702827
98564652
181402157
154401326
67500583
119274032
258734641
76544557
12450355
72874548
147061294
174848568
109836858
117045819
98564670
147978815
125172289
125172290
56883779
147978819
105795165
31586886
171702855
216136264
98564679
73398858
125172304
105249365
75364950
6290007
114293336
168819288
12057178
152042074
171702876
189528669
98564702
50723421
66058852
192412261
178256485
173406823
171571812
74447465
176552554
89782891
109574764
122288748
205519467
249952878
123861616
72874607
87030386
135002738
109836915
150862453
117832307
114686583
109574782
109574783
58063486
84802177
253229698
109574786
181402246
171702919
160299655
22280841
34601609
174848651
78510730
170654356
99482260
185465494
77200023
249952917
139459225
185465499
63175328
207747746
16775843
36829864
74012261
43514541
143915695
123861680
111147695
37485231
159382195
185465524
181402292
99482290
105795186
210762424
168819386
46135995
68680380
136313532
10222271
155581120
105249473
170916545
217184963
143915717
205257414
96860875
130546380
160561870
123992795
249035483
117963485
143915739
197655262
105795196
68680419
99482341
75365096
82574057
75627242
249035500
83491565
217316079
10091249
207354610
182975221
127662839
159906554
181926651
123861758
136313599
159382272
253229825
123861760
59505414
121109254
123861768
143915784
67238668
143915788
174848785
166460183
185465624
252574490
177994523
263589614
253229857
102890275
109837092
169736997
169736998
170130213
89652008
155581225
247855910
52296486
177994540
109574957
160561966
23591725
135527216
249157044
32373557
109837110
77200181
196344633
143915834
129628985
185465658
11008827
173800256
187824961
193329986
181402435
109837124
160430915
89652036
46136129
187824968
46136137
77855562
203422530
198572879
165935952
193330000
143915858
73530193
20708183
117570392
117177176
32373594
185465689
8911707
82705240
117570398
109837150
171572062
168819554
255589219
63568742
69335912
174586729
9436017
142211954
10091379
43907957
186121078
111410039
165280631
36961145
216136570
263060346
98827137
58850178
143915906
96312454
9436037
23067526
207354762
20839313
86637461
215874456
99220377
212597656
109575068
74185628
50330525
159251360
185465761
181926816
100924324
182975401
19266474
99482539
212597676
185465772
84671404
173669294
181402547
145619893
185465783
208403384
118487992
163707834
123861947
118487998
117832638
77855680
145488830
127531973
251395017
98827209
182713289
176946124
263060432
68418512
35912662
63306711
117570520
109837270
251788250
173669340
140901341
169475038
16645084
244317152
109575137
117570530
99482593
109837281
117832675
98827238
57670631
5766121
244317161
161217514
158596078
66714607
109837296
170916848
133168116
135003130
202243067
70908925
208010238
168819716
19397637
123862022
109837321
71040009
133168139
263060492
208010252
916492
140901391
208010256
123862036
251788308
45480982
173669400
207354905
87161881
35912730
145619996
15727643
55966750
248904730
150207516
58981404
4193305
187300900
208010276
109837351
109837359
187825201
3275829
263453752
208010300
111410237
150731837
4193343
67501118
185990212
111410244
199752773
123862087
66583622
84671563
181926989
36043854
4455503
262667345
14941269
4193371
44039260
252050526
187825246
59505761
140639330
99220584
111410282
63044716
69991534
254147694
150207600
243006575
55704694
161217657
6421627
25689212
193723518
99220607
161217664
22543488
198704257
172096638
177077383
197655688
34339978
23198860
161217681
142081169
161217685
249035926
225967254
150731926
171703449
143260827
229768348
173014176
208010414
71957680
103808180
86768821
123862198
13368505
196869305
150731963
34340028
14941373
203291840
161217729
122289346
187825347
187825350
54656202
133037259
5766349
176684239
252050639
165149905
72875215
139197651
190708952
123862234
56098010
2620637
55573726
185466079
34340065
48102626
84802787
205520099
161217767
14810346
29621482
54918379
185466090
187825387
117570799
177994992
145620209
176684272
114294003
116391152
185466103
248118519
99482875
161217788
110361852
249036030
193723643
212598013
147979522
82181380
50724102
162397449
114687243
47971599
262667536
37879058
71957779
161217812
5766421
185466135
114687257
99482911
5766435
111410468
117308709
251264292
123862311
177208622
145620271
253099311
138149166
31063345
36175157
199621945
185466171
185466178
76021060
191757636
114294089
48627025
251264338
251788628
38010197
185466198
136838487
136838486
178519381
34340186
160824670
187825503
185466207
185466210
123862371
99482985
45350251
9436524
114294125
119537006
244317551
136838512
66846065
31587695
20446571
161217908
58981749
161217911
187825528
49806714
11664762
185466235
186252666
149552511
263060867
180223365
226884997
76545415
75758983
198966665
145620363
136838540
117046669
144571789
139459986
172490131
136838548
187825563
23199133
28310941
12451232
168820129
136838562
161217955
34340260
125828515
136838566
263585192
253492648
26344874
185990571
51903913
195820973
170917295
252575152
177733041
254672306
51903922
76545460
20839861
103677366
96468411
23330236
177995202
24509892
193723844
170917321
164756938
27524555
13368777
166591949
129498573
114294223
149552592
72875471
99483092
189267413
212467158
251264468
46267864
7470553
192019930
247463385
173276635
2620893
262405600
247463393
172490210
14548451
48102882
67632614
114687462
170917357
145620464
186908147
95550965
108002805
136838648
219151865
244317688
208403963
219151870
177995263
136838657
187301381
168558087
89128457
160169481
176684555
161218060
139460109
177995279
129498640
182713874
63216369
114687510
161218073
44826138
139460123
247463449
247463451
263454238
22937114
15728157
103677473
251788825
79953437
55705124
177208863
170917408
208404007
200801833
59113001
170262059
177208876
48758320
136838708
251788852
94895673
76545596
36830781
73399870
9436732
200801859
13368901
244317765
136838727
199753290
247463499
136838732
159907402
252575310
23199315
5766743
260701783
129498711
119275099
166329947
197656158
186908255
79691367
99483244
187825773
192937581
173538927
187825778
187825780
135396981
98827892
177995381
91094645
152567417
136838780
161218173
187825792
145620609
69336705
200670854
136838793
177340042
16645769
3669641
208404109
63438480
111410834
219152019
99483289
19267227
177995420
179175071
125828768
192020128
170917538
16645795
58719908
145620645
170917542
86769318
161218216
6422185
141819563
136838828
116653741
16645806
149683883
202768048
149683886
163315378
149683889
79429297
192020142
173014710
170917559
192937657
99483322
176815803
177995452
16645821
26738362
166592194
111410883
150994628
56229570
185990854
170917575
192413381
170917577
56098506
51904201
20446924
99483340
124911307
149683919
56884944
99483345
121241298
170917587
136838867
166592213
67501779
212074199
163577559
188350169
114687706
149683929
40369884
226229979
26738393
263061215
187825888
76545760
39190242
149683938
48758504
76545769
177995499
177995500
103808751
149683953
144178930
192156383
133431028
21495541
242482931
251395831
145620728
187825918
19267333
177995527
166592263
252051210
186908428
170917646
185859855
210763536
84934421
145620758
168820507
177995548
144178974
174849823
254410526
99483430
187825961
202768170
181927724
216006446
51904302
78511920
253493041
253361971
177078068
170917684
170917685
51380022
75759418
170917691
74972987
250085179
107347771
177995582
21495616
216006462
242483007
192937795
136838982
216006470
244318025
136838985
170917709
263585614
216006477
195821392
105119569
100532050
186253138
216006478
84672341
192544598
170917719
99483479
26083161
3407701
149684060
67501917
135528286
170917730
145096546
99483492
98959205
252575587
170917735
145620842
252575595
186253165
56491888
252575600
161218418
195821428
244318069
179175287
63176569
187826041
139460476
142212992
186908544
14548866
114294658
136839048
242483080
221249429
74186645
177995671
139067285
36044697
170655642
117833627
43253659
15335326
165019552
36568994
202768291
58458018
50724773
11665320
177995689
99483562
94896046
166592438
187826102
197656502
54656953
99483586
199753666
136839113
187826130
137232339
58195924
121634775
524248
216006616
136839134
36569055
187826145
187826146
136839139
177995746
133038052
51904482
125042664
179437548
119537645
242483180
36306930
24117235
95944691
76677109
181796857
72089595
163577853
